customer_id,first_name,email,signup_date,region,acquisition_channel
CUST-00001,User1,user1@example.com,2025-02-13,North America,Paid Search
CUST-00002,User2,user2@example.com,2024-08-14,Latin America,Referral
CUST-00003,User3,user3@example.com,2024-10-21,North America,Paid Search
CUST-00004,User4,user4@example.com,2024-12-16,Asia Pacific,Paid Search
CUST-00005,User5,user5@example.com,2024-07-17,North America,Email Marketing
CUST-00006,User6,user6@example.com,2024-04-26,North America,Paid Search
CUST-00007,User7,user7@example.com,2025-09-01,Europe,Paid Search
CUST-00008,User8,user8@example.com,2024-08-19,North America,Paid Search
CUST-00009,User9,user9@example.com,2024-05-02,North America,Organic Search
CUST-00010,User10,user10@example.com,2024-10-09,North America,Organic Search
CUST-00011,User11,user11@example.com,2024-08-25,North America,Organic Search
CUST-00012,User12,user12@example.com,2025-01-29,Europe,Social Media
CUST-00013,User13,user13@example.com,2024-05-21,North America,Paid Search
CUST-00014,User14,user14@example.com,2024-02-07,North America,Organic Search
CUST-00015,User15,user15@example.com,2024-08-17,Europe,Referral
CUST-00016,User16,user16@example.com,2025-04-22,North America,Paid Search
CUST-00017,User17,user17@example.com,2024-11-15,North America,Paid Search
CUST-00018,User18,user18@example.com,2025-02-11,Europe,Organic Search
CUST-00019,User19,user19@example.com,2024-01-29,Europe,Organic Search
CUST-00020,User20,user20@example.com,2025-03-01,Europe,Email Marketing
CUST-00021,User21,user21@example.com,2025-01-10,North America,Social Media
CUST-00022,User22,user22@example.com,2024-05-26,North America,Paid Search
CUST-00023,User23,user23@example.com,2024-02-27,Europe,Organic Search
CUST-00024,User24,user24@example.com,2025-01-21,Asia Pacific,Paid Search
CUST-00025,User25,user25@example.com,2024-07-11,North America,Referral
CUST-00026,User26,user26@example.com,2024-02-03,Asia Pacific,Referral
CUST-00027,User27,user27@example.com,2024-06-11,Europe,Paid Search
CUST-00028,User28,user28@example.com,2025-06-27,North America,Social Media
CUST-00029,User29,user29@example.com,2025-08-08,Europe,Social Media
CUST-00030,User30,user30@example.com,2024-05-29,North America,Referral
CUST-00031,User31,user31@example.com,2024-06-03,North America,Social Media
CUST-00032,User32,user32@example.com,2024-12-01,Latin America,Email Marketing
CUST-00033,User33,user33@example.com,2025-01-30,North America,Organic Search
CUST-00034,User34,user34@example.com,2024-07-25,Europe,Social Media
CUST-00035,User35,user35@example.com,2025-05-29,Europe,Social Media
CUST-00036,User36,user36@example.com,2025-06-17,Asia Pacific,Organic Search
CUST-00037,User37,user37@example.com,2024-09-11,Asia Pacific,Organic Search
CUST-00038,User38,user38@example.com,2025-04-23,Europe,Paid Search
CUST-00039,User39,user39@example.com,2024-05-02,Asia Pacific,Paid Search
CUST-00040,User40,user40@example.com,2025-01-30,Latin America,Organic Search
CUST-00041,User41,user41@example.com,2024-04-25,North America,Email Marketing
CUST-00042,User42,user42@example.com,2024-03-07,North America,Organic Search
CUST-00043,User43,user43@example.com,2024-02-22,Europe,Social Media
CUST-00044,User44,user44@example.com,2025-02-01,North America,Paid Search
CUST-00045,User45,user45@example.com,2024-10-03,Europe,Organic Search
CUST-00046,User46,user46@example.com,2024-03-21,North America,Organic Search
CUST-00047,User47,user47@example.com,2025-04-21,North America,Social Media
CUST-00048,User48,user48@example.com,2025-01-27,Europe,Organic Search
CUST-00049,User49,user49@example.com,2024-07-27,North America,Paid Search
CUST-00050,User50,user50@example.com,2024-07-15,North America,Referral
CUST-00051,User51,user51@example.com,2025-04-23,Europe,Referral
CUST-00052,User52,user52@example.com,2025-05-22,North America,Organic Search
CUST-00053,User53,user53@example.com,2025-03-02,Europe,Social Media
CUST-00054,User54,user54@example.com,2024-07-16,Asia Pacific,Organic Search
CUST-00055,User55,user55@example.com,2025-01-16,Europe,Organic Search
CUST-00056,User56,user56@example.com,2025-09-24,Asia Pacific,Paid Search
CUST-00057,User57,user57@example.com,2025-03-08,North America,Paid Search
CUST-00058,User58,user58@example.com,2024-08-25,Europe,Paid Search
CUST-00059,User59,user59@example.com,2024-07-15,North America,Organic Search
CUST-00060,User60,user60@example.com,2024-03-28,Europe,Organic Search
CUST-00061,User61,user61@example.com,2025-04-21,North America,Paid Search
CUST-00062,User62,user62@example.com,2025-01-24,North America,Paid Search
CUST-00063,User63,user63@example.com,2024-12-09,Latin America,Organic Search
CUST-00064,User64,user64@example.com,2024-03-27,Asia Pacific,Paid Search
CUST-00065,User65,user65@example.com,2025-10-08,North America,Organic Search
CUST-00066,User66,user66@example.com,2024-09-25,Latin America,Referral
CUST-00067,User67,user67@example.com,2025-01-01,North America,Social Media
CUST-00068,User68,user68@example.com,2024-07-10,North America,Paid Search
CUST-00069,User69,user69@example.com,2024-12-19,Latin America,Referral
CUST-00070,User70,user70@example.com,2025-07-07,Europe,Organic Search
CUST-00071,User71,user71@example.com,2024-07-28,Asia Pacific,Organic Search
CUST-00072,User72,user72@example.com,2025-05-15,Europe,Social Media
CUST-00073,User73,user73@example.com,2024-05-29,North America,Email Marketing
CUST-00074,User74,user74@example.com,2024-03-01,Asia Pacific,Email Marketing
CUST-00075,User75,user75@example.com,2025-11-13,Latin America,Organic Search
CUST-00076,User76,user76@example.com,2024-11-12,North America,Paid Search
CUST-00077,User77,user77@example.com,2025-01-11,North America,Social Media
CUST-00078,User78,user78@example.com,2024-08-12,North America,Organic Search
CUST-00079,User79,user79@example.com,2024-03-13,Asia Pacific,Social Media
CUST-00080,User80,user80@example.com,2024-07-27,North America,Paid Search
CUST-00081,User81,user81@example.com,2025-04-21,Europe,Paid Search
CUST-00082,User82,user82@example.com,2025-05-11,North America,Organic Search
CUST-00083,User83,user83@example.com,2025-07-14,North America,Paid Search
CUST-00084,User84,user84@example.com,2024-03-05,Asia Pacific,Organic Search
CUST-00085,User85,user85@example.com,2024-09-16,North America,Paid Search
CUST-00086,User86,user86@example.com,2024-09-27,North America,Paid Search
CUST-00087,User87,user87@example.com,2024-09-16,North America,Referral
CUST-00088,User88,user88@example.com,2024-12-26,Asia Pacific,Paid Search
CUST-00089,User89,user89@example.com,2024-10-05,North America,Social Media
CUST-00090,User90,user90@example.com,2025-01-20,North America,Social Media
CUST-00091,User91,user91@example.com,2025-05-23,North America,Paid Search
CUST-00092,User92,user92@example.com,2024-05-09,Europe,Organic Search
CUST-00093,User93,user93@example.com,2025-03-07,North America,Social Media
CUST-00094,User94,user94@example.com,2024-07-20,Asia Pacific,Paid Search
CUST-00095,User95,user95@example.com,2025-03-14,North America,Referral
CUST-00096,User96,user96@example.com,2024-05-14,North America,Social Media
CUST-00097,User97,user97@example.com,2025-01-30,Asia Pacific,Social Media
CUST-00098,User98,user98@example.com,2024-09-15,Asia Pacific,Social Media
CUST-00099,User99,user99@example.com,2024-10-29,North America,Social Media
CUST-00100,User100,user100@example.com,2025-04-09,Asia Pacific,Paid Search
CUST-00101,User101,user101@example.com,2025-03-04,North America,Social Media
CUST-00102,User102,user102@example.com,2025-01-10,North America,Paid Search
CUST-00103,User103,user103@example.com,2024-01-15,North America,Social Media
CUST-00104,User104,user104@example.com,2024-09-22,Europe,Social Media
CUST-00105,User105,user105@example.com,2024-05-05,North America,Social Media
CUST-00106,User106,user106@example.com,2024-07-16,Asia Pacific,Paid Search
CUST-00107,User107,user107@example.com,2024-07-07,North America,Organic Search
CUST-00108,User108,user108@example.com,2025-12-08,North America,Social Media
CUST-00109,User109,user109@example.com,2025-06-20,Europe,Organic Search
CUST-00110,User110,user110@example.com,2025-11-15,Europe,Paid Search
CUST-00111,User111,user111@example.com,2024-03-13,Europe,Paid Search
CUST-00112,User112,user112@example.com,2024-04-07,Asia Pacific,Organic Search
CUST-00113,User113,user113@example.com,2024-02-23,North America,Referral
CUST-00114,User114,user114@example.com,2024-01-11,North America,Paid Search
CUST-00115,User115,user115@example.com,2024-02-23,North America,Referral
CUST-00116,User116,user116@example.com,2024-05-27,Europe,Referral
CUST-00117,User117,user117@example.com,2025-04-01,Asia Pacific,Paid Search
CUST-00118,User118,user118@example.com,2025-10-10,Asia Pacific,Organic Search
CUST-00119,User119,user119@example.com,2025-11-15,North America,Organic Search
CUST-00120,User120,user120@example.com,2024-10-03,North America,Paid Search
CUST-00121,User121,user121@example.com,2025-06-23,Asia Pacific,Email Marketing
CUST-00122,User122,user122@example.com,2025-10-13,Europe,Referral
CUST-00123,User123,user123@example.com,2024-12-25,Europe,Paid Search
CUST-00124,User124,user124@example.com,2025-02-06,North America,Social Media
CUST-00125,User125,user125@example.com,2025-03-28,Europe,Paid Search
CUST-00126,User126,user126@example.com,2024-07-02,Europe,Social Media
CUST-00127,User127,user127@example.com,2024-03-06,North America,Paid Search
CUST-00128,User128,user128@example.com,2025-10-12,North America,Paid Search
CUST-00129,User129,user129@example.com,2025-04-04,Europe,Referral
CUST-00130,User130,user130@example.com,2024-09-02,North America,Organic Search
CUST-00131,User131,user131@example.com,2025-02-10,Europe,Email Marketing
CUST-00132,User132,user132@example.com,2024-10-07,Latin America,Organic Search
CUST-00133,User133,user133@example.com,2024-06-15,Europe,Paid Search
CUST-00134,User134,user134@example.com,2025-01-27,North America,Paid Search
CUST-00135,User135,user135@example.com,2024-12-25,Europe,Paid Search
CUST-00136,User136,user136@example.com,2024-02-11,Latin America,Organic Search
CUST-00137,User137,user137@example.com,2024-04-18,Latin America,Social Media
CUST-00138,User138,user138@example.com,2025-01-24,North America,Paid Search
CUST-00139,User139,user139@example.com,2025-03-12,Europe,Paid Search
CUST-00140,User140,user140@example.com,2025-01-07,Latin America,Organic Search
CUST-00141,User141,user141@example.com,2024-05-26,Europe,Paid Search
CUST-00142,User142,user142@example.com,2024-11-06,North America,Email Marketing
CUST-00143,User143,user143@example.com,2024-03-29,North America,Referral
CUST-00144,User144,user144@example.com,2024-02-29,North America,Referral
CUST-00145,User145,user145@example.com,2025-02-13,Europe,Paid Search
CUST-00146,User146,user146@example.com,2024-09-05,North America,Paid Search
CUST-00147,User147,user147@example.com,2024-05-23,Europe,Referral
CUST-00148,User148,user148@example.com,2025-11-03,Asia Pacific,Social Media
CUST-00149,User149,user149@example.com,2024-09-30,Europe,Social Media
CUST-00150,User150,user150@example.com,2025-03-23,North America,Referral
CUST-00151,User151,user151@example.com,2024-05-22,North America,Social Media
CUST-00152,User152,user152@example.com,2024-10-04,Latin America,Organic Search
CUST-00153,User153,user153@example.com,2024-10-30,Europe,Paid Search
CUST-00154,User154,user154@example.com,2025-02-21,Latin America,Email Marketing
CUST-00155,User155,user155@example.com,2024-06-08,North America,Paid Search
CUST-00156,User156,user156@example.com,2025-05-27,Europe,Paid Search
CUST-00157,User157,user157@example.com,2025-05-19,North America,Organic Search
CUST-00158,User158,user158@example.com,2025-09-05,Latin America,Organic Search
CUST-00159,User159,user159@example.com,2025-10-21,North America,Email Marketing
CUST-00160,User160,user160@example.com,2025-02-22,Asia Pacific,Social Media
CUST-00161,User161,user161@example.com,2025-01-27,Europe,Paid Search
CUST-00162,User162,user162@example.com,2025-09-09,North America,Social Media
CUST-00163,User163,user163@example.com,2024-11-15,North America,Organic Search
CUST-00164,User164,user164@example.com,2024-01-15,Asia Pacific,Paid Search
CUST-00165,User165,user165@example.com,2024-04-30,Europe,Organic Search
CUST-00166,User166,user166@example.com,2024-07-30,North America,Paid Search
CUST-00167,User167,user167@example.com,2024-05-14,North America,Paid Search
CUST-00168,User168,user168@example.com,2024-07-19,Europe,Referral
CUST-00169,User169,user169@example.com,2024-07-27,Europe,Organic Search
CUST-00170,User170,user170@example.com,2025-05-29,Europe,Organic Search
CUST-00171,User171,user171@example.com,2024-07-28,Europe,Paid Search
CUST-00172,User172,user172@example.com,2024-07-16,Europe,Organic Search
CUST-00173,User173,user173@example.com,2024-09-14,Europe,Organic Search
CUST-00174,User174,user174@example.com,2025-10-28,Asia Pacific,Paid Search
CUST-00175,User175,user175@example.com,2024-10-26,Asia Pacific,Paid Search
CUST-00176,User176,user176@example.com,2024-11-22,North America,Referral
CUST-00177,User177,user177@example.com,2024-05-19,North America,Email Marketing
CUST-00178,User178,user178@example.com,2024-01-20,Latin America,Organic Search
CUST-00179,User179,user179@example.com,2024-06-23,Asia Pacific,Organic Search
CUST-00180,User180,user180@example.com,2024-06-26,North America,Social Media
CUST-00181,User181,user181@example.com,2024-12-03,Asia Pacific,Paid Search
CUST-00182,User182,user182@example.com,2025-01-05,North America,Paid Search
CUST-00183,User183,user183@example.com,2024-06-26,North America,Email Marketing
CUST-00184,User184,user184@example.com,2024-01-21,North America,Organic Search
CUST-00185,User185,user185@example.com,2024-08-28,Europe,Email Marketing
CUST-00186,User186,user186@example.com,2024-03-06,Europe,Referral
CUST-00187,User187,user187@example.com,2024-03-27,Europe,Paid Search
CUST-00188,User188,user188@example.com,2025-04-29,North America,Social Media
CUST-00189,User189,user189@example.com,2025-02-27,Asia Pacific,Social Media
CUST-00190,User190,user190@example.com,2025-09-23,Asia Pacific,Social Media
CUST-00191,User191,user191@example.com,2024-06-09,North America,Organic Search
CUST-00192,User192,user192@example.com,2025-04-22,North America,Organic Search
CUST-00193,User193,user193@example.com,2024-11-21,North America,Organic Search
CUST-00194,User194,user194@example.com,2025-06-07,North America,Organic Search
CUST-00195,User195,user195@example.com,2024-06-04,Europe,Email Marketing
CUST-00196,User196,user196@example.com,2025-03-12,North America,Email Marketing
CUST-00197,User197,user197@example.com,2025-09-28,North America,Referral
CUST-00198,User198,user198@example.com,2024-05-17,North America,Paid Search
CUST-00199,User199,user199@example.com,2025-02-16,North America,Social Media
CUST-00200,User200,user200@example.com,2025-05-28,Europe,Email Marketing
CUST-00201,User201,user201@example.com,2024-11-05,Europe,Organic Search
CUST-00202,User202,user202@example.com,2024-06-23,North America,Referral
CUST-00203,User203,user203@example.com,2024-06-08,Europe,Paid Search
CUST-00204,User204,user204@example.com,2024-07-10,Europe,Social Media
CUST-00205,User205,user205@example.com,2025-03-31,Latin America,Paid Search
CUST-00206,User206,user206@example.com,2025-01-10,Latin America,Paid Search
CUST-00207,User207,user207@example.com,2024-07-26,North America,Referral
CUST-00208,User208,user208@example.com,2024-07-17,Europe,Paid Search
CUST-00209,User209,user209@example.com,2025-08-28,Europe,Organic Search
CUST-00210,User210,user210@example.com,2024-07-15,North America,Social Media
CUST-00211,User211,user211@example.com,2025-06-23,North America,Organic Search
CUST-00212,User212,user212@example.com,2025-10-02,North America,Organic Search
CUST-00213,User213,user213@example.com,2025-04-09,North America,Social Media
CUST-00214,User214,user214@example.com,2024-11-04,North America,Paid Search
CUST-00215,User215,user215@example.com,2024-01-24,Europe,Organic Search
CUST-00216,User216,user216@example.com,2024-12-15,Latin America,Paid Search
CUST-00217,User217,user217@example.com,2025-05-04,Asia Pacific,Paid Search
CUST-00218,User218,user218@example.com,2024-05-17,Latin America,Social Media
CUST-00219,User219,user219@example.com,2024-07-22,North America,Organic Search
CUST-00220,User220,user220@example.com,2025-02-15,North America,Email Marketing
CUST-00221,User221,user221@example.com,2024-08-19,North America,Paid Search
CUST-00222,User222,user222@example.com,2025-08-16,North America,Referral
CUST-00223,User223,user223@example.com,2025-01-20,North America,Paid Search
CUST-00224,User224,user224@example.com,2025-04-04,Latin America,Referral
CUST-00225,User225,user225@example.com,2025-10-09,North America,Referral
CUST-00226,User226,user226@example.com,2025-02-25,Europe,Social Media
CUST-00227,User227,user227@example.com,2025-11-19,Asia Pacific,Paid Search
CUST-00228,User228,user228@example.com,2024-05-18,Asia Pacific,Paid Search
CUST-00229,User229,user229@example.com,2025-01-10,North America,Organic Search
CUST-00230,User230,user230@example.com,2024-11-20,North America,Social Media
CUST-00231,User231,user231@example.com,2025-05-04,North America,Social Media
CUST-00232,User232,user232@example.com,2024-09-05,Europe,Paid Search
CUST-00233,User233,user233@example.com,2025-06-27,Europe,Paid Search
CUST-00234,User234,user234@example.com,2024-03-18,Asia Pacific,Social Media
CUST-00235,User235,user235@example.com,2025-01-20,North America,Email Marketing
CUST-00236,User236,user236@example.com,2024-08-29,North America,Social Media
CUST-00237,User237,user237@example.com,2025-04-29,Europe,Social Media
CUST-00238,User238,user238@example.com,2025-07-24,Latin America,Paid Search
CUST-00239,User239,user239@example.com,2025-07-01,North America,Paid Search
CUST-00240,User240,user240@example.com,2024-02-16,Asia Pacific,Email Marketing
CUST-00241,User241,user241@example.com,2024-04-25,Asia Pacific,Social Media
CUST-00242,User242,user242@example.com,2024-12-23,North America,Paid Search
CUST-00243,User243,user243@example.com,2024-06-01,Europe,Organic Search
CUST-00244,User244,user244@example.com,2024-01-28,Asia Pacific,Social Media
CUST-00245,User245,user245@example.com,2025-05-15,Europe,Email Marketing
CUST-00246,User246,user246@example.com,2025-07-01,Europe,Social Media
CUST-00247,User247,user247@example.com,2025-07-16,Asia Pacific,Paid Search
CUST-00248,User248,user248@example.com,2024-06-28,Asia Pacific,Email Marketing
CUST-00249,User249,user249@example.com,2025-08-03,North America,Organic Search
CUST-00250,User250,user250@example.com,2025-07-09,Europe,Social Media
CUST-00251,User251,user251@example.com,2024-10-15,Europe,Referral
CUST-00252,User252,user252@example.com,2024-06-11,North America,Referral
CUST-00253,User253,user253@example.com,2024-06-10,North America,Organic Search
CUST-00254,User254,user254@example.com,2024-12-23,Europe,Referral
CUST-00255,User255,user255@example.com,2025-04-02,Europe,Paid Search
CUST-00256,User256,user256@example.com,2025-06-25,North America,Email Marketing
CUST-00257,User257,user257@example.com,2024-12-22,Europe,Paid Search
CUST-00258,User258,user258@example.com,2024-08-22,North America,Social Media
CUST-00259,User259,user259@example.com,2024-09-27,North America,Paid Search
CUST-00260,User260,user260@example.com,2025-02-04,Europe,Organic Search
CUST-00261,User261,user261@example.com,2025-03-04,Asia Pacific,Paid Search
CUST-00262,User262,user262@example.com,2024-04-20,Latin America,Paid Search
CUST-00263,User263,user263@example.com,2024-08-09,Europe,Organic Search
CUST-00264,User264,user264@example.com,2024-06-28,North America,Paid Search
CUST-00265,User265,user265@example.com,2025-03-03,Europe,Paid Search
CUST-00266,User266,user266@example.com,2024-11-26,North America,Email Marketing
CUST-00267,User267,user267@example.com,2025-09-27,Europe,Paid Search
CUST-00268,User268,user268@example.com,2024-07-28,North America,Paid Search
CUST-00269,User269,user269@example.com,2024-10-06,Asia Pacific,Referral
CUST-00270,User270,user270@example.com,2025-05-01,North America,Paid Search
CUST-00271,User271,user271@example.com,2024-11-25,Europe,Referral
CUST-00272,User272,user272@example.com,2024-01-30,Europe,Referral
CUST-00273,User273,user273@example.com,2024-08-01,Asia Pacific,Paid Search
CUST-00274,User274,user274@example.com,2024-07-20,North America,Paid Search
CUST-00275,User275,user275@example.com,2024-04-17,North America,Referral
CUST-00276,User276,user276@example.com,2025-01-26,Europe,Social Media
CUST-00277,User277,user277@example.com,2024-06-14,Europe,Organic Search
CUST-00278,User278,user278@example.com,2024-04-24,Europe,Social Media
CUST-00279,User279,user279@example.com,2025-05-25,Europe,Referral
CUST-00280,User280,user280@example.com,2025-06-11,North America,Paid Search
CUST-00281,User281,user281@example.com,2025-07-17,North America,Referral
CUST-00282,User282,user282@example.com,2024-10-21,North America,Social Media
CUST-00283,User283,user283@example.com,2025-01-30,North America,Social Media
CUST-00284,User284,user284@example.com,2024-01-25,North America,Social Media
CUST-00285,User285,user285@example.com,2024-10-24,North America,Email Marketing
CUST-00286,User286,user286@example.com,2024-05-06,Asia Pacific,Organic Search
CUST-00287,User287,user287@example.com,2024-08-12,North America,Referral
CUST-00288,User288,user288@example.com,2024-10-22,Latin America,Social Media
CUST-00289,User289,user289@example.com,2024-05-14,Europe,Organic Search
CUST-00290,User290,user290@example.com,2024-02-08,North America,Social Media
CUST-00291,User291,user291@example.com,2024-09-03,North America,Paid Search
CUST-00292,User292,user292@example.com,2025-01-31,Europe,Paid Search
CUST-00293,User293,user293@example.com,2024-05-05,Europe,Referral
CUST-00294,User294,user294@example.com,2024-05-23,North America,Social Media
CUST-00295,User295,user295@example.com,2024-06-24,Europe,Social Media
CUST-00296,User296,user296@example.com,2024-05-17,Europe,Email Marketing
CUST-00297,User297,user297@example.com,2024-05-21,North America,Organic Search
CUST-00298,User298,user298@example.com,2025-10-03,North America,Paid Search
CUST-00299,User299,user299@example.com,2025-01-11,Europe,Paid Search
CUST-00300,User300,user300@example.com,2024-07-12,North America,Organic Search
CUST-00301,User301,user301@example.com,2025-02-18,North America,Email Marketing
CUST-00302,User302,user302@example.com,2024-02-04,Asia Pacific,Paid Search
CUST-00303,User303,user303@example.com,2024-03-28,North America,Organic Search
CUST-00304,User304,user304@example.com,2024-09-14,North America,Organic Search
CUST-00305,User305,user305@example.com,2025-02-11,North America,Social Media
CUST-00306,User306,user306@example.com,2025-03-31,Asia Pacific,Paid Search
CUST-00307,User307,user307@example.com,2025-02-17,Europe,Social Media
CUST-00308,User308,user308@example.com,2025-09-18,Europe,Referral
CUST-00309,User309,user309@example.com,2025-08-21,Asia Pacific,Organic Search
CUST-00310,User310,user310@example.com,2025-11-07,North America,Social Media
CUST-00311,User311,user311@example.com,2024-12-29,North America,Referral
CUST-00312,User312,user312@example.com,2024-08-16,North America,Paid Search
CUST-00313,User313,user313@example.com,2024-06-19,North America,Email Marketing
CUST-00314,User314,user314@example.com,2025-06-14,Europe,Email Marketing
CUST-00315,User315,user315@example.com,2024-04-29,North America,Social Media
CUST-00316,User316,user316@example.com,2024-09-12,Europe,Referral
CUST-00317,User317,user317@example.com,2024-12-28,North America,Organic Search
CUST-00318,User318,user318@example.com,2024-07-16,North America,Paid Search
CUST-00319,User319,user319@example.com,2025-01-10,Latin America,Organic Search
CUST-00320,User320,user320@example.com,2024-09-04,Europe,Organic Search
CUST-00321,User321,user321@example.com,2024-02-28,North America,Organic Search
CUST-00322,User322,user322@example.com,2025-06-11,Europe,Organic Search
CUST-00323,User323,user323@example.com,2025-02-24,North America,Referral
CUST-00324,User324,user324@example.com,2025-05-07,Asia Pacific,Social Media
CUST-00325,User325,user325@example.com,2024-08-20,Europe,Organic Search
CUST-00326,User326,user326@example.com,2025-06-10,Latin America,Paid Search
CUST-00327,User327,user327@example.com,2024-06-01,North America,Referral
CUST-00328,User328,user328@example.com,2024-05-20,Europe,Paid Search
CUST-00329,User329,user329@example.com,2025-01-01,Latin America,Paid Search
CUST-00330,User330,user330@example.com,2025-06-02,Europe,Referral
CUST-00331,User331,user331@example.com,2024-11-27,Asia Pacific,Referral
CUST-00332,User332,user332@example.com,2025-07-02,North America,Paid Search
CUST-00333,User333,user333@example.com,2025-09-24,Europe,Referral
CUST-00334,User334,user334@example.com,2025-01-03,North America,Paid Search
CUST-00335,User335,user335@example.com,2024-04-21,North America,Paid Search
CUST-00336,User336,user336@example.com,2025-07-28,North America,Referral
CUST-00337,User337,user337@example.com,2024-09-25,Europe,Paid Search
CUST-00338,User338,user338@example.com,2025-03-30,North America,Social Media
CUST-00339,User339,user339@example.com,2025-08-10,North America,Social Media
CUST-00340,User340,user340@example.com,2024-11-28,Europe,Paid Search
CUST-00341,User341,user341@example.com,2024-07-27,North America,Organic Search
CUST-00342,User342,user342@example.com,2024-03-24,North America,Email Marketing
CUST-00343,User343,user343@example.com,2024-06-11,North America,Social Media
CUST-00344,User344,user344@example.com,2024-05-30,Latin America,Social Media
CUST-00345,User345,user345@example.com,2024-09-02,Europe,Paid Search
CUST-00346,User346,user346@example.com,2024-09-06,North America,Organic Search
CUST-00347,User347,user347@example.com,2024-04-13,North America,Social Media
CUST-00348,User348,user348@example.com,2024-08-01,North America,Paid Search
CUST-00349,User349,user349@example.com,2024-03-19,Europe,Paid Search
CUST-00350,User350,user350@example.com,2025-01-28,Europe,Paid Search
CUST-00351,User351,user351@example.com,2025-03-14,Europe,Social Media
CUST-00352,User352,user352@example.com,2025-02-04,North America,Social Media
CUST-00353,User353,user353@example.com,2025-01-11,Asia Pacific,Referral
CUST-00354,User354,user354@example.com,2025-07-14,North America,Paid Search
CUST-00355,User355,user355@example.com,2024-11-23,Asia Pacific,Referral
CUST-00356,User356,user356@example.com,2024-01-24,North America,Paid Search
CUST-00357,User357,user357@example.com,2024-04-30,Latin America,Referral
CUST-00358,User358,user358@example.com,2025-01-21,North America,Paid Search
CUST-00359,User359,user359@example.com,2025-02-21,Asia Pacific,Social Media
CUST-00360,User360,user360@example.com,2024-03-03,North America,Organic Search
CUST-00361,User361,user361@example.com,2024-08-19,Europe,Organic Search
CUST-00362,User362,user362@example.com,2024-08-25,Europe,Paid Search
CUST-00363,User363,user363@example.com,2024-05-17,North America,Paid Search
CUST-00364,User364,user364@example.com,2024-11-23,North America,Email Marketing
CUST-00365,User365,user365@example.com,2024-02-09,North America,Social Media
CUST-00366,User366,user366@example.com,2025-05-01,Latin America,Organic Search
CUST-00367,User367,user367@example.com,2024-05-25,North America,Social Media
CUST-00368,User368,user368@example.com,2025-07-02,North America,Paid Search
CUST-00369,User369,user369@example.com,2024-03-05,Europe,Paid Search
CUST-00370,User370,user370@example.com,2025-01-17,North America,Organic Search
CUST-00371,User371,user371@example.com,2024-03-31,Asia Pacific,Email Marketing
CUST-00372,User372,user372@example.com,2025-07-13,North America,Social Media
CUST-00373,User373,user373@example.com,2025-04-17,North America,Paid Search
CUST-00374,User374,user374@example.com,2024-01-18,Europe,Paid Search
CUST-00375,User375,user375@example.com,2024-06-19,Europe,Paid Search
CUST-00376,User376,user376@example.com,2025-01-16,North America,Paid Search
CUST-00377,User377,user377@example.com,2024-07-13,Europe,Paid Search
CUST-00378,User378,user378@example.com,2024-07-04,North America,Social Media
CUST-00379,User379,user379@example.com,2024-03-26,North America,Paid Search
CUST-00380,User380,user380@example.com,2024-06-24,North America,Paid Search
CUST-00381,User381,user381@example.com,2025-05-18,Asia Pacific,Referral
CUST-00382,User382,user382@example.com,2024-07-27,North America,Organic Search
CUST-00383,User383,user383@example.com,2024-02-02,North America,Paid Search
CUST-00384,User384,user384@example.com,2025-01-16,Europe,Organic Search
CUST-00385,User385,user385@example.com,2024-12-23,North America,Email Marketing
CUST-00386,User386,user386@example.com,2025-05-19,North America,Organic Search
CUST-00387,User387,user387@example.com,2024-12-18,Europe,Email Marketing
CUST-00388,User388,user388@example.com,2024-12-31,North America,Paid Search
CUST-00389,User389,user389@example.com,2025-05-08,Asia Pacific,Organic Search
CUST-00390,User390,user390@example.com,2024-04-04,North America,Referral
CUST-00391,User391,user391@example.com,2025-01-26,Asia Pacific,Social Media
CUST-00392,User392,user392@example.com,2024-03-20,Asia Pacific,Paid Search
CUST-00393,User393,user393@example.com,2025-12-01,North America,Social Media
CUST-00394,User394,user394@example.com,2025-04-29,North America,Organic Search
CUST-00395,User395,user395@example.com,2024-10-31,Europe,Social Media
CUST-00396,User396,user396@example.com,2024-03-31,North America,Paid Search
CUST-00397,User397,user397@example.com,2024-08-03,Latin America,Paid Search
CUST-00398,User398,user398@example.com,2024-09-19,North America,Paid Search
CUST-00399,User399,user399@example.com,2025-09-24,Latin America,Social Media
CUST-00400,User400,user400@example.com,2024-05-21,Europe,Social Media
CUST-00401,User401,user401@example.com,2024-08-22,Europe,Paid Search
CUST-00402,User402,user402@example.com,2024-05-10,Europe,Social Media
CUST-00403,User403,user403@example.com,2025-08-28,Latin America,Organic Search
CUST-00404,User404,user404@example.com,2025-06-11,Asia Pacific,Organic Search
CUST-00405,User405,user405@example.com,2024-04-28,North America,Social Media
CUST-00406,User406,user406@example.com,2025-03-31,North America,Paid Search
CUST-00407,User407,user407@example.com,2025-02-13,Europe,Social Media
CUST-00408,User408,user408@example.com,2024-05-21,Latin America,Organic Search
CUST-00409,User409,user409@example.com,2024-09-23,North America,Organic Search
CUST-00410,User410,user410@example.com,2025-10-28,Asia Pacific,Social Media
CUST-00411,User411,user411@example.com,2025-07-30,North America,Organic Search
CUST-00412,User412,user412@example.com,2025-05-04,North America,Organic Search
CUST-00413,User413,user413@example.com,2024-02-29,North America,Paid Search
CUST-00414,User414,user414@example.com,2025-03-15,Asia Pacific,Social Media
CUST-00415,User415,user415@example.com,2024-10-06,Europe,Organic Search
CUST-00416,User416,user416@example.com,2024-09-09,Latin America,Organic Search
CUST-00417,User417,user417@example.com,2025-05-06,Europe,Paid Search
CUST-00418,User418,user418@example.com,2024-05-21,North America,Social Media
CUST-00419,User419,user419@example.com,2024-09-17,North America,Paid Search
CUST-00420,User420,user420@example.com,2024-05-17,North America,Paid Search
CUST-00421,User421,user421@example.com,2025-09-06,North America,Organic Search
CUST-00422,User422,user422@example.com,2024-04-17,North America,Email Marketing
CUST-00423,User423,user423@example.com,2025-05-13,Europe,Social Media
CUST-00424,User424,user424@example.com,2024-01-16,Europe,Paid Search
CUST-00425,User425,user425@example.com,2025-02-21,North America,Organic Search
CUST-00426,User426,user426@example.com,2025-12-04,Asia Pacific,Paid Search
CUST-00427,User427,user427@example.com,2024-07-02,North America,Social Media
CUST-00428,User428,user428@example.com,2025-02-11,North America,Referral
CUST-00429,User429,user429@example.com,2025-05-08,Asia Pacific,Email Marketing
CUST-00430,User430,user430@example.com,2024-12-04,Latin America,Paid Search
CUST-00431,User431,user431@example.com,2024-10-23,Latin America,Organic Search
CUST-00432,User432,user432@example.com,2025-03-18,North America,Organic Search
CUST-00433,User433,user433@example.com,2024-02-14,North America,Referral
CUST-00434,User434,user434@example.com,2024-02-17,Asia Pacific,Organic Search
CUST-00435,User435,user435@example.com,2024-07-26,North America,Referral
CUST-00436,User436,user436@example.com,2024-12-08,Asia Pacific,Social Media
CUST-00437,User437,user437@example.com,2024-10-22,North America,Paid Search
CUST-00438,User438,user438@example.com,2024-06-22,North America,Paid Search
CUST-00439,User439,user439@example.com,2024-08-03,North America,Social Media
CUST-00440,User440,user440@example.com,2025-10-07,North America,Social Media
CUST-00441,User441,user441@example.com,2024-12-25,Asia Pacific,Social Media
CUST-00442,User442,user442@example.com,2024-07-25,North America,Paid Search
CUST-00443,User443,user443@example.com,2025-04-07,Europe,Organic Search
CUST-00444,User444,user444@example.com,2024-02-06,Asia Pacific,Referral
CUST-00445,User445,user445@example.com,2024-06-20,Latin America,Paid Search
CUST-00446,User446,user446@example.com,2024-09-08,North America,Social Media
CUST-00447,User447,user447@example.com,2024-05-20,North America,Referral
CUST-00448,User448,user448@example.com,2025-01-08,Europe,Email Marketing
CUST-00449,User449,user449@example.com,2025-05-11,Europe,Email Marketing
CUST-00450,User450,user450@example.com,2025-05-14,Europe,Referral
CUST-00451,User451,user451@example.com,2024-07-07,Europe,Organic Search
CUST-00452,User452,user452@example.com,2025-06-15,Europe,Paid Search
CUST-00453,User453,user453@example.com,2024-10-09,North America,Social Media
CUST-00454,User454,user454@example.com,2024-08-16,Asia Pacific,Email Marketing
CUST-00455,User455,user455@example.com,2024-01-05,North America,Email Marketing
CUST-00456,User456,user456@example.com,2024-01-20,North America,Paid Search
CUST-00457,User457,user457@example.com,2024-03-16,North America,Social Media
CUST-00458,User458,user458@example.com,2024-12-10,North America,Organic Search
CUST-00459,User459,user459@example.com,2025-01-30,North America,Organic Search
CUST-00460,User460,user460@example.com,2024-03-07,North America,Paid Search
CUST-00461,User461,user461@example.com,2025-01-26,North America,Referral
CUST-00462,User462,user462@example.com,2025-05-13,Europe,Paid Search
CUST-00463,User463,user463@example.com,2024-07-25,North America,Social Media
CUST-00464,User464,user464@example.com,2024-06-10,Asia Pacific,Paid Search
CUST-00465,User465,user465@example.com,2025-07-27,Asia Pacific,Referral
CUST-00466,User466,user466@example.com,2025-06-16,Europe,Organic Search
CUST-00467,User467,user467@example.com,2024-05-08,North America,Organic Search
CUST-00468,User468,user468@example.com,2024-07-29,Europe,Social Media
CUST-00469,User469,user469@example.com,2024-02-08,Europe,Paid Search
CUST-00470,User470,user470@example.com,2024-03-21,Latin America,Email Marketing
CUST-00471,User471,user471@example.com,2024-04-29,North America,Organic Search
CUST-00472,User472,user472@example.com,2024-06-09,North America,Referral
CUST-00473,User473,user473@example.com,2024-04-07,North America,Organic Search
CUST-00474,User474,user474@example.com,2025-01-12,North America,Paid Search
CUST-00475,User475,user475@example.com,2025-10-24,Europe,Organic Search
CUST-00476,User476,user476@example.com,2025-06-12,North America,Organic Search
CUST-00477,User477,user477@example.com,2025-01-31,North America,Paid Search
CUST-00478,User478,user478@example.com,2025-05-26,North America,Paid Search
CUST-00479,User479,user479@example.com,2024-06-19,North America,Organic Search
CUST-00480,User480,user480@example.com,2025-08-05,North America,Social Media
CUST-00481,User481,user481@example.com,2024-07-15,Asia Pacific,Organic Search
CUST-00482,User482,user482@example.com,2025-01-21,Europe,Email Marketing
CUST-00483,User483,user483@example.com,2025-02-04,Latin America,Referral
CUST-00484,User484,user484@example.com,2024-10-04,Europe,Social Media
CUST-00485,User485,user485@example.com,2024-08-18,North America,Referral
CUST-00486,User486,user486@example.com,2025-03-01,North America,Paid Search
CUST-00487,User487,user487@example.com,2024-07-01,Europe,Email Marketing
CUST-00488,User488,user488@example.com,2024-12-07,North America,Referral
CUST-00489,User489,user489@example.com,2024-02-26,North America,Paid Search
CUST-00490,User490,user490@example.com,2024-04-11,Europe,Paid Search
CUST-00491,User491,user491@example.com,2025-02-28,Europe,Social Media
CUST-00492,User492,user492@example.com,2024-05-14,North America,Organic Search
CUST-00493,User493,user493@example.com,2025-03-27,North America,Paid Search
CUST-00494,User494,user494@example.com,2024-10-28,North America,Social Media
CUST-00495,User495,user495@example.com,2024-06-09,Latin America,Referral
CUST-00496,User496,user496@example.com,2024-04-13,North America,Paid Search
CUST-00497,User497,user497@example.com,2024-10-30,Europe,Organic Search
CUST-00498,User498,user498@example.com,2025-05-03,Asia Pacific,Organic Search
CUST-00499,User499,user499@example.com,2025-06-13,North America,Organic Search
CUST-00500,User500,user500@example.com,2024-05-16,North America,Organic Search
CUST-00501,User501,user501@example.com,2025-07-01,North America,Organic Search
CUST-00502,User502,user502@example.com,2024-12-20,North America,Organic Search
CUST-00503,User503,user503@example.com,2024-11-22,North America,Paid Search
CUST-00504,User504,user504@example.com,2024-11-30,North America,Paid Search
CUST-00505,User505,user505@example.com,2025-05-18,Asia Pacific,Organic Search
CUST-00506,User506,user506@example.com,2024-06-23,Asia Pacific,Social Media
CUST-00507,User507,user507@example.com,2024-08-23,North America,Social Media
CUST-00508,User508,user508@example.com,2025-05-23,North America,Organic Search
CUST-00509,User509,user509@example.com,2025-05-10,North America,Social Media
CUST-00510,User510,user510@example.com,2024-10-26,Europe,Referral
CUST-00511,User511,user511@example.com,2024-10-15,North America,Social Media
CUST-00512,User512,user512@example.com,2025-01-12,North America,Organic Search
CUST-00513,User513,user513@example.com,2024-05-18,Asia Pacific,Paid Search
CUST-00514,User514,user514@example.com,2024-09-02,North America,Referral
CUST-00515,User515,user515@example.com,2024-10-22,North America,Paid Search
CUST-00516,User516,user516@example.com,2024-10-24,North America,Referral
CUST-00517,User517,user517@example.com,2024-05-20,North America,Social Media
CUST-00518,User518,user518@example.com,2024-06-25,North America,Referral
CUST-00519,User519,user519@example.com,2024-10-12,North America,Organic Search
CUST-00520,User520,user520@example.com,2025-06-16,North America,Organic Search
CUST-00521,User521,user521@example.com,2024-04-01,Asia Pacific,Paid Search
CUST-00522,User522,user522@example.com,2025-01-30,North America,Paid Search
CUST-00523,User523,user523@example.com,2024-04-07,Asia Pacific,Referral
CUST-00524,User524,user524@example.com,2025-04-30,Asia Pacific,Social Media
CUST-00525,User525,user525@example.com,2024-05-29,Europe,Paid Search
CUST-00526,User526,user526@example.com,2024-09-17,North America,Organic Search
CUST-00527,User527,user527@example.com,2024-11-27,Asia Pacific,Paid Search
CUST-00528,User528,user528@example.com,2025-01-09,North America,Referral
CUST-00529,User529,user529@example.com,2024-08-14,Asia Pacific,Paid Search
CUST-00530,User530,user530@example.com,2024-05-18,Europe,Social Media
CUST-00531,User531,user531@example.com,2024-03-17,Europe,Paid Search
CUST-00532,User532,user532@example.com,2024-04-17,Europe,Referral
CUST-00533,User533,user533@example.com,2024-03-16,North America,Organic Search
CUST-00534,User534,user534@example.com,2024-11-19,North America,Organic Search
CUST-00535,User535,user535@example.com,2025-09-18,Asia Pacific,Social Media
CUST-00536,User536,user536@example.com,2024-06-20,North America,Email Marketing
CUST-00537,User537,user537@example.com,2025-05-11,Europe,Email Marketing
CUST-00538,User538,user538@example.com,2024-11-28,North America,Paid Search
CUST-00539,User539,user539@example.com,2024-10-29,Europe,Organic Search
CUST-00540,User540,user540@example.com,2024-01-15,Asia Pacific,Email Marketing
CUST-00541,User541,user541@example.com,2025-02-21,North America,Paid Search
CUST-00542,User542,user542@example.com,2024-06-12,Asia Pacific,Email Marketing
CUST-00543,User543,user543@example.com,2024-06-02,Europe,Organic Search
CUST-00544,User544,user544@example.com,2024-12-22,Latin America,Organic Search
CUST-00545,User545,user545@example.com,2025-03-21,North America,Social Media
CUST-00546,User546,user546@example.com,2024-08-05,Europe,Social Media
CUST-00547,User547,user547@example.com,2024-12-07,Europe,Paid Search
CUST-00548,User548,user548@example.com,2025-07-08,North America,Paid Search
CUST-00549,User549,user549@example.com,2025-04-12,North America,Paid Search
CUST-00550,User550,user550@example.com,2024-08-12,Asia Pacific,Paid Search
CUST-00551,User551,user551@example.com,2024-03-11,Asia Pacific,Referral
CUST-00552,User552,user552@example.com,2024-03-15,North America,Social Media
CUST-00553,User553,user553@example.com,2025-03-31,North America,Social Media
CUST-00554,User554,user554@example.com,2025-09-22,North America,Organic Search
CUST-00555,User555,user555@example.com,2024-09-20,North America,Paid Search
CUST-00556,User556,user556@example.com,2024-04-06,North America,Organic Search
CUST-00557,User557,user557@example.com,2024-05-11,Europe,Paid Search
CUST-00558,User558,user558@example.com,2024-09-23,North America,Social Media
CUST-00559,User559,user559@example.com,2024-04-25,North America,Social Media
CUST-00560,User560,user560@example.com,2025-03-09,Europe,Organic Search
CUST-00561,User561,user561@example.com,2024-06-05,North America,Paid Search
CUST-00562,User562,user562@example.com,2025-04-16,Latin America,Social Media
CUST-00563,User563,user563@example.com,2025-09-07,North America,Email Marketing
CUST-00564,User564,user564@example.com,2025-06-08,Europe,Social Media
CUST-00565,User565,user565@example.com,2025-01-13,Europe,Organic Search
CUST-00566,User566,user566@example.com,2024-09-26,North America,Paid Search
CUST-00567,User567,user567@example.com,2025-10-30,Europe,Referral
CUST-00568,User568,user568@example.com,2024-09-13,Europe,Paid Search
CUST-00569,User569,user569@example.com,2024-03-16,Asia Pacific,Organic Search
CUST-00570,User570,user570@example.com,2024-06-25,North America,Paid Search
CUST-00571,User571,user571@example.com,2025-01-10,North America,Referral
CUST-00572,User572,user572@example.com,2024-06-27,Europe,Referral
CUST-00573,User573,user573@example.com,2025-07-17,Latin America,Referral
CUST-00574,User574,user574@example.com,2024-02-17,Europe,Email Marketing
CUST-00575,User575,user575@example.com,2025-11-29,Europe,Social Media
CUST-00576,User576,user576@example.com,2024-01-03,North America,Paid Search
CUST-00577,User577,user577@example.com,2025-03-09,North America,Paid Search
CUST-00578,User578,user578@example.com,2024-09-28,Latin America,Paid Search
CUST-00579,User579,user579@example.com,2024-07-10,North America,Organic Search
CUST-00580,User580,user580@example.com,2025-02-17,North America,Social Media
CUST-00581,User581,user581@example.com,2025-07-29,Europe,Organic Search
CUST-00582,User582,user582@example.com,2024-11-16,North America,Paid Search
CUST-00583,User583,user583@example.com,2024-08-25,Europe,Organic Search
CUST-00584,User584,user584@example.com,2024-09-20,Europe,Social Media
CUST-00585,User585,user585@example.com,2024-12-25,Europe,Paid Search
CUST-00586,User586,user586@example.com,2024-07-18,Europe,Paid Search
CUST-00587,User587,user587@example.com,2025-01-21,North America,Organic Search
CUST-00588,User588,user588@example.com,2025-08-09,North America,Organic Search
CUST-00589,User589,user589@example.com,2025-10-10,Asia Pacific,Paid Search
CUST-00590,User590,user590@example.com,2024-12-25,Asia Pacific,Organic Search
CUST-00591,User591,user591@example.com,2025-07-07,North America,Paid Search
CUST-00592,User592,user592@example.com,2025-09-01,North America,Paid Search
CUST-00593,User593,user593@example.com,2025-09-12,Asia Pacific,Paid Search
CUST-00594,User594,user594@example.com,2024-06-07,Europe,Social Media
CUST-00595,User595,user595@example.com,2024-03-14,North America,Referral
CUST-00596,User596,user596@example.com,2024-10-02,Europe,Paid Search
CUST-00597,User597,user597@example.com,2024-03-30,Latin America,Social Media
CUST-00598,User598,user598@example.com,2025-07-10,Latin America,Organic Search
CUST-00599,User599,user599@example.com,2024-12-30,Europe,Paid Search
CUST-00600,User600,user600@example.com,2025-01-27,North America,Paid Search
CUST-00601,User601,user601@example.com,2024-06-29,Asia Pacific,Paid Search
CUST-00602,User602,user602@example.com,2024-06-21,North America,Paid Search
CUST-00603,User603,user603@example.com,2024-11-15,Asia Pacific,Social Media
CUST-00604,User604,user604@example.com,2024-12-07,Europe,Social Media
CUST-00605,User605,user605@example.com,2024-12-27,North America,Email Marketing
CUST-00606,User606,user606@example.com,2025-01-15,North America,Referral
CUST-00607,User607,user607@example.com,2024-12-12,Asia Pacific,Paid Search
CUST-00608,User608,user608@example.com,2024-04-19,North America,Referral
CUST-00609,User609,user609@example.com,2025-06-19,North America,Referral
CUST-00610,User610,user610@example.com,2024-06-17,Europe,Organic Search
CUST-00611,User611,user611@example.com,2024-06-18,North America,Email Marketing
CUST-00612,User612,user612@example.com,2024-02-16,North America,Social Media
CUST-00613,User613,user613@example.com,2025-01-06,North America,Organic Search
CUST-00614,User614,user614@example.com,2024-07-06,Latin America,Paid Search
CUST-00615,User615,user615@example.com,2024-09-09,Asia Pacific,Paid Search
CUST-00616,User616,user616@example.com,2024-02-15,Europe,Organic Search
CUST-00617,User617,user617@example.com,2025-03-24,North America,Organic Search
CUST-00618,User618,user618@example.com,2024-10-19,North America,Social Media
CUST-00619,User619,user619@example.com,2024-06-02,North America,Social Media
CUST-00620,User620,user620@example.com,2024-12-26,North America,Social Media
CUST-00621,User621,user621@example.com,2024-12-23,Europe,Paid Search
CUST-00622,User622,user622@example.com,2025-03-22,North America,Paid Search
CUST-00623,User623,user623@example.com,2025-06-12,North America,Paid Search
CUST-00624,User624,user624@example.com,2025-07-23,North America,Referral
CUST-00625,User625,user625@example.com,2024-01-20,North America,Paid Search
CUST-00626,User626,user626@example.com,2024-07-24,Europe,Paid Search
CUST-00627,User627,user627@example.com,2024-07-05,North America,Referral
CUST-00628,User628,user628@example.com,2025-05-27,Asia Pacific,Referral
CUST-00629,User629,user629@example.com,2024-10-03,Europe,Paid Search
CUST-00630,User630,user630@example.com,2024-12-29,Europe,Social Media
CUST-00631,User631,user631@example.com,2024-05-28,North America,Paid Search
CUST-00632,User632,user632@example.com,2024-08-18,North America,Email Marketing
CUST-00633,User633,user633@example.com,2024-07-22,Asia Pacific,Organic Search
CUST-00634,User634,user634@example.com,2024-10-15,Asia Pacific,Social Media
CUST-00635,User635,user635@example.com,2024-12-21,North America,Paid Search
CUST-00636,User636,user636@example.com,2024-04-29,North America,Paid Search
CUST-00637,User637,user637@example.com,2025-02-26,North America,Organic Search
CUST-00638,User638,user638@example.com,2024-06-11,Europe,Paid Search
CUST-00639,User639,user639@example.com,2024-02-22,North America,Paid Search
CUST-00640,User640,user640@example.com,2024-05-09,North America,Email Marketing
CUST-00641,User641,user641@example.com,2024-06-24,Europe,Paid Search
CUST-00642,User642,user642@example.com,2024-07-12,North America,Email Marketing
CUST-00643,User643,user643@example.com,2025-02-21,North America,Paid Search
CUST-00644,User644,user644@example.com,2024-07-08,North America,Organic Search
CUST-00645,User645,user645@example.com,2024-08-12,North America,Organic Search
CUST-00646,User646,user646@example.com,2025-07-09,Europe,Referral
CUST-00647,User647,user647@example.com,2024-08-13,North America,Social Media
CUST-00648,User648,user648@example.com,2024-03-23,North America,Paid Search
CUST-00649,User649,user649@example.com,2024-10-31,Asia Pacific,Organic Search
CUST-00650,User650,user650@example.com,2025-07-12,North America,Paid Search
CUST-00651,User651,user651@example.com,2024-06-22,North America,Social Media
CUST-00652,User652,user652@example.com,2025-10-22,North America,Referral
CUST-00653,User653,user653@example.com,2025-01-22,North America,Referral
CUST-00654,User654,user654@example.com,2025-04-17,North America,Organic Search
CUST-00655,User655,user655@example.com,2024-04-07,North America,Paid Search
CUST-00656,User656,user656@example.com,2024-12-06,Latin America,Social Media
CUST-00657,User657,user657@example.com,2025-06-14,Europe,Social Media
CUST-00658,User658,user658@example.com,2024-07-15,Europe,Email Marketing
CUST-00659,User659,user659@example.com,2024-02-14,Europe,Organic Search
CUST-00660,User660,user660@example.com,2024-12-15,North America,Paid Search
CUST-00661,User661,user661@example.com,2025-09-03,North America,Email Marketing
CUST-00662,User662,user662@example.com,2024-04-26,North America,Organic Search
CUST-00663,User663,user663@example.com,2024-03-01,North America,Email Marketing
CUST-00664,User664,user664@example.com,2025-01-17,North America,Paid Search
CUST-00665,User665,user665@example.com,2024-02-24,North America,Social Media
CUST-00666,User666,user666@example.com,2024-02-05,North America,Paid Search
CUST-00667,User667,user667@example.com,2025-08-31,North America,Organic Search
CUST-00668,User668,user668@example.com,2025-01-24,North America,Social Media
CUST-00669,User669,user669@example.com,2025-07-26,Latin America,Paid Search
CUST-00670,User670,user670@example.com,2024-11-25,North America,Referral
CUST-00671,User671,user671@example.com,2025-08-06,North America,Social Media
CUST-00672,User672,user672@example.com,2024-12-06,North America,Referral
CUST-00673,User673,user673@example.com,2024-09-17,North America,Email Marketing
CUST-00674,User674,user674@example.com,2025-05-25,North America,Paid Search
CUST-00675,User675,user675@example.com,2024-09-12,Latin America,Paid Search
CUST-00676,User676,user676@example.com,2024-02-01,North America,Paid Search
CUST-00677,User677,user677@example.com,2025-02-07,Asia Pacific,Paid Search
CUST-00678,User678,user678@example.com,2024-10-23,Latin America,Paid Search
CUST-00679,User679,user679@example.com,2024-10-20,North America,Organic Search
CUST-00680,User680,user680@example.com,2024-04-12,Asia Pacific,Paid Search
CUST-00681,User681,user681@example.com,2024-04-26,Europe,Organic Search
CUST-00682,User682,user682@example.com,2024-07-06,North America,Organic Search
CUST-00683,User683,user683@example.com,2024-05-30,Europe,Social Media
CUST-00684,User684,user684@example.com,2024-11-18,Europe,Social Media
CUST-00685,User685,user685@example.com,2024-09-09,Europe,Social Media
CUST-00686,User686,user686@example.com,2024-06-12,Latin America,Social Media
CUST-00687,User687,user687@example.com,2024-06-19,North America,Referral
CUST-00688,User688,user688@example.com,2024-07-14,Europe,Paid Search
CUST-00689,User689,user689@example.com,2024-05-28,North America,Referral
CUST-00690,User690,user690@example.com,2024-09-27,North America,Email Marketing
CUST-00691,User691,user691@example.com,2024-07-31,North America,Paid Search
CUST-00692,User692,user692@example.com,2024-08-18,North America,Paid Search
CUST-00693,User693,user693@example.com,2024-03-31,Europe,Organic Search
CUST-00694,User694,user694@example.com,2025-02-03,Latin America,Email Marketing
CUST-00695,User695,user695@example.com,2025-01-22,North America,Organic Search
CUST-00696,User696,user696@example.com,2024-08-02,North America,Organic Search
CUST-00697,User697,user697@example.com,2025-01-07,Latin America,Organic Search
CUST-00698,User698,user698@example.com,2024-09-13,North America,Social Media
CUST-00699,User699,user699@example.com,2024-09-23,North America,Paid Search
CUST-00700,User700,user700@example.com,2025-08-19,Europe,Organic Search
CUST-00701,User701,user701@example.com,2024-01-24,North America,Organic Search
CUST-00702,User702,user702@example.com,2024-05-19,North America,Referral
CUST-00703,User703,user703@example.com,2025-08-04,Europe,Organic Search
CUST-00704,User704,user704@example.com,2024-09-13,Europe,Referral
CUST-00705,User705,user705@example.com,2024-03-10,North America,Referral
CUST-00706,User706,user706@example.com,2025-01-20,North America,Organic Search
CUST-00707,User707,user707@example.com,2024-03-04,North America,Organic Search
CUST-00708,User708,user708@example.com,2025-10-02,North America,Email Marketing
CUST-00709,User709,user709@example.com,2024-01-30,North America,Social Media
CUST-00710,User710,user710@example.com,2025-07-24,North America,Referral
CUST-00711,User711,user711@example.com,2024-09-18,North America,Paid Search
CUST-00712,User712,user712@example.com,2024-01-22,North America,Organic Search
CUST-00713,User713,user713@example.com,2024-09-26,North America,Paid Search
CUST-00714,User714,user714@example.com,2025-02-11,Europe,Paid Search
CUST-00715,User715,user715@example.com,2024-11-24,Europe,Social Media
CUST-00716,User716,user716@example.com,2024-12-28,Europe,Email Marketing
CUST-00717,User717,user717@example.com,2024-01-23,Europe,Social Media
CUST-00718,User718,user718@example.com,2024-08-19,Europe,Social Media
CUST-00719,User719,user719@example.com,2024-02-08,North America,Organic Search
CUST-00720,User720,user720@example.com,2024-05-26,Asia Pacific,Social Media
CUST-00721,User721,user721@example.com,2024-08-02,Europe,Referral
CUST-00722,User722,user722@example.com,2024-08-01,Europe,Paid Search
CUST-00723,User723,user723@example.com,2024-01-12,Asia Pacific,Paid Search
CUST-00724,User724,user724@example.com,2024-11-14,North America,Social Media
CUST-00725,User725,user725@example.com,2025-07-10,North America,Paid Search
CUST-00726,User726,user726@example.com,2024-09-20,Asia Pacific,Social Media
CUST-00727,User727,user727@example.com,2024-07-02,Latin America,Paid Search
CUST-00728,User728,user728@example.com,2024-02-19,Latin America,Paid Search
CUST-00729,User729,user729@example.com,2025-06-13,Latin America,Email Marketing
CUST-00730,User730,user730@example.com,2024-08-17,North America,Paid Search
CUST-00731,User731,user731@example.com,2024-07-21,Europe,Paid Search
CUST-00732,User732,user732@example.com,2025-11-26,Europe,Social Media
CUST-00733,User733,user733@example.com,2024-07-24,Europe,Referral
CUST-00734,User734,user734@example.com,2024-09-28,Asia Pacific,Paid Search
CUST-00735,User735,user735@example.com,2024-12-12,North America,Paid Search
CUST-00736,User736,user736@example.com,2025-02-25,Europe,Paid Search
CUST-00737,User737,user737@example.com,2025-06-30,North America,Social Media
CUST-00738,User738,user738@example.com,2024-07-26,North America,Organic Search
CUST-00739,User739,user739@example.com,2024-04-13,Europe,Paid Search
CUST-00740,User740,user740@example.com,2025-05-16,Latin America,Social Media
CUST-00741,User741,user741@example.com,2024-05-15,Asia Pacific,Social Media
CUST-00742,User742,user742@example.com,2025-02-11,Europe,Paid Search
CUST-00743,User743,user743@example.com,2025-07-25,North America,Paid Search
CUST-00744,User744,user744@example.com,2025-03-04,Europe,Email Marketing
CUST-00745,User745,user745@example.com,2024-11-29,Europe,Social Media
CUST-00746,User746,user746@example.com,2024-07-17,North America,Organic Search
CUST-00747,User747,user747@example.com,2024-11-28,North America,Social Media
CUST-00748,User748,user748@example.com,2025-01-12,Europe,Paid Search
CUST-00749,User749,user749@example.com,2025-02-18,North America,Paid Search
CUST-00750,User750,user750@example.com,2024-03-06,Europe,Social Media
CUST-00751,User751,user751@example.com,2024-04-09,Europe,Referral
CUST-00752,User752,user752@example.com,2024-04-23,Latin America,Social Media
CUST-00753,User753,user753@example.com,2025-03-28,North America,Social Media
CUST-00754,User754,user754@example.com,2024-05-24,Latin America,Paid Search
CUST-00755,User755,user755@example.com,2024-07-01,Asia Pacific,Social Media
CUST-00756,User756,user756@example.com,2024-05-26,Asia Pacific,Paid Search
CUST-00757,User757,user757@example.com,2024-06-03,Asia Pacific,Paid Search
CUST-00758,User758,user758@example.com,2025-04-01,Latin America,Email Marketing
CUST-00759,User759,user759@example.com,2024-08-24,Asia Pacific,Organic Search
CUST-00760,User760,user760@example.com,2024-09-08,North America,Email Marketing
CUST-00761,User761,user761@example.com,2024-10-22,Europe,Referral
CUST-00762,User762,user762@example.com,2024-08-21,Europe,Paid Search
CUST-00763,User763,user763@example.com,2025-02-01,North America,Referral
CUST-00764,User764,user764@example.com,2024-05-31,North America,Paid Search
CUST-00765,User765,user765@example.com,2024-03-30,Europe,Organic Search
CUST-00766,User766,user766@example.com,2025-03-04,North America,Paid Search
CUST-00767,User767,user767@example.com,2024-11-11,North America,Social Media
CUST-00768,User768,user768@example.com,2025-05-16,North America,Social Media
CUST-00769,User769,user769@example.com,2024-04-04,North America,Organic Search
CUST-00770,User770,user770@example.com,2025-07-24,North America,Social Media
CUST-00771,User771,user771@example.com,2024-03-22,Asia Pacific,Organic Search
CUST-00772,User772,user772@example.com,2025-05-29,North America,Paid Search
CUST-00773,User773,user773@example.com,2025-07-01,North America,Email Marketing
CUST-00774,User774,user774@example.com,2025-08-11,North America,Email Marketing
CUST-00775,User775,user775@example.com,2024-12-08,Europe,Social Media
CUST-00776,User776,user776@example.com,2024-08-30,Europe,Social Media
CUST-00777,User777,user777@example.com,2024-11-06,North America,Referral
CUST-00778,User778,user778@example.com,2024-09-08,Asia Pacific,Paid Search
CUST-00779,User779,user779@example.com,2024-08-20,North America,Organic Search
CUST-00780,User780,user780@example.com,2024-05-01,Asia Pacific,Organic Search
CUST-00781,User781,user781@example.com,2024-05-21,North America,Email Marketing
CUST-00782,User782,user782@example.com,2025-06-14,North America,Email Marketing
CUST-00783,User783,user783@example.com,2025-02-08,North America,Organic Search
CUST-00784,User784,user784@example.com,2024-06-18,Asia Pacific,Organic Search
CUST-00785,User785,user785@example.com,2024-04-03,North America,Email Marketing
CUST-00786,User786,user786@example.com,2025-03-22,Asia Pacific,Email Marketing
CUST-00787,User787,user787@example.com,2025-07-12,Europe,Paid Search
CUST-00788,User788,user788@example.com,2025-04-03,North America,Social Media
CUST-00789,User789,user789@example.com,2024-05-03,Europe,Referral
CUST-00790,User790,user790@example.com,2024-08-11,North America,Social Media
CUST-00791,User791,user791@example.com,2025-04-21,Europe,Email Marketing
CUST-00792,User792,user792@example.com,2025-05-28,Europe,Referral
CUST-00793,User793,user793@example.com,2024-04-18,North America,Referral
CUST-00794,User794,user794@example.com,2024-08-04,North America,Paid Search
CUST-00795,User795,user795@example.com,2025-11-01,North America,Email Marketing
CUST-00796,User796,user796@example.com,2024-09-26,North America,Social Media
CUST-00797,User797,user797@example.com,2025-07-13,North America,Social Media
CUST-00798,User798,user798@example.com,2024-07-14,Europe,Paid Search
CUST-00799,User799,user799@example.com,2024-11-03,North America,Email Marketing
CUST-00800,User800,user800@example.com,2025-03-21,Europe,Social Media
CUST-00801,User801,user801@example.com,2025-08-31,North America,Email Marketing
CUST-00802,User802,user802@example.com,2024-06-05,North America,Organic Search
CUST-00803,User803,user803@example.com,2024-06-07,North America,Email Marketing
CUST-00804,User804,user804@example.com,2024-05-18,Asia Pacific,Referral
CUST-00805,User805,user805@example.com,2024-08-07,North America,Paid Search
CUST-00806,User806,user806@example.com,2024-05-26,North America,Paid Search
CUST-00807,User807,user807@example.com,2024-09-30,Asia Pacific,Organic Search
CUST-00808,User808,user808@example.com,2024-10-07,Europe,Paid Search
CUST-00809,User809,user809@example.com,2024-11-21,North America,Social Media
CUST-00810,User810,user810@example.com,2025-03-05,North America,Referral
CUST-00811,User811,user811@example.com,2025-05-11,Europe,Paid Search
CUST-00812,User812,user812@example.com,2025-09-28,Europe,Paid Search
CUST-00813,User813,user813@example.com,2024-01-29,North America,Organic Search
CUST-00814,User814,user814@example.com,2025-06-27,North America,Social Media
CUST-00815,User815,user815@example.com,2025-04-29,Asia Pacific,Organic Search
CUST-00816,User816,user816@example.com,2025-03-16,Asia Pacific,Referral
CUST-00817,User817,user817@example.com,2024-09-14,Europe,Paid Search
CUST-00818,User818,user818@example.com,2025-01-04,North America,Paid Search
CUST-00819,User819,user819@example.com,2024-03-04,North America,Paid Search
CUST-00820,User820,user820@example.com,2025-02-23,North America,Social Media
CUST-00821,User821,user821@example.com,2024-10-22,Europe,Paid Search
CUST-00822,User822,user822@example.com,2024-05-13,Asia Pacific,Social Media
CUST-00823,User823,user823@example.com,2024-09-10,North America,Paid Search
CUST-00824,User824,user824@example.com,2024-12-24,North America,Paid Search
CUST-00825,User825,user825@example.com,2024-10-07,Asia Pacific,Organic Search
CUST-00826,User826,user826@example.com,2025-03-29,North America,Organic Search
CUST-00827,User827,user827@example.com,2024-01-09,Europe,Social Media
CUST-00828,User828,user828@example.com,2024-03-08,North America,Paid Search
CUST-00829,User829,user829@example.com,2025-05-23,Europe,Organic Search
CUST-00830,User830,user830@example.com,2025-02-20,North America,Paid Search
CUST-00831,User831,user831@example.com,2024-09-13,North America,Paid Search
CUST-00832,User832,user832@example.com,2025-04-19,Latin America,Email Marketing
CUST-00833,User833,user833@example.com,2024-10-15,North America,Paid Search
CUST-00834,User834,user834@example.com,2025-10-15,Europe,Referral
CUST-00835,User835,user835@example.com,2024-12-31,Asia Pacific,Social Media
CUST-00836,User836,user836@example.com,2025-03-09,Europe,Social Media
CUST-00837,User837,user837@example.com,2024-03-02,Europe,Email Marketing
CUST-00838,User838,user838@example.com,2024-09-11,Europe,Referral
CUST-00839,User839,user839@example.com,2024-08-29,North America,Organic Search
CUST-00840,User840,user840@example.com,2024-05-11,Asia Pacific,Social Media
CUST-00841,User841,user841@example.com,2024-09-21,North America,Paid Search
CUST-00842,User842,user842@example.com,2024-04-10,Latin America,Referral
CUST-00843,User843,user843@example.com,2024-07-10,North America,Organic Search
CUST-00844,User844,user844@example.com,2025-01-24,Europe,Paid Search
CUST-00845,User845,user845@example.com,2025-03-05,North America,Paid Search
CUST-00846,User846,user846@example.com,2025-03-12,Europe,Paid Search
CUST-00847,User847,user847@example.com,2024-04-21,Latin America,Social Media
CUST-00848,User848,user848@example.com,2025-01-12,Europe,Organic Search
CUST-00849,User849,user849@example.com,2024-05-14,North America,Organic Search
CUST-00850,User850,user850@example.com,2024-05-18,Latin America,Paid Search
CUST-00851,User851,user851@example.com,2024-01-31,North America,Organic Search
CUST-00852,User852,user852@example.com,2024-05-11,Asia Pacific,Social Media
CUST-00853,User853,user853@example.com,2024-12-23,North America,Referral
CUST-00854,User854,user854@example.com,2025-03-27,Asia Pacific,Paid Search
CUST-00855,User855,user855@example.com,2024-04-26,Asia Pacific,Email Marketing
CUST-00856,User856,user856@example.com,2024-05-31,North America,Social Media
CUST-00857,User857,user857@example.com,2024-07-25,Europe,Paid Search
CUST-00858,User858,user858@example.com,2024-04-02,Asia Pacific,Social Media
CUST-00859,User859,user859@example.com,2025-06-12,Europe,Paid Search
CUST-00860,User860,user860@example.com,2025-05-24,Europe,Paid Search
CUST-00861,User861,user861@example.com,2025-03-15,North America,Organic Search
CUST-00862,User862,user862@example.com,2024-07-17,North America,Paid Search
CUST-00863,User863,user863@example.com,2025-07-06,Asia Pacific,Social Media
CUST-00864,User864,user864@example.com,2024-07-18,Europe,Social Media
CUST-00865,User865,user865@example.com,2025-04-03,Europe,Email Marketing
CUST-00866,User866,user866@example.com,2025-03-23,North America,Social Media
CUST-00867,User867,user867@example.com,2024-08-11,North America,Organic Search
CUST-00868,User868,user868@example.com,2024-09-07,Europe,Social Media
CUST-00869,User869,user869@example.com,2024-07-06,North America,Email Marketing
CUST-00870,User870,user870@example.com,2025-01-23,Europe,Referral
CUST-00871,User871,user871@example.com,2024-06-12,Asia Pacific,Organic Search
CUST-00872,User872,user872@example.com,2025-09-09,North America,Paid Search
CUST-00873,User873,user873@example.com,2024-04-19,Europe,Organic Search
CUST-00874,User874,user874@example.com,2024-08-03,North America,Paid Search
CUST-00875,User875,user875@example.com,2025-01-12,Europe,Social Media
CUST-00876,User876,user876@example.com,2024-10-04,North America,Organic Search
CUST-00877,User877,user877@example.com,2024-07-09,Asia Pacific,Social Media
CUST-00878,User878,user878@example.com,2024-09-24,Europe,Social Media
CUST-00879,User879,user879@example.com,2024-04-13,Europe,Social Media
CUST-00880,User880,user880@example.com,2024-07-06,Asia Pacific,Organic Search
CUST-00881,User881,user881@example.com,2024-08-21,North America,Referral
CUST-00882,User882,user882@example.com,2024-06-13,Latin America,Referral
CUST-00883,User883,user883@example.com,2024-08-03,Europe,Email Marketing
CUST-00884,User884,user884@example.com,2025-01-04,North America,Email Marketing
CUST-00885,User885,user885@example.com,2024-04-12,North America,Paid Search
CUST-00886,User886,user886@example.com,2024-04-10,North America,Paid Search
CUST-00887,User887,user887@example.com,2024-06-24,Asia Pacific,Social Media
CUST-00888,User888,user888@example.com,2024-10-23,Latin America,Paid Search
CUST-00889,User889,user889@example.com,2025-06-24,Asia Pacific,Email Marketing
CUST-00890,User890,user890@example.com,2024-06-19,North America,Paid Search
CUST-00891,User891,user891@example.com,2024-12-13,Europe,Paid Search
CUST-00892,User892,user892@example.com,2025-07-03,North America,Organic Search
CUST-00893,User893,user893@example.com,2024-05-05,Asia Pacific,Social Media
CUST-00894,User894,user894@example.com,2025-01-12,Asia Pacific,Paid Search
CUST-00895,User895,user895@example.com,2024-02-25,Europe,Email Marketing
CUST-00896,User896,user896@example.com,2025-02-17,Latin America,Email Marketing
CUST-00897,User897,user897@example.com,2025-05-09,North America,Email Marketing
CUST-00898,User898,user898@example.com,2025-10-15,Europe,Paid Search
CUST-00899,User899,user899@example.com,2024-01-24,Europe,Email Marketing
CUST-00900,User900,user900@example.com,2025-04-06,North America,Paid Search
CUST-00901,User901,user901@example.com,2024-04-12,North America,Organic Search
CUST-00902,User902,user902@example.com,2024-06-29,Asia Pacific,Email Marketing
CUST-00903,User903,user903@example.com,2025-04-01,North America,Organic Search
CUST-00904,User904,user904@example.com,2024-02-22,Asia Pacific,Referral
CUST-00905,User905,user905@example.com,2025-01-08,North America,Paid Search
CUST-00906,User906,user906@example.com,2024-08-31,North America,Paid Search
CUST-00907,User907,user907@example.com,2024-08-03,Europe,Social Media
CUST-00908,User908,user908@example.com,2025-03-02,North America,Paid Search
CUST-00909,User909,user909@example.com,2024-12-20,Asia Pacific,Paid Search
CUST-00910,User910,user910@example.com,2025-12-12,Asia Pacific,Organic Search
CUST-00911,User911,user911@example.com,2024-03-27,North America,Email Marketing
CUST-00912,User912,user912@example.com,2024-06-09,North America,Social Media
CUST-00913,User913,user913@example.com,2024-02-08,Asia Pacific,Paid Search
CUST-00914,User914,user914@example.com,2025-02-17,North America,Organic Search
CUST-00915,User915,user915@example.com,2024-10-15,Europe,Email Marketing
CUST-00916,User916,user916@example.com,2024-08-07,Asia Pacific,Organic Search
CUST-00917,User917,user917@example.com,2024-09-25,North America,Paid Search
CUST-00918,User918,user918@example.com,2024-06-27,Europe,Organic Search
CUST-00919,User919,user919@example.com,2025-04-08,North America,Social Media
CUST-00920,User920,user920@example.com,2024-11-19,Europe,Social Media
CUST-00921,User921,user921@example.com,2025-07-21,North America,Social Media
CUST-00922,User922,user922@example.com,2024-08-28,Latin America,Organic Search
CUST-00923,User923,user923@example.com,2025-02-07,Asia Pacific,Email Marketing
CUST-00924,User924,user924@example.com,2025-05-06,North America,Organic Search
CUST-00925,User925,user925@example.com,2025-06-08,North America,Organic Search
CUST-00926,User926,user926@example.com,2024-01-14,North America,Social Media
CUST-00927,User927,user927@example.com,2025-03-04,North America,Paid Search
CUST-00928,User928,user928@example.com,2025-07-13,Asia Pacific,Paid Search
CUST-00929,User929,user929@example.com,2024-05-22,North America,Paid Search
CUST-00930,User930,user930@example.com,2024-07-13,North America,Paid Search
CUST-00931,User931,user931@example.com,2024-05-14,North America,Organic Search
CUST-00932,User932,user932@example.com,2025-09-14,North America,Email Marketing
CUST-00933,User933,user933@example.com,2025-04-07,Europe,Referral
CUST-00934,User934,user934@example.com,2024-11-30,Latin America,Social Media
CUST-00935,User935,user935@example.com,2024-03-15,North America,Email Marketing
CUST-00936,User936,user936@example.com,2024-05-06,North America,Social Media
CUST-00937,User937,user937@example.com,2024-11-13,North America,Referral
CUST-00938,User938,user938@example.com,2025-04-10,North America,Social Media
CUST-00939,User939,user939@example.com,2024-02-23,North America,Referral
CUST-00940,User940,user940@example.com,2024-03-01,Europe,Social Media
CUST-00941,User941,user941@example.com,2025-09-07,Europe,Paid Search
CUST-00942,User942,user942@example.com,2024-11-29,Europe,Paid Search
CUST-00943,User943,user943@example.com,2025-04-23,Asia Pacific,Organic Search
CUST-00944,User944,user944@example.com,2024-06-29,Europe,Social Media
CUST-00945,User945,user945@example.com,2025-01-11,Latin America,Referral
CUST-00946,User946,user946@example.com,2024-07-14,North America,Organic Search
CUST-00947,User947,user947@example.com,2024-07-07,North America,Referral
CUST-00948,User948,user948@example.com,2025-10-06,Europe,Referral
CUST-00949,User949,user949@example.com,2024-10-16,Europe,Paid Search
CUST-00950,User950,user950@example.com,2025-07-14,Europe,Paid Search
CUST-00951,User951,user951@example.com,2024-11-05,North America,Organic Search
CUST-00952,User952,user952@example.com,2024-04-16,North America,Paid Search
CUST-00953,User953,user953@example.com,2024-12-04,Europe,Paid Search
CUST-00954,User954,user954@example.com,2024-11-03,Europe,Paid Search
CUST-00955,User955,user955@example.com,2024-10-31,Europe,Paid Search
CUST-00956,User956,user956@example.com,2024-02-22,Latin America,Organic Search
CUST-00957,User957,user957@example.com,2024-06-25,Latin America,Paid Search
CUST-00958,User958,user958@example.com,2024-11-06,North America,Social Media
CUST-00959,User959,user959@example.com,2024-10-02,Europe,Organic Search
CUST-00960,User960,user960@example.com,2024-06-03,Latin America,Organic Search
CUST-00961,User961,user961@example.com,2025-01-10,North America,Social Media
CUST-00962,User962,user962@example.com,2024-11-20,North America,Social Media
CUST-00963,User963,user963@example.com,2024-06-19,North America,Organic Search
CUST-00964,User964,user964@example.com,2024-10-10,North America,Email Marketing
CUST-00965,User965,user965@example.com,2025-04-29,Europe,Organic Search
CUST-00966,User966,user966@example.com,2025-03-01,Europe,Social Media
CUST-00967,User967,user967@example.com,2025-06-01,Asia Pacific,Organic Search
CUST-00968,User968,user968@example.com,2024-09-26,Europe,Social Media
CUST-00969,User969,user969@example.com,2024-06-05,North America,Social Media
CUST-00970,User970,user970@example.com,2024-03-11,Europe,Paid Search
CUST-00971,User971,user971@example.com,2025-02-27,North America,Organic Search
CUST-00972,User972,user972@example.com,2024-07-18,Europe,Paid Search
CUST-00973,User973,user973@example.com,2024-10-22,North America,Paid Search
CUST-00974,User974,user974@example.com,2025-05-24,Europe,Organic Search
CUST-00975,User975,user975@example.com,2024-02-10,Europe,Organic Search
CUST-00976,User976,user976@example.com,2025-08-06,North America,Organic Search
CUST-00977,User977,user977@example.com,2025-04-21,Europe,Social Media
CUST-00978,User978,user978@example.com,2025-07-08,Europe,Paid Search
CUST-00979,User979,user979@example.com,2025-05-21,Europe,Organic Search
CUST-00980,User980,user980@example.com,2024-08-13,North America,Organic Search
CUST-00981,User981,user981@example.com,2024-10-22,Asia Pacific,Paid Search
CUST-00982,User982,user982@example.com,2024-05-09,Europe,Email Marketing
CUST-00983,User983,user983@example.com,2024-09-11,North America,Referral
CUST-00984,User984,user984@example.com,2024-04-22,North America,Social Media
CUST-00985,User985,user985@example.com,2025-07-27,North America,Paid Search
CUST-00986,User986,user986@example.com,2024-10-26,North America,Organic Search
CUST-00987,User987,user987@example.com,2025-01-29,North America,Social Media
CUST-00988,User988,user988@example.com,2024-10-02,Europe,Organic Search
CUST-00989,User989,user989@example.com,2024-11-18,Asia Pacific,Social Media
CUST-00990,User990,user990@example.com,2024-03-21,Asia Pacific,Paid Search
CUST-00991,User991,user991@example.com,2025-04-06,Europe,Paid Search
CUST-00992,User992,user992@example.com,2024-01-11,Europe,Organic Search
CUST-00993,User993,user993@example.com,2024-05-23,Europe,Organic Search
CUST-00994,User994,user994@example.com,2024-10-29,North America,Email Marketing
CUST-00995,User995,user995@example.com,2025-07-27,Asia Pacific,Organic Search
CUST-00996,User996,user996@example.com,2025-09-13,North America,Paid Search
CUST-00997,User997,user997@example.com,2025-06-03,Europe,Email Marketing
CUST-00998,User998,user998@example.com,2024-06-06,Europe,Social Media
CUST-00999,User999,user999@example.com,2024-11-05,Europe,Organic Search
CUST-01000,User1000,user1000@example.com,2025-01-25,North America,Paid Search
CUST-01001,User1001,user1001@example.com,2025-07-12,Europe,Organic Search
CUST-01002,User1002,user1002@example.com,2024-12-12,North America,Referral
CUST-01003,User1003,user1003@example.com,2024-08-03,Europe,Paid Search
CUST-01004,User1004,user1004@example.com,2025-12-10,Europe,Social Media
CUST-01005,User1005,user1005@example.com,2024-09-18,Europe,Organic Search
CUST-01006,User1006,user1006@example.com,2024-09-13,North America,Social Media
CUST-01007,User1007,user1007@example.com,2024-10-15,Asia Pacific,Paid Search
CUST-01008,User1008,user1008@example.com,2024-12-19,North America,Paid Search
CUST-01009,User1009,user1009@example.com,2025-10-30,North America,Organic Search
CUST-01010,User1010,user1010@example.com,2025-10-11,North America,Email Marketing
CUST-01011,User1011,user1011@example.com,2024-06-12,Latin America,Paid Search
CUST-01012,User1012,user1012@example.com,2024-07-31,Europe,Paid Search
CUST-01013,User1013,user1013@example.com,2024-09-11,North America,Social Media
CUST-01014,User1014,user1014@example.com,2024-05-12,North America,Social Media
CUST-01015,User1015,user1015@example.com,2024-04-07,Europe,Paid Search
CUST-01016,User1016,user1016@example.com,2024-07-01,Asia Pacific,Paid Search
CUST-01017,User1017,user1017@example.com,2024-09-12,Europe,Paid Search
CUST-01018,User1018,user1018@example.com,2024-06-16,North America,Organic Search
CUST-01019,User1019,user1019@example.com,2025-02-19,Europe,Organic Search
CUST-01020,User1020,user1020@example.com,2024-08-13,Europe,Organic Search
CUST-01021,User1021,user1021@example.com,2025-09-30,Latin America,Paid Search
CUST-01022,User1022,user1022@example.com,2024-08-12,Asia Pacific,Paid Search
CUST-01023,User1023,user1023@example.com,2025-03-12,North America,Email Marketing
CUST-01024,User1024,user1024@example.com,2024-01-15,Europe,Organic Search
CUST-01025,User1025,user1025@example.com,2024-08-11,North America,Organic Search
CUST-01026,User1026,user1026@example.com,2025-10-19,Asia Pacific,Social Media
CUST-01027,User1027,user1027@example.com,2025-02-25,Asia Pacific,Organic Search
CUST-01028,User1028,user1028@example.com,2024-12-30,North America,Organic Search
CUST-01029,User1029,user1029@example.com,2024-11-04,North America,Social Media
CUST-01030,User1030,user1030@example.com,2024-10-07,North America,Email Marketing
CUST-01031,User1031,user1031@example.com,2025-01-17,Europe,Paid Search
CUST-01032,User1032,user1032@example.com,2024-02-19,North America,Organic Search
CUST-01033,User1033,user1033@example.com,2025-03-14,Asia Pacific,Social Media
CUST-01034,User1034,user1034@example.com,2025-04-20,North America,Referral
CUST-01035,User1035,user1035@example.com,2025-02-16,Europe,Referral
CUST-01036,User1036,user1036@example.com,2024-06-07,North America,Organic Search
CUST-01037,User1037,user1037@example.com,2024-06-29,Asia Pacific,Social Media
CUST-01038,User1038,user1038@example.com,2025-01-19,North America,Organic Search
CUST-01039,User1039,user1039@example.com,2024-09-15,Europe,Email Marketing
CUST-01040,User1040,user1040@example.com,2024-08-17,Asia Pacific,Organic Search
CUST-01041,User1041,user1041@example.com,2024-08-30,North America,Social Media
CUST-01042,User1042,user1042@example.com,2025-03-11,Latin America,Social Media
CUST-01043,User1043,user1043@example.com,2025-03-16,Europe,Social Media
CUST-01044,User1044,user1044@example.com,2024-08-19,North America,Referral
CUST-01045,User1045,user1045@example.com,2024-04-04,North America,Paid Search
CUST-01046,User1046,user1046@example.com,2025-06-02,Asia Pacific,Paid Search
CUST-01047,User1047,user1047@example.com,2025-07-20,North America,Social Media
CUST-01048,User1048,user1048@example.com,2024-08-06,Europe,Social Media
CUST-01049,User1049,user1049@example.com,2024-04-05,Asia Pacific,Referral
CUST-01050,User1050,user1050@example.com,2024-06-08,Europe,Referral
CUST-01051,User1051,user1051@example.com,2024-11-09,North America,Paid Search
CUST-01052,User1052,user1052@example.com,2024-11-18,Europe,Paid Search
CUST-01053,User1053,user1053@example.com,2025-07-12,Europe,Referral
CUST-01054,User1054,user1054@example.com,2024-10-22,Europe,Paid Search
CUST-01055,User1055,user1055@example.com,2025-01-14,Europe,Organic Search
CUST-01056,User1056,user1056@example.com,2024-06-14,Europe,Social Media
CUST-01057,User1057,user1057@example.com,2025-06-03,North America,Social Media
CUST-01058,User1058,user1058@example.com,2025-04-29,Asia Pacific,Paid Search
CUST-01059,User1059,user1059@example.com,2025-09-06,Europe,Paid Search
CUST-01060,User1060,user1060@example.com,2024-10-12,Latin America,Social Media
CUST-01061,User1061,user1061@example.com,2025-09-15,Europe,Paid Search
CUST-01062,User1062,user1062@example.com,2025-09-08,North America,Email Marketing
CUST-01063,User1063,user1063@example.com,2025-01-11,North America,Social Media
CUST-01064,User1064,user1064@example.com,2025-05-06,North America,Social Media
CUST-01065,User1065,user1065@example.com,2024-11-20,North America,Organic Search
CUST-01066,User1066,user1066@example.com,2024-07-17,North America,Referral
CUST-01067,User1067,user1067@example.com,2024-08-26,North America,Paid Search
CUST-01068,User1068,user1068@example.com,2025-04-14,North America,Social Media
CUST-01069,User1069,user1069@example.com,2025-07-16,North America,Paid Search
CUST-01070,User1070,user1070@example.com,2024-11-17,North America,Referral
CUST-01071,User1071,user1071@example.com,2024-07-05,Europe,Paid Search
CUST-01072,User1072,user1072@example.com,2025-03-08,North America,Paid Search
CUST-01073,User1073,user1073@example.com,2024-08-06,North America,Organic Search
CUST-01074,User1074,user1074@example.com,2025-08-09,Europe,Referral
CUST-01075,User1075,user1075@example.com,2025-11-16,Europe,Organic Search
CUST-01076,User1076,user1076@example.com,2025-06-17,Europe,Social Media
CUST-01077,User1077,user1077@example.com,2024-04-11,North America,Organic Search
CUST-01078,User1078,user1078@example.com,2024-03-17,Asia Pacific,Email Marketing
CUST-01079,User1079,user1079@example.com,2025-05-16,Europe,Referral
CUST-01080,User1080,user1080@example.com,2025-05-22,North America,Social Media
CUST-01081,User1081,user1081@example.com,2025-02-13,North America,Social Media
CUST-01082,User1082,user1082@example.com,2024-05-23,North America,Organic Search
CUST-01083,User1083,user1083@example.com,2024-06-05,North America,Paid Search
CUST-01084,User1084,user1084@example.com,2025-01-22,North America,Social Media
CUST-01085,User1085,user1085@example.com,2024-12-31,Asia Pacific,Paid Search
CUST-01086,User1086,user1086@example.com,2024-10-12,Europe,Organic Search
CUST-01087,User1087,user1087@example.com,2025-01-14,Asia Pacific,Social Media
CUST-01088,User1088,user1088@example.com,2024-04-30,North America,Paid Search
CUST-01089,User1089,user1089@example.com,2024-06-14,Asia Pacific,Organic Search
CUST-01090,User1090,user1090@example.com,2025-03-02,Asia Pacific,Referral
CUST-01091,User1091,user1091@example.com,2025-06-03,Asia Pacific,Paid Search
CUST-01092,User1092,user1092@example.com,2025-02-03,Europe,Paid Search
CUST-01093,User1093,user1093@example.com,2025-10-01,Asia Pacific,Paid Search
CUST-01094,User1094,user1094@example.com,2025-01-28,North America,Organic Search
CUST-01095,User1095,user1095@example.com,2025-11-20,North America,Social Media
CUST-01096,User1096,user1096@example.com,2025-03-07,North America,Organic Search
CUST-01097,User1097,user1097@example.com,2024-08-26,North America,Email Marketing
CUST-01098,User1098,user1098@example.com,2024-09-01,Asia Pacific,Email Marketing
CUST-01099,User1099,user1099@example.com,2025-01-31,North America,Paid Search
CUST-01100,User1100,user1100@example.com,2025-10-22,North America,Organic Search
CUST-01101,User1101,user1101@example.com,2024-01-12,North America,Social Media
CUST-01102,User1102,user1102@example.com,2025-08-18,North America,Paid Search
CUST-01103,User1103,user1103@example.com,2024-10-31,North America,Paid Search
CUST-01104,User1104,user1104@example.com,2025-06-02,Europe,Referral
CUST-01105,User1105,user1105@example.com,2025-01-07,North America,Email Marketing
CUST-01106,User1106,user1106@example.com,2024-10-25,Latin America,Email Marketing
CUST-01107,User1107,user1107@example.com,2024-07-04,North America,Paid Search
CUST-01108,User1108,user1108@example.com,2024-12-05,Europe,Social Media
CUST-01109,User1109,user1109@example.com,2024-12-11,North America,Paid Search
CUST-01110,User1110,user1110@example.com,2025-04-30,Latin America,Email Marketing
CUST-01111,User1111,user1111@example.com,2025-01-03,North America,Email Marketing
CUST-01112,User1112,user1112@example.com,2025-02-06,Europe,Social Media
CUST-01113,User1113,user1113@example.com,2024-07-28,North America,Referral
CUST-01114,User1114,user1114@example.com,2024-05-12,North America,Organic Search
CUST-01115,User1115,user1115@example.com,2024-10-16,Europe,Referral
CUST-01116,User1116,user1116@example.com,2024-07-29,Asia Pacific,Social Media
CUST-01117,User1117,user1117@example.com,2024-09-15,Asia Pacific,Organic Search
CUST-01118,User1118,user1118@example.com,2025-04-09,Europe,Paid Search
CUST-01119,User1119,user1119@example.com,2024-11-30,Europe,Referral
CUST-01120,User1120,user1120@example.com,2025-02-27,North America,Organic Search
CUST-01121,User1121,user1121@example.com,2024-09-13,Europe,Paid Search
CUST-01122,User1122,user1122@example.com,2024-11-13,North America,Organic Search
CUST-01123,User1123,user1123@example.com,2024-10-23,Asia Pacific,Paid Search
CUST-01124,User1124,user1124@example.com,2024-10-17,North America,Organic Search
CUST-01125,User1125,user1125@example.com,2025-08-23,North America,Organic Search
CUST-01126,User1126,user1126@example.com,2025-09-03,Asia Pacific,Email Marketing
CUST-01127,User1127,user1127@example.com,2025-04-25,North America,Referral
CUST-01128,User1128,user1128@example.com,2024-11-15,North America,Paid Search
CUST-01129,User1129,user1129@example.com,2024-05-13,Asia Pacific,Organic Search
CUST-01130,User1130,user1130@example.com,2025-09-20,North America,Social Media
CUST-01131,User1131,user1131@example.com,2025-04-21,North America,Organic Search
CUST-01132,User1132,user1132@example.com,2024-10-09,North America,Paid Search
CUST-01133,User1133,user1133@example.com,2024-12-20,North America,Referral
CUST-01134,User1134,user1134@example.com,2025-05-16,North America,Paid Search
CUST-01135,User1135,user1135@example.com,2024-04-13,North America,Social Media
CUST-01136,User1136,user1136@example.com,2024-01-25,North America,Organic Search
CUST-01137,User1137,user1137@example.com,2025-06-22,North America,Paid Search
CUST-01138,User1138,user1138@example.com,2025-06-12,Europe,Referral
CUST-01139,User1139,user1139@example.com,2024-02-26,Europe,Social Media
CUST-01140,User1140,user1140@example.com,2024-07-03,North America,Paid Search
CUST-01141,User1141,user1141@example.com,2024-07-08,North America,Organic Search
CUST-01142,User1142,user1142@example.com,2024-03-08,North America,Paid Search
CUST-01143,User1143,user1143@example.com,2025-10-16,North America,Email Marketing
CUST-01144,User1144,user1144@example.com,2025-07-07,North America,Social Media
CUST-01145,User1145,user1145@example.com,2024-05-31,North America,Organic Search
CUST-01146,User1146,user1146@example.com,2024-06-29,Latin America,Paid Search
CUST-01147,User1147,user1147@example.com,2024-03-30,Asia Pacific,Paid Search
CUST-01148,User1148,user1148@example.com,2025-06-28,North America,Social Media
CUST-01149,User1149,user1149@example.com,2024-03-27,Europe,Paid Search
CUST-01150,User1150,user1150@example.com,2024-04-11,Europe,Referral
CUST-01151,User1151,user1151@example.com,2024-11-07,North America,Social Media
CUST-01152,User1152,user1152@example.com,2024-01-18,North America,Email Marketing
CUST-01153,User1153,user1153@example.com,2025-09-26,North America,Organic Search
CUST-01154,User1154,user1154@example.com,2024-05-19,Europe,Social Media
CUST-01155,User1155,user1155@example.com,2025-02-24,Asia Pacific,Paid Search
CUST-01156,User1156,user1156@example.com,2024-09-24,Latin America,Organic Search
CUST-01157,User1157,user1157@example.com,2024-04-13,North America,Social Media
CUST-01158,User1158,user1158@example.com,2025-05-10,North America,Social Media
CUST-01159,User1159,user1159@example.com,2025-03-31,North America,Social Media
CUST-01160,User1160,user1160@example.com,2025-01-02,Europe,Organic Search
CUST-01161,User1161,user1161@example.com,2025-06-22,Europe,Paid Search
CUST-01162,User1162,user1162@example.com,2025-05-21,North America,Paid Search
CUST-01163,User1163,user1163@example.com,2024-06-09,Asia Pacific,Referral
CUST-01164,User1164,user1164@example.com,2024-12-28,Europe,Email Marketing
CUST-01165,User1165,user1165@example.com,2024-11-28,Europe,Organic Search
CUST-01166,User1166,user1166@example.com,2025-11-25,Europe,Referral
CUST-01167,User1167,user1167@example.com,2024-11-30,Latin America,Organic Search
CUST-01168,User1168,user1168@example.com,2025-06-28,North America,Referral
CUST-01169,User1169,user1169@example.com,2024-09-23,Asia Pacific,Email Marketing
CUST-01170,User1170,user1170@example.com,2024-09-29,Europe,Organic Search
CUST-01171,User1171,user1171@example.com,2024-06-21,North America,Organic Search
CUST-01172,User1172,user1172@example.com,2024-08-25,Europe,Social Media
CUST-01173,User1173,user1173@example.com,2025-10-01,North America,Organic Search
CUST-01174,User1174,user1174@example.com,2025-09-08,Europe,Social Media
CUST-01175,User1175,user1175@example.com,2025-08-24,Asia Pacific,Social Media
CUST-01176,User1176,user1176@example.com,2025-07-04,Europe,Paid Search
CUST-01177,User1177,user1177@example.com,2024-01-06,Europe,Organic Search
CUST-01178,User1178,user1178@example.com,2024-04-13,North America,Paid Search
CUST-01179,User1179,user1179@example.com,2025-06-02,Europe,Paid Search
CUST-01180,User1180,user1180@example.com,2025-02-23,North America,Social Media
CUST-01181,User1181,user1181@example.com,2024-05-27,Asia Pacific,Social Media
CUST-01182,User1182,user1182@example.com,2025-01-03,North America,Paid Search
CUST-01183,User1183,user1183@example.com,2025-01-22,Europe,Paid Search
CUST-01184,User1184,user1184@example.com,2025-01-22,North America,Paid Search
CUST-01185,User1185,user1185@example.com,2024-10-28,North America,Paid Search
CUST-01186,User1186,user1186@example.com,2024-10-19,North America,Social Media
CUST-01187,User1187,user1187@example.com,2024-11-02,North America,Organic Search
CUST-01188,User1188,user1188@example.com,2024-07-24,North America,Social Media
CUST-01189,User1189,user1189@example.com,2025-03-10,Asia Pacific,Paid Search
CUST-01190,User1190,user1190@example.com,2024-07-22,North America,Social Media
CUST-01191,User1191,user1191@example.com,2024-08-19,Europe,Email Marketing
CUST-01192,User1192,user1192@example.com,2024-01-05,Europe,Email Marketing
CUST-01193,User1193,user1193@example.com,2025-08-30,Latin America,Organic Search
CUST-01194,User1194,user1194@example.com,2024-11-17,Europe,Paid Search
CUST-01195,User1195,user1195@example.com,2025-04-28,Europe,Organic Search
CUST-01196,User1196,user1196@example.com,2024-08-24,North America,Organic Search
CUST-01197,User1197,user1197@example.com,2024-12-02,Europe,Paid Search
CUST-01198,User1198,user1198@example.com,2024-09-04,Asia Pacific,Social Media
CUST-01199,User1199,user1199@example.com,2025-01-26,North America,Paid Search
CUST-01200,User1200,user1200@example.com,2025-04-28,North America,Paid Search
CUST-01201,User1201,user1201@example.com,2024-07-13,North America,Paid Search
CUST-01202,User1202,user1202@example.com,2024-12-04,Latin America,Referral
CUST-01203,User1203,user1203@example.com,2024-11-17,Latin America,Social Media
CUST-01204,User1204,user1204@example.com,2024-07-31,Latin America,Paid Search
CUST-01205,User1205,user1205@example.com,2025-01-07,Latin America,Paid Search
CUST-01206,User1206,user1206@example.com,2025-03-06,North America,Social Media
CUST-01207,User1207,user1207@example.com,2025-03-05,Asia Pacific,Organic Search
CUST-01208,User1208,user1208@example.com,2024-05-11,Europe,Organic Search
CUST-01209,User1209,user1209@example.com,2025-04-12,Europe,Social Media
CUST-01210,User1210,user1210@example.com,2025-03-18,North America,Paid Search
CUST-01211,User1211,user1211@example.com,2024-02-24,North America,Paid Search
CUST-01212,User1212,user1212@example.com,2024-07-06,Europe,Social Media
CUST-01213,User1213,user1213@example.com,2024-11-10,North America,Paid Search
CUST-01214,User1214,user1214@example.com,2024-02-15,North America,Organic Search
CUST-01215,User1215,user1215@example.com,2025-02-14,North America,Referral
CUST-01216,User1216,user1216@example.com,2025-02-28,Europe,Organic Search
CUST-01217,User1217,user1217@example.com,2025-01-28,Asia Pacific,Email Marketing
CUST-01218,User1218,user1218@example.com,2025-08-30,Europe,Paid Search
CUST-01219,User1219,user1219@example.com,2024-05-08,North America,Social Media
CUST-01220,User1220,user1220@example.com,2024-05-16,Europe,Social Media
CUST-01221,User1221,user1221@example.com,2024-08-25,Latin America,Social Media
CUST-01222,User1222,user1222@example.com,2025-06-26,North America,Social Media
CUST-01223,User1223,user1223@example.com,2025-08-10,North America,Social Media
CUST-01224,User1224,user1224@example.com,2024-10-26,Europe,Referral
CUST-01225,User1225,user1225@example.com,2025-05-03,Asia Pacific,Referral
CUST-01226,User1226,user1226@example.com,2024-09-25,North America,Paid Search
CUST-01227,User1227,user1227@example.com,2024-08-11,North America,Referral
CUST-01228,User1228,user1228@example.com,2025-05-13,North America,Paid Search
CUST-01229,User1229,user1229@example.com,2025-03-29,Asia Pacific,Paid Search
CUST-01230,User1230,user1230@example.com,2024-01-07,North America,Paid Search
CUST-01231,User1231,user1231@example.com,2024-04-17,North America,Organic Search
CUST-01232,User1232,user1232@example.com,2024-02-08,Europe,Social Media
CUST-01233,User1233,user1233@example.com,2024-03-08,Europe,Organic Search
CUST-01234,User1234,user1234@example.com,2024-03-19,North America,Referral
CUST-01235,User1235,user1235@example.com,2024-11-11,North America,Paid Search
CUST-01236,User1236,user1236@example.com,2024-04-02,North America,Paid Search
CUST-01237,User1237,user1237@example.com,2025-01-21,North America,Social Media
CUST-01238,User1238,user1238@example.com,2025-06-20,Asia Pacific,Social Media
CUST-01239,User1239,user1239@example.com,2024-08-25,Latin America,Email Marketing
CUST-01240,User1240,user1240@example.com,2024-04-28,North America,Email Marketing
CUST-01241,User1241,user1241@example.com,2024-10-25,North America,Paid Search
CUST-01242,User1242,user1242@example.com,2025-01-05,North America,Paid Search
CUST-01243,User1243,user1243@example.com,2025-03-27,Europe,Organic Search
CUST-01244,User1244,user1244@example.com,2024-04-07,Latin America,Organic Search
CUST-01245,User1245,user1245@example.com,2025-08-13,Europe,Organic Search
CUST-01246,User1246,user1246@example.com,2025-08-23,Europe,Organic Search
CUST-01247,User1247,user1247@example.com,2024-10-26,North America,Organic Search
CUST-01248,User1248,user1248@example.com,2024-07-28,North America,Social Media
CUST-01249,User1249,user1249@example.com,2025-04-04,North America,Organic Search
CUST-01250,User1250,user1250@example.com,2024-10-12,Latin America,Social Media
CUST-01251,User1251,user1251@example.com,2024-04-29,Asia Pacific,Paid Search
CUST-01252,User1252,user1252@example.com,2025-08-03,Asia Pacific,Organic Search
CUST-01253,User1253,user1253@example.com,2024-05-02,Europe,Social Media
CUST-01254,User1254,user1254@example.com,2024-06-23,North America,Email Marketing
CUST-01255,User1255,user1255@example.com,2024-08-13,Europe,Paid Search
CUST-01256,User1256,user1256@example.com,2024-07-16,North America,Paid Search
CUST-01257,User1257,user1257@example.com,2024-05-05,Europe,Social Media
CUST-01258,User1258,user1258@example.com,2024-10-25,North America,Email Marketing
CUST-01259,User1259,user1259@example.com,2024-05-05,Europe,Paid Search
CUST-01260,User1260,user1260@example.com,2024-09-10,North America,Social Media
CUST-01261,User1261,user1261@example.com,2025-01-04,North America,Social Media
CUST-01262,User1262,user1262@example.com,2024-10-25,Europe,Organic Search
CUST-01263,User1263,user1263@example.com,2024-06-23,Europe,Paid Search
CUST-01264,User1264,user1264@example.com,2025-06-20,Europe,Email Marketing
CUST-01265,User1265,user1265@example.com,2024-06-02,North America,Paid Search
CUST-01266,User1266,user1266@example.com,2025-01-04,Europe,Organic Search
CUST-01267,User1267,user1267@example.com,2024-11-30,Europe,Organic Search
CUST-01268,User1268,user1268@example.com,2024-07-28,North America,Paid Search
CUST-01269,User1269,user1269@example.com,2025-02-18,Europe,Paid Search
CUST-01270,User1270,user1270@example.com,2025-04-27,Europe,Referral
CUST-01271,User1271,user1271@example.com,2024-02-06,Asia Pacific,Paid Search
CUST-01272,User1272,user1272@example.com,2024-07-23,North America,Social Media
CUST-01273,User1273,user1273@example.com,2024-08-27,North America,Social Media
CUST-01274,User1274,user1274@example.com,2024-05-30,North America,Paid Search
CUST-01275,User1275,user1275@example.com,2025-10-01,Asia Pacific,Paid Search
CUST-01276,User1276,user1276@example.com,2025-07-07,Asia Pacific,Paid Search
CUST-01277,User1277,user1277@example.com,2024-06-19,Latin America,Email Marketing
CUST-01278,User1278,user1278@example.com,2024-06-30,North America,Social Media
CUST-01279,User1279,user1279@example.com,2024-09-01,Europe,Email Marketing
CUST-01280,User1280,user1280@example.com,2025-04-19,Latin America,Organic Search
CUST-01281,User1281,user1281@example.com,2024-02-23,North America,Organic Search
CUST-01282,User1282,user1282@example.com,2024-02-17,North America,Email Marketing
CUST-01283,User1283,user1283@example.com,2024-10-14,Asia Pacific,Social Media
CUST-01284,User1284,user1284@example.com,2024-09-24,North America,Social Media
CUST-01285,User1285,user1285@example.com,2024-08-22,North America,Social Media
CUST-01286,User1286,user1286@example.com,2024-03-28,North America,Organic Search
CUST-01287,User1287,user1287@example.com,2024-02-19,Latin America,Paid Search
CUST-01288,User1288,user1288@example.com,2024-07-21,Asia Pacific,Email Marketing
CUST-01289,User1289,user1289@example.com,2024-06-07,North America,Social Media
CUST-01290,User1290,user1290@example.com,2024-11-27,Asia Pacific,Organic Search
CUST-01291,User1291,user1291@example.com,2024-01-18,Europe,Email Marketing
CUST-01292,User1292,user1292@example.com,2024-04-18,North America,Organic Search
CUST-01293,User1293,user1293@example.com,2025-08-14,North America,Social Media
CUST-01294,User1294,user1294@example.com,2025-05-23,Asia Pacific,Paid Search
CUST-01295,User1295,user1295@example.com,2024-05-19,Europe,Social Media
CUST-01296,User1296,user1296@example.com,2025-04-02,Europe,Email Marketing
CUST-01297,User1297,user1297@example.com,2025-03-17,North America,Paid Search
CUST-01298,User1298,user1298@example.com,2025-05-16,Europe,Organic Search
CUST-01299,User1299,user1299@example.com,2024-09-25,North America,Paid Search
CUST-01300,User1300,user1300@example.com,2024-07-25,North America,Paid Search
CUST-01301,User1301,user1301@example.com,2025-06-06,Europe,Organic Search
CUST-01302,User1302,user1302@example.com,2024-11-10,North America,Social Media
CUST-01303,User1303,user1303@example.com,2024-05-25,Europe,Organic Search
CUST-01304,User1304,user1304@example.com,2024-04-25,North America,Paid Search
CUST-01305,User1305,user1305@example.com,2025-01-10,Europe,Referral
CUST-01306,User1306,user1306@example.com,2024-04-04,Asia Pacific,Referral
CUST-01307,User1307,user1307@example.com,2024-02-28,North America,Referral
CUST-01308,User1308,user1308@example.com,2025-10-14,North America,Paid Search
CUST-01309,User1309,user1309@example.com,2024-04-20,Asia Pacific,Social Media
CUST-01310,User1310,user1310@example.com,2025-04-12,North America,Paid Search
CUST-01311,User1311,user1311@example.com,2024-09-23,North America,Email Marketing
CUST-01312,User1312,user1312@example.com,2025-09-01,North America,Social Media
CUST-01313,User1313,user1313@example.com,2025-06-26,Asia Pacific,Social Media
CUST-01314,User1314,user1314@example.com,2024-08-30,North America,Organic Search
CUST-01315,User1315,user1315@example.com,2025-04-25,North America,Paid Search
CUST-01316,User1316,user1316@example.com,2025-04-10,Europe,Organic Search
CUST-01317,User1317,user1317@example.com,2024-04-13,Latin America,Paid Search
CUST-01318,User1318,user1318@example.com,2024-11-03,Europe,Paid Search
CUST-01319,User1319,user1319@example.com,2025-02-05,North America,Paid Search
CUST-01320,User1320,user1320@example.com,2024-10-07,Europe,Paid Search
CUST-01321,User1321,user1321@example.com,2025-03-24,Europe,Paid Search
CUST-01322,User1322,user1322@example.com,2025-04-18,North America,Social Media
CUST-01323,User1323,user1323@example.com,2024-12-11,North America,Paid Search
CUST-01324,User1324,user1324@example.com,2024-07-19,Europe,Email Marketing
CUST-01325,User1325,user1325@example.com,2025-01-28,North America,Social Media
CUST-01326,User1326,user1326@example.com,2024-10-30,North America,Social Media
CUST-01327,User1327,user1327@example.com,2024-04-24,Asia Pacific,Paid Search
CUST-01328,User1328,user1328@example.com,2025-01-12,North America,Email Marketing
CUST-01329,User1329,user1329@example.com,2025-07-18,Asia Pacific,Paid Search
CUST-01330,User1330,user1330@example.com,2025-08-18,Europe,Paid Search
CUST-01331,User1331,user1331@example.com,2025-10-20,North America,Organic Search
CUST-01332,User1332,user1332@example.com,2024-04-09,North America,Paid Search
CUST-01333,User1333,user1333@example.com,2024-08-03,Asia Pacific,Paid Search
CUST-01334,User1334,user1334@example.com,2024-03-27,North America,Paid Search
CUST-01335,User1335,user1335@example.com,2024-12-02,Europe,Email Marketing
CUST-01336,User1336,user1336@example.com,2024-02-03,Europe,Social Media
CUST-01337,User1337,user1337@example.com,2025-05-10,North America,Organic Search
CUST-01338,User1338,user1338@example.com,2024-06-15,Asia Pacific,Organic Search
CUST-01339,User1339,user1339@example.com,2025-09-30,North America,Paid Search
CUST-01340,User1340,user1340@example.com,2025-04-06,Europe,Paid Search
CUST-01341,User1341,user1341@example.com,2025-03-10,Europe,Referral
CUST-01342,User1342,user1342@example.com,2024-11-24,Asia Pacific,Paid Search
CUST-01343,User1343,user1343@example.com,2024-04-21,North America,Email Marketing
CUST-01344,User1344,user1344@example.com,2024-07-20,North America,Organic Search
CUST-01345,User1345,user1345@example.com,2025-03-18,North America,Organic Search
CUST-01346,User1346,user1346@example.com,2024-04-15,North America,Social Media
CUST-01347,User1347,user1347@example.com,2024-09-07,Asia Pacific,Paid Search
CUST-01348,User1348,user1348@example.com,2025-08-01,Asia Pacific,Paid Search
CUST-01349,User1349,user1349@example.com,2024-12-23,North America,Social Media
CUST-01350,User1350,user1350@example.com,2025-04-11,North America,Organic Search
CUST-01351,User1351,user1351@example.com,2024-10-27,North America,Referral
CUST-01352,User1352,user1352@example.com,2024-08-06,Europe,Paid Search
CUST-01353,User1353,user1353@example.com,2024-11-12,Europe,Organic Search
CUST-01354,User1354,user1354@example.com,2024-07-07,North America,Social Media
CUST-01355,User1355,user1355@example.com,2025-06-20,Europe,Organic Search
CUST-01356,User1356,user1356@example.com,2025-07-30,Asia Pacific,Social Media
CUST-01357,User1357,user1357@example.com,2024-08-13,North America,Paid Search
CUST-01358,User1358,user1358@example.com,2024-03-19,North America,Social Media
CUST-01359,User1359,user1359@example.com,2024-09-04,North America,Paid Search
CUST-01360,User1360,user1360@example.com,2025-09-27,Asia Pacific,Referral
CUST-01361,User1361,user1361@example.com,2025-01-14,North America,Organic Search
CUST-01362,User1362,user1362@example.com,2025-05-23,Asia Pacific,Referral
CUST-01363,User1363,user1363@example.com,2024-08-18,North America,Email Marketing
CUST-01364,User1364,user1364@example.com,2025-09-20,Europe,Social Media
CUST-01365,User1365,user1365@example.com,2024-03-13,Latin America,Social Media
CUST-01366,User1366,user1366@example.com,2024-05-20,North America,Organic Search
CUST-01367,User1367,user1367@example.com,2025-01-13,North America,Organic Search
CUST-01368,User1368,user1368@example.com,2024-06-17,Asia Pacific,Paid Search
CUST-01369,User1369,user1369@example.com,2024-03-06,North America,Paid Search
CUST-01370,User1370,user1370@example.com,2024-04-18,North America,Email Marketing
CUST-01371,User1371,user1371@example.com,2024-07-23,North America,Social Media
CUST-01372,User1372,user1372@example.com,2025-05-26,North America,Paid Search
CUST-01373,User1373,user1373@example.com,2025-07-03,Europe,Social Media
CUST-01374,User1374,user1374@example.com,2025-05-21,Europe,Organic Search
CUST-01375,User1375,user1375@example.com,2025-05-07,Europe,Referral
CUST-01376,User1376,user1376@example.com,2025-07-22,Asia Pacific,Paid Search
CUST-01377,User1377,user1377@example.com,2025-03-01,North America,Social Media
CUST-01378,User1378,user1378@example.com,2025-05-04,Asia Pacific,Organic Search
CUST-01379,User1379,user1379@example.com,2024-06-05,North America,Social Media
CUST-01380,User1380,user1380@example.com,2024-05-26,North America,Email Marketing
CUST-01381,User1381,user1381@example.com,2024-12-31,Europe,Social Media
CUST-01382,User1382,user1382@example.com,2024-12-22,Latin America,Email Marketing
CUST-01383,User1383,user1383@example.com,2024-05-09,Europe,Organic Search
CUST-01384,User1384,user1384@example.com,2024-07-21,North America,Paid Search
CUST-01385,User1385,user1385@example.com,2024-06-24,North America,Paid Search
CUST-01386,User1386,user1386@example.com,2025-01-09,Europe,Referral
CUST-01387,User1387,user1387@example.com,2024-07-14,North America,Organic Search
CUST-01388,User1388,user1388@example.com,2024-11-01,Europe,Email Marketing
CUST-01389,User1389,user1389@example.com,2025-01-29,Europe,Organic Search
CUST-01390,User1390,user1390@example.com,2025-02-26,North America,Social Media
CUST-01391,User1391,user1391@example.com,2025-09-26,Latin America,Paid Search
CUST-01392,User1392,user1392@example.com,2024-07-24,North America,Organic Search
CUST-01393,User1393,user1393@example.com,2024-02-01,North America,Paid Search
CUST-01394,User1394,user1394@example.com,2024-04-01,North America,Paid Search
CUST-01395,User1395,user1395@example.com,2025-06-14,North America,Email Marketing
CUST-01396,User1396,user1396@example.com,2025-10-12,North America,Referral
CUST-01397,User1397,user1397@example.com,2024-07-07,Latin America,Organic Search
CUST-01398,User1398,user1398@example.com,2024-11-08,Latin America,Paid Search
CUST-01399,User1399,user1399@example.com,2024-01-26,Europe,Paid Search
CUST-01400,User1400,user1400@example.com,2025-06-10,North America,Social Media
CUST-01401,User1401,user1401@example.com,2024-06-10,North America,Organic Search
CUST-01402,User1402,user1402@example.com,2024-10-11,Europe,Organic Search
CUST-01403,User1403,user1403@example.com,2025-06-09,North America,Social Media
CUST-01404,User1404,user1404@example.com,2024-04-11,Asia Pacific,Organic Search
CUST-01405,User1405,user1405@example.com,2024-02-09,North America,Social Media
CUST-01406,User1406,user1406@example.com,2025-03-01,North America,Social Media
CUST-01407,User1407,user1407@example.com,2024-03-07,Europe,Social Media
CUST-01408,User1408,user1408@example.com,2025-11-04,North America,Paid Search
CUST-01409,User1409,user1409@example.com,2024-06-10,Europe,Paid Search
CUST-01410,User1410,user1410@example.com,2025-04-11,North America,Referral
CUST-01411,User1411,user1411@example.com,2025-09-08,Asia Pacific,Paid Search
CUST-01412,User1412,user1412@example.com,2024-04-01,Europe,Social Media
CUST-01413,User1413,user1413@example.com,2024-02-20,Asia Pacific,Social Media
CUST-01414,User1414,user1414@example.com,2025-06-21,North America,Social Media
CUST-01415,User1415,user1415@example.com,2025-08-02,North America,Paid Search
CUST-01416,User1416,user1416@example.com,2024-08-02,North America,Referral
CUST-01417,User1417,user1417@example.com,2025-03-29,Europe,Referral
CUST-01418,User1418,user1418@example.com,2025-10-31,Asia Pacific,Paid Search
CUST-01419,User1419,user1419@example.com,2024-10-02,Latin America,Organic Search
CUST-01420,User1420,user1420@example.com,2025-10-25,Europe,Social Media
CUST-01421,User1421,user1421@example.com,2025-03-28,North America,Email Marketing
CUST-01422,User1422,user1422@example.com,2024-01-13,Europe,Paid Search
CUST-01423,User1423,user1423@example.com,2024-01-22,North America,Paid Search
CUST-01424,User1424,user1424@example.com,2024-01-13,Europe,Social Media
CUST-01425,User1425,user1425@example.com,2024-08-20,North America,Social Media
CUST-01426,User1426,user1426@example.com,2024-09-15,North America,Social Media
CUST-01427,User1427,user1427@example.com,2024-04-06,Europe,Referral
CUST-01428,User1428,user1428@example.com,2024-06-05,North America,Email Marketing
CUST-01429,User1429,user1429@example.com,2024-06-30,North America,Organic Search
CUST-01430,User1430,user1430@example.com,2024-07-29,North America,Referral
CUST-01431,User1431,user1431@example.com,2024-05-27,North America,Organic Search
CUST-01432,User1432,user1432@example.com,2025-05-26,North America,Organic Search
CUST-01433,User1433,user1433@example.com,2024-02-24,Latin America,Social Media
CUST-01434,User1434,user1434@example.com,2024-11-25,North America,Paid Search
CUST-01435,User1435,user1435@example.com,2025-01-27,Asia Pacific,Organic Search
CUST-01436,User1436,user1436@example.com,2025-04-07,Europe,Organic Search
CUST-01437,User1437,user1437@example.com,2025-03-07,Europe,Referral
CUST-01438,User1438,user1438@example.com,2024-09-20,Asia Pacific,Email Marketing
CUST-01439,User1439,user1439@example.com,2024-07-16,North America,Email Marketing
CUST-01440,User1440,user1440@example.com,2025-11-20,Asia Pacific,Paid Search
CUST-01441,User1441,user1441@example.com,2024-12-15,North America,Email Marketing
CUST-01442,User1442,user1442@example.com,2025-04-02,North America,Social Media
CUST-01443,User1443,user1443@example.com,2024-11-18,North America,Social Media
CUST-01444,User1444,user1444@example.com,2025-01-23,Europe,Paid Search
CUST-01445,User1445,user1445@example.com,2025-10-30,Asia Pacific,Organic Search
CUST-01446,User1446,user1446@example.com,2025-10-15,North America,Referral
CUST-01447,User1447,user1447@example.com,2025-01-12,North America,Email Marketing
CUST-01448,User1448,user1448@example.com,2024-07-15,North America,Social Media
CUST-01449,User1449,user1449@example.com,2024-08-05,Europe,Paid Search
CUST-01450,User1450,user1450@example.com,2024-09-14,North America,Paid Search
CUST-01451,User1451,user1451@example.com,2024-02-02,Europe,Paid Search
CUST-01452,User1452,user1452@example.com,2025-01-27,Asia Pacific,Social Media
CUST-01453,User1453,user1453@example.com,2025-01-22,North America,Referral
CUST-01454,User1454,user1454@example.com,2025-06-07,North America,Organic Search
CUST-01455,User1455,user1455@example.com,2024-01-24,North America,Email Marketing
CUST-01456,User1456,user1456@example.com,2024-12-04,Asia Pacific,Social Media
CUST-01457,User1457,user1457@example.com,2024-06-24,North America,Referral
CUST-01458,User1458,user1458@example.com,2024-10-12,Europe,Email Marketing
CUST-01459,User1459,user1459@example.com,2025-09-05,Europe,Paid Search
CUST-01460,User1460,user1460@example.com,2025-05-21,North America,Organic Search
CUST-01461,User1461,user1461@example.com,2024-03-26,Asia Pacific,Email Marketing
CUST-01462,User1462,user1462@example.com,2024-03-03,Europe,Social Media
CUST-01463,User1463,user1463@example.com,2024-11-17,North America,Organic Search
CUST-01464,User1464,user1464@example.com,2024-02-21,North America,Social Media
CUST-01465,User1465,user1465@example.com,2024-06-22,North America,Social Media
CUST-01466,User1466,user1466@example.com,2024-05-27,North America,Paid Search
CUST-01467,User1467,user1467@example.com,2025-06-28,North America,Organic Search
CUST-01468,User1468,user1468@example.com,2024-04-13,Asia Pacific,Organic Search
CUST-01469,User1469,user1469@example.com,2024-09-24,North America,Paid Search
CUST-01470,User1470,user1470@example.com,2024-07-17,North America,Email Marketing
CUST-01471,User1471,user1471@example.com,2024-12-04,North America,Paid Search
CUST-01472,User1472,user1472@example.com,2024-04-20,North America,Email Marketing
CUST-01473,User1473,user1473@example.com,2025-06-12,Europe,Paid Search
CUST-01474,User1474,user1474@example.com,2024-03-11,North America,Organic Search
CUST-01475,User1475,user1475@example.com,2024-08-17,North America,Organic Search
CUST-01476,User1476,user1476@example.com,2024-11-24,Latin America,Social Media
CUST-01477,User1477,user1477@example.com,2025-09-20,Asia Pacific,Paid Search
CUST-01478,User1478,user1478@example.com,2024-01-26,Europe,Paid Search
CUST-01479,User1479,user1479@example.com,2025-10-02,North America,Referral
CUST-01480,User1480,user1480@example.com,2025-01-21,North America,Social Media
CUST-01481,User1481,user1481@example.com,2024-10-24,North America,Social Media
CUST-01482,User1482,user1482@example.com,2025-07-21,North America,Email Marketing
CUST-01483,User1483,user1483@example.com,2025-06-02,North America,Social Media
CUST-01484,User1484,user1484@example.com,2024-10-01,Europe,Social Media
CUST-01485,User1485,user1485@example.com,2024-07-22,North America,Paid Search
CUST-01486,User1486,user1486@example.com,2024-10-11,Asia Pacific,Social Media
CUST-01487,User1487,user1487@example.com,2024-04-09,North America,Referral
CUST-01488,User1488,user1488@example.com,2025-07-30,North America,Organic Search
CUST-01489,User1489,user1489@example.com,2025-02-27,North America,Social Media
CUST-01490,User1490,user1490@example.com,2024-03-14,Asia Pacific,Organic Search
CUST-01491,User1491,user1491@example.com,2024-03-27,North America,Referral
CUST-01492,User1492,user1492@example.com,2025-03-05,North America,Organic Search
CUST-01493,User1493,user1493@example.com,2024-07-20,North America,Social Media
CUST-01494,User1494,user1494@example.com,2025-08-29,Asia Pacific,Paid Search
CUST-01495,User1495,user1495@example.com,2024-03-30,North America,Social Media
CUST-01496,User1496,user1496@example.com,2024-07-26,Europe,Paid Search
CUST-01497,User1497,user1497@example.com,2024-09-16,North America,Organic Search
CUST-01498,User1498,user1498@example.com,2024-01-20,North America,Organic Search
CUST-01499,User1499,user1499@example.com,2025-08-22,North America,Email Marketing
CUST-01500,User1500,user1500@example.com,2025-06-02,Asia Pacific,Referral
CUST-01501,User1501,user1501@example.com,2025-06-15,Asia Pacific,Organic Search
CUST-01502,User1502,user1502@example.com,2025-04-04,Asia Pacific,Social Media
CUST-01503,User1503,user1503@example.com,2024-08-19,North America,Referral
CUST-01504,User1504,user1504@example.com,2024-04-05,Europe,Social Media
CUST-01505,User1505,user1505@example.com,2024-08-14,North America,Organic Search
CUST-01506,User1506,user1506@example.com,2024-07-13,Europe,Referral
CUST-01507,User1507,user1507@example.com,2024-07-08,North America,Referral
CUST-01508,User1508,user1508@example.com,2025-01-05,North America,Paid Search
CUST-01509,User1509,user1509@example.com,2025-07-31,North America,Paid Search
CUST-01510,User1510,user1510@example.com,2024-12-26,Asia Pacific,Paid Search
CUST-01511,User1511,user1511@example.com,2024-08-20,North America,Paid Search
CUST-01512,User1512,user1512@example.com,2025-01-16,North America,Referral
CUST-01513,User1513,user1513@example.com,2024-12-12,North America,Referral
CUST-01514,User1514,user1514@example.com,2024-04-28,North America,Paid Search
CUST-01515,User1515,user1515@example.com,2024-11-23,North America,Referral
CUST-01516,User1516,user1516@example.com,2025-05-30,North America,Paid Search
CUST-01517,User1517,user1517@example.com,2025-11-15,Latin America,Email Marketing
CUST-01518,User1518,user1518@example.com,2025-03-23,Europe,Organic Search
CUST-01519,User1519,user1519@example.com,2024-05-15,North America,Organic Search
CUST-01520,User1520,user1520@example.com,2025-11-14,Asia Pacific,Social Media
CUST-01521,User1521,user1521@example.com,2024-06-12,Europe,Referral
CUST-01522,User1522,user1522@example.com,2025-07-02,Asia Pacific,Paid Search
CUST-01523,User1523,user1523@example.com,2024-06-11,North America,Paid Search
CUST-01524,User1524,user1524@example.com,2025-08-06,Europe,Organic Search
CUST-01525,User1525,user1525@example.com,2024-08-20,North America,Organic Search
CUST-01526,User1526,user1526@example.com,2025-01-07,North America,Paid Search
CUST-01527,User1527,user1527@example.com,2024-03-01,Europe,Organic Search
CUST-01528,User1528,user1528@example.com,2024-11-20,North America,Paid Search
CUST-01529,User1529,user1529@example.com,2024-03-27,North America,Social Media
CUST-01530,User1530,user1530@example.com,2025-10-02,North America,Organic Search
CUST-01531,User1531,user1531@example.com,2024-09-03,North America,Organic Search
CUST-01532,User1532,user1532@example.com,2025-05-22,North America,Paid Search
CUST-01533,User1533,user1533@example.com,2024-11-07,North America,Organic Search
CUST-01534,User1534,user1534@example.com,2025-02-12,North America,Social Media
CUST-01535,User1535,user1535@example.com,2025-09-20,North America,Paid Search
CUST-01536,User1536,user1536@example.com,2025-06-21,North America,Paid Search
CUST-01537,User1537,user1537@example.com,2025-01-14,Europe,Social Media
CUST-01538,User1538,user1538@example.com,2025-03-07,Europe,Referral
CUST-01539,User1539,user1539@example.com,2025-04-24,North America,Organic Search
CUST-01540,User1540,user1540@example.com,2024-05-02,Latin America,Email Marketing
CUST-01541,User1541,user1541@example.com,2024-06-17,Europe,Paid Search
CUST-01542,User1542,user1542@example.com,2024-06-19,Asia Pacific,Referral
CUST-01543,User1543,user1543@example.com,2025-02-17,Asia Pacific,Email Marketing
CUST-01544,User1544,user1544@example.com,2024-04-04,North America,Paid Search
CUST-01545,User1545,user1545@example.com,2025-04-15,North America,Referral
CUST-01546,User1546,user1546@example.com,2025-08-16,North America,Referral
CUST-01547,User1547,user1547@example.com,2024-11-25,Latin America,Organic Search
CUST-01548,User1548,user1548@example.com,2024-11-23,Asia Pacific,Organic Search
CUST-01549,User1549,user1549@example.com,2025-06-19,Europe,Organic Search
CUST-01550,User1550,user1550@example.com,2024-08-17,North America,Paid Search
CUST-01551,User1551,user1551@example.com,2024-02-14,Asia Pacific,Organic Search
CUST-01552,User1552,user1552@example.com,2024-06-16,Asia Pacific,Email Marketing
CUST-01553,User1553,user1553@example.com,2025-01-04,North America,Email Marketing
CUST-01554,User1554,user1554@example.com,2025-09-12,Europe,Paid Search
CUST-01555,User1555,user1555@example.com,2024-07-24,North America,Organic Search
CUST-01556,User1556,user1556@example.com,2024-05-29,Asia Pacific,Organic Search
CUST-01557,User1557,user1557@example.com,2024-05-25,Europe,Email Marketing
CUST-01558,User1558,user1558@example.com,2025-06-29,North America,Referral
CUST-01559,User1559,user1559@example.com,2024-09-06,North America,Social Media
CUST-01560,User1560,user1560@example.com,2024-08-27,North America,Paid Search
CUST-01561,User1561,user1561@example.com,2024-11-21,North America,Paid Search
CUST-01562,User1562,user1562@example.com,2024-07-18,North America,Social Media
CUST-01563,User1563,user1563@example.com,2025-02-04,North America,Referral
CUST-01564,User1564,user1564@example.com,2024-09-12,North America,Social Media
CUST-01565,User1565,user1565@example.com,2024-07-19,Europe,Referral
CUST-01566,User1566,user1566@example.com,2024-07-16,North America,Paid Search
CUST-01567,User1567,user1567@example.com,2025-08-03,Europe,Paid Search
CUST-01568,User1568,user1568@example.com,2024-03-04,Asia Pacific,Organic Search
CUST-01569,User1569,user1569@example.com,2025-02-12,North America,Paid Search
CUST-01570,User1570,user1570@example.com,2025-01-26,Asia Pacific,Organic Search
CUST-01571,User1571,user1571@example.com,2025-01-25,Europe,Email Marketing
CUST-01572,User1572,user1572@example.com,2024-05-29,North America,Email Marketing
CUST-01573,User1573,user1573@example.com,2024-08-26,Asia Pacific,Social Media
CUST-01574,User1574,user1574@example.com,2024-11-30,Europe,Organic Search
CUST-01575,User1575,user1575@example.com,2024-09-19,North America,Paid Search
CUST-01576,User1576,user1576@example.com,2024-10-02,Latin America,Referral
CUST-01577,User1577,user1577@example.com,2024-10-24,North America,Paid Search
CUST-01578,User1578,user1578@example.com,2025-05-29,North America,Referral
CUST-01579,User1579,user1579@example.com,2024-03-29,Latin America,Organic Search
CUST-01580,User1580,user1580@example.com,2024-03-21,North America,Paid Search
CUST-01581,User1581,user1581@example.com,2025-07-31,Asia Pacific,Social Media
CUST-01582,User1582,user1582@example.com,2024-04-07,North America,Paid Search
CUST-01583,User1583,user1583@example.com,2025-06-04,Europe,Social Media
CUST-01584,User1584,user1584@example.com,2024-06-03,Europe,Paid Search
CUST-01585,User1585,user1585@example.com,2025-02-18,North America,Organic Search
CUST-01586,User1586,user1586@example.com,2024-12-09,Europe,Paid Search
CUST-01587,User1587,user1587@example.com,2024-07-28,Europe,Social Media
CUST-01588,User1588,user1588@example.com,2024-12-25,North America,Referral
CUST-01589,User1589,user1589@example.com,2025-08-09,North America,Social Media
CUST-01590,User1590,user1590@example.com,2025-03-25,North America,Social Media
CUST-01591,User1591,user1591@example.com,2025-05-24,North America,Organic Search
CUST-01592,User1592,user1592@example.com,2025-06-29,North America,Paid Search
CUST-01593,User1593,user1593@example.com,2025-09-24,North America,Organic Search
CUST-01594,User1594,user1594@example.com,2024-11-24,North America,Paid Search
CUST-01595,User1595,user1595@example.com,2024-11-08,Asia Pacific,Social Media
CUST-01596,User1596,user1596@example.com,2024-08-05,Europe,Referral
CUST-01597,User1597,user1597@example.com,2025-07-23,North America,Paid Search
CUST-01598,User1598,user1598@example.com,2024-05-03,Latin America,Social Media
CUST-01599,User1599,user1599@example.com,2025-08-12,North America,Organic Search
CUST-01600,User1600,user1600@example.com,2025-05-04,Asia Pacific,Paid Search
CUST-01601,User1601,user1601@example.com,2024-12-01,North America,Paid Search
CUST-01602,User1602,user1602@example.com,2025-09-06,Latin America,Social Media
CUST-01603,User1603,user1603@example.com,2025-01-26,Latin America,Paid Search
CUST-01604,User1604,user1604@example.com,2025-02-01,Europe,Paid Search
CUST-01605,User1605,user1605@example.com,2024-08-25,Europe,Paid Search
CUST-01606,User1606,user1606@example.com,2024-08-08,Europe,Email Marketing
CUST-01607,User1607,user1607@example.com,2024-08-27,Europe,Referral
CUST-01608,User1608,user1608@example.com,2024-02-14,North America,Referral
CUST-01609,User1609,user1609@example.com,2025-07-21,North America,Organic Search
CUST-01610,User1610,user1610@example.com,2024-11-05,Asia Pacific,Organic Search
CUST-01611,User1611,user1611@example.com,2025-02-21,North America,Paid Search
CUST-01612,User1612,user1612@example.com,2025-01-09,Asia Pacific,Social Media
CUST-01613,User1613,user1613@example.com,2024-06-03,Europe,Organic Search
CUST-01614,User1614,user1614@example.com,2024-03-29,Latin America,Paid Search
CUST-01615,User1615,user1615@example.com,2024-09-29,North America,Social Media
CUST-01616,User1616,user1616@example.com,2024-02-22,North America,Paid Search
CUST-01617,User1617,user1617@example.com,2024-08-03,North America,Paid Search
CUST-01618,User1618,user1618@example.com,2024-04-10,North America,Organic Search
CUST-01619,User1619,user1619@example.com,2024-05-28,Europe,Email Marketing
CUST-01620,User1620,user1620@example.com,2024-08-01,Europe,Organic Search
CUST-01621,User1621,user1621@example.com,2025-05-05,North America,Paid Search
CUST-01622,User1622,user1622@example.com,2024-11-22,Asia Pacific,Referral
CUST-01623,User1623,user1623@example.com,2024-05-02,North America,Organic Search
CUST-01624,User1624,user1624@example.com,2025-05-09,North America,Paid Search
CUST-01625,User1625,user1625@example.com,2025-06-04,Europe,Paid Search
CUST-01626,User1626,user1626@example.com,2024-02-21,North America,Paid Search
CUST-01627,User1627,user1627@example.com,2024-06-28,North America,Organic Search
CUST-01628,User1628,user1628@example.com,2025-05-28,North America,Paid Search
CUST-01629,User1629,user1629@example.com,2025-05-03,North America,Paid Search
CUST-01630,User1630,user1630@example.com,2024-11-27,North America,Referral
CUST-01631,User1631,user1631@example.com,2025-05-14,Latin America,Organic Search
CUST-01632,User1632,user1632@example.com,2024-02-11,North America,Paid Search
CUST-01633,User1633,user1633@example.com,2024-10-19,North America,Paid Search
CUST-01634,User1634,user1634@example.com,2025-01-04,North America,Organic Search
CUST-01635,User1635,user1635@example.com,2024-11-01,Europe,Social Media
CUST-01636,User1636,user1636@example.com,2024-04-30,Europe,Organic Search
CUST-01637,User1637,user1637@example.com,2025-01-31,North America,Social Media
CUST-01638,User1638,user1638@example.com,2025-07-18,Europe,Paid Search
CUST-01639,User1639,user1639@example.com,2024-10-17,North America,Paid Search
CUST-01640,User1640,user1640@example.com,2024-07-06,Europe,Referral
CUST-01641,User1641,user1641@example.com,2024-09-09,Europe,Referral
CUST-01642,User1642,user1642@example.com,2025-03-04,Europe,Organic Search
CUST-01643,User1643,user1643@example.com,2024-02-02,North America,Referral
CUST-01644,User1644,user1644@example.com,2025-02-12,North America,Paid Search
CUST-01645,User1645,user1645@example.com,2025-02-27,North America,Paid Search
CUST-01646,User1646,user1646@example.com,2024-12-16,North America,Paid Search
CUST-01647,User1647,user1647@example.com,2024-08-16,North America,Paid Search
CUST-01648,User1648,user1648@example.com,2024-04-05,North America,Social Media
CUST-01649,User1649,user1649@example.com,2025-08-20,Europe,Email Marketing
CUST-01650,User1650,user1650@example.com,2024-11-04,North America,Social Media
CUST-01651,User1651,user1651@example.com,2024-03-09,Europe,Social Media
CUST-01652,User1652,user1652@example.com,2025-01-02,North America,Paid Search
CUST-01653,User1653,user1653@example.com,2025-03-08,North America,Social Media
CUST-01654,User1654,user1654@example.com,2024-05-22,North America,Organic Search
CUST-01655,User1655,user1655@example.com,2025-01-01,Europe,Social Media
CUST-01656,User1656,user1656@example.com,2024-03-30,Asia Pacific,Email Marketing
CUST-01657,User1657,user1657@example.com,2025-02-07,North America,Referral
CUST-01658,User1658,user1658@example.com,2025-07-03,North America,Social Media
CUST-01659,User1659,user1659@example.com,2024-05-15,Europe,Paid Search
CUST-01660,User1660,user1660@example.com,2025-01-30,Asia Pacific,Social Media
CUST-01661,User1661,user1661@example.com,2024-07-28,North America,Organic Search
CUST-01662,User1662,user1662@example.com,2024-03-03,Europe,Organic Search
CUST-01663,User1663,user1663@example.com,2025-02-06,North America,Organic Search
CUST-01664,User1664,user1664@example.com,2024-06-11,Asia Pacific,Paid Search
CUST-01665,User1665,user1665@example.com,2025-08-01,Asia Pacific,Organic Search
CUST-01666,User1666,user1666@example.com,2024-12-29,North America,Organic Search
CUST-01667,User1667,user1667@example.com,2024-05-03,Europe,Social Media
CUST-01668,User1668,user1668@example.com,2024-11-23,North America,Email Marketing
CUST-01669,User1669,user1669@example.com,2024-06-19,Latin America,Organic Search
CUST-01670,User1670,user1670@example.com,2024-06-02,Europe,Paid Search
CUST-01671,User1671,user1671@example.com,2024-05-26,Europe,Paid Search
CUST-01672,User1672,user1672@example.com,2024-10-03,Asia Pacific,Email Marketing
CUST-01673,User1673,user1673@example.com,2024-04-14,Europe,Email Marketing
CUST-01674,User1674,user1674@example.com,2024-07-07,North America,Organic Search
CUST-01675,User1675,user1675@example.com,2025-01-08,North America,Referral
CUST-01676,User1676,user1676@example.com,2024-05-01,Latin America,Referral
CUST-01677,User1677,user1677@example.com,2024-02-27,Europe,Organic Search
CUST-01678,User1678,user1678@example.com,2024-08-25,North America,Email Marketing
CUST-01679,User1679,user1679@example.com,2025-12-10,North America,Social Media
CUST-01680,User1680,user1680@example.com,2024-12-24,Latin America,Organic Search
CUST-01681,User1681,user1681@example.com,2024-06-26,Asia Pacific,Organic Search
CUST-01682,User1682,user1682@example.com,2024-08-06,Europe,Organic Search
CUST-01683,User1683,user1683@example.com,2024-09-26,Asia Pacific,Referral
CUST-01684,User1684,user1684@example.com,2024-07-01,Asia Pacific,Social Media
CUST-01685,User1685,user1685@example.com,2024-11-08,Latin America,Email Marketing
CUST-01686,User1686,user1686@example.com,2024-06-21,North America,Organic Search
CUST-01687,User1687,user1687@example.com,2025-05-14,North America,Organic Search
CUST-01688,User1688,user1688@example.com,2025-02-14,Europe,Organic Search
CUST-01689,User1689,user1689@example.com,2024-07-05,North America,Paid Search
CUST-01690,User1690,user1690@example.com,2024-11-15,Asia Pacific,Paid Search
CUST-01691,User1691,user1691@example.com,2024-08-20,Europe,Email Marketing
CUST-01692,User1692,user1692@example.com,2024-06-15,North America,Social Media
CUST-01693,User1693,user1693@example.com,2025-08-14,North America,Email Marketing
CUST-01694,User1694,user1694@example.com,2025-05-28,North America,Email Marketing
CUST-01695,User1695,user1695@example.com,2024-11-30,Europe,Paid Search
CUST-01696,User1696,user1696@example.com,2025-03-01,North America,Paid Search
CUST-01697,User1697,user1697@example.com,2025-07-19,North America,Email Marketing
CUST-01698,User1698,user1698@example.com,2024-07-09,Europe,Referral
CUST-01699,User1699,user1699@example.com,2024-06-28,North America,Paid Search
CUST-01700,User1700,user1700@example.com,2024-12-24,North America,Social Media
CUST-01701,User1701,user1701@example.com,2025-10-05,Europe,Email Marketing
CUST-01702,User1702,user1702@example.com,2025-10-07,Latin America,Organic Search
CUST-01703,User1703,user1703@example.com,2024-07-20,North America,Referral
CUST-01704,User1704,user1704@example.com,2024-04-22,North America,Social Media
CUST-01705,User1705,user1705@example.com,2025-02-22,Asia Pacific,Paid Search
CUST-01706,User1706,user1706@example.com,2024-09-20,Asia Pacific,Email Marketing
CUST-01707,User1707,user1707@example.com,2025-06-07,North America,Organic Search
CUST-01708,User1708,user1708@example.com,2024-03-04,North America,Paid Search
CUST-01709,User1709,user1709@example.com,2024-12-09,North America,Paid Search
CUST-01710,User1710,user1710@example.com,2024-09-25,Latin America,Paid Search
CUST-01711,User1711,user1711@example.com,2024-05-26,Europe,Organic Search
CUST-01712,User1712,user1712@example.com,2024-08-15,North America,Paid Search
CUST-01713,User1713,user1713@example.com,2025-04-16,North America,Social Media
CUST-01714,User1714,user1714@example.com,2024-07-16,Latin America,Social Media
CUST-01715,User1715,user1715@example.com,2024-04-09,North America,Paid Search
CUST-01716,User1716,user1716@example.com,2024-10-25,Europe,Social Media
CUST-01717,User1717,user1717@example.com,2024-12-26,North America,Social Media
CUST-01718,User1718,user1718@example.com,2025-01-24,North America,Paid Search
CUST-01719,User1719,user1719@example.com,2024-06-04,North America,Email Marketing
CUST-01720,User1720,user1720@example.com,2024-05-11,Europe,Referral
CUST-01721,User1721,user1721@example.com,2024-01-14,Europe,Organic Search
CUST-01722,User1722,user1722@example.com,2025-03-13,North America,Referral
CUST-01723,User1723,user1723@example.com,2024-10-26,North America,Paid Search
CUST-01724,User1724,user1724@example.com,2024-05-12,Asia Pacific,Referral
CUST-01725,User1725,user1725@example.com,2025-05-02,North America,Paid Search
CUST-01726,User1726,user1726@example.com,2024-12-23,Latin America,Email Marketing
CUST-01727,User1727,user1727@example.com,2024-12-06,North America,Social Media
CUST-01728,User1728,user1728@example.com,2024-04-04,North America,Paid Search
CUST-01729,User1729,user1729@example.com,2024-09-26,North America,Social Media
CUST-01730,User1730,user1730@example.com,2025-01-13,Latin America,Referral
CUST-01731,User1731,user1731@example.com,2024-07-17,North America,Organic Search
CUST-01732,User1732,user1732@example.com,2025-05-19,Europe,Paid Search
CUST-01733,User1733,user1733@example.com,2024-04-10,North America,Organic Search
CUST-01734,User1734,user1734@example.com,2024-07-16,North America,Paid Search
CUST-01735,User1735,user1735@example.com,2025-08-10,Europe,Organic Search
CUST-01736,User1736,user1736@example.com,2024-08-03,North America,Social Media
CUST-01737,User1737,user1737@example.com,2024-11-04,Europe,Social Media
CUST-01738,User1738,user1738@example.com,2024-01-17,Europe,Paid Search
CUST-01739,User1739,user1739@example.com,2025-10-14,Europe,Referral
CUST-01740,User1740,user1740@example.com,2024-06-02,North America,Social Media
CUST-01741,User1741,user1741@example.com,2025-12-16,Europe,Email Marketing
CUST-01742,User1742,user1742@example.com,2024-09-05,North America,Email Marketing
CUST-01743,User1743,user1743@example.com,2024-08-26,North America,Paid Search
CUST-01744,User1744,user1744@example.com,2025-01-29,Asia Pacific,Paid Search
CUST-01745,User1745,user1745@example.com,2024-02-19,Latin America,Social Media
CUST-01746,User1746,user1746@example.com,2024-04-02,Europe,Paid Search
CUST-01747,User1747,user1747@example.com,2024-07-10,North America,Organic Search
CUST-01748,User1748,user1748@example.com,2025-10-04,Europe,Referral
CUST-01749,User1749,user1749@example.com,2024-06-23,Europe,Email Marketing
CUST-01750,User1750,user1750@example.com,2024-09-28,North America,Social Media
CUST-01751,User1751,user1751@example.com,2024-08-07,Europe,Organic Search
CUST-01752,User1752,user1752@example.com,2025-07-19,North America,Social Media
CUST-01753,User1753,user1753@example.com,2024-04-17,Europe,Referral
CUST-01754,User1754,user1754@example.com,2024-08-05,North America,Referral
CUST-01755,User1755,user1755@example.com,2025-02-16,Europe,Organic Search
CUST-01756,User1756,user1756@example.com,2025-06-14,North America,Organic Search
CUST-01757,User1757,user1757@example.com,2024-03-09,North America,Social Media
CUST-01758,User1758,user1758@example.com,2025-06-01,Asia Pacific,Paid Search
CUST-01759,User1759,user1759@example.com,2025-08-11,North America,Organic Search
CUST-01760,User1760,user1760@example.com,2025-08-14,North America,Email Marketing
CUST-01761,User1761,user1761@example.com,2024-04-17,Latin America,Social Media
CUST-01762,User1762,user1762@example.com,2025-02-21,North America,Paid Search
CUST-01763,User1763,user1763@example.com,2024-09-22,Asia Pacific,Referral
CUST-01764,User1764,user1764@example.com,2024-06-01,North America,Paid Search
CUST-01765,User1765,user1765@example.com,2025-03-03,North America,Organic Search
CUST-01766,User1766,user1766@example.com,2025-07-31,Asia Pacific,Paid Search
CUST-01767,User1767,user1767@example.com,2025-04-22,North America,Paid Search
CUST-01768,User1768,user1768@example.com,2025-04-09,Europe,Organic Search
CUST-01769,User1769,user1769@example.com,2024-04-04,Asia Pacific,Paid Search
CUST-01770,User1770,user1770@example.com,2024-08-08,North America,Organic Search
CUST-01771,User1771,user1771@example.com,2024-04-21,Asia Pacific,Paid Search
CUST-01772,User1772,user1772@example.com,2025-05-17,North America,Organic Search
CUST-01773,User1773,user1773@example.com,2025-06-21,North America,Organic Search
CUST-01774,User1774,user1774@example.com,2025-05-16,North America,Paid Search
CUST-01775,User1775,user1775@example.com,2024-07-06,North America,Organic Search
CUST-01776,User1776,user1776@example.com,2024-08-12,Europe,Paid Search
CUST-01777,User1777,user1777@example.com,2024-11-27,North America,Social Media
CUST-01778,User1778,user1778@example.com,2025-01-06,Europe,Organic Search
CUST-01779,User1779,user1779@example.com,2024-12-23,North America,Paid Search
CUST-01780,User1780,user1780@example.com,2024-04-18,North America,Referral
CUST-01781,User1781,user1781@example.com,2025-03-21,North America,Paid Search
CUST-01782,User1782,user1782@example.com,2024-09-14,North America,Paid Search
CUST-01783,User1783,user1783@example.com,2024-11-07,North America,Social Media
CUST-01784,User1784,user1784@example.com,2025-06-27,Asia Pacific,Paid Search
CUST-01785,User1785,user1785@example.com,2024-08-19,Europe,Social Media
CUST-01786,User1786,user1786@example.com,2024-05-22,Latin America,Referral
CUST-01787,User1787,user1787@example.com,2025-03-29,North America,Organic Search
CUST-01788,User1788,user1788@example.com,2024-08-29,North America,Paid Search
CUST-01789,User1789,user1789@example.com,2024-06-10,North America,Email Marketing
CUST-01790,User1790,user1790@example.com,2024-04-22,North America,Referral
CUST-01791,User1791,user1791@example.com,2025-03-24,North America,Email Marketing
CUST-01792,User1792,user1792@example.com,2024-04-11,North America,Paid Search
CUST-01793,User1793,user1793@example.com,2024-01-21,North America,Paid Search
CUST-01794,User1794,user1794@example.com,2024-05-25,Europe,Paid Search
CUST-01795,User1795,user1795@example.com,2024-11-03,Latin America,Organic Search
CUST-01796,User1796,user1796@example.com,2024-10-10,North America,Paid Search
CUST-01797,User1797,user1797@example.com,2025-07-19,Europe,Paid Search
CUST-01798,User1798,user1798@example.com,2025-02-14,Latin America,Social Media
CUST-01799,User1799,user1799@example.com,2025-06-06,North America,Paid Search
CUST-01800,User1800,user1800@example.com,2024-07-28,North America,Organic Search
CUST-01801,User1801,user1801@example.com,2024-11-03,North America,Social Media
CUST-01802,User1802,user1802@example.com,2024-06-17,North America,Paid Search
CUST-01803,User1803,user1803@example.com,2024-12-22,Europe,Paid Search
CUST-01804,User1804,user1804@example.com,2024-08-25,Europe,Organic Search
CUST-01805,User1805,user1805@example.com,2024-12-08,Asia Pacific,Paid Search
CUST-01806,User1806,user1806@example.com,2024-01-03,North America,Referral
CUST-01807,User1807,user1807@example.com,2025-01-19,North America,Referral
CUST-01808,User1808,user1808@example.com,2025-01-28,Europe,Organic Search
CUST-01809,User1809,user1809@example.com,2024-08-10,North America,Paid Search
CUST-01810,User1810,user1810@example.com,2025-07-19,North America,Email Marketing
CUST-01811,User1811,user1811@example.com,2024-08-23,North America,Paid Search
CUST-01812,User1812,user1812@example.com,2025-02-20,Latin America,Paid Search
CUST-01813,User1813,user1813@example.com,2025-04-10,Asia Pacific,Organic Search
CUST-01814,User1814,user1814@example.com,2024-10-25,North America,Paid Search
CUST-01815,User1815,user1815@example.com,2025-06-12,North America,Referral
CUST-01816,User1816,user1816@example.com,2025-04-17,Europe,Paid Search
CUST-01817,User1817,user1817@example.com,2024-04-15,North America,Paid Search
CUST-01818,User1818,user1818@example.com,2024-12-28,Europe,Referral
CUST-01819,User1819,user1819@example.com,2024-07-18,North America,Paid Search
CUST-01820,User1820,user1820@example.com,2024-10-31,Asia Pacific,Organic Search
CUST-01821,User1821,user1821@example.com,2025-04-30,North America,Social Media
CUST-01822,User1822,user1822@example.com,2024-10-25,North America,Paid Search
CUST-01823,User1823,user1823@example.com,2024-03-15,North America,Email Marketing
CUST-01824,User1824,user1824@example.com,2025-08-04,Europe,Organic Search
CUST-01825,User1825,user1825@example.com,2024-07-04,Latin America,Referral
CUST-01826,User1826,user1826@example.com,2025-06-28,Latin America,Paid Search
CUST-01827,User1827,user1827@example.com,2025-02-16,North America,Social Media
CUST-01828,User1828,user1828@example.com,2025-06-17,Europe,Social Media
CUST-01829,User1829,user1829@example.com,2025-12-14,North America,Social Media
CUST-01830,User1830,user1830@example.com,2025-01-22,Asia Pacific,Paid Search
CUST-01831,User1831,user1831@example.com,2025-09-28,Asia Pacific,Organic Search
CUST-01832,User1832,user1832@example.com,2024-12-17,Europe,Organic Search
CUST-01833,User1833,user1833@example.com,2025-07-02,North America,Organic Search
CUST-01834,User1834,user1834@example.com,2025-06-14,North America,Social Media
CUST-01835,User1835,user1835@example.com,2024-10-06,North America,Paid Search
CUST-01836,User1836,user1836@example.com,2024-08-12,Europe,Social Media
CUST-01837,User1837,user1837@example.com,2024-10-01,North America,Referral
CUST-01838,User1838,user1838@example.com,2024-02-13,Asia Pacific,Social Media
CUST-01839,User1839,user1839@example.com,2024-01-31,North America,Email Marketing
CUST-01840,User1840,user1840@example.com,2024-02-13,Europe,Social Media
CUST-01841,User1841,user1841@example.com,2025-05-05,North America,Organic Search
CUST-01842,User1842,user1842@example.com,2024-03-04,Europe,Social Media
CUST-01843,User1843,user1843@example.com,2024-06-12,Europe,Social Media
CUST-01844,User1844,user1844@example.com,2024-11-01,North America,Paid Search
CUST-01845,User1845,user1845@example.com,2025-02-22,North America,Social Media
CUST-01846,User1846,user1846@example.com,2024-09-01,Asia Pacific,Paid Search
CUST-01847,User1847,user1847@example.com,2024-08-13,North America,Paid Search
CUST-01848,User1848,user1848@example.com,2025-11-13,Latin America,Paid Search
CUST-01849,User1849,user1849@example.com,2024-07-23,North America,Paid Search
CUST-01850,User1850,user1850@example.com,2024-11-02,Asia Pacific,Social Media
CUST-01851,User1851,user1851@example.com,2024-09-04,Latin America,Paid Search
CUST-01852,User1852,user1852@example.com,2024-06-04,North America,Paid Search
CUST-01853,User1853,user1853@example.com,2025-04-23,North America,Paid Search
CUST-01854,User1854,user1854@example.com,2024-10-25,Asia Pacific,Referral
CUST-01855,User1855,user1855@example.com,2024-02-22,Europe,Organic Search
CUST-01856,User1856,user1856@example.com,2024-12-21,Asia Pacific,Email Marketing
CUST-01857,User1857,user1857@example.com,2024-11-17,Asia Pacific,Social Media
CUST-01858,User1858,user1858@example.com,2024-09-18,North America,Organic Search
CUST-01859,User1859,user1859@example.com,2024-01-28,Europe,Referral
CUST-01860,User1860,user1860@example.com,2024-05-09,North America,Referral
CUST-01861,User1861,user1861@example.com,2025-04-19,North America,Organic Search
CUST-01862,User1862,user1862@example.com,2025-06-10,North America,Social Media
CUST-01863,User1863,user1863@example.com,2025-03-28,North America,Social Media
CUST-01864,User1864,user1864@example.com,2024-09-27,Asia Pacific,Paid Search
CUST-01865,User1865,user1865@example.com,2024-08-12,Asia Pacific,Organic Search
CUST-01866,User1866,user1866@example.com,2025-09-19,Europe,Email Marketing
CUST-01867,User1867,user1867@example.com,2024-09-13,Latin America,Email Marketing
CUST-01868,User1868,user1868@example.com,2025-03-14,North America,Organic Search
CUST-01869,User1869,user1869@example.com,2024-10-01,North America,Referral
CUST-01870,User1870,user1870@example.com,2024-04-15,North America,Organic Search
CUST-01871,User1871,user1871@example.com,2025-02-25,Europe,Email Marketing
CUST-01872,User1872,user1872@example.com,2025-08-19,Latin America,Social Media
CUST-01873,User1873,user1873@example.com,2025-02-22,Europe,Organic Search
CUST-01874,User1874,user1874@example.com,2024-12-19,Latin America,Paid Search
CUST-01875,User1875,user1875@example.com,2025-08-10,Asia Pacific,Organic Search
CUST-01876,User1876,user1876@example.com,2024-04-19,Europe,Referral
CUST-01877,User1877,user1877@example.com,2024-07-18,Europe,Email Marketing
CUST-01878,User1878,user1878@example.com,2024-09-27,North America,Social Media
CUST-01879,User1879,user1879@example.com,2024-12-31,North America,Referral
CUST-01880,User1880,user1880@example.com,2025-08-29,North America,Organic Search
CUST-01881,User1881,user1881@example.com,2025-01-22,Asia Pacific,Organic Search
CUST-01882,User1882,user1882@example.com,2025-05-30,North America,Paid Search
CUST-01883,User1883,user1883@example.com,2024-12-02,North America,Paid Search
CUST-01884,User1884,user1884@example.com,2024-08-06,North America,Referral
CUST-01885,User1885,user1885@example.com,2025-06-08,Europe,Paid Search
CUST-01886,User1886,user1886@example.com,2024-09-08,North America,Organic Search
CUST-01887,User1887,user1887@example.com,2025-02-22,North America,Organic Search
CUST-01888,User1888,user1888@example.com,2025-08-01,Asia Pacific,Organic Search
CUST-01889,User1889,user1889@example.com,2024-12-13,North America,Organic Search
CUST-01890,User1890,user1890@example.com,2024-04-26,Asia Pacific,Paid Search
CUST-01891,User1891,user1891@example.com,2025-07-15,North America,Organic Search
CUST-01892,User1892,user1892@example.com,2024-02-09,Europe,Paid Search
CUST-01893,User1893,user1893@example.com,2024-07-02,North America,Organic Search
CUST-01894,User1894,user1894@example.com,2024-01-20,North America,Paid Search
CUST-01895,User1895,user1895@example.com,2025-09-07,Europe,Social Media
CUST-01896,User1896,user1896@example.com,2024-03-08,North America,Paid Search
CUST-01897,User1897,user1897@example.com,2024-08-30,Latin America,Organic Search
CUST-01898,User1898,user1898@example.com,2025-10-01,Europe,Paid Search
CUST-01899,User1899,user1899@example.com,2025-02-26,North America,Social Media
CUST-01900,User1900,user1900@example.com,2025-08-07,Latin America,Email Marketing
CUST-01901,User1901,user1901@example.com,2024-11-22,Asia Pacific,Referral
CUST-01902,User1902,user1902@example.com,2024-05-06,Asia Pacific,Social Media
CUST-01903,User1903,user1903@example.com,2025-03-21,Asia Pacific,Organic Search
CUST-01904,User1904,user1904@example.com,2024-11-04,Europe,Organic Search
CUST-01905,User1905,user1905@example.com,2024-05-12,North America,Social Media
CUST-01906,User1906,user1906@example.com,2024-11-27,Europe,Organic Search
CUST-01907,User1907,user1907@example.com,2024-08-25,Asia Pacific,Social Media
CUST-01908,User1908,user1908@example.com,2024-02-27,Europe,Organic Search
CUST-01909,User1909,user1909@example.com,2024-11-30,Asia Pacific,Referral
CUST-01910,User1910,user1910@example.com,2024-04-17,Europe,Social Media
CUST-01911,User1911,user1911@example.com,2025-04-12,North America,Paid Search
CUST-01912,User1912,user1912@example.com,2024-04-08,North America,Social Media
CUST-01913,User1913,user1913@example.com,2024-06-11,Latin America,Organic Search
CUST-01914,User1914,user1914@example.com,2025-04-19,North America,Paid Search
CUST-01915,User1915,user1915@example.com,2025-08-01,Europe,Social Media
CUST-01916,User1916,user1916@example.com,2025-08-11,North America,Organic Search
CUST-01917,User1917,user1917@example.com,2024-01-23,Latin America,Referral
CUST-01918,User1918,user1918@example.com,2025-10-27,North America,Email Marketing
CUST-01919,User1919,user1919@example.com,2024-12-11,North America,Paid Search
CUST-01920,User1920,user1920@example.com,2024-03-30,Asia Pacific,Organic Search
CUST-01921,User1921,user1921@example.com,2024-03-26,Latin America,Paid Search
CUST-01922,User1922,user1922@example.com,2024-01-14,Europe,Social Media
CUST-01923,User1923,user1923@example.com,2025-03-05,Latin America,Organic Search
CUST-01924,User1924,user1924@example.com,2024-06-19,Europe,Paid Search
CUST-01925,User1925,user1925@example.com,2025-04-29,Asia Pacific,Social Media
CUST-01926,User1926,user1926@example.com,2024-11-05,Latin America,Organic Search
CUST-01927,User1927,user1927@example.com,2025-01-10,North America,Paid Search
CUST-01928,User1928,user1928@example.com,2024-01-29,Latin America,Paid Search
CUST-01929,User1929,user1929@example.com,2024-02-23,North America,Organic Search
CUST-01930,User1930,user1930@example.com,2024-01-15,North America,Organic Search
CUST-01931,User1931,user1931@example.com,2025-06-29,North America,Organic Search
CUST-01932,User1932,user1932@example.com,2025-08-28,Asia Pacific,Paid Search
CUST-01933,User1933,user1933@example.com,2025-02-13,Asia Pacific,Referral
CUST-01934,User1934,user1934@example.com,2024-10-19,Europe,Social Media
CUST-01935,User1935,user1935@example.com,2025-05-01,Europe,Referral
CUST-01936,User1936,user1936@example.com,2024-04-26,North America,Social Media
CUST-01937,User1937,user1937@example.com,2025-03-19,North America,Social Media
CUST-01938,User1938,user1938@example.com,2024-09-04,North America,Referral
CUST-01939,User1939,user1939@example.com,2024-08-12,Latin America,Social Media
CUST-01940,User1940,user1940@example.com,2024-10-05,North America,Organic Search
CUST-01941,User1941,user1941@example.com,2024-04-13,Europe,Paid Search
CUST-01942,User1942,user1942@example.com,2024-07-27,North America,Paid Search
CUST-01943,User1943,user1943@example.com,2024-12-10,Asia Pacific,Email Marketing
CUST-01944,User1944,user1944@example.com,2025-05-28,North America,Organic Search
CUST-01945,User1945,user1945@example.com,2025-09-22,Latin America,Social Media
CUST-01946,User1946,user1946@example.com,2025-03-11,North America,Organic Search
CUST-01947,User1947,user1947@example.com,2025-01-28,Europe,Paid Search
CUST-01948,User1948,user1948@example.com,2025-10-31,Asia Pacific,Social Media
CUST-01949,User1949,user1949@example.com,2025-06-02,North America,Social Media
CUST-01950,User1950,user1950@example.com,2025-02-01,North America,Organic Search
CUST-01951,User1951,user1951@example.com,2024-06-27,North America,Email Marketing
CUST-01952,User1952,user1952@example.com,2024-09-20,Europe,Referral
CUST-01953,User1953,user1953@example.com,2024-12-19,Europe,Paid Search
CUST-01954,User1954,user1954@example.com,2024-03-17,Europe,Paid Search
CUST-01955,User1955,user1955@example.com,2024-02-05,North America,Paid Search
CUST-01956,User1956,user1956@example.com,2025-04-28,Europe,Paid Search
CUST-01957,User1957,user1957@example.com,2025-05-21,North America,Referral
CUST-01958,User1958,user1958@example.com,2024-04-05,Latin America,Paid Search
CUST-01959,User1959,user1959@example.com,2025-03-03,Asia Pacific,Organic Search
CUST-01960,User1960,user1960@example.com,2025-01-21,North America,Organic Search
CUST-01961,User1961,user1961@example.com,2024-10-26,North America,Social Media
CUST-01962,User1962,user1962@example.com,2024-03-10,North America,Paid Search
CUST-01963,User1963,user1963@example.com,2025-04-03,North America,Email Marketing
CUST-01964,User1964,user1964@example.com,2025-08-24,Europe,Paid Search
CUST-01965,User1965,user1965@example.com,2025-01-28,North America,Paid Search
CUST-01966,User1966,user1966@example.com,2025-06-07,Europe,Organic Search
CUST-01967,User1967,user1967@example.com,2024-03-15,Europe,Paid Search
CUST-01968,User1968,user1968@example.com,2025-03-18,North America,Social Media
CUST-01969,User1969,user1969@example.com,2024-11-11,North America,Referral
CUST-01970,User1970,user1970@example.com,2024-10-03,Europe,Paid Search
CUST-01971,User1971,user1971@example.com,2024-03-10,North America,Email Marketing
CUST-01972,User1972,user1972@example.com,2024-09-28,Latin America,Social Media
CUST-01973,User1973,user1973@example.com,2024-12-16,Europe,Referral
CUST-01974,User1974,user1974@example.com,2025-07-24,Europe,Paid Search
CUST-01975,User1975,user1975@example.com,2025-12-21,North America,Paid Search
CUST-01976,User1976,user1976@example.com,2025-08-02,North America,Social Media
CUST-01977,User1977,user1977@example.com,2024-10-31,Europe,Paid Search
CUST-01978,User1978,user1978@example.com,2025-05-03,Europe,Organic Search
CUST-01979,User1979,user1979@example.com,2025-08-14,North America,Paid Search
CUST-01980,User1980,user1980@example.com,2025-06-21,Europe,Social Media
CUST-01981,User1981,user1981@example.com,2024-04-17,Asia Pacific,Social Media
CUST-01982,User1982,user1982@example.com,2025-04-04,Europe,Referral
CUST-01983,User1983,user1983@example.com,2025-04-25,Latin America,Email Marketing
CUST-01984,User1984,user1984@example.com,2025-06-11,Europe,Email Marketing
CUST-01985,User1985,user1985@example.com,2025-03-28,North America,Paid Search
CUST-01986,User1986,user1986@example.com,2025-07-02,Asia Pacific,Paid Search
CUST-01987,User1987,user1987@example.com,2024-05-31,Latin America,Referral
CUST-01988,User1988,user1988@example.com,2024-03-21,Europe,Organic Search
CUST-01989,User1989,user1989@example.com,2025-02-23,North America,Paid Search
CUST-01990,User1990,user1990@example.com,2024-06-26,North America,Social Media
CUST-01991,User1991,user1991@example.com,2025-05-27,Europe,Social Media
CUST-01992,User1992,user1992@example.com,2024-12-27,North America,Referral
CUST-01993,User1993,user1993@example.com,2024-09-04,North America,Organic Search
CUST-01994,User1994,user1994@example.com,2025-03-31,North America,Email Marketing
CUST-01995,User1995,user1995@example.com,2025-02-21,Europe,Social Media
CUST-01996,User1996,user1996@example.com,2024-08-08,North America,Email Marketing
CUST-01997,User1997,user1997@example.com,2025-03-18,North America,Paid Search
CUST-01998,User1998,user1998@example.com,2025-02-18,North America,Social Media
CUST-01999,User1999,user1999@example.com,2025-11-30,North America,Organic Search
CUST-02000,User2000,user2000@example.com,2024-07-06,Latin America,Organic Search
CUST-02001,User2001,user2001@example.com,2024-06-09,North America,Social Media
CUST-02002,User2002,user2002@example.com,2024-07-25,Europe,Referral
CUST-02003,User2003,user2003@example.com,2024-06-18,Latin America,Social Media
CUST-02004,User2004,user2004@example.com,2025-07-24,Asia Pacific,Paid Search
CUST-02005,User2005,user2005@example.com,2024-07-09,Europe,Social Media
CUST-02006,User2006,user2006@example.com,2025-01-09,North America,Social Media
CUST-02007,User2007,user2007@example.com,2024-09-11,Asia Pacific,Paid Search
CUST-02008,User2008,user2008@example.com,2024-05-30,North America,Organic Search
CUST-02009,User2009,user2009@example.com,2025-07-15,Europe,Paid Search
CUST-02010,User2010,user2010@example.com,2025-10-02,Europe,Organic Search
CUST-02011,User2011,user2011@example.com,2024-10-09,North America,Organic Search
CUST-02012,User2012,user2012@example.com,2025-07-06,North America,Email Marketing
CUST-02013,User2013,user2013@example.com,2025-06-22,Europe,Organic Search
CUST-02014,User2014,user2014@example.com,2024-04-30,Europe,Referral
CUST-02015,User2015,user2015@example.com,2024-12-14,Europe,Paid Search
CUST-02016,User2016,user2016@example.com,2025-02-01,North America,Social Media
CUST-02017,User2017,user2017@example.com,2025-02-20,Asia Pacific,Paid Search
CUST-02018,User2018,user2018@example.com,2024-04-28,North America,Organic Search
CUST-02019,User2019,user2019@example.com,2024-09-08,Latin America,Social Media
CUST-02020,User2020,user2020@example.com,2024-09-28,North America,Organic Search
CUST-02021,User2021,user2021@example.com,2025-07-10,North America,Paid Search
CUST-02022,User2022,user2022@example.com,2025-09-21,Latin America,Organic Search
CUST-02023,User2023,user2023@example.com,2024-04-22,Europe,Organic Search
CUST-02024,User2024,user2024@example.com,2025-01-12,Asia Pacific,Paid Search
CUST-02025,User2025,user2025@example.com,2025-05-10,North America,Social Media
CUST-02026,User2026,user2026@example.com,2024-11-01,Asia Pacific,Organic Search
CUST-02027,User2027,user2027@example.com,2025-07-01,Latin America,Email Marketing
CUST-02028,User2028,user2028@example.com,2025-05-20,North America,Organic Search
CUST-02029,User2029,user2029@example.com,2025-05-04,Asia Pacific,Paid Search
CUST-02030,User2030,user2030@example.com,2024-01-28,Europe,Email Marketing
CUST-02031,User2031,user2031@example.com,2025-08-07,North America,Organic Search
CUST-02032,User2032,user2032@example.com,2024-12-18,Europe,Paid Search
CUST-02033,User2033,user2033@example.com,2024-04-25,Europe,Referral
CUST-02034,User2034,user2034@example.com,2025-05-24,Europe,Social Media
CUST-02035,User2035,user2035@example.com,2025-01-13,Europe,Social Media
CUST-02036,User2036,user2036@example.com,2024-02-25,Europe,Referral
CUST-02037,User2037,user2037@example.com,2025-10-19,Europe,Organic Search
CUST-02038,User2038,user2038@example.com,2024-04-24,North America,Paid Search
CUST-02039,User2039,user2039@example.com,2024-11-16,North America,Paid Search
CUST-02040,User2040,user2040@example.com,2025-07-19,Latin America,Paid Search
CUST-02041,User2041,user2041@example.com,2024-08-24,Europe,Referral
CUST-02042,User2042,user2042@example.com,2025-01-15,Europe,Paid Search
CUST-02043,User2043,user2043@example.com,2025-10-19,Asia Pacific,Paid Search
CUST-02044,User2044,user2044@example.com,2024-11-20,North America,Paid Search
CUST-02045,User2045,user2045@example.com,2025-06-28,North America,Organic Search
CUST-02046,User2046,user2046@example.com,2024-09-15,North America,Organic Search
CUST-02047,User2047,user2047@example.com,2025-05-20,Europe,Organic Search
CUST-02048,User2048,user2048@example.com,2024-03-28,North America,Social Media
CUST-02049,User2049,user2049@example.com,2025-07-13,Europe,Referral
CUST-02050,User2050,user2050@example.com,2025-11-24,Europe,Organic Search
CUST-02051,User2051,user2051@example.com,2025-08-29,North America,Social Media
CUST-02052,User2052,user2052@example.com,2025-01-21,North America,Email Marketing
CUST-02053,User2053,user2053@example.com,2024-02-27,North America,Paid Search
CUST-02054,User2054,user2054@example.com,2025-07-16,North America,Organic Search
CUST-02055,User2055,user2055@example.com,2025-01-26,Asia Pacific,Social Media
CUST-02056,User2056,user2056@example.com,2024-03-08,North America,Paid Search
CUST-02057,User2057,user2057@example.com,2025-01-12,North America,Referral
CUST-02058,User2058,user2058@example.com,2025-02-23,North America,Organic Search
CUST-02059,User2059,user2059@example.com,2024-01-17,North America,Referral
CUST-02060,User2060,user2060@example.com,2024-10-01,Europe,Organic Search
CUST-02061,User2061,user2061@example.com,2024-12-03,North America,Referral
CUST-02062,User2062,user2062@example.com,2024-05-31,Europe,Paid Search
CUST-02063,User2063,user2063@example.com,2024-03-17,Asia Pacific,Social Media
CUST-02064,User2064,user2064@example.com,2025-02-23,Latin America,Organic Search
CUST-02065,User2065,user2065@example.com,2025-02-17,North America,Organic Search
CUST-02066,User2066,user2066@example.com,2024-04-15,North America,Referral
CUST-02067,User2067,user2067@example.com,2025-01-12,Europe,Paid Search
CUST-02068,User2068,user2068@example.com,2024-08-20,Europe,Organic Search
CUST-02069,User2069,user2069@example.com,2025-01-27,Europe,Paid Search
CUST-02070,User2070,user2070@example.com,2025-11-10,Europe,Referral
CUST-02071,User2071,user2071@example.com,2025-04-08,North America,Paid Search
CUST-02072,User2072,user2072@example.com,2024-10-29,North America,Email Marketing
CUST-02073,User2073,user2073@example.com,2024-11-02,Asia Pacific,Paid Search
CUST-02074,User2074,user2074@example.com,2024-04-10,Asia Pacific,Referral
CUST-02075,User2075,user2075@example.com,2025-05-21,North America,Referral
CUST-02076,User2076,user2076@example.com,2024-09-10,North America,Organic Search
CUST-02077,User2077,user2077@example.com,2024-06-10,North America,Paid Search
CUST-02078,User2078,user2078@example.com,2024-11-27,Europe,Organic Search
CUST-02079,User2079,user2079@example.com,2024-08-25,Europe,Organic Search
CUST-02080,User2080,user2080@example.com,2025-03-11,North America,Social Media
CUST-02081,User2081,user2081@example.com,2024-02-03,Asia Pacific,Paid Search
CUST-02082,User2082,user2082@example.com,2025-06-22,Asia Pacific,Paid Search
CUST-02083,User2083,user2083@example.com,2025-01-23,Europe,Organic Search
CUST-02084,User2084,user2084@example.com,2025-08-09,North America,Email Marketing
CUST-02085,User2085,user2085@example.com,2025-04-07,North America,Paid Search
CUST-02086,User2086,user2086@example.com,2025-07-09,North America,Paid Search
CUST-02087,User2087,user2087@example.com,2025-08-07,Latin America,Email Marketing
CUST-02088,User2088,user2088@example.com,2024-06-05,Europe,Social Media
CUST-02089,User2089,user2089@example.com,2025-03-27,Asia Pacific,Organic Search
CUST-02090,User2090,user2090@example.com,2025-07-23,North America,Referral
CUST-02091,User2091,user2091@example.com,2024-05-01,Europe,Social Media
CUST-02092,User2092,user2092@example.com,2025-04-27,North America,Paid Search
CUST-02093,User2093,user2093@example.com,2025-06-20,Europe,Paid Search
CUST-02094,User2094,user2094@example.com,2024-07-26,Latin America,Referral
CUST-02095,User2095,user2095@example.com,2024-11-18,North America,Organic Search
CUST-02096,User2096,user2096@example.com,2024-08-31,Europe,Email Marketing
CUST-02097,User2097,user2097@example.com,2025-08-20,Latin America,Organic Search
CUST-02098,User2098,user2098@example.com,2025-04-18,Europe,Paid Search
CUST-02099,User2099,user2099@example.com,2024-10-02,North America,Organic Search
CUST-02100,User2100,user2100@example.com,2025-05-26,Asia Pacific,Social Media
CUST-02101,User2101,user2101@example.com,2024-03-22,Asia Pacific,Organic Search
CUST-02102,User2102,user2102@example.com,2024-06-14,Asia Pacific,Email Marketing
CUST-02103,User2103,user2103@example.com,2024-03-28,Asia Pacific,Email Marketing
CUST-02104,User2104,user2104@example.com,2024-12-29,North America,Paid Search
CUST-02105,User2105,user2105@example.com,2024-01-12,North America,Organic Search
CUST-02106,User2106,user2106@example.com,2025-03-30,North America,Social Media
CUST-02107,User2107,user2107@example.com,2025-08-11,North America,Referral
CUST-02108,User2108,user2108@example.com,2025-09-29,North America,Email Marketing
CUST-02109,User2109,user2109@example.com,2024-11-17,Europe,Email Marketing
CUST-02110,User2110,user2110@example.com,2024-10-24,Asia Pacific,Social Media
CUST-02111,User2111,user2111@example.com,2024-08-21,North America,Email Marketing
CUST-02112,User2112,user2112@example.com,2025-10-10,North America,Social Media
CUST-02113,User2113,user2113@example.com,2024-08-08,Europe,Paid Search
CUST-02114,User2114,user2114@example.com,2025-05-14,Europe,Paid Search
CUST-02115,User2115,user2115@example.com,2024-06-21,Europe,Paid Search
CUST-02116,User2116,user2116@example.com,2025-09-23,Europe,Paid Search
CUST-02117,User2117,user2117@example.com,2024-05-13,Latin America,Social Media
CUST-02118,User2118,user2118@example.com,2024-11-19,Latin America,Social Media
CUST-02119,User2119,user2119@example.com,2025-06-06,North America,Organic Search
CUST-02120,User2120,user2120@example.com,2024-08-29,North America,Organic Search
CUST-02121,User2121,user2121@example.com,2024-09-29,North America,Paid Search
CUST-02122,User2122,user2122@example.com,2024-08-28,North America,Paid Search
CUST-02123,User2123,user2123@example.com,2025-04-11,Asia Pacific,Organic Search
CUST-02124,User2124,user2124@example.com,2024-10-30,Europe,Social Media
CUST-02125,User2125,user2125@example.com,2025-10-09,Asia Pacific,Paid Search
CUST-02126,User2126,user2126@example.com,2024-02-03,Europe,Referral
CUST-02127,User2127,user2127@example.com,2024-08-23,Europe,Email Marketing
CUST-02128,User2128,user2128@example.com,2025-02-04,Latin America,Organic Search
CUST-02129,User2129,user2129@example.com,2024-01-07,Europe,Social Media
CUST-02130,User2130,user2130@example.com,2024-01-10,North America,Paid Search
CUST-02131,User2131,user2131@example.com,2025-01-01,North America,Referral
CUST-02132,User2132,user2132@example.com,2025-04-20,North America,Social Media
CUST-02133,User2133,user2133@example.com,2024-07-23,North America,Organic Search
CUST-02134,User2134,user2134@example.com,2024-10-10,Latin America,Paid Search
CUST-02135,User2135,user2135@example.com,2024-08-27,North America,Social Media
CUST-02136,User2136,user2136@example.com,2025-10-13,Europe,Organic Search
CUST-02137,User2137,user2137@example.com,2025-03-25,Asia Pacific,Referral
CUST-02138,User2138,user2138@example.com,2025-07-09,Europe,Social Media
CUST-02139,User2139,user2139@example.com,2025-08-26,North America,Paid Search
CUST-02140,User2140,user2140@example.com,2025-09-22,North America,Social Media
CUST-02141,User2141,user2141@example.com,2025-06-19,Europe,Social Media
CUST-02142,User2142,user2142@example.com,2025-10-05,North America,Social Media
CUST-02143,User2143,user2143@example.com,2024-11-12,Asia Pacific,Paid Search
CUST-02144,User2144,user2144@example.com,2024-04-10,Asia Pacific,Paid Search
CUST-02145,User2145,user2145@example.com,2024-04-08,North America,Social Media
CUST-02146,User2146,user2146@example.com,2025-06-22,North America,Organic Search
CUST-02147,User2147,user2147@example.com,2025-07-11,North America,Social Media
CUST-02148,User2148,user2148@example.com,2024-12-26,North America,Organic Search
CUST-02149,User2149,user2149@example.com,2025-03-08,North America,Referral
CUST-02150,User2150,user2150@example.com,2024-09-02,North America,Social Media
CUST-02151,User2151,user2151@example.com,2024-10-10,Europe,Organic Search
CUST-02152,User2152,user2152@example.com,2024-01-24,North America,Paid Search
CUST-02153,User2153,user2153@example.com,2024-07-09,North America,Social Media
CUST-02154,User2154,user2154@example.com,2024-02-05,Europe,Social Media
CUST-02155,User2155,user2155@example.com,2025-02-27,Europe,Organic Search
CUST-02156,User2156,user2156@example.com,2024-12-14,North America,Paid Search
CUST-02157,User2157,user2157@example.com,2024-08-14,Asia Pacific,Social Media
CUST-02158,User2158,user2158@example.com,2024-11-13,Asia Pacific,Organic Search
CUST-02159,User2159,user2159@example.com,2024-07-17,North America,Email Marketing
CUST-02160,User2160,user2160@example.com,2025-06-30,Asia Pacific,Organic Search
CUST-02161,User2161,user2161@example.com,2024-12-01,North America,Referral
CUST-02162,User2162,user2162@example.com,2025-09-26,Europe,Social Media
CUST-02163,User2163,user2163@example.com,2025-08-22,North America,Organic Search
CUST-02164,User2164,user2164@example.com,2024-01-13,North America,Social Media
CUST-02165,User2165,user2165@example.com,2025-01-09,Europe,Referral
CUST-02166,User2166,user2166@example.com,2024-07-10,Europe,Social Media
CUST-02167,User2167,user2167@example.com,2025-06-17,North America,Organic Search
CUST-02168,User2168,user2168@example.com,2025-01-02,North America,Referral
CUST-02169,User2169,user2169@example.com,2025-01-14,North America,Organic Search
CUST-02170,User2170,user2170@example.com,2024-12-04,Europe,Social Media
CUST-02171,User2171,user2171@example.com,2024-06-05,North America,Paid Search
CUST-02172,User2172,user2172@example.com,2024-10-09,North America,Email Marketing
CUST-02173,User2173,user2173@example.com,2024-01-31,North America,Organic Search
CUST-02174,User2174,user2174@example.com,2024-06-07,North America,Paid Search
CUST-02175,User2175,user2175@example.com,2024-02-13,Asia Pacific,Paid Search
CUST-02176,User2176,user2176@example.com,2024-12-11,North America,Referral
CUST-02177,User2177,user2177@example.com,2025-06-20,Latin America,Email Marketing
CUST-02178,User2178,user2178@example.com,2025-07-02,Asia Pacific,Email Marketing
CUST-02179,User2179,user2179@example.com,2024-09-17,North America,Organic Search
CUST-02180,User2180,user2180@example.com,2024-11-08,North America,Referral
CUST-02181,User2181,user2181@example.com,2024-07-06,Asia Pacific,Email Marketing
CUST-02182,User2182,user2182@example.com,2025-04-09,Asia Pacific,Referral
CUST-02183,User2183,user2183@example.com,2025-08-09,Asia Pacific,Paid Search
CUST-02184,User2184,user2184@example.com,2024-03-15,Europe,Organic Search
CUST-02185,User2185,user2185@example.com,2025-03-23,North America,Organic Search
CUST-02186,User2186,user2186@example.com,2024-02-12,Europe,Social Media
CUST-02187,User2187,user2187@example.com,2024-09-05,North America,Organic Search
CUST-02188,User2188,user2188@example.com,2025-06-20,North America,Social Media
CUST-02189,User2189,user2189@example.com,2024-09-08,Europe,Organic Search
CUST-02190,User2190,user2190@example.com,2024-10-30,Europe,Social Media
CUST-02191,User2191,user2191@example.com,2024-11-20,Latin America,Social Media
CUST-02192,User2192,user2192@example.com,2024-11-28,Europe,Paid Search
CUST-02193,User2193,user2193@example.com,2025-03-10,Europe,Paid Search
CUST-02194,User2194,user2194@example.com,2024-06-08,North America,Organic Search
CUST-02195,User2195,user2195@example.com,2025-01-22,North America,Social Media
CUST-02196,User2196,user2196@example.com,2024-10-24,Asia Pacific,Social Media
CUST-02197,User2197,user2197@example.com,2025-04-17,Latin America,Social Media
CUST-02198,User2198,user2198@example.com,2024-05-11,North America,Organic Search
CUST-02199,User2199,user2199@example.com,2025-02-13,Europe,Social Media
CUST-02200,User2200,user2200@example.com,2025-06-24,North America,Paid Search
CUST-02201,User2201,user2201@example.com,2024-10-26,North America,Email Marketing
CUST-02202,User2202,user2202@example.com,2024-09-23,North America,Referral
CUST-02203,User2203,user2203@example.com,2024-07-08,Asia Pacific,Paid Search
CUST-02204,User2204,user2204@example.com,2024-02-07,North America,Paid Search
CUST-02205,User2205,user2205@example.com,2024-12-22,Europe,Organic Search
CUST-02206,User2206,user2206@example.com,2024-04-12,North America,Email Marketing
CUST-02207,User2207,user2207@example.com,2024-10-16,North America,Paid Search
CUST-02208,User2208,user2208@example.com,2025-05-13,Asia Pacific,Organic Search
CUST-02209,User2209,user2209@example.com,2024-12-10,North America,Referral
CUST-02210,User2210,user2210@example.com,2025-01-04,Europe,Email Marketing
CUST-02211,User2211,user2211@example.com,2024-04-16,Asia Pacific,Social Media
CUST-02212,User2212,user2212@example.com,2024-10-05,Europe,Paid Search
CUST-02213,User2213,user2213@example.com,2024-02-09,Latin America,Paid Search
CUST-02214,User2214,user2214@example.com,2025-02-06,Asia Pacific,Organic Search
CUST-02215,User2215,user2215@example.com,2024-05-25,North America,Referral
CUST-02216,User2216,user2216@example.com,2025-03-03,North America,Paid Search
CUST-02217,User2217,user2217@example.com,2024-12-27,Europe,Referral
CUST-02218,User2218,user2218@example.com,2024-08-29,Latin America,Paid Search
CUST-02219,User2219,user2219@example.com,2025-05-16,North America,Paid Search
CUST-02220,User2220,user2220@example.com,2025-02-12,North America,Organic Search
CUST-02221,User2221,user2221@example.com,2025-01-17,North America,Paid Search
CUST-02222,User2222,user2222@example.com,2024-06-14,Europe,Paid Search
CUST-02223,User2223,user2223@example.com,2025-05-05,Europe,Paid Search
CUST-02224,User2224,user2224@example.com,2025-07-18,Latin America,Social Media
CUST-02225,User2225,user2225@example.com,2024-08-10,Asia Pacific,Social Media
CUST-02226,User2226,user2226@example.com,2024-09-29,Europe,Social Media
CUST-02227,User2227,user2227@example.com,2025-04-14,Europe,Email Marketing
CUST-02228,User2228,user2228@example.com,2024-04-18,North America,Organic Search
CUST-02229,User2229,user2229@example.com,2024-12-11,Asia Pacific,Email Marketing
CUST-02230,User2230,user2230@example.com,2024-12-17,Asia Pacific,Social Media
CUST-02231,User2231,user2231@example.com,2024-07-13,Europe,Referral
CUST-02232,User2232,user2232@example.com,2024-11-27,North America,Paid Search
CUST-02233,User2233,user2233@example.com,2025-03-09,North America,Referral
CUST-02234,User2234,user2234@example.com,2024-08-24,Asia Pacific,Social Media
CUST-02235,User2235,user2235@example.com,2024-05-26,Asia Pacific,Social Media
CUST-02236,User2236,user2236@example.com,2024-07-23,Europe,Social Media
CUST-02237,User2237,user2237@example.com,2025-04-25,Latin America,Social Media
CUST-02238,User2238,user2238@example.com,2024-03-23,North America,Organic Search
CUST-02239,User2239,user2239@example.com,2025-04-16,Asia Pacific,Paid Search
CUST-02240,User2240,user2240@example.com,2025-09-10,Asia Pacific,Email Marketing
CUST-02241,User2241,user2241@example.com,2024-12-12,North America,Email Marketing
CUST-02242,User2242,user2242@example.com,2024-05-06,North America,Paid Search
CUST-02243,User2243,user2243@example.com,2024-10-17,Europe,Social Media
CUST-02244,User2244,user2244@example.com,2024-11-08,North America,Social Media
CUST-02245,User2245,user2245@example.com,2024-04-26,Europe,Organic Search
CUST-02246,User2246,user2246@example.com,2025-02-05,Europe,Email Marketing
CUST-02247,User2247,user2247@example.com,2025-04-03,Europe,Paid Search
CUST-02248,User2248,user2248@example.com,2024-03-09,Europe,Paid Search
CUST-02249,User2249,user2249@example.com,2025-11-12,Europe,Social Media
CUST-02250,User2250,user2250@example.com,2024-11-12,North America,Social Media
CUST-02251,User2251,user2251@example.com,2024-02-28,Europe,Organic Search
CUST-02252,User2252,user2252@example.com,2025-01-03,North America,Organic Search
CUST-02253,User2253,user2253@example.com,2024-05-06,Europe,Social Media
CUST-02254,User2254,user2254@example.com,2025-04-01,Asia Pacific,Organic Search
CUST-02255,User2255,user2255@example.com,2024-02-23,North America,Referral
CUST-02256,User2256,user2256@example.com,2024-02-13,Asia Pacific,Social Media
CUST-02257,User2257,user2257@example.com,2025-07-24,Asia Pacific,Paid Search
CUST-02258,User2258,user2258@example.com,2024-05-21,Europe,Organic Search
CUST-02259,User2259,user2259@example.com,2025-02-17,North America,Paid Search
CUST-02260,User2260,user2260@example.com,2024-07-03,North America,Referral
CUST-02261,User2261,user2261@example.com,2025-05-23,North America,Email Marketing
CUST-02262,User2262,user2262@example.com,2024-09-09,North America,Organic Search
CUST-02263,User2263,user2263@example.com,2024-12-08,Asia Pacific,Social Media
CUST-02264,User2264,user2264@example.com,2025-08-13,North America,Referral
CUST-02265,User2265,user2265@example.com,2024-03-07,Asia Pacific,Email Marketing
CUST-02266,User2266,user2266@example.com,2025-05-24,North America,Paid Search
CUST-02267,User2267,user2267@example.com,2025-04-29,Latin America,Paid Search
CUST-02268,User2268,user2268@example.com,2025-04-15,Asia Pacific,Social Media
CUST-02269,User2269,user2269@example.com,2024-02-06,Asia Pacific,Referral
CUST-02270,User2270,user2270@example.com,2024-03-09,Latin America,Social Media
CUST-02271,User2271,user2271@example.com,2024-02-23,North America,Organic Search
CUST-02272,User2272,user2272@example.com,2025-06-15,North America,Paid Search
CUST-02273,User2273,user2273@example.com,2024-02-28,Latin America,Paid Search
CUST-02274,User2274,user2274@example.com,2024-10-06,Latin America,Paid Search
CUST-02275,User2275,user2275@example.com,2024-07-31,Asia Pacific,Paid Search
CUST-02276,User2276,user2276@example.com,2025-02-21,North America,Email Marketing
CUST-02277,User2277,user2277@example.com,2024-05-19,Latin America,Organic Search
CUST-02278,User2278,user2278@example.com,2024-09-05,North America,Organic Search
CUST-02279,User2279,user2279@example.com,2024-04-15,North America,Organic Search
CUST-02280,User2280,user2280@example.com,2024-05-05,North America,Social Media
CUST-02281,User2281,user2281@example.com,2024-11-16,Asia Pacific,Email Marketing
CUST-02282,User2282,user2282@example.com,2024-01-31,Europe,Organic Search
CUST-02283,User2283,user2283@example.com,2024-02-02,Europe,Social Media
CUST-02284,User2284,user2284@example.com,2024-08-22,North America,Paid Search
CUST-02285,User2285,user2285@example.com,2024-06-24,Europe,Social Media
CUST-02286,User2286,user2286@example.com,2024-10-13,Asia Pacific,Referral
CUST-02287,User2287,user2287@example.com,2024-06-01,Latin America,Referral
CUST-02288,User2288,user2288@example.com,2024-08-08,Europe,Email Marketing
CUST-02289,User2289,user2289@example.com,2024-12-22,Europe,Organic Search
CUST-02290,User2290,user2290@example.com,2025-08-16,North America,Paid Search
CUST-02291,User2291,user2291@example.com,2024-10-02,North America,Social Media
CUST-02292,User2292,user2292@example.com,2025-01-13,Latin America,Email Marketing
CUST-02293,User2293,user2293@example.com,2025-04-02,North America,Paid Search
CUST-02294,User2294,user2294@example.com,2024-01-09,North America,Paid Search
CUST-02295,User2295,user2295@example.com,2024-01-12,Asia Pacific,Paid Search
CUST-02296,User2296,user2296@example.com,2024-10-18,Asia Pacific,Social Media
CUST-02297,User2297,user2297@example.com,2024-05-09,North America,Paid Search
CUST-02298,User2298,user2298@example.com,2025-02-22,Europe,Organic Search
CUST-02299,User2299,user2299@example.com,2024-03-22,Europe,Organic Search
CUST-02300,User2300,user2300@example.com,2024-08-05,Europe,Organic Search
CUST-02301,User2301,user2301@example.com,2025-02-18,Europe,Referral
CUST-02302,User2302,user2302@example.com,2025-03-04,Asia Pacific,Paid Search
CUST-02303,User2303,user2303@example.com,2024-07-25,North America,Social Media
CUST-02304,User2304,user2304@example.com,2024-04-07,Europe,Paid Search
CUST-02305,User2305,user2305@example.com,2024-07-23,Europe,Social Media
CUST-02306,User2306,user2306@example.com,2024-11-28,Europe,Paid Search
CUST-02307,User2307,user2307@example.com,2024-10-20,Latin America,Paid Search
CUST-02308,User2308,user2308@example.com,2024-12-24,Asia Pacific,Organic Search
CUST-02309,User2309,user2309@example.com,2024-04-27,Asia Pacific,Referral
CUST-02310,User2310,user2310@example.com,2025-07-21,Europe,Paid Search
CUST-02311,User2311,user2311@example.com,2024-12-16,North America,Organic Search
CUST-02312,User2312,user2312@example.com,2025-09-07,North America,Referral
CUST-02313,User2313,user2313@example.com,2025-06-09,Europe,Paid Search
CUST-02314,User2314,user2314@example.com,2024-02-25,North America,Paid Search
CUST-02315,User2315,user2315@example.com,2024-05-15,North America,Paid Search
CUST-02316,User2316,user2316@example.com,2024-03-22,North America,Organic Search
CUST-02317,User2317,user2317@example.com,2024-05-02,Asia Pacific,Organic Search
CUST-02318,User2318,user2318@example.com,2024-12-29,North America,Referral
CUST-02319,User2319,user2319@example.com,2024-05-12,Europe,Referral
CUST-02320,User2320,user2320@example.com,2025-08-14,North America,Paid Search
CUST-02321,User2321,user2321@example.com,2024-09-02,North America,Referral
CUST-02322,User2322,user2322@example.com,2025-08-24,North America,Social Media
CUST-02323,User2323,user2323@example.com,2024-03-26,North America,Referral
CUST-02324,User2324,user2324@example.com,2024-11-15,North America,Social Media
CUST-02325,User2325,user2325@example.com,2025-05-10,North America,Paid Search
CUST-02326,User2326,user2326@example.com,2024-10-03,North America,Paid Search
CUST-02327,User2327,user2327@example.com,2024-01-08,North America,Referral
CUST-02328,User2328,user2328@example.com,2024-09-19,North America,Organic Search
CUST-02329,User2329,user2329@example.com,2024-10-21,North America,Paid Search
CUST-02330,User2330,user2330@example.com,2025-05-03,Latin America,Paid Search
CUST-02331,User2331,user2331@example.com,2025-03-24,North America,Organic Search
CUST-02332,User2332,user2332@example.com,2024-07-25,Europe,Organic Search
CUST-02333,User2333,user2333@example.com,2024-05-27,Europe,Paid Search
CUST-02334,User2334,user2334@example.com,2024-11-14,Latin America,Social Media
CUST-02335,User2335,user2335@example.com,2024-06-03,North America,Paid Search
CUST-02336,User2336,user2336@example.com,2025-03-09,Europe,Organic Search
CUST-02337,User2337,user2337@example.com,2024-12-15,North America,Organic Search
CUST-02338,User2338,user2338@example.com,2025-03-29,Europe,Social Media
CUST-02339,User2339,user2339@example.com,2024-06-06,Asia Pacific,Social Media
CUST-02340,User2340,user2340@example.com,2024-04-21,Europe,Organic Search
CUST-02341,User2341,user2341@example.com,2024-09-06,Europe,Organic Search
CUST-02342,User2342,user2342@example.com,2025-11-27,Asia Pacific,Organic Search
CUST-02343,User2343,user2343@example.com,2025-04-27,Latin America,Paid Search
CUST-02344,User2344,user2344@example.com,2024-02-28,Asia Pacific,Organic Search
CUST-02345,User2345,user2345@example.com,2024-07-05,North America,Organic Search
CUST-02346,User2346,user2346@example.com,2025-06-21,Europe,Paid Search
CUST-02347,User2347,user2347@example.com,2024-02-04,Asia Pacific,Social Media
CUST-02348,User2348,user2348@example.com,2025-07-04,Europe,Referral
CUST-02349,User2349,user2349@example.com,2025-06-01,Europe,Email Marketing
CUST-02350,User2350,user2350@example.com,2025-01-05,Asia Pacific,Organic Search
CUST-02351,User2351,user2351@example.com,2024-06-08,Europe,Referral
CUST-02352,User2352,user2352@example.com,2024-04-08,Europe,Social Media
CUST-02353,User2353,user2353@example.com,2025-03-14,Europe,Social Media
CUST-02354,User2354,user2354@example.com,2025-05-31,Europe,Referral
CUST-02355,User2355,user2355@example.com,2024-08-18,North America,Social Media
CUST-02356,User2356,user2356@example.com,2025-08-23,Asia Pacific,Referral
CUST-02357,User2357,user2357@example.com,2024-02-05,Europe,Email Marketing
CUST-02358,User2358,user2358@example.com,2025-10-02,Europe,Organic Search
CUST-02359,User2359,user2359@example.com,2025-12-10,North America,Paid Search
CUST-02360,User2360,user2360@example.com,2024-06-28,Europe,Paid Search
CUST-02361,User2361,user2361@example.com,2024-11-11,North America,Social Media
CUST-02362,User2362,user2362@example.com,2025-06-25,North America,Paid Search
CUST-02363,User2363,user2363@example.com,2024-10-08,Europe,Referral
CUST-02364,User2364,user2364@example.com,2024-04-18,North America,Social Media
CUST-02365,User2365,user2365@example.com,2025-05-22,North America,Organic Search
CUST-02366,User2366,user2366@example.com,2025-05-17,North America,Social Media
CUST-02367,User2367,user2367@example.com,2024-05-09,Europe,Social Media
CUST-02368,User2368,user2368@example.com,2024-12-29,North America,Social Media
CUST-02369,User2369,user2369@example.com,2024-07-04,Asia Pacific,Referral
CUST-02370,User2370,user2370@example.com,2025-04-10,North America,Social Media
CUST-02371,User2371,user2371@example.com,2025-01-28,Europe,Organic Search
CUST-02372,User2372,user2372@example.com,2025-04-20,Europe,Paid Search
CUST-02373,User2373,user2373@example.com,2025-03-20,Europe,Social Media
CUST-02374,User2374,user2374@example.com,2025-05-20,Europe,Email Marketing
CUST-02375,User2375,user2375@example.com,2025-04-16,Europe,Referral
CUST-02376,User2376,user2376@example.com,2024-02-03,North America,Social Media
CUST-02377,User2377,user2377@example.com,2024-12-12,Asia Pacific,Referral
CUST-02378,User2378,user2378@example.com,2025-01-31,North America,Paid Search
CUST-02379,User2379,user2379@example.com,2025-06-10,North America,Paid Search
CUST-02380,User2380,user2380@example.com,2025-07-30,North America,Paid Search
CUST-02381,User2381,user2381@example.com,2025-08-30,North America,Paid Search
CUST-02382,User2382,user2382@example.com,2025-02-09,North America,Organic Search
CUST-02383,User2383,user2383@example.com,2024-06-06,Europe,Organic Search
CUST-02384,User2384,user2384@example.com,2025-04-05,Asia Pacific,Social Media
CUST-02385,User2385,user2385@example.com,2024-05-27,Latin America,Paid Search
CUST-02386,User2386,user2386@example.com,2024-09-20,Latin America,Referral
CUST-02387,User2387,user2387@example.com,2025-12-03,Asia Pacific,Social Media
CUST-02388,User2388,user2388@example.com,2024-05-04,North America,Paid Search
CUST-02389,User2389,user2389@example.com,2024-07-06,North America,Paid Search
CUST-02390,User2390,user2390@example.com,2025-11-20,Asia Pacific,Paid Search
CUST-02391,User2391,user2391@example.com,2024-12-20,Asia Pacific,Paid Search
CUST-02392,User2392,user2392@example.com,2025-02-04,Europe,Social Media
CUST-02393,User2393,user2393@example.com,2025-07-16,North America,Organic Search
CUST-02394,User2394,user2394@example.com,2024-02-24,Europe,Referral
CUST-02395,User2395,user2395@example.com,2024-10-03,Latin America,Paid Search
CUST-02396,User2396,user2396@example.com,2025-05-27,North America,Social Media
CUST-02397,User2397,user2397@example.com,2024-12-30,North America,Organic Search
CUST-02398,User2398,user2398@example.com,2025-01-12,North America,Email Marketing
CUST-02399,User2399,user2399@example.com,2025-02-27,North America,Email Marketing
CUST-02400,User2400,user2400@example.com,2025-07-30,Europe,Social Media
CUST-02401,User2401,user2401@example.com,2024-05-24,North America,Referral
CUST-02402,User2402,user2402@example.com,2024-07-19,North America,Paid Search
CUST-02403,User2403,user2403@example.com,2024-05-13,Latin America,Email Marketing
CUST-02404,User2404,user2404@example.com,2025-04-18,Europe,Paid Search
CUST-02405,User2405,user2405@example.com,2024-03-21,North America,Organic Search
CUST-02406,User2406,user2406@example.com,2025-11-06,North America,Paid Search
CUST-02407,User2407,user2407@example.com,2025-07-27,North America,Paid Search
CUST-02408,User2408,user2408@example.com,2025-06-26,Asia Pacific,Paid Search
CUST-02409,User2409,user2409@example.com,2024-03-21,Asia Pacific,Social Media
CUST-02410,User2410,user2410@example.com,2025-06-26,North America,Paid Search
CUST-02411,User2411,user2411@example.com,2024-05-26,Europe,Social Media
CUST-02412,User2412,user2412@example.com,2025-03-28,North America,Paid Search
CUST-02413,User2413,user2413@example.com,2024-09-15,Europe,Social Media
CUST-02414,User2414,user2414@example.com,2025-04-11,North America,Social Media
CUST-02415,User2415,user2415@example.com,2025-09-06,Europe,Organic Search
CUST-02416,User2416,user2416@example.com,2025-01-26,North America,Paid Search
CUST-02417,User2417,user2417@example.com,2025-06-22,North America,Email Marketing
CUST-02418,User2418,user2418@example.com,2024-01-07,North America,Organic Search
CUST-02419,User2419,user2419@example.com,2025-07-08,North America,Social Media
CUST-02420,User2420,user2420@example.com,2024-04-12,Europe,Organic Search
CUST-02421,User2421,user2421@example.com,2024-10-25,North America,Email Marketing
CUST-02422,User2422,user2422@example.com,2025-02-23,Europe,Paid Search
CUST-02423,User2423,user2423@example.com,2024-10-19,Europe,Organic Search
CUST-02424,User2424,user2424@example.com,2024-11-26,Europe,Social Media
CUST-02425,User2425,user2425@example.com,2025-01-11,North America,Referral
CUST-02426,User2426,user2426@example.com,2024-02-29,North America,Paid Search
CUST-02427,User2427,user2427@example.com,2025-01-31,North America,Paid Search
CUST-02428,User2428,user2428@example.com,2024-12-23,Europe,Organic Search
CUST-02429,User2429,user2429@example.com,2025-02-28,North America,Social Media
CUST-02430,User2430,user2430@example.com,2025-03-19,Europe,Social Media
CUST-02431,User2431,user2431@example.com,2025-02-07,North America,Email Marketing
CUST-02432,User2432,user2432@example.com,2024-07-18,North America,Organic Search
CUST-02433,User2433,user2433@example.com,2025-05-17,Asia Pacific,Organic Search
CUST-02434,User2434,user2434@example.com,2024-06-10,North America,Social Media
CUST-02435,User2435,user2435@example.com,2024-11-20,Europe,Social Media
CUST-02436,User2436,user2436@example.com,2025-12-11,Europe,Email Marketing
CUST-02437,User2437,user2437@example.com,2024-09-13,Asia Pacific,Paid Search
CUST-02438,User2438,user2438@example.com,2025-01-10,Europe,Paid Search
CUST-02439,User2439,user2439@example.com,2025-03-25,North America,Organic Search
CUST-02440,User2440,user2440@example.com,2024-05-16,Asia Pacific,Organic Search
CUST-02441,User2441,user2441@example.com,2024-03-21,Europe,Paid Search
CUST-02442,User2442,user2442@example.com,2025-06-21,Asia Pacific,Social Media
CUST-02443,User2443,user2443@example.com,2024-06-11,Latin America,Email Marketing
CUST-02444,User2444,user2444@example.com,2025-07-30,Europe,Email Marketing
CUST-02445,User2445,user2445@example.com,2024-06-24,North America,Organic Search
CUST-02446,User2446,user2446@example.com,2025-05-09,North America,Paid Search
CUST-02447,User2447,user2447@example.com,2024-10-15,Europe,Paid Search
CUST-02448,User2448,user2448@example.com,2025-03-15,Asia Pacific,Social Media
CUST-02449,User2449,user2449@example.com,2025-11-13,North America,Social Media
CUST-02450,User2450,user2450@example.com,2025-09-10,Europe,Referral
CUST-02451,User2451,user2451@example.com,2024-04-18,Europe,Email Marketing
CUST-02452,User2452,user2452@example.com,2024-02-19,Latin America,Organic Search
CUST-02453,User2453,user2453@example.com,2025-09-04,Latin America,Paid Search
CUST-02454,User2454,user2454@example.com,2024-06-21,North America,Organic Search
CUST-02455,User2455,user2455@example.com,2025-01-12,Latin America,Paid Search
CUST-02456,User2456,user2456@example.com,2024-05-11,Asia Pacific,Referral
CUST-02457,User2457,user2457@example.com,2025-11-22,Europe,Email Marketing
CUST-02458,User2458,user2458@example.com,2024-11-25,Asia Pacific,Social Media
CUST-02459,User2459,user2459@example.com,2025-08-07,Latin America,Paid Search
CUST-02460,User2460,user2460@example.com,2025-10-02,Europe,Paid Search
CUST-02461,User2461,user2461@example.com,2024-09-02,North America,Referral
CUST-02462,User2462,user2462@example.com,2024-09-09,Europe,Organic Search
CUST-02463,User2463,user2463@example.com,2024-03-08,North America,Paid Search
CUST-02464,User2464,user2464@example.com,2025-09-27,Europe,Social Media
CUST-02465,User2465,user2465@example.com,2024-01-18,Europe,Paid Search
CUST-02466,User2466,user2466@example.com,2024-11-05,North America,Social Media
CUST-02467,User2467,user2467@example.com,2025-01-07,Asia Pacific,Organic Search
CUST-02468,User2468,user2468@example.com,2024-07-03,North America,Organic Search
CUST-02469,User2469,user2469@example.com,2024-08-10,Latin America,Organic Search
CUST-02470,User2470,user2470@example.com,2025-06-16,North America,Organic Search
CUST-02471,User2471,user2471@example.com,2025-02-21,Latin America,Paid Search
CUST-02472,User2472,user2472@example.com,2024-03-30,Asia Pacific,Social Media
CUST-02473,User2473,user2473@example.com,2024-06-27,Asia Pacific,Social Media
CUST-02474,User2474,user2474@example.com,2024-03-23,North America,Paid Search
CUST-02475,User2475,user2475@example.com,2025-05-29,Europe,Social Media
CUST-02476,User2476,user2476@example.com,2025-04-18,North America,Social Media
CUST-02477,User2477,user2477@example.com,2025-01-15,North America,Paid Search
CUST-02478,User2478,user2478@example.com,2024-07-24,Asia Pacific,Organic Search
CUST-02479,User2479,user2479@example.com,2024-05-28,Europe,Social Media
CUST-02480,User2480,user2480@example.com,2024-06-30,North America,Paid Search
CUST-02481,User2481,user2481@example.com,2025-05-28,North America,Referral
CUST-02482,User2482,user2482@example.com,2024-01-31,Europe,Paid Search
CUST-02483,User2483,user2483@example.com,2024-03-09,North America,Organic Search
CUST-02484,User2484,user2484@example.com,2025-05-08,Europe,Organic Search
CUST-02485,User2485,user2485@example.com,2025-11-04,North America,Paid Search
CUST-02486,User2486,user2486@example.com,2024-12-07,North America,Email Marketing
CUST-02487,User2487,user2487@example.com,2024-07-26,North America,Organic Search
CUST-02488,User2488,user2488@example.com,2025-05-07,North America,Social Media
CUST-02489,User2489,user2489@example.com,2024-06-25,Asia Pacific,Email Marketing
CUST-02490,User2490,user2490@example.com,2024-11-03,North America,Paid Search
CUST-02491,User2491,user2491@example.com,2025-09-04,Europe,Email Marketing
CUST-02492,User2492,user2492@example.com,2024-01-23,North America,Paid Search
CUST-02493,User2493,user2493@example.com,2024-04-13,North America,Organic Search
CUST-02494,User2494,user2494@example.com,2024-08-26,North America,Paid Search
CUST-02495,User2495,user2495@example.com,2025-01-30,North America,Paid Search
CUST-02496,User2496,user2496@example.com,2025-10-27,North America,Paid Search
CUST-02497,User2497,user2497@example.com,2024-11-02,North America,Paid Search
CUST-02498,User2498,user2498@example.com,2025-06-04,Latin America,Paid Search
CUST-02499,User2499,user2499@example.com,2024-10-15,North America,Organic Search
CUST-02500,User2500,user2500@example.com,2024-11-11,North America,Referral
CUST-02501,User2501,user2501@example.com,2024-08-14,North America,Organic Search
CUST-02502,User2502,user2502@example.com,2024-06-19,Asia Pacific,Email Marketing
CUST-02503,User2503,user2503@example.com,2024-11-25,Europe,Social Media
CUST-02504,User2504,user2504@example.com,2024-02-04,North America,Organic Search
CUST-02505,User2505,user2505@example.com,2025-05-11,Asia Pacific,Email Marketing
CUST-02506,User2506,user2506@example.com,2025-02-21,Europe,Paid Search
CUST-02507,User2507,user2507@example.com,2025-10-25,Latin America,Social Media
CUST-02508,User2508,user2508@example.com,2024-08-12,North America,Social Media
CUST-02509,User2509,user2509@example.com,2025-01-16,Europe,Organic Search
CUST-02510,User2510,user2510@example.com,2025-01-24,North America,Paid Search
CUST-02511,User2511,user2511@example.com,2024-09-22,North America,Paid Search
CUST-02512,User2512,user2512@example.com,2024-10-08,Asia Pacific,Paid Search
CUST-02513,User2513,user2513@example.com,2024-09-23,North America,Paid Search
CUST-02514,User2514,user2514@example.com,2025-05-22,North America,Organic Search
CUST-02515,User2515,user2515@example.com,2024-09-14,Europe,Paid Search
CUST-02516,User2516,user2516@example.com,2025-01-10,North America,Organic Search
CUST-02517,User2517,user2517@example.com,2024-11-10,Latin America,Paid Search
CUST-02518,User2518,user2518@example.com,2025-06-26,Europe,Referral
CUST-02519,User2519,user2519@example.com,2025-02-19,North America,Email Marketing
CUST-02520,User2520,user2520@example.com,2025-02-03,North America,Email Marketing
CUST-02521,User2521,user2521@example.com,2024-06-08,Asia Pacific,Social Media
CUST-02522,User2522,user2522@example.com,2025-07-14,Asia Pacific,Social Media
CUST-02523,User2523,user2523@example.com,2024-05-23,Europe,Social Media
CUST-02524,User2524,user2524@example.com,2025-02-01,Europe,Referral
CUST-02525,User2525,user2525@example.com,2024-10-14,North America,Email Marketing
CUST-02526,User2526,user2526@example.com,2024-04-06,North America,Social Media
CUST-02527,User2527,user2527@example.com,2025-05-06,Europe,Social Media
CUST-02528,User2528,user2528@example.com,2024-07-30,North America,Organic Search
CUST-02529,User2529,user2529@example.com,2025-04-13,Europe,Email Marketing
CUST-02530,User2530,user2530@example.com,2024-11-12,Europe,Organic Search
CUST-02531,User2531,user2531@example.com,2024-12-19,North America,Organic Search
CUST-02532,User2532,user2532@example.com,2024-07-04,Europe,Organic Search
CUST-02533,User2533,user2533@example.com,2024-12-25,North America,Organic Search
CUST-02534,User2534,user2534@example.com,2024-11-29,Latin America,Paid Search
CUST-02535,User2535,user2535@example.com,2024-12-20,North America,Social Media
CUST-02536,User2536,user2536@example.com,2025-07-12,North America,Organic Search
CUST-02537,User2537,user2537@example.com,2024-03-15,Europe,Organic Search
CUST-02538,User2538,user2538@example.com,2024-02-16,North America,Paid Search
CUST-02539,User2539,user2539@example.com,2024-10-26,North America,Referral
CUST-02540,User2540,user2540@example.com,2024-03-20,North America,Paid Search
CUST-02541,User2541,user2541@example.com,2024-07-14,Europe,Email Marketing
CUST-02542,User2542,user2542@example.com,2025-10-17,Latin America,Referral
CUST-02543,User2543,user2543@example.com,2024-09-17,North America,Social Media
CUST-02544,User2544,user2544@example.com,2025-05-16,North America,Referral
CUST-02545,User2545,user2545@example.com,2024-06-28,Asia Pacific,Paid Search
CUST-02546,User2546,user2546@example.com,2025-01-28,North America,Social Media
CUST-02547,User2547,user2547@example.com,2024-12-20,Asia Pacific,Paid Search
CUST-02548,User2548,user2548@example.com,2024-09-25,Europe,Paid Search
CUST-02549,User2549,user2549@example.com,2024-12-04,Latin America,Paid Search
CUST-02550,User2550,user2550@example.com,2024-10-18,North America,Referral
CUST-02551,User2551,user2551@example.com,2024-06-20,Europe,Organic Search
CUST-02552,User2552,user2552@example.com,2024-12-14,Asia Pacific,Organic Search
CUST-02553,User2553,user2553@example.com,2024-11-18,Asia Pacific,Organic Search
CUST-02554,User2554,user2554@example.com,2025-10-18,North America,Social Media
CUST-02555,User2555,user2555@example.com,2025-04-17,Asia Pacific,Email Marketing
CUST-02556,User2556,user2556@example.com,2025-02-22,North America,Paid Search
CUST-02557,User2557,user2557@example.com,2024-07-12,North America,Paid Search
CUST-02558,User2558,user2558@example.com,2024-09-09,Europe,Paid Search
CUST-02559,User2559,user2559@example.com,2024-09-23,Europe,Paid Search
CUST-02560,User2560,user2560@example.com,2024-06-15,Asia Pacific,Paid Search
CUST-02561,User2561,user2561@example.com,2025-01-05,North America,Paid Search
CUST-02562,User2562,user2562@example.com,2024-10-03,North America,Organic Search
CUST-02563,User2563,user2563@example.com,2024-02-14,Europe,Email Marketing
CUST-02564,User2564,user2564@example.com,2025-08-28,Europe,Social Media
CUST-02565,User2565,user2565@example.com,2025-03-11,Asia Pacific,Organic Search
CUST-02566,User2566,user2566@example.com,2024-12-26,North America,Paid Search
CUST-02567,User2567,user2567@example.com,2024-12-10,North America,Organic Search
CUST-02568,User2568,user2568@example.com,2025-07-04,Latin America,Paid Search
CUST-02569,User2569,user2569@example.com,2024-09-23,North America,Paid Search
CUST-02570,User2570,user2570@example.com,2025-02-06,Europe,Paid Search
CUST-02571,User2571,user2571@example.com,2025-11-17,Latin America,Organic Search
CUST-02572,User2572,user2572@example.com,2024-08-08,North America,Organic Search
CUST-02573,User2573,user2573@example.com,2024-05-29,Europe,Organic Search
CUST-02574,User2574,user2574@example.com,2024-02-14,North America,Organic Search
CUST-02575,User2575,user2575@example.com,2025-04-26,North America,Organic Search
CUST-02576,User2576,user2576@example.com,2025-05-21,Europe,Email Marketing
CUST-02577,User2577,user2577@example.com,2024-12-25,North America,Organic Search
CUST-02578,User2578,user2578@example.com,2024-12-29,North America,Organic Search
CUST-02579,User2579,user2579@example.com,2024-10-11,North America,Email Marketing
CUST-02580,User2580,user2580@example.com,2024-07-22,Europe,Paid Search
CUST-02581,User2581,user2581@example.com,2024-01-06,North America,Paid Search
CUST-02582,User2582,user2582@example.com,2024-08-30,North America,Social Media
CUST-02583,User2583,user2583@example.com,2024-04-10,Latin America,Paid Search
CUST-02584,User2584,user2584@example.com,2024-06-11,North America,Social Media
CUST-02585,User2585,user2585@example.com,2024-05-21,Asia Pacific,Email Marketing
CUST-02586,User2586,user2586@example.com,2024-02-06,North America,Social Media
CUST-02587,User2587,user2587@example.com,2025-02-21,North America,Organic Search
CUST-02588,User2588,user2588@example.com,2024-07-26,North America,Referral
CUST-02589,User2589,user2589@example.com,2025-04-08,North America,Paid Search
CUST-02590,User2590,user2590@example.com,2024-05-02,North America,Referral
CUST-02591,User2591,user2591@example.com,2024-12-01,Latin America,Social Media
CUST-02592,User2592,user2592@example.com,2025-11-22,Europe,Paid Search
CUST-02593,User2593,user2593@example.com,2024-03-18,North America,Organic Search
CUST-02594,User2594,user2594@example.com,2024-05-03,Latin America,Social Media
CUST-02595,User2595,user2595@example.com,2024-09-08,North America,Paid Search
CUST-02596,User2596,user2596@example.com,2025-09-19,North America,Paid Search
CUST-02597,User2597,user2597@example.com,2024-03-03,Asia Pacific,Organic Search
CUST-02598,User2598,user2598@example.com,2024-03-05,North America,Paid Search
CUST-02599,User2599,user2599@example.com,2024-06-26,Europe,Paid Search
CUST-02600,User2600,user2600@example.com,2025-07-18,Asia Pacific,Paid Search
CUST-02601,User2601,user2601@example.com,2024-04-26,Europe,Email Marketing
CUST-02602,User2602,user2602@example.com,2025-12-18,Europe,Organic Search
CUST-02603,User2603,user2603@example.com,2024-09-13,Latin America,Social Media
CUST-02604,User2604,user2604@example.com,2025-12-13,Europe,Email Marketing
CUST-02605,User2605,user2605@example.com,2025-02-06,Europe,Organic Search
CUST-02606,User2606,user2606@example.com,2025-03-23,North America,Paid Search
CUST-02607,User2607,user2607@example.com,2025-04-18,North America,Organic Search
CUST-02608,User2608,user2608@example.com,2025-07-01,Europe,Social Media
CUST-02609,User2609,user2609@example.com,2025-03-28,North America,Organic Search
CUST-02610,User2610,user2610@example.com,2024-04-25,Europe,Social Media
CUST-02611,User2611,user2611@example.com,2025-04-14,North America,Paid Search
CUST-02612,User2612,user2612@example.com,2025-04-09,Europe,Paid Search
CUST-02613,User2613,user2613@example.com,2024-09-29,North America,Paid Search
CUST-02614,User2614,user2614@example.com,2024-10-12,Europe,Organic Search
CUST-02615,User2615,user2615@example.com,2024-07-26,North America,Paid Search
CUST-02616,User2616,user2616@example.com,2024-03-09,North America,Paid Search
CUST-02617,User2617,user2617@example.com,2024-07-18,Latin America,Paid Search
CUST-02618,User2618,user2618@example.com,2024-09-22,Europe,Social Media
CUST-02619,User2619,user2619@example.com,2024-03-14,Europe,Organic Search
CUST-02620,User2620,user2620@example.com,2025-08-08,North America,Organic Search
CUST-02621,User2621,user2621@example.com,2025-09-06,Asia Pacific,Paid Search
CUST-02622,User2622,user2622@example.com,2024-10-05,Europe,Organic Search
CUST-02623,User2623,user2623@example.com,2025-06-20,Europe,Paid Search
CUST-02624,User2624,user2624@example.com,2024-12-07,Asia Pacific,Organic Search
CUST-02625,User2625,user2625@example.com,2025-12-01,North America,Organic Search
CUST-02626,User2626,user2626@example.com,2025-03-13,North America,Social Media
CUST-02627,User2627,user2627@example.com,2025-08-07,Asia Pacific,Paid Search
CUST-02628,User2628,user2628@example.com,2025-07-21,North America,Referral
CUST-02629,User2629,user2629@example.com,2024-04-24,Latin America,Paid Search
CUST-02630,User2630,user2630@example.com,2025-02-16,North America,Organic Search
CUST-02631,User2631,user2631@example.com,2024-02-21,Europe,Referral
CUST-02632,User2632,user2632@example.com,2024-01-26,Asia Pacific,Email Marketing
CUST-02633,User2633,user2633@example.com,2024-11-20,Asia Pacific,Paid Search
CUST-02634,User2634,user2634@example.com,2024-04-21,Latin America,Organic Search
CUST-02635,User2635,user2635@example.com,2024-10-18,North America,Social Media
CUST-02636,User2636,user2636@example.com,2024-03-08,North America,Referral
CUST-02637,User2637,user2637@example.com,2024-09-15,Asia Pacific,Paid Search
CUST-02638,User2638,user2638@example.com,2024-03-13,North America,Organic Search
CUST-02639,User2639,user2639@example.com,2025-08-05,Latin America,Paid Search
CUST-02640,User2640,user2640@example.com,2025-02-21,North America,Paid Search
CUST-02641,User2641,user2641@example.com,2025-06-11,North America,Paid Search
CUST-02642,User2642,user2642@example.com,2024-05-15,Latin America,Social Media
CUST-02643,User2643,user2643@example.com,2025-08-30,North America,Referral
CUST-02644,User2644,user2644@example.com,2024-05-03,North America,Email Marketing
CUST-02645,User2645,user2645@example.com,2025-04-28,Latin America,Paid Search
CUST-02646,User2646,user2646@example.com,2024-01-21,North America,Referral
CUST-02647,User2647,user2647@example.com,2024-09-24,North America,Paid Search
CUST-02648,User2648,user2648@example.com,2024-03-04,Asia Pacific,Paid Search
CUST-02649,User2649,user2649@example.com,2024-10-30,Asia Pacific,Organic Search
CUST-02650,User2650,user2650@example.com,2024-06-15,Asia Pacific,Paid Search
CUST-02651,User2651,user2651@example.com,2025-02-04,North America,Organic Search
CUST-02652,User2652,user2652@example.com,2024-07-23,North America,Paid Search
CUST-02653,User2653,user2653@example.com,2024-05-21,Europe,Organic Search
CUST-02654,User2654,user2654@example.com,2024-11-07,Europe,Social Media
CUST-02655,User2655,user2655@example.com,2025-01-27,North America,Social Media
CUST-02656,User2656,user2656@example.com,2025-01-12,North America,Paid Search
CUST-02657,User2657,user2657@example.com,2024-01-11,Europe,Paid Search
CUST-02658,User2658,user2658@example.com,2025-09-26,North America,Referral
CUST-02659,User2659,user2659@example.com,2024-04-27,North America,Organic Search
CUST-02660,User2660,user2660@example.com,2024-05-17,Asia Pacific,Paid Search
CUST-02661,User2661,user2661@example.com,2024-02-28,Europe,Paid Search
CUST-02662,User2662,user2662@example.com,2024-03-23,North America,Paid Search
CUST-02663,User2663,user2663@example.com,2024-04-19,Latin America,Social Media
CUST-02664,User2664,user2664@example.com,2025-02-05,North America,Paid Search
CUST-02665,User2665,user2665@example.com,2024-06-25,Asia Pacific,Email Marketing
CUST-02666,User2666,user2666@example.com,2024-06-19,Europe,Email Marketing
CUST-02667,User2667,user2667@example.com,2025-01-11,Europe,Social Media
CUST-02668,User2668,user2668@example.com,2024-11-21,North America,Social Media
CUST-02669,User2669,user2669@example.com,2025-06-01,Latin America,Social Media
CUST-02670,User2670,user2670@example.com,2024-11-26,North America,Organic Search
CUST-02671,User2671,user2671@example.com,2025-02-02,North America,Paid Search
CUST-02672,User2672,user2672@example.com,2024-04-30,North America,Paid Search
CUST-02673,User2673,user2673@example.com,2024-07-30,North America,Referral
CUST-02674,User2674,user2674@example.com,2024-06-18,North America,Social Media
CUST-02675,User2675,user2675@example.com,2025-03-12,North America,Social Media
CUST-02676,User2676,user2676@example.com,2024-03-30,North America,Paid Search
CUST-02677,User2677,user2677@example.com,2024-04-16,North America,Email Marketing
CUST-02678,User2678,user2678@example.com,2025-02-12,Asia Pacific,Referral
CUST-02679,User2679,user2679@example.com,2025-04-25,North America,Paid Search
CUST-02680,User2680,user2680@example.com,2024-11-30,Europe,Social Media
CUST-02681,User2681,user2681@example.com,2024-07-24,Asia Pacific,Paid Search
CUST-02682,User2682,user2682@example.com,2025-01-16,Europe,Organic Search
CUST-02683,User2683,user2683@example.com,2025-10-18,North America,Paid Search
CUST-02684,User2684,user2684@example.com,2024-07-22,North America,Organic Search
CUST-02685,User2685,user2685@example.com,2025-04-24,Asia Pacific,Social Media
CUST-02686,User2686,user2686@example.com,2025-02-18,North America,Organic Search
CUST-02687,User2687,user2687@example.com,2024-10-03,Europe,Referral
CUST-02688,User2688,user2688@example.com,2024-09-23,Latin America,Referral
CUST-02689,User2689,user2689@example.com,2024-02-28,North America,Referral
CUST-02690,User2690,user2690@example.com,2025-11-13,North America,Paid Search
CUST-02691,User2691,user2691@example.com,2024-09-05,Asia Pacific,Social Media
CUST-02692,User2692,user2692@example.com,2024-09-13,Latin America,Email Marketing
CUST-02693,User2693,user2693@example.com,2025-01-11,North America,Email Marketing
CUST-02694,User2694,user2694@example.com,2024-10-17,North America,Referral
CUST-02695,User2695,user2695@example.com,2024-09-20,North America,Social Media
CUST-02696,User2696,user2696@example.com,2025-05-13,Europe,Organic Search
CUST-02697,User2697,user2697@example.com,2025-10-01,North America,Social Media
CUST-02698,User2698,user2698@example.com,2024-09-11,North America,Paid Search
CUST-02699,User2699,user2699@example.com,2025-11-06,Europe,Organic Search
CUST-02700,User2700,user2700@example.com,2024-07-08,Asia Pacific,Email Marketing
CUST-02701,User2701,user2701@example.com,2024-05-17,Europe,Referral
CUST-02702,User2702,user2702@example.com,2025-04-09,Asia Pacific,Organic Search
CUST-02703,User2703,user2703@example.com,2024-08-01,Europe,Paid Search
CUST-02704,User2704,user2704@example.com,2025-02-27,Asia Pacific,Organic Search
CUST-02705,User2705,user2705@example.com,2024-10-20,Europe,Email Marketing
CUST-02706,User2706,user2706@example.com,2024-04-24,North America,Referral
CUST-02707,User2707,user2707@example.com,2024-10-07,North America,Paid Search
CUST-02708,User2708,user2708@example.com,2024-12-17,Europe,Organic Search
CUST-02709,User2709,user2709@example.com,2025-11-06,North America,Social Media
CUST-02710,User2710,user2710@example.com,2025-08-30,North America,Social Media
CUST-02711,User2711,user2711@example.com,2024-06-19,Asia Pacific,Paid Search
CUST-02712,User2712,user2712@example.com,2024-12-31,Asia Pacific,Paid Search
CUST-02713,User2713,user2713@example.com,2024-10-26,Europe,Referral
CUST-02714,User2714,user2714@example.com,2025-01-13,Asia Pacific,Paid Search
CUST-02715,User2715,user2715@example.com,2025-07-18,North America,Organic Search
CUST-02716,User2716,user2716@example.com,2025-06-10,North America,Organic Search
CUST-02717,User2717,user2717@example.com,2024-02-14,Latin America,Paid Search
CUST-02718,User2718,user2718@example.com,2024-11-27,Europe,Paid Search
CUST-02719,User2719,user2719@example.com,2024-11-02,North America,Referral
CUST-02720,User2720,user2720@example.com,2024-05-24,North America,Social Media
CUST-02721,User2721,user2721@example.com,2025-06-27,North America,Email Marketing
CUST-02722,User2722,user2722@example.com,2025-03-23,Europe,Paid Search
CUST-02723,User2723,user2723@example.com,2025-02-06,Latin America,Paid Search
CUST-02724,User2724,user2724@example.com,2024-09-28,North America,Email Marketing
CUST-02725,User2725,user2725@example.com,2025-01-19,North America,Email Marketing
CUST-02726,User2726,user2726@example.com,2024-08-31,North America,Organic Search
CUST-02727,User2727,user2727@example.com,2024-05-04,Europe,Email Marketing
CUST-02728,User2728,user2728@example.com,2024-10-19,Europe,Organic Search
CUST-02729,User2729,user2729@example.com,2025-04-18,Latin America,Referral
CUST-02730,User2730,user2730@example.com,2024-10-03,Europe,Paid Search
CUST-02731,User2731,user2731@example.com,2025-02-17,Asia Pacific,Social Media
CUST-02732,User2732,user2732@example.com,2025-05-13,Latin America,Referral
CUST-02733,User2733,user2733@example.com,2024-06-08,Asia Pacific,Paid Search
CUST-02734,User2734,user2734@example.com,2025-02-04,Europe,Social Media
CUST-02735,User2735,user2735@example.com,2025-07-20,North America,Organic Search
CUST-02736,User2736,user2736@example.com,2025-08-02,Asia Pacific,Paid Search
CUST-02737,User2737,user2737@example.com,2024-02-19,Europe,Paid Search
CUST-02738,User2738,user2738@example.com,2025-08-02,North America,Organic Search
CUST-02739,User2739,user2739@example.com,2024-05-14,North America,Organic Search
CUST-02740,User2740,user2740@example.com,2025-05-16,North America,Paid Search
CUST-02741,User2741,user2741@example.com,2025-09-06,North America,Social Media
CUST-02742,User2742,user2742@example.com,2024-11-16,Europe,Paid Search
CUST-02743,User2743,user2743@example.com,2025-03-12,North America,Paid Search
CUST-02744,User2744,user2744@example.com,2025-05-29,Europe,Email Marketing
CUST-02745,User2745,user2745@example.com,2025-06-03,Latin America,Paid Search
CUST-02746,User2746,user2746@example.com,2025-10-24,Europe,Email Marketing
CUST-02747,User2747,user2747@example.com,2025-07-06,North America,Social Media
CUST-02748,User2748,user2748@example.com,2024-02-03,North America,Paid Search
CUST-02749,User2749,user2749@example.com,2024-11-07,Europe,Paid Search
CUST-02750,User2750,user2750@example.com,2025-02-22,Latin America,Referral
CUST-02751,User2751,user2751@example.com,2024-11-30,North America,Email Marketing
CUST-02752,User2752,user2752@example.com,2025-08-31,North America,Social Media
CUST-02753,User2753,user2753@example.com,2025-05-26,Europe,Email Marketing
CUST-02754,User2754,user2754@example.com,2024-06-24,North America,Referral
CUST-02755,User2755,user2755@example.com,2024-02-02,Asia Pacific,Referral
CUST-02756,User2756,user2756@example.com,2025-07-08,Latin America,Paid Search
CUST-02757,User2757,user2757@example.com,2025-01-07,Europe,Paid Search
CUST-02758,User2758,user2758@example.com,2025-06-12,North America,Social Media
CUST-02759,User2759,user2759@example.com,2025-08-18,Europe,Paid Search
CUST-02760,User2760,user2760@example.com,2025-05-07,North America,Organic Search
CUST-02761,User2761,user2761@example.com,2024-10-16,North America,Paid Search
CUST-02762,User2762,user2762@example.com,2024-11-11,North America,Paid Search
CUST-02763,User2763,user2763@example.com,2025-03-25,Europe,Paid Search
CUST-02764,User2764,user2764@example.com,2024-09-09,Europe,Referral
CUST-02765,User2765,user2765@example.com,2024-02-14,North America,Social Media
CUST-02766,User2766,user2766@example.com,2025-03-29,Europe,Paid Search
CUST-02767,User2767,user2767@example.com,2024-05-16,Europe,Paid Search
CUST-02768,User2768,user2768@example.com,2024-10-03,Europe,Paid Search
CUST-02769,User2769,user2769@example.com,2024-10-06,Europe,Referral
CUST-02770,User2770,user2770@example.com,2025-09-30,North America,Paid Search
CUST-02771,User2771,user2771@example.com,2024-03-20,Asia Pacific,Paid Search
CUST-02772,User2772,user2772@example.com,2024-09-30,North America,Organic Search
CUST-02773,User2773,user2773@example.com,2024-07-14,North America,Social Media
CUST-02774,User2774,user2774@example.com,2024-09-27,North America,Social Media
CUST-02775,User2775,user2775@example.com,2025-01-10,North America,Paid Search
CUST-02776,User2776,user2776@example.com,2024-05-06,Asia Pacific,Social Media
CUST-02777,User2777,user2777@example.com,2025-06-27,Asia Pacific,Paid Search
CUST-02778,User2778,user2778@example.com,2025-04-01,Asia Pacific,Referral
CUST-02779,User2779,user2779@example.com,2024-03-27,Latin America,Referral
CUST-02780,User2780,user2780@example.com,2024-07-03,North America,Social Media
CUST-02781,User2781,user2781@example.com,2025-07-23,Europe,Organic Search
CUST-02782,User2782,user2782@example.com,2024-02-12,North America,Paid Search
CUST-02783,User2783,user2783@example.com,2024-06-17,North America,Organic Search
CUST-02784,User2784,user2784@example.com,2024-08-12,Europe,Referral
CUST-02785,User2785,user2785@example.com,2025-10-15,Latin America,Paid Search
CUST-02786,User2786,user2786@example.com,2025-03-23,Asia Pacific,Organic Search
CUST-02787,User2787,user2787@example.com,2025-07-17,Europe,Social Media
CUST-02788,User2788,user2788@example.com,2024-01-16,North America,Organic Search
CUST-02789,User2789,user2789@example.com,2024-08-15,North America,Social Media
CUST-02790,User2790,user2790@example.com,2024-12-30,Europe,Paid Search
CUST-02791,User2791,user2791@example.com,2024-11-10,North America,Referral
CUST-02792,User2792,user2792@example.com,2025-05-22,North America,Email Marketing
CUST-02793,User2793,user2793@example.com,2024-11-22,North America,Social Media
CUST-02794,User2794,user2794@example.com,2025-05-19,Europe,Social Media
CUST-02795,User2795,user2795@example.com,2024-04-10,North America,Email Marketing
CUST-02796,User2796,user2796@example.com,2024-01-15,Europe,Referral
CUST-02797,User2797,user2797@example.com,2025-06-17,Europe,Organic Search
CUST-02798,User2798,user2798@example.com,2024-06-01,North America,Referral
CUST-02799,User2799,user2799@example.com,2024-12-25,Europe,Social Media
CUST-02800,User2800,user2800@example.com,2025-02-07,Europe,Organic Search
CUST-02801,User2801,user2801@example.com,2025-03-05,Europe,Paid Search
CUST-02802,User2802,user2802@example.com,2024-04-05,Asia Pacific,Email Marketing
CUST-02803,User2803,user2803@example.com,2025-04-26,Latin America,Social Media
CUST-02804,User2804,user2804@example.com,2025-01-14,North America,Paid Search
CUST-02805,User2805,user2805@example.com,2025-03-22,North America,Paid Search
CUST-02806,User2806,user2806@example.com,2025-02-26,North America,Paid Search
CUST-02807,User2807,user2807@example.com,2025-05-11,Asia Pacific,Paid Search
CUST-02808,User2808,user2808@example.com,2024-05-30,North America,Referral
CUST-02809,User2809,user2809@example.com,2025-01-25,Europe,Referral
CUST-02810,User2810,user2810@example.com,2024-12-28,Europe,Organic Search
CUST-02811,User2811,user2811@example.com,2025-06-22,North America,Referral
CUST-02812,User2812,user2812@example.com,2024-05-10,North America,Social Media
CUST-02813,User2813,user2813@example.com,2025-07-04,North America,Social Media
CUST-02814,User2814,user2814@example.com,2024-10-09,Europe,Paid Search
CUST-02815,User2815,user2815@example.com,2024-03-22,North America,Social Media
CUST-02816,User2816,user2816@example.com,2024-03-17,Europe,Organic Search
CUST-02817,User2817,user2817@example.com,2024-10-12,Asia Pacific,Organic Search
CUST-02818,User2818,user2818@example.com,2025-03-20,North America,Referral
CUST-02819,User2819,user2819@example.com,2024-11-28,North America,Paid Search
CUST-02820,User2820,user2820@example.com,2024-07-26,Asia Pacific,Referral
CUST-02821,User2821,user2821@example.com,2024-11-23,North America,Paid Search
CUST-02822,User2822,user2822@example.com,2024-07-13,North America,Organic Search
CUST-02823,User2823,user2823@example.com,2024-07-24,North America,Social Media
CUST-02824,User2824,user2824@example.com,2024-09-15,North America,Organic Search
CUST-02825,User2825,user2825@example.com,2024-03-21,Europe,Social Media
CUST-02826,User2826,user2826@example.com,2025-04-19,Asia Pacific,Paid Search
CUST-02827,User2827,user2827@example.com,2024-09-14,North America,Paid Search
CUST-02828,User2828,user2828@example.com,2024-02-15,North America,Organic Search
CUST-02829,User2829,user2829@example.com,2024-09-02,Asia Pacific,Paid Search
CUST-02830,User2830,user2830@example.com,2024-07-02,Asia Pacific,Paid Search
CUST-02831,User2831,user2831@example.com,2024-10-27,North America,Referral
CUST-02832,User2832,user2832@example.com,2025-09-13,Europe,Organic Search
CUST-02833,User2833,user2833@example.com,2024-04-09,Asia Pacific,Social Media
CUST-02834,User2834,user2834@example.com,2025-01-27,North America,Social Media
CUST-02835,User2835,user2835@example.com,2025-03-29,Latin America,Paid Search
CUST-02836,User2836,user2836@example.com,2024-11-26,Europe,Paid Search
CUST-02837,User2837,user2837@example.com,2025-02-02,North America,Social Media
CUST-02838,User2838,user2838@example.com,2024-12-16,Europe,Email Marketing
CUST-02839,User2839,user2839@example.com,2025-06-26,Latin America,Email Marketing
CUST-02840,User2840,user2840@example.com,2024-06-29,North America,Social Media
CUST-02841,User2841,user2841@example.com,2025-09-19,Europe,Organic Search
CUST-02842,User2842,user2842@example.com,2024-07-14,North America,Paid Search
CUST-02843,User2843,user2843@example.com,2025-02-11,Europe,Social Media
CUST-02844,User2844,user2844@example.com,2024-06-17,North America,Organic Search
CUST-02845,User2845,user2845@example.com,2025-02-12,North America,Email Marketing
CUST-02846,User2846,user2846@example.com,2024-07-25,Europe,Organic Search
CUST-02847,User2847,user2847@example.com,2025-02-13,North America,Social Media
CUST-02848,User2848,user2848@example.com,2025-04-04,Asia Pacific,Paid Search
CUST-02849,User2849,user2849@example.com,2025-02-03,Europe,Email Marketing
CUST-02850,User2850,user2850@example.com,2024-11-22,North America,Social Media
CUST-02851,User2851,user2851@example.com,2024-11-18,Europe,Referral
CUST-02852,User2852,user2852@example.com,2024-03-11,North America,Organic Search
CUST-02853,User2853,user2853@example.com,2025-01-02,North America,Email Marketing
CUST-02854,User2854,user2854@example.com,2025-01-11,North America,Paid Search
CUST-02855,User2855,user2855@example.com,2025-03-14,Europe,Paid Search
CUST-02856,User2856,user2856@example.com,2025-07-06,Asia Pacific,Paid Search
CUST-02857,User2857,user2857@example.com,2025-08-03,North America,Paid Search
CUST-02858,User2858,user2858@example.com,2024-06-25,North America,Email Marketing
CUST-02859,User2859,user2859@example.com,2025-08-15,Europe,Social Media
CUST-02860,User2860,user2860@example.com,2024-06-04,North America,Referral
CUST-02861,User2861,user2861@example.com,2025-09-16,Europe,Social Media
CUST-02862,User2862,user2862@example.com,2025-03-22,Europe,Paid Search
CUST-02863,User2863,user2863@example.com,2024-12-07,North America,Paid Search
CUST-02864,User2864,user2864@example.com,2025-06-22,North America,Social Media
CUST-02865,User2865,user2865@example.com,2024-09-02,North America,Paid Search
CUST-02866,User2866,user2866@example.com,2024-12-27,Asia Pacific,Organic Search
CUST-02867,User2867,user2867@example.com,2024-10-26,North America,Paid Search
CUST-02868,User2868,user2868@example.com,2024-12-24,Asia Pacific,Paid Search
CUST-02869,User2869,user2869@example.com,2024-08-29,Asia Pacific,Social Media
CUST-02870,User2870,user2870@example.com,2024-07-27,Asia Pacific,Organic Search
CUST-02871,User2871,user2871@example.com,2025-07-25,Asia Pacific,Paid Search
CUST-02872,User2872,user2872@example.com,2025-03-04,Latin America,Social Media
CUST-02873,User2873,user2873@example.com,2025-03-07,Europe,Social Media
CUST-02874,User2874,user2874@example.com,2024-05-22,Asia Pacific,Paid Search
CUST-02875,User2875,user2875@example.com,2025-07-13,North America,Paid Search
CUST-02876,User2876,user2876@example.com,2025-11-18,North America,Social Media
CUST-02877,User2877,user2877@example.com,2025-06-25,North America,Paid Search
CUST-02878,User2878,user2878@example.com,2024-06-03,Asia Pacific,Organic Search
CUST-02879,User2879,user2879@example.com,2024-06-03,Europe,Organic Search
CUST-02880,User2880,user2880@example.com,2025-12-09,Europe,Social Media
CUST-02881,User2881,user2881@example.com,2024-09-09,North America,Organic Search
CUST-02882,User2882,user2882@example.com,2025-06-02,Latin America,Organic Search
CUST-02883,User2883,user2883@example.com,2024-12-31,Asia Pacific,Paid Search
CUST-02884,User2884,user2884@example.com,2024-11-13,Latin America,Organic Search
CUST-02885,User2885,user2885@example.com,2024-12-12,North America,Paid Search
CUST-02886,User2886,user2886@example.com,2024-04-19,North America,Paid Search
CUST-02887,User2887,user2887@example.com,2025-07-20,Asia Pacific,Organic Search
CUST-02888,User2888,user2888@example.com,2024-04-10,Europe,Organic Search
CUST-02889,User2889,user2889@example.com,2025-11-03,North America,Organic Search
CUST-02890,User2890,user2890@example.com,2024-12-07,North America,Social Media
CUST-02891,User2891,user2891@example.com,2024-09-01,Asia Pacific,Organic Search
CUST-02892,User2892,user2892@example.com,2024-08-16,North America,Paid Search
CUST-02893,User2893,user2893@example.com,2025-05-29,Europe,Paid Search
CUST-02894,User2894,user2894@example.com,2025-03-21,North America,Social Media
CUST-02895,User2895,user2895@example.com,2025-04-18,Asia Pacific,Email Marketing
CUST-02896,User2896,user2896@example.com,2024-05-26,Europe,Organic Search
CUST-02897,User2897,user2897@example.com,2024-04-29,North America,Organic Search
CUST-02898,User2898,user2898@example.com,2025-06-15,Asia Pacific,Paid Search
CUST-02899,User2899,user2899@example.com,2025-02-04,North America,Social Media
CUST-02900,User2900,user2900@example.com,2025-02-08,Asia Pacific,Organic Search
CUST-02901,User2901,user2901@example.com,2024-12-05,North America,Social Media
CUST-02902,User2902,user2902@example.com,2025-02-01,Latin America,Organic Search
CUST-02903,User2903,user2903@example.com,2024-08-26,Asia Pacific,Organic Search
CUST-02904,User2904,user2904@example.com,2024-10-15,North America,Referral
CUST-02905,User2905,user2905@example.com,2025-05-05,Asia Pacific,Paid Search
CUST-02906,User2906,user2906@example.com,2025-07-01,Asia Pacific,Paid Search
CUST-02907,User2907,user2907@example.com,2024-02-20,Europe,Email Marketing
CUST-02908,User2908,user2908@example.com,2024-03-29,North America,Email Marketing
CUST-02909,User2909,user2909@example.com,2024-08-30,Europe,Paid Search
CUST-02910,User2910,user2910@example.com,2024-07-08,Latin America,Email Marketing
CUST-02911,User2911,user2911@example.com,2024-06-06,Europe,Paid Search
CUST-02912,User2912,user2912@example.com,2025-04-15,North America,Email Marketing
CUST-02913,User2913,user2913@example.com,2024-10-17,North America,Email Marketing
CUST-02914,User2914,user2914@example.com,2025-03-24,Europe,Organic Search
CUST-02915,User2915,user2915@example.com,2024-07-21,Asia Pacific,Referral
CUST-02916,User2916,user2916@example.com,2024-01-17,North America,Email Marketing
CUST-02917,User2917,user2917@example.com,2024-04-03,North America,Referral
CUST-02918,User2918,user2918@example.com,2024-10-11,Europe,Paid Search
CUST-02919,User2919,user2919@example.com,2025-08-28,Europe,Referral
CUST-02920,User2920,user2920@example.com,2024-08-09,Latin America,Social Media
CUST-02921,User2921,user2921@example.com,2024-08-16,North America,Paid Search
CUST-02922,User2922,user2922@example.com,2024-12-07,Europe,Organic Search
CUST-02923,User2923,user2923@example.com,2024-10-19,Latin America,Paid Search
CUST-02924,User2924,user2924@example.com,2024-02-06,Asia Pacific,Paid Search
CUST-02925,User2925,user2925@example.com,2024-03-29,Asia Pacific,Social Media
CUST-02926,User2926,user2926@example.com,2024-12-27,Europe,Referral
CUST-02927,User2927,user2927@example.com,2024-12-27,Latin America,Organic Search
CUST-02928,User2928,user2928@example.com,2025-04-16,Asia Pacific,Paid Search
CUST-02929,User2929,user2929@example.com,2025-09-11,North America,Referral
CUST-02930,User2930,user2930@example.com,2024-11-09,Asia Pacific,Email Marketing
CUST-02931,User2931,user2931@example.com,2025-04-23,Europe,Referral
CUST-02932,User2932,user2932@example.com,2024-08-29,North America,Referral
CUST-02933,User2933,user2933@example.com,2025-01-15,North America,Organic Search
CUST-02934,User2934,user2934@example.com,2025-04-16,North America,Social Media
CUST-02935,User2935,user2935@example.com,2024-12-03,North America,Social Media
CUST-02936,User2936,user2936@example.com,2025-01-24,Latin America,Social Media
CUST-02937,User2937,user2937@example.com,2024-03-17,North America,Referral
CUST-02938,User2938,user2938@example.com,2025-05-12,Latin America,Organic Search
CUST-02939,User2939,user2939@example.com,2024-06-01,Europe,Referral
CUST-02940,User2940,user2940@example.com,2024-12-03,Asia Pacific,Organic Search
CUST-02941,User2941,user2941@example.com,2024-06-30,North America,Paid Search
CUST-02942,User2942,user2942@example.com,2025-05-15,North America,Social Media
CUST-02943,User2943,user2943@example.com,2025-07-01,Asia Pacific,Social Media
CUST-02944,User2944,user2944@example.com,2024-05-13,North America,Organic Search
CUST-02945,User2945,user2945@example.com,2024-08-20,Europe,Email Marketing
CUST-02946,User2946,user2946@example.com,2025-01-16,Latin America,Social Media
CUST-02947,User2947,user2947@example.com,2024-07-20,Europe,Paid Search
CUST-02948,User2948,user2948@example.com,2025-08-24,Latin America,Paid Search
CUST-02949,User2949,user2949@example.com,2024-07-11,Europe,Paid Search
CUST-02950,User2950,user2950@example.com,2025-06-06,North America,Paid Search
CUST-02951,User2951,user2951@example.com,2024-06-25,Europe,Paid Search
CUST-02952,User2952,user2952@example.com,2025-04-19,North America,Organic Search
CUST-02953,User2953,user2953@example.com,2025-09-15,Latin America,Organic Search
CUST-02954,User2954,user2954@example.com,2024-11-02,Asia Pacific,Paid Search
CUST-02955,User2955,user2955@example.com,2025-05-16,North America,Organic Search
CUST-02956,User2956,user2956@example.com,2024-11-02,North America,Referral
CUST-02957,User2957,user2957@example.com,2025-03-07,North America,Organic Search
CUST-02958,User2958,user2958@example.com,2024-11-23,North America,Email Marketing
CUST-02959,User2959,user2959@example.com,2024-11-08,North America,Paid Search
CUST-02960,User2960,user2960@example.com,2024-02-08,North America,Social Media
CUST-02961,User2961,user2961@example.com,2024-03-15,North America,Paid Search
CUST-02962,User2962,user2962@example.com,2024-11-14,North America,Social Media
CUST-02963,User2963,user2963@example.com,2024-08-25,Europe,Social Media
CUST-02964,User2964,user2964@example.com,2025-04-24,North America,Social Media
CUST-02965,User2965,user2965@example.com,2024-09-04,North America,Social Media
CUST-02966,User2966,user2966@example.com,2025-03-03,North America,Organic Search
CUST-02967,User2967,user2967@example.com,2024-11-05,Asia Pacific,Email Marketing
CUST-02968,User2968,user2968@example.com,2024-07-02,North America,Paid Search
CUST-02969,User2969,user2969@example.com,2024-12-19,Europe,Email Marketing
CUST-02970,User2970,user2970@example.com,2024-12-20,Asia Pacific,Organic Search
CUST-02971,User2971,user2971@example.com,2024-05-30,Asia Pacific,Organic Search
CUST-02972,User2972,user2972@example.com,2025-01-15,North America,Paid Search
CUST-02973,User2973,user2973@example.com,2024-09-04,Europe,Email Marketing
CUST-02974,User2974,user2974@example.com,2025-02-08,Latin America,Social Media
CUST-02975,User2975,user2975@example.com,2024-10-12,North America,Social Media
CUST-02976,User2976,user2976@example.com,2025-06-09,Asia Pacific,Social Media
CUST-02977,User2977,user2977@example.com,2024-09-22,North America,Organic Search
CUST-02978,User2978,user2978@example.com,2024-05-24,Asia Pacific,Social Media
CUST-02979,User2979,user2979@example.com,2024-04-30,North America,Paid Search
CUST-02980,User2980,user2980@example.com,2025-06-04,North America,Organic Search
CUST-02981,User2981,user2981@example.com,2025-01-14,North America,Social Media
CUST-02982,User2982,user2982@example.com,2024-11-02,Asia Pacific,Email Marketing
CUST-02983,User2983,user2983@example.com,2025-03-22,Asia Pacific,Paid Search
CUST-02984,User2984,user2984@example.com,2025-01-04,North America,Paid Search
CUST-02985,User2985,user2985@example.com,2024-12-15,North America,Referral
CUST-02986,User2986,user2986@example.com,2025-09-19,North America,Social Media
CUST-02987,User2987,user2987@example.com,2024-05-28,Asia Pacific,Referral
CUST-02988,User2988,user2988@example.com,2025-06-01,Europe,Social Media
CUST-02989,User2989,user2989@example.com,2024-01-30,North America,Referral
CUST-02990,User2990,user2990@example.com,2024-10-16,Europe,Organic Search
CUST-02991,User2991,user2991@example.com,2024-03-13,North America,Organic Search
CUST-02992,User2992,user2992@example.com,2024-05-15,North America,Paid Search
CUST-02993,User2993,user2993@example.com,2024-01-30,North America,Paid Search
CUST-02994,User2994,user2994@example.com,2025-03-22,Asia Pacific,Paid Search
CUST-02995,User2995,user2995@example.com,2024-02-21,Europe,Referral
CUST-02996,User2996,user2996@example.com,2024-04-30,North America,Organic Search
CUST-02997,User2997,user2997@example.com,2024-11-18,Asia Pacific,Referral
CUST-02998,User2998,user2998@example.com,2025-02-03,Europe,Social Media
CUST-02999,User2999,user2999@example.com,2024-12-09,Latin America,Organic Search
CUST-03000,User3000,user3000@example.com,2025-05-13,North America,Paid Search
CUST-03001,User3001,user3001@example.com,2024-08-27,North America,Social Media
CUST-03002,User3002,user3002@example.com,2024-11-01,North America,Paid Search
CUST-03003,User3003,user3003@example.com,2024-09-24,Latin America,Paid Search
CUST-03004,User3004,user3004@example.com,2025-10-16,Europe,Organic Search
CUST-03005,User3005,user3005@example.com,2024-11-07,North America,Organic Search
CUST-03006,User3006,user3006@example.com,2024-04-02,Europe,Organic Search
CUST-03007,User3007,user3007@example.com,2024-08-24,Asia Pacific,Paid Search
CUST-03008,User3008,user3008@example.com,2024-02-16,Europe,Organic Search
CUST-03009,User3009,user3009@example.com,2024-03-30,Latin America,Organic Search
CUST-03010,User3010,user3010@example.com,2025-09-29,Europe,Social Media
CUST-03011,User3011,user3011@example.com,2024-02-14,North America,Social Media
CUST-03012,User3012,user3012@example.com,2025-07-03,North America,Organic Search
CUST-03013,User3013,user3013@example.com,2024-12-07,North America,Paid Search
CUST-03014,User3014,user3014@example.com,2024-07-24,Europe,Social Media
CUST-03015,User3015,user3015@example.com,2025-05-17,Europe,Referral
CUST-03016,User3016,user3016@example.com,2024-10-30,Europe,Paid Search
CUST-03017,User3017,user3017@example.com,2024-10-16,Europe,Referral
CUST-03018,User3018,user3018@example.com,2025-04-02,Europe,Referral
CUST-03019,User3019,user3019@example.com,2024-01-28,Europe,Organic Search
CUST-03020,User3020,user3020@example.com,2024-08-09,Europe,Referral
CUST-03021,User3021,user3021@example.com,2024-08-04,Europe,Social Media
CUST-03022,User3022,user3022@example.com,2025-08-05,North America,Social Media
CUST-03023,User3023,user3023@example.com,2024-11-27,North America,Organic Search
CUST-03024,User3024,user3024@example.com,2025-05-28,North America,Organic Search
CUST-03025,User3025,user3025@example.com,2024-05-30,Latin America,Paid Search
CUST-03026,User3026,user3026@example.com,2024-06-12,Europe,Paid Search
CUST-03027,User3027,user3027@example.com,2024-10-06,Europe,Organic Search
CUST-03028,User3028,user3028@example.com,2024-05-27,North America,Paid Search
CUST-03029,User3029,user3029@example.com,2024-05-15,Europe,Organic Search
CUST-03030,User3030,user3030@example.com,2024-03-04,Asia Pacific,Social Media
CUST-03031,User3031,user3031@example.com,2024-08-27,North America,Organic Search
CUST-03032,User3032,user3032@example.com,2024-12-26,Asia Pacific,Paid Search
CUST-03033,User3033,user3033@example.com,2025-04-04,Europe,Paid Search
CUST-03034,User3034,user3034@example.com,2024-03-11,North America,Social Media
CUST-03035,User3035,user3035@example.com,2024-09-14,North America,Organic Search
CUST-03036,User3036,user3036@example.com,2025-05-07,North America,Email Marketing
CUST-03037,User3037,user3037@example.com,2025-01-12,Latin America,Organic Search
CUST-03038,User3038,user3038@example.com,2024-04-27,North America,Organic Search
CUST-03039,User3039,user3039@example.com,2024-05-02,North America,Social Media
CUST-03040,User3040,user3040@example.com,2024-06-24,North America,Social Media
CUST-03041,User3041,user3041@example.com,2025-08-13,Asia Pacific,Social Media
CUST-03042,User3042,user3042@example.com,2024-07-06,Europe,Email Marketing
CUST-03043,User3043,user3043@example.com,2024-05-17,North America,Social Media
CUST-03044,User3044,user3044@example.com,2025-07-15,North America,Paid Search
CUST-03045,User3045,user3045@example.com,2025-10-24,North America,Referral
CUST-03046,User3046,user3046@example.com,2025-05-28,North America,Paid Search
CUST-03047,User3047,user3047@example.com,2025-08-17,North America,Social Media
CUST-03048,User3048,user3048@example.com,2024-12-28,Asia Pacific,Email Marketing
CUST-03049,User3049,user3049@example.com,2025-04-25,Asia Pacific,Paid Search
CUST-03050,User3050,user3050@example.com,2025-04-19,North America,Organic Search
CUST-03051,User3051,user3051@example.com,2024-11-01,North America,Social Media
CUST-03052,User3052,user3052@example.com,2025-10-05,Asia Pacific,Email Marketing
CUST-03053,User3053,user3053@example.com,2025-01-01,Europe,Organic Search
CUST-03054,User3054,user3054@example.com,2025-07-02,North America,Organic Search
CUST-03055,User3055,user3055@example.com,2024-11-13,North America,Organic Search
CUST-03056,User3056,user3056@example.com,2025-01-08,Latin America,Referral
CUST-03057,User3057,user3057@example.com,2024-11-07,North America,Referral
CUST-03058,User3058,user3058@example.com,2024-03-14,North America,Social Media
CUST-03059,User3059,user3059@example.com,2024-10-15,North America,Referral
CUST-03060,User3060,user3060@example.com,2025-09-25,North America,Referral
CUST-03061,User3061,user3061@example.com,2025-02-28,Europe,Social Media
CUST-03062,User3062,user3062@example.com,2024-09-22,Europe,Social Media
CUST-03063,User3063,user3063@example.com,2024-12-27,Europe,Referral
CUST-03064,User3064,user3064@example.com,2024-12-08,Latin America,Social Media
CUST-03065,User3065,user3065@example.com,2024-09-04,North America,Paid Search
CUST-03066,User3066,user3066@example.com,2024-02-19,North America,Referral
CUST-03067,User3067,user3067@example.com,2025-10-11,Europe,Paid Search
CUST-03068,User3068,user3068@example.com,2024-12-15,North America,Email Marketing
CUST-03069,User3069,user3069@example.com,2025-02-02,Latin America,Referral
CUST-03070,User3070,user3070@example.com,2025-01-07,Asia Pacific,Paid Search
CUST-03071,User3071,user3071@example.com,2024-11-01,North America,Organic Search
CUST-03072,User3072,user3072@example.com,2025-04-01,Latin America,Organic Search
CUST-03073,User3073,user3073@example.com,2024-09-02,North America,Email Marketing
CUST-03074,User3074,user3074@example.com,2025-04-19,North America,Email Marketing
CUST-03075,User3075,user3075@example.com,2025-10-21,Latin America,Referral
CUST-03076,User3076,user3076@example.com,2025-05-29,Europe,Social Media
CUST-03077,User3077,user3077@example.com,2024-11-04,North America,Paid Search
CUST-03078,User3078,user3078@example.com,2025-05-23,Europe,Organic Search
CUST-03079,User3079,user3079@example.com,2024-11-12,Asia Pacific,Paid Search
CUST-03080,User3080,user3080@example.com,2025-06-05,North America,Paid Search
CUST-03081,User3081,user3081@example.com,2024-12-10,Europe,Organic Search
CUST-03082,User3082,user3082@example.com,2024-01-28,North America,Paid Search
CUST-03083,User3083,user3083@example.com,2024-11-28,Europe,Paid Search
CUST-03084,User3084,user3084@example.com,2024-04-11,Asia Pacific,Paid Search
CUST-03085,User3085,user3085@example.com,2025-09-08,Europe,Email Marketing
CUST-03086,User3086,user3086@example.com,2025-10-04,Europe,Organic Search
CUST-03087,User3087,user3087@example.com,2024-11-19,North America,Organic Search
CUST-03088,User3088,user3088@example.com,2025-09-21,North America,Paid Search
CUST-03089,User3089,user3089@example.com,2025-07-25,Europe,Email Marketing
CUST-03090,User3090,user3090@example.com,2025-02-17,North America,Referral
CUST-03091,User3091,user3091@example.com,2025-01-22,North America,Email Marketing
CUST-03092,User3092,user3092@example.com,2024-09-10,Europe,Social Media
CUST-03093,User3093,user3093@example.com,2025-02-28,Europe,Paid Search
CUST-03094,User3094,user3094@example.com,2024-03-24,North America,Organic Search
CUST-03095,User3095,user3095@example.com,2025-01-13,Asia Pacific,Email Marketing
CUST-03096,User3096,user3096@example.com,2025-06-14,North America,Paid Search
CUST-03097,User3097,user3097@example.com,2025-03-12,Europe,Paid Search
CUST-03098,User3098,user3098@example.com,2024-10-12,North America,Paid Search
CUST-03099,User3099,user3099@example.com,2024-10-11,North America,Referral
CUST-03100,User3100,user3100@example.com,2025-01-12,Europe,Paid Search
CUST-03101,User3101,user3101@example.com,2025-08-24,North America,Referral
CUST-03102,User3102,user3102@example.com,2024-03-11,North America,Organic Search
CUST-03103,User3103,user3103@example.com,2024-04-16,North America,Social Media
CUST-03104,User3104,user3104@example.com,2025-02-21,North America,Social Media
CUST-03105,User3105,user3105@example.com,2024-12-29,Europe,Organic Search
CUST-03106,User3106,user3106@example.com,2024-07-22,North America,Social Media
CUST-03107,User3107,user3107@example.com,2024-11-02,Latin America,Organic Search
CUST-03108,User3108,user3108@example.com,2024-07-25,North America,Social Media
CUST-03109,User3109,user3109@example.com,2025-04-13,Asia Pacific,Organic Search
CUST-03110,User3110,user3110@example.com,2025-06-18,Europe,Paid Search
CUST-03111,User3111,user3111@example.com,2024-09-28,North America,Paid Search
CUST-03112,User3112,user3112@example.com,2024-11-24,Asia Pacific,Organic Search
CUST-03113,User3113,user3113@example.com,2024-01-17,Europe,Social Media
CUST-03114,User3114,user3114@example.com,2025-05-12,North America,Paid Search
CUST-03115,User3115,user3115@example.com,2025-06-23,North America,Paid Search
CUST-03116,User3116,user3116@example.com,2025-01-27,Europe,Email Marketing
CUST-03117,User3117,user3117@example.com,2024-12-04,Europe,Social Media
CUST-03118,User3118,user3118@example.com,2025-01-14,Europe,Organic Search
CUST-03119,User3119,user3119@example.com,2024-12-03,Asia Pacific,Organic Search
CUST-03120,User3120,user3120@example.com,2024-09-30,North America,Paid Search
CUST-03121,User3121,user3121@example.com,2025-10-23,North America,Referral
CUST-03122,User3122,user3122@example.com,2024-09-21,Europe,Referral
CUST-03123,User3123,user3123@example.com,2024-05-17,Europe,Social Media
CUST-03124,User3124,user3124@example.com,2024-03-09,North America,Paid Search
CUST-03125,User3125,user3125@example.com,2024-03-05,North America,Email Marketing
CUST-03126,User3126,user3126@example.com,2025-09-18,North America,Email Marketing
CUST-03127,User3127,user3127@example.com,2025-08-17,North America,Paid Search
CUST-03128,User3128,user3128@example.com,2024-07-26,North America,Email Marketing
CUST-03129,User3129,user3129@example.com,2024-07-04,Europe,Social Media
CUST-03130,User3130,user3130@example.com,2024-09-09,North America,Paid Search
CUST-03131,User3131,user3131@example.com,2025-03-01,Asia Pacific,Paid Search
CUST-03132,User3132,user3132@example.com,2024-10-20,North America,Organic Search
CUST-03133,User3133,user3133@example.com,2024-11-08,North America,Paid Search
CUST-03134,User3134,user3134@example.com,2025-02-02,Europe,Email Marketing
CUST-03135,User3135,user3135@example.com,2024-01-07,Europe,Organic Search
CUST-03136,User3136,user3136@example.com,2024-12-30,North America,Email Marketing
CUST-03137,User3137,user3137@example.com,2025-02-03,Europe,Social Media
CUST-03138,User3138,user3138@example.com,2025-02-20,Latin America,Organic Search
CUST-03139,User3139,user3139@example.com,2025-03-24,North America,Paid Search
CUST-03140,User3140,user3140@example.com,2024-05-18,North America,Organic Search
CUST-03141,User3141,user3141@example.com,2024-03-25,North America,Paid Search
CUST-03142,User3142,user3142@example.com,2024-11-16,North America,Paid Search
CUST-03143,User3143,user3143@example.com,2024-07-24,Europe,Referral
CUST-03144,User3144,user3144@example.com,2024-04-06,North America,Paid Search
CUST-03145,User3145,user3145@example.com,2025-01-29,Europe,Social Media
CUST-03146,User3146,user3146@example.com,2025-06-26,Europe,Email Marketing
CUST-03147,User3147,user3147@example.com,2024-06-21,Europe,Social Media
CUST-03148,User3148,user3148@example.com,2025-02-09,North America,Organic Search
CUST-03149,User3149,user3149@example.com,2025-05-07,Europe,Social Media
CUST-03150,User3150,user3150@example.com,2024-05-18,Latin America,Email Marketing
CUST-03151,User3151,user3151@example.com,2025-01-08,Asia Pacific,Email Marketing
CUST-03152,User3152,user3152@example.com,2024-11-04,Europe,Email Marketing
CUST-03153,User3153,user3153@example.com,2025-01-19,North America,Social Media
CUST-03154,User3154,user3154@example.com,2024-03-09,North America,Email Marketing
CUST-03155,User3155,user3155@example.com,2025-05-20,Asia Pacific,Paid Search
CUST-03156,User3156,user3156@example.com,2024-04-16,Europe,Paid Search
CUST-03157,User3157,user3157@example.com,2024-06-12,Asia Pacific,Social Media
CUST-03158,User3158,user3158@example.com,2024-10-30,North America,Social Media
CUST-03159,User3159,user3159@example.com,2025-03-11,North America,Email Marketing
CUST-03160,User3160,user3160@example.com,2024-08-15,North America,Organic Search
CUST-03161,User3161,user3161@example.com,2024-05-27,North America,Social Media
CUST-03162,User3162,user3162@example.com,2025-04-13,Europe,Paid Search
CUST-03163,User3163,user3163@example.com,2025-05-06,Europe,Email Marketing
CUST-03164,User3164,user3164@example.com,2024-10-16,Europe,Paid Search
CUST-03165,User3165,user3165@example.com,2025-04-14,North America,Paid Search
CUST-03166,User3166,user3166@example.com,2025-03-24,North America,Organic Search
CUST-03167,User3167,user3167@example.com,2024-01-15,North America,Social Media
CUST-03168,User3168,user3168@example.com,2025-08-16,Europe,Referral
CUST-03169,User3169,user3169@example.com,2025-02-06,North America,Paid Search
CUST-03170,User3170,user3170@example.com,2024-04-01,North America,Paid Search
CUST-03171,User3171,user3171@example.com,2025-10-12,Europe,Organic Search
CUST-03172,User3172,user3172@example.com,2025-03-29,Europe,Paid Search
CUST-03173,User3173,user3173@example.com,2024-12-10,Europe,Social Media
CUST-03174,User3174,user3174@example.com,2025-06-18,Asia Pacific,Paid Search
CUST-03175,User3175,user3175@example.com,2025-09-12,North America,Social Media
CUST-03176,User3176,user3176@example.com,2024-06-28,Europe,Paid Search
CUST-03177,User3177,user3177@example.com,2025-04-11,North America,Social Media
CUST-03178,User3178,user3178@example.com,2025-01-27,Asia Pacific,Organic Search
CUST-03179,User3179,user3179@example.com,2024-12-06,North America,Paid Search
CUST-03180,User3180,user3180@example.com,2025-03-31,Europe,Social Media
CUST-03181,User3181,user3181@example.com,2024-10-24,North America,Paid Search
CUST-03182,User3182,user3182@example.com,2025-05-20,Latin America,Email Marketing
CUST-03183,User3183,user3183@example.com,2025-07-06,Europe,Referral
CUST-03184,User3184,user3184@example.com,2024-09-10,North America,Paid Search
CUST-03185,User3185,user3185@example.com,2024-12-10,North America,Organic Search
CUST-03186,User3186,user3186@example.com,2024-01-23,North America,Paid Search
CUST-03187,User3187,user3187@example.com,2024-07-01,North America,Paid Search
CUST-03188,User3188,user3188@example.com,2024-12-05,North America,Organic Search
CUST-03189,User3189,user3189@example.com,2024-11-24,North America,Organic Search
CUST-03190,User3190,user3190@example.com,2025-07-19,Europe,Organic Search
CUST-03191,User3191,user3191@example.com,2024-06-02,Europe,Organic Search
CUST-03192,User3192,user3192@example.com,2024-12-14,Latin America,Paid Search
CUST-03193,User3193,user3193@example.com,2024-03-23,North America,Paid Search
CUST-03194,User3194,user3194@example.com,2024-07-22,Asia Pacific,Social Media
CUST-03195,User3195,user3195@example.com,2025-02-14,North America,Social Media
CUST-03196,User3196,user3196@example.com,2025-08-24,Latin America,Referral
CUST-03197,User3197,user3197@example.com,2024-06-20,Latin America,Social Media
CUST-03198,User3198,user3198@example.com,2024-04-23,Europe,Paid Search
CUST-03199,User3199,user3199@example.com,2025-04-22,North America,Referral
CUST-03200,User3200,user3200@example.com,2024-09-13,Europe,Email Marketing
CUST-03201,User3201,user3201@example.com,2024-05-09,Europe,Paid Search
CUST-03202,User3202,user3202@example.com,2025-05-10,Asia Pacific,Paid Search
CUST-03203,User3203,user3203@example.com,2025-07-16,Latin America,Paid Search
CUST-03204,User3204,user3204@example.com,2024-09-28,Asia Pacific,Organic Search
CUST-03205,User3205,user3205@example.com,2024-01-19,North America,Referral
CUST-03206,User3206,user3206@example.com,2024-08-11,Asia Pacific,Organic Search
CUST-03207,User3207,user3207@example.com,2025-01-28,Europe,Social Media
CUST-03208,User3208,user3208@example.com,2025-03-23,Asia Pacific,Referral
CUST-03209,User3209,user3209@example.com,2025-02-09,North America,Organic Search
CUST-03210,User3210,user3210@example.com,2024-09-12,North America,Organic Search
CUST-03211,User3211,user3211@example.com,2024-04-27,North America,Organic Search
CUST-03212,User3212,user3212@example.com,2025-03-20,North America,Organic Search
CUST-03213,User3213,user3213@example.com,2025-05-18,North America,Paid Search
CUST-03214,User3214,user3214@example.com,2025-06-01,Europe,Paid Search
CUST-03215,User3215,user3215@example.com,2024-10-21,North America,Email Marketing
CUST-03216,User3216,user3216@example.com,2024-12-19,North America,Organic Search
CUST-03217,User3217,user3217@example.com,2024-02-29,North America,Organic Search
CUST-03218,User3218,user3218@example.com,2025-06-07,Asia Pacific,Social Media
CUST-03219,User3219,user3219@example.com,2024-09-09,Asia Pacific,Social Media
CUST-03220,User3220,user3220@example.com,2025-09-28,Europe,Paid Search
CUST-03221,User3221,user3221@example.com,2025-02-03,Latin America,Referral
CUST-03222,User3222,user3222@example.com,2024-02-23,Europe,Referral
CUST-03223,User3223,user3223@example.com,2025-05-21,North America,Organic Search
CUST-03224,User3224,user3224@example.com,2024-09-17,North America,Organic Search
CUST-03225,User3225,user3225@example.com,2024-12-18,North America,Organic Search
CUST-03226,User3226,user3226@example.com,2024-05-03,Europe,Organic Search
CUST-03227,User3227,user3227@example.com,2024-02-18,Europe,Social Media
CUST-03228,User3228,user3228@example.com,2024-12-13,North America,Paid Search
CUST-03229,User3229,user3229@example.com,2024-04-07,Asia Pacific,Paid Search
CUST-03230,User3230,user3230@example.com,2025-05-11,North America,Social Media
CUST-03231,User3231,user3231@example.com,2024-12-11,Europe,Social Media
CUST-03232,User3232,user3232@example.com,2024-06-13,Europe,Paid Search
CUST-03233,User3233,user3233@example.com,2024-09-29,North America,Paid Search
CUST-03234,User3234,user3234@example.com,2024-04-21,Asia Pacific,Email Marketing
CUST-03235,User3235,user3235@example.com,2024-06-30,Latin America,Social Media
CUST-03236,User3236,user3236@example.com,2024-02-09,North America,Social Media
CUST-03237,User3237,user3237@example.com,2025-04-28,North America,Organic Search
CUST-03238,User3238,user3238@example.com,2024-07-25,Europe,Paid Search
CUST-03239,User3239,user3239@example.com,2024-08-15,Asia Pacific,Social Media
CUST-03240,User3240,user3240@example.com,2025-01-22,North America,Paid Search
CUST-03241,User3241,user3241@example.com,2025-05-20,North America,Email Marketing
CUST-03242,User3242,user3242@example.com,2025-06-01,Asia Pacific,Paid Search
CUST-03243,User3243,user3243@example.com,2024-05-21,Europe,Paid Search
CUST-03244,User3244,user3244@example.com,2024-12-18,Europe,Referral
CUST-03245,User3245,user3245@example.com,2024-09-29,North America,Social Media
CUST-03246,User3246,user3246@example.com,2024-04-11,Asia Pacific,Paid Search
CUST-03247,User3247,user3247@example.com,2025-03-16,Europe,Paid Search
CUST-03248,User3248,user3248@example.com,2024-11-03,Asia Pacific,Social Media
CUST-03249,User3249,user3249@example.com,2025-08-15,North America,Paid Search
CUST-03250,User3250,user3250@example.com,2024-04-26,Europe,Organic Search
CUST-03251,User3251,user3251@example.com,2025-09-12,Europe,Paid Search
CUST-03252,User3252,user3252@example.com,2025-05-16,Asia Pacific,Social Media
CUST-03253,User3253,user3253@example.com,2024-03-07,North America,Email Marketing
CUST-03254,User3254,user3254@example.com,2024-06-09,North America,Social Media
CUST-03255,User3255,user3255@example.com,2024-07-10,North America,Referral
CUST-03256,User3256,user3256@example.com,2025-04-16,North America,Paid Search
CUST-03257,User3257,user3257@example.com,2024-05-28,Europe,Paid Search
CUST-03258,User3258,user3258@example.com,2025-06-06,North America,Referral
CUST-03259,User3259,user3259@example.com,2024-04-22,Europe,Email Marketing
CUST-03260,User3260,user3260@example.com,2024-04-24,North America,Paid Search
CUST-03261,User3261,user3261@example.com,2024-05-05,North America,Social Media
CUST-03262,User3262,user3262@example.com,2024-11-08,North America,Social Media
CUST-03263,User3263,user3263@example.com,2025-08-07,North America,Paid Search
CUST-03264,User3264,user3264@example.com,2025-01-07,North America,Organic Search
CUST-03265,User3265,user3265@example.com,2024-06-05,North America,Paid Search
CUST-03266,User3266,user3266@example.com,2025-10-14,North America,Paid Search
CUST-03267,User3267,user3267@example.com,2025-10-15,North America,Social Media
CUST-03268,User3268,user3268@example.com,2024-02-02,Asia Pacific,Organic Search
CUST-03269,User3269,user3269@example.com,2025-04-28,North America,Organic Search
CUST-03270,User3270,user3270@example.com,2024-12-15,Asia Pacific,Organic Search
CUST-03271,User3271,user3271@example.com,2025-06-17,Europe,Email Marketing
CUST-03272,User3272,user3272@example.com,2024-04-10,Latin America,Paid Search
CUST-03273,User3273,user3273@example.com,2025-11-01,North America,Social Media
CUST-03274,User3274,user3274@example.com,2025-11-04,Asia Pacific,Email Marketing
CUST-03275,User3275,user3275@example.com,2025-08-19,North America,Email Marketing
CUST-03276,User3276,user3276@example.com,2024-05-09,Asia Pacific,Paid Search
CUST-03277,User3277,user3277@example.com,2025-01-26,North America,Paid Search
CUST-03278,User3278,user3278@example.com,2024-05-05,North America,Email Marketing
CUST-03279,User3279,user3279@example.com,2025-04-17,Europe,Referral
CUST-03280,User3280,user3280@example.com,2025-10-17,North America,Social Media
CUST-03281,User3281,user3281@example.com,2024-06-25,Asia Pacific,Organic Search
CUST-03282,User3282,user3282@example.com,2025-03-07,Europe,Organic Search
CUST-03283,User3283,user3283@example.com,2025-07-13,North America,Referral
CUST-03284,User3284,user3284@example.com,2024-06-26,North America,Organic Search
CUST-03285,User3285,user3285@example.com,2024-02-09,North America,Social Media
CUST-03286,User3286,user3286@example.com,2024-02-24,North America,Referral
CUST-03287,User3287,user3287@example.com,2024-05-25,Europe,Referral
CUST-03288,User3288,user3288@example.com,2024-07-25,Europe,Social Media
CUST-03289,User3289,user3289@example.com,2024-12-03,North America,Organic Search
CUST-03290,User3290,user3290@example.com,2024-03-07,North America,Social Media
CUST-03291,User3291,user3291@example.com,2024-04-09,Europe,Organic Search
CUST-03292,User3292,user3292@example.com,2024-07-25,Europe,Paid Search
CUST-03293,User3293,user3293@example.com,2025-05-14,Europe,Organic Search
CUST-03294,User3294,user3294@example.com,2024-03-14,Europe,Organic Search
CUST-03295,User3295,user3295@example.com,2024-11-04,North America,Paid Search
CUST-03296,User3296,user3296@example.com,2025-09-03,Asia Pacific,Paid Search
CUST-03297,User3297,user3297@example.com,2025-09-08,North America,Social Media
CUST-03298,User3298,user3298@example.com,2025-08-16,Asia Pacific,Paid Search
CUST-03299,User3299,user3299@example.com,2025-09-25,North America,Paid Search
CUST-03300,User3300,user3300@example.com,2025-02-13,Europe,Social Media
CUST-03301,User3301,user3301@example.com,2024-03-16,Europe,Paid Search
CUST-03302,User3302,user3302@example.com,2024-03-23,Europe,Email Marketing
CUST-03303,User3303,user3303@example.com,2024-05-25,North America,Social Media
CUST-03304,User3304,user3304@example.com,2024-05-13,Europe,Referral
CUST-03305,User3305,user3305@example.com,2024-04-09,North America,Organic Search
CUST-03306,User3306,user3306@example.com,2024-04-08,Latin America,Paid Search
CUST-03307,User3307,user3307@example.com,2024-09-16,Europe,Paid Search
CUST-03308,User3308,user3308@example.com,2024-11-09,North America,Referral
CUST-03309,User3309,user3309@example.com,2025-11-16,Europe,Social Media
CUST-03310,User3310,user3310@example.com,2025-08-24,North America,Organic Search
CUST-03311,User3311,user3311@example.com,2024-01-08,Europe,Social Media
CUST-03312,User3312,user3312@example.com,2024-12-30,North America,Organic Search
CUST-03313,User3313,user3313@example.com,2025-09-11,Latin America,Social Media
CUST-03314,User3314,user3314@example.com,2025-02-12,North America,Paid Search
CUST-03315,User3315,user3315@example.com,2024-12-20,North America,Paid Search
CUST-03316,User3316,user3316@example.com,2025-09-01,Latin America,Paid Search
CUST-03317,User3317,user3317@example.com,2024-02-08,Europe,Paid Search
CUST-03318,User3318,user3318@example.com,2025-01-14,North America,Organic Search
CUST-03319,User3319,user3319@example.com,2025-02-19,Asia Pacific,Paid Search
CUST-03320,User3320,user3320@example.com,2024-09-09,North America,Referral
CUST-03321,User3321,user3321@example.com,2024-02-16,Europe,Paid Search
CUST-03322,User3322,user3322@example.com,2025-06-18,North America,Referral
CUST-03323,User3323,user3323@example.com,2025-03-25,Asia Pacific,Social Media
CUST-03324,User3324,user3324@example.com,2025-02-06,North America,Social Media
CUST-03325,User3325,user3325@example.com,2024-02-27,North America,Paid Search
CUST-03326,User3326,user3326@example.com,2024-01-17,North America,Paid Search
CUST-03327,User3327,user3327@example.com,2025-01-25,North America,Social Media
CUST-03328,User3328,user3328@example.com,2025-05-02,Europe,Organic Search
CUST-03329,User3329,user3329@example.com,2025-01-13,North America,Paid Search
CUST-03330,User3330,user3330@example.com,2024-10-26,North America,Referral
CUST-03331,User3331,user3331@example.com,2025-01-07,Europe,Social Media
CUST-03332,User3332,user3332@example.com,2024-12-16,Europe,Paid Search
CUST-03333,User3333,user3333@example.com,2025-08-19,North America,Organic Search
CUST-03334,User3334,user3334@example.com,2024-11-29,Latin America,Paid Search
CUST-03335,User3335,user3335@example.com,2025-05-06,North America,Paid Search
CUST-03336,User3336,user3336@example.com,2025-04-04,Europe,Referral
CUST-03337,User3337,user3337@example.com,2025-01-18,North America,Social Media
CUST-03338,User3338,user3338@example.com,2025-07-31,Europe,Social Media
CUST-03339,User3339,user3339@example.com,2024-11-21,North America,Organic Search
CUST-03340,User3340,user3340@example.com,2025-04-19,Europe,Organic Search
CUST-03341,User3341,user3341@example.com,2024-10-15,Asia Pacific,Social Media
CUST-03342,User3342,user3342@example.com,2025-04-01,Europe,Email Marketing
CUST-03343,User3343,user3343@example.com,2024-02-23,Asia Pacific,Paid Search
CUST-03344,User3344,user3344@example.com,2025-08-20,North America,Paid Search
CUST-03345,User3345,user3345@example.com,2024-11-24,Europe,Organic Search
CUST-03346,User3346,user3346@example.com,2024-02-05,North America,Paid Search
CUST-03347,User3347,user3347@example.com,2025-08-11,North America,Organic Search
CUST-03348,User3348,user3348@example.com,2024-05-21,Latin America,Organic Search
CUST-03349,User3349,user3349@example.com,2024-07-20,Europe,Social Media
CUST-03350,User3350,user3350@example.com,2025-12-20,Europe,Paid Search
CUST-03351,User3351,user3351@example.com,2025-06-08,North America,Organic Search
CUST-03352,User3352,user3352@example.com,2025-08-02,North America,Paid Search
CUST-03353,User3353,user3353@example.com,2024-12-12,North America,Paid Search
CUST-03354,User3354,user3354@example.com,2025-08-10,North America,Paid Search
CUST-03355,User3355,user3355@example.com,2024-12-06,Asia Pacific,Paid Search
CUST-03356,User3356,user3356@example.com,2025-05-25,Latin America,Paid Search
CUST-03357,User3357,user3357@example.com,2024-10-08,North America,Referral
CUST-03358,User3358,user3358@example.com,2024-09-22,North America,Email Marketing
CUST-03359,User3359,user3359@example.com,2024-09-05,Europe,Referral
CUST-03360,User3360,user3360@example.com,2024-05-01,Europe,Paid Search
CUST-03361,User3361,user3361@example.com,2024-06-24,North America,Referral
CUST-03362,User3362,user3362@example.com,2024-10-11,Europe,Paid Search
CUST-03363,User3363,user3363@example.com,2025-05-06,Europe,Organic Search
CUST-03364,User3364,user3364@example.com,2025-06-19,Asia Pacific,Organic Search
CUST-03365,User3365,user3365@example.com,2024-05-22,Europe,Organic Search
CUST-03366,User3366,user3366@example.com,2025-07-12,Europe,Paid Search
CUST-03367,User3367,user3367@example.com,2024-08-31,Latin America,Paid Search
CUST-03368,User3368,user3368@example.com,2025-08-14,Europe,Email Marketing
CUST-03369,User3369,user3369@example.com,2025-05-26,Latin America,Paid Search
CUST-03370,User3370,user3370@example.com,2024-02-26,Asia Pacific,Referral
CUST-03371,User3371,user3371@example.com,2024-01-10,Asia Pacific,Social Media
CUST-03372,User3372,user3372@example.com,2024-06-27,Europe,Paid Search
CUST-03373,User3373,user3373@example.com,2024-04-11,Europe,Social Media
CUST-03374,User3374,user3374@example.com,2025-08-22,North America,Organic Search
CUST-03375,User3375,user3375@example.com,2024-09-13,Asia Pacific,Organic Search
CUST-03376,User3376,user3376@example.com,2025-02-16,Asia Pacific,Paid Search
CUST-03377,User3377,user3377@example.com,2024-04-22,North America,Social Media
CUST-03378,User3378,user3378@example.com,2025-01-07,Latin America,Organic Search
CUST-03379,User3379,user3379@example.com,2025-05-07,North America,Organic Search
CUST-03380,User3380,user3380@example.com,2025-03-10,Europe,Organic Search
CUST-03381,User3381,user3381@example.com,2025-04-24,North America,Email Marketing
CUST-03382,User3382,user3382@example.com,2024-10-15,North America,Organic Search
CUST-03383,User3383,user3383@example.com,2025-04-16,North America,Organic Search
CUST-03384,User3384,user3384@example.com,2024-03-24,North America,Organic Search
CUST-03385,User3385,user3385@example.com,2025-01-13,Latin America,Organic Search
CUST-03386,User3386,user3386@example.com,2024-07-09,Europe,Email Marketing
CUST-03387,User3387,user3387@example.com,2024-12-10,Latin America,Email Marketing
CUST-03388,User3388,user3388@example.com,2024-08-30,North America,Organic Search
CUST-03389,User3389,user3389@example.com,2024-01-20,North America,Organic Search
CUST-03390,User3390,user3390@example.com,2025-03-27,North America,Organic Search
CUST-03391,User3391,user3391@example.com,2024-04-23,North America,Social Media
CUST-03392,User3392,user3392@example.com,2025-01-11,North America,Referral
CUST-03393,User3393,user3393@example.com,2024-12-03,Asia Pacific,Paid Search
CUST-03394,User3394,user3394@example.com,2025-08-10,North America,Social Media
CUST-03395,User3395,user3395@example.com,2024-02-10,Europe,Paid Search
CUST-03396,User3396,user3396@example.com,2025-08-22,North America,Organic Search
CUST-03397,User3397,user3397@example.com,2024-02-25,Latin America,Referral
CUST-03398,User3398,user3398@example.com,2024-06-01,Europe,Email Marketing
CUST-03399,User3399,user3399@example.com,2024-03-30,North America,Social Media
CUST-03400,User3400,user3400@example.com,2024-10-29,North America,Referral
CUST-03401,User3401,user3401@example.com,2024-09-24,Latin America,Organic Search
CUST-03402,User3402,user3402@example.com,2024-07-17,North America,Referral
CUST-03403,User3403,user3403@example.com,2025-07-26,North America,Social Media
CUST-03404,User3404,user3404@example.com,2024-12-18,North America,Paid Search
CUST-03405,User3405,user3405@example.com,2025-06-08,North America,Organic Search
CUST-03406,User3406,user3406@example.com,2024-05-12,North America,Organic Search
CUST-03407,User3407,user3407@example.com,2024-07-24,Europe,Social Media
CUST-03408,User3408,user3408@example.com,2024-03-18,North America,Paid Search
CUST-03409,User3409,user3409@example.com,2024-05-10,North America,Paid Search
CUST-03410,User3410,user3410@example.com,2024-01-16,Latin America,Organic Search
CUST-03411,User3411,user3411@example.com,2024-08-08,North America,Email Marketing
CUST-03412,User3412,user3412@example.com,2025-09-13,North America,Social Media
CUST-03413,User3413,user3413@example.com,2025-02-21,Europe,Social Media
CUST-03414,User3414,user3414@example.com,2025-02-09,Europe,Paid Search
CUST-03415,User3415,user3415@example.com,2024-06-23,Europe,Paid Search
CUST-03416,User3416,user3416@example.com,2024-10-27,North America,Organic Search
CUST-03417,User3417,user3417@example.com,2025-04-08,Asia Pacific,Paid Search
CUST-03418,User3418,user3418@example.com,2025-12-09,Asia Pacific,Organic Search
CUST-03419,User3419,user3419@example.com,2024-03-14,North America,Social Media
CUST-03420,User3420,user3420@example.com,2024-06-25,Asia Pacific,Social Media
CUST-03421,User3421,user3421@example.com,2025-02-05,Asia Pacific,Paid Search
CUST-03422,User3422,user3422@example.com,2024-04-07,Latin America,Social Media
CUST-03423,User3423,user3423@example.com,2025-10-10,Asia Pacific,Organic Search
CUST-03424,User3424,user3424@example.com,2025-09-03,North America,Referral
CUST-03425,User3425,user3425@example.com,2024-09-08,North America,Social Media
CUST-03426,User3426,user3426@example.com,2024-12-04,North America,Referral
CUST-03427,User3427,user3427@example.com,2025-06-02,Europe,Social Media
CUST-03428,User3428,user3428@example.com,2024-10-09,North America,Organic Search
CUST-03429,User3429,user3429@example.com,2025-09-06,Latin America,Paid Search
CUST-03430,User3430,user3430@example.com,2025-09-18,North America,Paid Search
CUST-03431,User3431,user3431@example.com,2024-06-01,North America,Paid Search
CUST-03432,User3432,user3432@example.com,2024-04-04,Asia Pacific,Referral
CUST-03433,User3433,user3433@example.com,2025-02-28,Asia Pacific,Paid Search
CUST-03434,User3434,user3434@example.com,2024-10-24,North America,Social Media
CUST-03435,User3435,user3435@example.com,2025-10-24,North America,Paid Search
CUST-03436,User3436,user3436@example.com,2025-06-12,North America,Organic Search
CUST-03437,User3437,user3437@example.com,2024-06-17,North America,Organic Search
CUST-03438,User3438,user3438@example.com,2024-10-18,Asia Pacific,Email Marketing
CUST-03439,User3439,user3439@example.com,2025-06-17,North America,Paid Search
CUST-03440,User3440,user3440@example.com,2024-05-22,North America,Organic Search
CUST-03441,User3441,user3441@example.com,2024-06-28,Europe,Organic Search
CUST-03442,User3442,user3442@example.com,2024-09-02,Europe,Social Media
CUST-03443,User3443,user3443@example.com,2024-06-30,North America,Referral
CUST-03444,User3444,user3444@example.com,2024-10-02,North America,Organic Search
CUST-03445,User3445,user3445@example.com,2025-04-23,North America,Paid Search
CUST-03446,User3446,user3446@example.com,2025-03-03,Europe,Email Marketing
CUST-03447,User3447,user3447@example.com,2025-09-03,Europe,Paid Search
CUST-03448,User3448,user3448@example.com,2024-07-30,North America,Social Media
CUST-03449,User3449,user3449@example.com,2025-01-02,North America,Paid Search
CUST-03450,User3450,user3450@example.com,2024-06-21,Latin America,Paid Search
CUST-03451,User3451,user3451@example.com,2024-09-04,Europe,Paid Search
CUST-03452,User3452,user3452@example.com,2024-07-24,Europe,Paid Search
CUST-03453,User3453,user3453@example.com,2024-07-19,North America,Paid Search
CUST-03454,User3454,user3454@example.com,2025-02-07,Asia Pacific,Email Marketing
CUST-03455,User3455,user3455@example.com,2025-05-23,North America,Organic Search
CUST-03456,User3456,user3456@example.com,2024-09-20,Europe,Paid Search
CUST-03457,User3457,user3457@example.com,2024-11-30,North America,Social Media
CUST-03458,User3458,user3458@example.com,2025-02-13,North America,Paid Search
CUST-03459,User3459,user3459@example.com,2024-12-01,North America,Email Marketing
CUST-03460,User3460,user3460@example.com,2025-08-07,North America,Organic Search
CUST-03461,User3461,user3461@example.com,2024-09-17,North America,Paid Search
CUST-03462,User3462,user3462@example.com,2025-05-12,Europe,Paid Search
CUST-03463,User3463,user3463@example.com,2025-02-09,Asia Pacific,Organic Search
CUST-03464,User3464,user3464@example.com,2024-10-24,North America,Email Marketing
CUST-03465,User3465,user3465@example.com,2024-04-27,North America,Paid Search
CUST-03466,User3466,user3466@example.com,2025-09-02,North America,Referral
CUST-03467,User3467,user3467@example.com,2024-11-17,Europe,Organic Search
CUST-03468,User3468,user3468@example.com,2025-02-28,Europe,Referral
CUST-03469,User3469,user3469@example.com,2024-04-12,Europe,Paid Search
CUST-03470,User3470,user3470@example.com,2024-06-05,North America,Social Media
CUST-03471,User3471,user3471@example.com,2024-06-11,North America,Paid Search
CUST-03472,User3472,user3472@example.com,2025-06-11,Latin America,Social Media
CUST-03473,User3473,user3473@example.com,2025-11-16,Latin America,Referral
CUST-03474,User3474,user3474@example.com,2025-05-17,Europe,Social Media
CUST-03475,User3475,user3475@example.com,2025-01-06,Europe,Social Media
CUST-03476,User3476,user3476@example.com,2025-06-25,North America,Referral
CUST-03477,User3477,user3477@example.com,2024-05-01,Latin America,Social Media
CUST-03478,User3478,user3478@example.com,2024-11-28,North America,Paid Search
CUST-03479,User3479,user3479@example.com,2025-09-13,Latin America,Organic Search
CUST-03480,User3480,user3480@example.com,2024-07-24,North America,Paid Search
CUST-03481,User3481,user3481@example.com,2025-02-04,Europe,Paid Search
CUST-03482,User3482,user3482@example.com,2024-03-22,Europe,Social Media
CUST-03483,User3483,user3483@example.com,2025-06-28,Europe,Email Marketing
CUST-03484,User3484,user3484@example.com,2024-03-07,North America,Social Media
CUST-03485,User3485,user3485@example.com,2024-12-27,Asia Pacific,Social Media
CUST-03486,User3486,user3486@example.com,2024-01-27,North America,Organic Search
CUST-03487,User3487,user3487@example.com,2025-05-31,North America,Paid Search
CUST-03488,User3488,user3488@example.com,2024-01-13,North America,Social Media
CUST-03489,User3489,user3489@example.com,2024-04-01,Asia Pacific,Referral
CUST-03490,User3490,user3490@example.com,2025-11-21,Europe,Email Marketing
CUST-03491,User3491,user3491@example.com,2025-06-29,North America,Organic Search
CUST-03492,User3492,user3492@example.com,2025-06-02,North America,Paid Search
CUST-03493,User3493,user3493@example.com,2024-12-28,North America,Social Media
CUST-03494,User3494,user3494@example.com,2024-07-21,Latin America,Organic Search
CUST-03495,User3495,user3495@example.com,2024-08-06,Europe,Social Media
CUST-03496,User3496,user3496@example.com,2024-03-30,North America,Social Media
CUST-03497,User3497,user3497@example.com,2024-05-16,North America,Paid Search
CUST-03498,User3498,user3498@example.com,2024-05-22,Latin America,Paid Search
CUST-03499,User3499,user3499@example.com,2025-05-01,North America,Organic Search
CUST-03500,User3500,user3500@example.com,2024-05-26,North America,Social Media
CUST-03501,User3501,user3501@example.com,2024-05-27,North America,Social Media
CUST-03502,User3502,user3502@example.com,2024-11-27,North America,Social Media
CUST-03503,User3503,user3503@example.com,2024-02-09,North America,Social Media
CUST-03504,User3504,user3504@example.com,2025-10-04,Europe,Paid Search
CUST-03505,User3505,user3505@example.com,2024-07-23,North America,Paid Search
CUST-03506,User3506,user3506@example.com,2024-03-16,North America,Organic Search
CUST-03507,User3507,user3507@example.com,2024-11-25,Asia Pacific,Referral
CUST-03508,User3508,user3508@example.com,2024-01-31,Europe,Paid Search
CUST-03509,User3509,user3509@example.com,2025-08-29,North America,Organic Search
CUST-03510,User3510,user3510@example.com,2025-04-22,Asia Pacific,Paid Search
CUST-03511,User3511,user3511@example.com,2024-05-26,Asia Pacific,Organic Search
CUST-03512,User3512,user3512@example.com,2024-11-01,North America,Paid Search
CUST-03513,User3513,user3513@example.com,2025-05-11,Asia Pacific,Organic Search
CUST-03514,User3514,user3514@example.com,2025-06-16,North America,Paid Search
CUST-03515,User3515,user3515@example.com,2025-03-05,North America,Social Media
CUST-03516,User3516,user3516@example.com,2024-02-28,North America,Referral
CUST-03517,User3517,user3517@example.com,2025-03-18,Asia Pacific,Social Media
CUST-03518,User3518,user3518@example.com,2024-07-06,Asia Pacific,Social Media
CUST-03519,User3519,user3519@example.com,2024-10-25,North America,Referral
CUST-03520,User3520,user3520@example.com,2024-10-12,Asia Pacific,Social Media
CUST-03521,User3521,user3521@example.com,2024-02-13,Europe,Email Marketing
CUST-03522,User3522,user3522@example.com,2024-06-17,North America,Organic Search
CUST-03523,User3523,user3523@example.com,2024-09-28,Europe,Organic Search
CUST-03524,User3524,user3524@example.com,2024-04-23,Europe,Social Media
CUST-03525,User3525,user3525@example.com,2024-02-28,North America,Organic Search
CUST-03526,User3526,user3526@example.com,2025-06-01,North America,Social Media
CUST-03527,User3527,user3527@example.com,2024-12-12,Europe,Social Media
CUST-03528,User3528,user3528@example.com,2025-12-18,North America,Social Media
CUST-03529,User3529,user3529@example.com,2024-03-28,North America,Social Media
CUST-03530,User3530,user3530@example.com,2024-01-26,North America,Organic Search
CUST-03531,User3531,user3531@example.com,2025-01-21,North America,Paid Search
CUST-03532,User3532,user3532@example.com,2025-03-21,Europe,Organic Search
CUST-03533,User3533,user3533@example.com,2024-07-18,Asia Pacific,Referral
CUST-03534,User3534,user3534@example.com,2025-01-18,North America,Social Media
CUST-03535,User3535,user3535@example.com,2024-09-26,Asia Pacific,Paid Search
CUST-03536,User3536,user3536@example.com,2024-10-05,North America,Organic Search
CUST-03537,User3537,user3537@example.com,2024-07-16,Latin America,Social Media
CUST-03538,User3538,user3538@example.com,2025-04-06,Europe,Organic Search
CUST-03539,User3539,user3539@example.com,2025-03-20,North America,Social Media
CUST-03540,User3540,user3540@example.com,2025-06-03,Europe,Organic Search
CUST-03541,User3541,user3541@example.com,2024-09-02,North America,Paid Search
CUST-03542,User3542,user3542@example.com,2024-06-28,Europe,Paid Search
CUST-03543,User3543,user3543@example.com,2025-04-10,Latin America,Paid Search
CUST-03544,User3544,user3544@example.com,2025-07-21,Europe,Organic Search
CUST-03545,User3545,user3545@example.com,2024-05-08,Asia Pacific,Paid Search
CUST-03546,User3546,user3546@example.com,2024-08-23,Asia Pacific,Paid Search
CUST-03547,User3547,user3547@example.com,2024-02-12,North America,Organic Search
CUST-03548,User3548,user3548@example.com,2024-08-30,North America,Email Marketing
CUST-03549,User3549,user3549@example.com,2024-02-22,North America,Email Marketing
CUST-03550,User3550,user3550@example.com,2025-03-31,Europe,Paid Search
CUST-03551,User3551,user3551@example.com,2024-01-20,Europe,Social Media
CUST-03552,User3552,user3552@example.com,2025-07-12,North America,Paid Search
CUST-03553,User3553,user3553@example.com,2024-09-21,Latin America,Paid Search
CUST-03554,User3554,user3554@example.com,2025-06-24,Latin America,Paid Search
CUST-03555,User3555,user3555@example.com,2024-08-10,Europe,Referral
CUST-03556,User3556,user3556@example.com,2024-04-03,Latin America,Email Marketing
CUST-03557,User3557,user3557@example.com,2024-10-23,Asia Pacific,Organic Search
CUST-03558,User3558,user3558@example.com,2024-09-01,Europe,Referral
CUST-03559,User3559,user3559@example.com,2024-05-04,Latin America,Paid Search
CUST-03560,User3560,user3560@example.com,2024-06-23,Europe,Paid Search
CUST-03561,User3561,user3561@example.com,2024-03-30,North America,Paid Search
CUST-03562,User3562,user3562@example.com,2024-08-04,North America,Social Media
CUST-03563,User3563,user3563@example.com,2024-12-09,North America,Paid Search
CUST-03564,User3564,user3564@example.com,2024-07-10,Europe,Social Media
CUST-03565,User3565,user3565@example.com,2025-07-24,North America,Paid Search
CUST-03566,User3566,user3566@example.com,2024-03-02,Europe,Paid Search
CUST-03567,User3567,user3567@example.com,2024-05-18,North America,Organic Search
CUST-03568,User3568,user3568@example.com,2025-06-17,North America,Email Marketing
CUST-03569,User3569,user3569@example.com,2024-12-23,North America,Organic Search
CUST-03570,User3570,user3570@example.com,2024-11-30,Europe,Organic Search
CUST-03571,User3571,user3571@example.com,2024-01-31,Latin America,Paid Search
CUST-03572,User3572,user3572@example.com,2024-08-23,Europe,Social Media
CUST-03573,User3573,user3573@example.com,2025-01-09,Europe,Paid Search
CUST-03574,User3574,user3574@example.com,2024-02-25,Europe,Organic Search
CUST-03575,User3575,user3575@example.com,2025-10-26,North America,Paid Search
CUST-03576,User3576,user3576@example.com,2025-02-22,North America,Referral
CUST-03577,User3577,user3577@example.com,2024-05-06,North America,Paid Search
CUST-03578,User3578,user3578@example.com,2024-09-15,Europe,Organic Search
CUST-03579,User3579,user3579@example.com,2024-09-03,Europe,Organic Search
CUST-03580,User3580,user3580@example.com,2024-03-30,North America,Social Media
CUST-03581,User3581,user3581@example.com,2024-06-21,Europe,Organic Search
CUST-03582,User3582,user3582@example.com,2025-04-08,North America,Organic Search
CUST-03583,User3583,user3583@example.com,2024-10-13,North America,Organic Search
CUST-03584,User3584,user3584@example.com,2025-05-03,North America,Email Marketing
CUST-03585,User3585,user3585@example.com,2025-02-12,North America,Organic Search
CUST-03586,User3586,user3586@example.com,2025-02-12,Europe,Social Media
CUST-03587,User3587,user3587@example.com,2024-10-27,North America,Referral
CUST-03588,User3588,user3588@example.com,2024-08-22,Europe,Social Media
CUST-03589,User3589,user3589@example.com,2024-02-07,Europe,Social Media
CUST-03590,User3590,user3590@example.com,2025-03-12,Europe,Paid Search
CUST-03591,User3591,user3591@example.com,2025-02-20,Europe,Social Media
CUST-03592,User3592,user3592@example.com,2024-07-12,North America,Social Media
CUST-03593,User3593,user3593@example.com,2024-08-24,North America,Email Marketing
CUST-03594,User3594,user3594@example.com,2025-01-07,Asia Pacific,Email Marketing
CUST-03595,User3595,user3595@example.com,2025-10-04,North America,Referral
CUST-03596,User3596,user3596@example.com,2024-04-24,Europe,Email Marketing
CUST-03597,User3597,user3597@example.com,2025-05-01,Europe,Referral
CUST-03598,User3598,user3598@example.com,2024-03-25,North America,Paid Search
CUST-03599,User3599,user3599@example.com,2024-11-23,Europe,Paid Search
CUST-03600,User3600,user3600@example.com,2024-08-30,North America,Organic Search
CUST-03601,User3601,user3601@example.com,2024-11-10,Europe,Paid Search
CUST-03602,User3602,user3602@example.com,2025-03-23,Europe,Organic Search
CUST-03603,User3603,user3603@example.com,2025-08-17,North America,Paid Search
CUST-03604,User3604,user3604@example.com,2024-02-01,North America,Paid Search
CUST-03605,User3605,user3605@example.com,2024-10-13,Europe,Social Media
CUST-03606,User3606,user3606@example.com,2024-04-20,North America,Organic Search
CUST-03607,User3607,user3607@example.com,2024-08-24,North America,Organic Search
CUST-03608,User3608,user3608@example.com,2024-08-01,North America,Email Marketing
CUST-03609,User3609,user3609@example.com,2025-01-22,Europe,Organic Search
CUST-03610,User3610,user3610@example.com,2024-06-24,Europe,Paid Search
CUST-03611,User3611,user3611@example.com,2024-04-15,North America,Paid Search
CUST-03612,User3612,user3612@example.com,2024-01-29,North America,Paid Search
CUST-03613,User3613,user3613@example.com,2024-11-20,Asia Pacific,Social Media
CUST-03614,User3614,user3614@example.com,2024-01-05,Europe,Referral
CUST-03615,User3615,user3615@example.com,2025-01-22,North America,Paid Search
CUST-03616,User3616,user3616@example.com,2025-08-11,North America,Social Media
CUST-03617,User3617,user3617@example.com,2024-07-07,Europe,Organic Search
CUST-03618,User3618,user3618@example.com,2024-06-15,Asia Pacific,Social Media
CUST-03619,User3619,user3619@example.com,2024-02-18,Europe,Social Media
CUST-03620,User3620,user3620@example.com,2025-04-19,Asia Pacific,Paid Search
CUST-03621,User3621,user3621@example.com,2025-01-08,Asia Pacific,Social Media
CUST-03622,User3622,user3622@example.com,2024-05-15,North America,Organic Search
CUST-03623,User3623,user3623@example.com,2025-06-23,North America,Social Media
CUST-03624,User3624,user3624@example.com,2025-01-31,Europe,Paid Search
CUST-03625,User3625,user3625@example.com,2025-02-18,North America,Paid Search
CUST-03626,User3626,user3626@example.com,2025-07-10,Europe,Paid Search
CUST-03627,User3627,user3627@example.com,2024-05-13,North America,Social Media
CUST-03628,User3628,user3628@example.com,2025-05-22,North America,Social Media
CUST-03629,User3629,user3629@example.com,2024-10-08,North America,Referral
CUST-03630,User3630,user3630@example.com,2024-02-05,North America,Organic Search
CUST-03631,User3631,user3631@example.com,2025-04-29,Asia Pacific,Organic Search
CUST-03632,User3632,user3632@example.com,2024-03-31,Europe,Email Marketing
CUST-03633,User3633,user3633@example.com,2024-10-23,North America,Organic Search
CUST-03634,User3634,user3634@example.com,2024-07-18,North America,Social Media
CUST-03635,User3635,user3635@example.com,2025-07-16,North America,Paid Search
CUST-03636,User3636,user3636@example.com,2025-10-24,North America,Social Media
CUST-03637,User3637,user3637@example.com,2024-10-21,Europe,Paid Search
CUST-03638,User3638,user3638@example.com,2025-01-09,North America,Organic Search
CUST-03639,User3639,user3639@example.com,2024-08-18,Europe,Referral
CUST-03640,User3640,user3640@example.com,2024-11-30,Europe,Social Media
CUST-03641,User3641,user3641@example.com,2024-03-22,North America,Organic Search
CUST-03642,User3642,user3642@example.com,2025-05-28,North America,Organic Search
CUST-03643,User3643,user3643@example.com,2024-02-10,North America,Paid Search
CUST-03644,User3644,user3644@example.com,2024-03-24,North America,Referral
CUST-03645,User3645,user3645@example.com,2025-01-23,North America,Referral
CUST-03646,User3646,user3646@example.com,2024-04-06,North America,Referral
CUST-03647,User3647,user3647@example.com,2025-07-28,North America,Referral
CUST-03648,User3648,user3648@example.com,2024-03-17,Europe,Social Media
CUST-03649,User3649,user3649@example.com,2024-06-08,North America,Organic Search
CUST-03650,User3650,user3650@example.com,2024-12-10,Asia Pacific,Organic Search
CUST-03651,User3651,user3651@example.com,2025-01-16,Asia Pacific,Email Marketing
CUST-03652,User3652,user3652@example.com,2024-02-12,Europe,Email Marketing
CUST-03653,User3653,user3653@example.com,2024-02-01,North America,Paid Search
CUST-03654,User3654,user3654@example.com,2024-11-25,North America,Social Media
CUST-03655,User3655,user3655@example.com,2024-10-07,Europe,Organic Search
CUST-03656,User3656,user3656@example.com,2024-10-10,North America,Organic Search
CUST-03657,User3657,user3657@example.com,2024-05-23,Europe,Social Media
CUST-03658,User3658,user3658@example.com,2024-11-10,North America,Social Media
CUST-03659,User3659,user3659@example.com,2024-07-06,Asia Pacific,Referral
CUST-03660,User3660,user3660@example.com,2024-05-29,North America,Organic Search
CUST-03661,User3661,user3661@example.com,2025-08-23,Europe,Organic Search
CUST-03662,User3662,user3662@example.com,2025-09-04,North America,Paid Search
CUST-03663,User3663,user3663@example.com,2025-06-04,North America,Paid Search
CUST-03664,User3664,user3664@example.com,2025-04-13,Europe,Paid Search
CUST-03665,User3665,user3665@example.com,2025-06-25,North America,Organic Search
CUST-03666,User3666,user3666@example.com,2024-04-04,North America,Paid Search
CUST-03667,User3667,user3667@example.com,2024-10-12,North America,Email Marketing
CUST-03668,User3668,user3668@example.com,2025-08-03,Europe,Paid Search
CUST-03669,User3669,user3669@example.com,2024-11-13,Asia Pacific,Paid Search
CUST-03670,User3670,user3670@example.com,2024-07-16,Asia Pacific,Paid Search
CUST-03671,User3671,user3671@example.com,2024-03-21,North America,Paid Search
CUST-03672,User3672,user3672@example.com,2024-05-17,Asia Pacific,Social Media
CUST-03673,User3673,user3673@example.com,2024-09-09,North America,Organic Search
CUST-03674,User3674,user3674@example.com,2024-02-21,North America,Organic Search
CUST-03675,User3675,user3675@example.com,2025-03-18,North America,Paid Search
CUST-03676,User3676,user3676@example.com,2024-07-29,North America,Organic Search
CUST-03677,User3677,user3677@example.com,2025-02-13,North America,Paid Search
CUST-03678,User3678,user3678@example.com,2025-05-24,North America,Organic Search
CUST-03679,User3679,user3679@example.com,2025-01-29,North America,Social Media
CUST-03680,User3680,user3680@example.com,2024-12-19,Latin America,Email Marketing
CUST-03681,User3681,user3681@example.com,2025-01-29,Latin America,Organic Search
CUST-03682,User3682,user3682@example.com,2024-11-12,North America,Paid Search
CUST-03683,User3683,user3683@example.com,2024-02-16,North America,Organic Search
CUST-03684,User3684,user3684@example.com,2025-02-21,Europe,Paid Search
CUST-03685,User3685,user3685@example.com,2025-01-26,Europe,Organic Search
CUST-03686,User3686,user3686@example.com,2025-10-21,Europe,Paid Search
CUST-03687,User3687,user3687@example.com,2025-08-02,Europe,Organic Search
CUST-03688,User3688,user3688@example.com,2025-07-23,Europe,Referral
CUST-03689,User3689,user3689@example.com,2024-10-31,Asia Pacific,Paid Search
CUST-03690,User3690,user3690@example.com,2024-05-29,Europe,Organic Search
CUST-03691,User3691,user3691@example.com,2024-10-03,Europe,Email Marketing
CUST-03692,User3692,user3692@example.com,2024-09-19,Europe,Paid Search
CUST-03693,User3693,user3693@example.com,2024-04-20,North America,Paid Search
CUST-03694,User3694,user3694@example.com,2024-10-13,North America,Email Marketing
CUST-03695,User3695,user3695@example.com,2025-01-23,North America,Referral
CUST-03696,User3696,user3696@example.com,2025-03-27,Europe,Social Media
CUST-03697,User3697,user3697@example.com,2024-05-08,North America,Paid Search
CUST-03698,User3698,user3698@example.com,2024-04-07,Latin America,Organic Search
CUST-03699,User3699,user3699@example.com,2025-09-03,North America,Organic Search
CUST-03700,User3700,user3700@example.com,2025-04-12,Europe,Email Marketing
CUST-03701,User3701,user3701@example.com,2024-04-11,North America,Organic Search
CUST-03702,User3702,user3702@example.com,2024-11-18,Europe,Paid Search
CUST-03703,User3703,user3703@example.com,2024-08-13,Asia Pacific,Organic Search
CUST-03704,User3704,user3704@example.com,2025-09-08,Europe,Organic Search
CUST-03705,User3705,user3705@example.com,2024-11-22,Europe,Email Marketing
CUST-03706,User3706,user3706@example.com,2024-03-22,Latin America,Organic Search
CUST-03707,User3707,user3707@example.com,2024-08-27,North America,Social Media
CUST-03708,User3708,user3708@example.com,2024-10-10,North America,Organic Search
CUST-03709,User3709,user3709@example.com,2024-09-22,Latin America,Referral
CUST-03710,User3710,user3710@example.com,2024-08-20,North America,Paid Search
CUST-03711,User3711,user3711@example.com,2025-07-13,Latin America,Paid Search
CUST-03712,User3712,user3712@example.com,2025-06-30,Europe,Organic Search
CUST-03713,User3713,user3713@example.com,2025-01-06,Europe,Paid Search
CUST-03714,User3714,user3714@example.com,2024-12-18,North America,Email Marketing
CUST-03715,User3715,user3715@example.com,2024-07-19,Asia Pacific,Organic Search
CUST-03716,User3716,user3716@example.com,2025-02-16,North America,Organic Search
CUST-03717,User3717,user3717@example.com,2024-05-06,North America,Paid Search
CUST-03718,User3718,user3718@example.com,2025-02-11,Europe,Paid Search
CUST-03719,User3719,user3719@example.com,2024-06-05,Europe,Organic Search
CUST-03720,User3720,user3720@example.com,2024-08-29,Asia Pacific,Social Media
CUST-03721,User3721,user3721@example.com,2024-09-05,North America,Social Media
CUST-03722,User3722,user3722@example.com,2024-08-05,North America,Social Media
CUST-03723,User3723,user3723@example.com,2024-09-09,North America,Social Media
CUST-03724,User3724,user3724@example.com,2024-08-07,North America,Referral
CUST-03725,User3725,user3725@example.com,2025-11-05,North America,Referral
CUST-03726,User3726,user3726@example.com,2024-09-14,Europe,Paid Search
CUST-03727,User3727,user3727@example.com,2024-05-08,North America,Paid Search
CUST-03728,User3728,user3728@example.com,2024-06-09,North America,Organic Search
CUST-03729,User3729,user3729@example.com,2024-12-30,North America,Organic Search
CUST-03730,User3730,user3730@example.com,2024-07-18,North America,Referral
CUST-03731,User3731,user3731@example.com,2025-09-28,North America,Referral
CUST-03732,User3732,user3732@example.com,2025-07-05,Europe,Organic Search
CUST-03733,User3733,user3733@example.com,2024-12-09,North America,Referral
CUST-03734,User3734,user3734@example.com,2024-05-26,Asia Pacific,Organic Search
CUST-03735,User3735,user3735@example.com,2024-03-30,Europe,Email Marketing
CUST-03736,User3736,user3736@example.com,2025-08-01,Asia Pacific,Paid Search
CUST-03737,User3737,user3737@example.com,2025-10-09,Latin America,Paid Search
CUST-03738,User3738,user3738@example.com,2024-08-13,Latin America,Organic Search
CUST-03739,User3739,user3739@example.com,2025-09-24,Europe,Social Media
CUST-03740,User3740,user3740@example.com,2025-04-23,North America,Paid Search
CUST-03741,User3741,user3741@example.com,2025-08-23,Latin America,Email Marketing
CUST-03742,User3742,user3742@example.com,2025-06-29,Asia Pacific,Social Media
CUST-03743,User3743,user3743@example.com,2025-04-22,North America,Social Media
CUST-03744,User3744,user3744@example.com,2025-11-13,North America,Organic Search
CUST-03745,User3745,user3745@example.com,2024-04-11,North America,Paid Search
CUST-03746,User3746,user3746@example.com,2024-04-10,North America,Social Media
CUST-03747,User3747,user3747@example.com,2024-02-27,North America,Social Media
CUST-03748,User3748,user3748@example.com,2024-11-24,Latin America,Organic Search
CUST-03749,User3749,user3749@example.com,2024-05-18,North America,Referral
CUST-03750,User3750,user3750@example.com,2024-04-14,North America,Organic Search
CUST-03751,User3751,user3751@example.com,2024-09-07,Europe,Paid Search
CUST-03752,User3752,user3752@example.com,2024-11-02,Europe,Organic Search
CUST-03753,User3753,user3753@example.com,2025-03-09,North America,Social Media
CUST-03754,User3754,user3754@example.com,2024-11-03,Latin America,Paid Search
CUST-03755,User3755,user3755@example.com,2024-03-16,Asia Pacific,Organic Search
CUST-03756,User3756,user3756@example.com,2024-11-13,Europe,Paid Search
CUST-03757,User3757,user3757@example.com,2025-04-01,North America,Social Media
CUST-03758,User3758,user3758@example.com,2025-06-13,Europe,Social Media
CUST-03759,User3759,user3759@example.com,2025-06-16,North America,Social Media
CUST-03760,User3760,user3760@example.com,2024-09-22,North America,Paid Search
CUST-03761,User3761,user3761@example.com,2024-01-19,North America,Social Media
CUST-03762,User3762,user3762@example.com,2024-02-28,North America,Paid Search
CUST-03763,User3763,user3763@example.com,2025-04-26,Asia Pacific,Email Marketing
CUST-03764,User3764,user3764@example.com,2024-11-01,Europe,Organic Search
CUST-03765,User3765,user3765@example.com,2025-05-22,North America,Organic Search
CUST-03766,User3766,user3766@example.com,2024-07-01,North America,Social Media
CUST-03767,User3767,user3767@example.com,2024-06-11,North America,Organic Search
CUST-03768,User3768,user3768@example.com,2024-08-14,North America,Paid Search
CUST-03769,User3769,user3769@example.com,2025-06-26,North America,Paid Search
CUST-03770,User3770,user3770@example.com,2024-01-06,Europe,Social Media
CUST-03771,User3771,user3771@example.com,2025-08-22,North America,Social Media
CUST-03772,User3772,user3772@example.com,2024-03-14,North America,Paid Search
CUST-03773,User3773,user3773@example.com,2025-10-20,North America,Referral
CUST-03774,User3774,user3774@example.com,2024-04-03,North America,Referral
CUST-03775,User3775,user3775@example.com,2024-11-13,North America,Social Media
CUST-03776,User3776,user3776@example.com,2024-09-05,North America,Paid Search
CUST-03777,User3777,user3777@example.com,2025-02-08,North America,Paid Search
CUST-03778,User3778,user3778@example.com,2024-09-19,Latin America,Paid Search
CUST-03779,User3779,user3779@example.com,2024-10-30,North America,Email Marketing
CUST-03780,User3780,user3780@example.com,2024-12-31,Europe,Organic Search
CUST-03781,User3781,user3781@example.com,2024-09-29,North America,Organic Search
CUST-03782,User3782,user3782@example.com,2025-07-29,North America,Social Media
CUST-03783,User3783,user3783@example.com,2025-07-16,Asia Pacific,Social Media
CUST-03784,User3784,user3784@example.com,2025-08-11,Europe,Organic Search
CUST-03785,User3785,user3785@example.com,2024-03-08,Asia Pacific,Social Media
CUST-03786,User3786,user3786@example.com,2025-01-24,North America,Paid Search
CUST-03787,User3787,user3787@example.com,2025-01-08,Europe,Paid Search
CUST-03788,User3788,user3788@example.com,2024-05-15,North America,Organic Search
CUST-03789,User3789,user3789@example.com,2025-02-25,Asia Pacific,Social Media
CUST-03790,User3790,user3790@example.com,2024-07-16,Latin America,Organic Search
CUST-03791,User3791,user3791@example.com,2024-05-20,Asia Pacific,Paid Search
CUST-03792,User3792,user3792@example.com,2025-05-12,Latin America,Paid Search
CUST-03793,User3793,user3793@example.com,2024-08-14,Asia Pacific,Referral
CUST-03794,User3794,user3794@example.com,2025-03-13,Europe,Organic Search
CUST-03795,User3795,user3795@example.com,2025-10-24,North America,Paid Search
CUST-03796,User3796,user3796@example.com,2024-09-14,North America,Paid Search
CUST-03797,User3797,user3797@example.com,2025-03-04,North America,Paid Search
CUST-03798,User3798,user3798@example.com,2024-11-06,North America,Organic Search
CUST-03799,User3799,user3799@example.com,2024-09-13,Europe,Email Marketing
CUST-03800,User3800,user3800@example.com,2024-08-03,North America,Organic Search
CUST-03801,User3801,user3801@example.com,2025-01-04,North America,Organic Search
CUST-03802,User3802,user3802@example.com,2024-10-03,North America,Paid Search
CUST-03803,User3803,user3803@example.com,2025-09-25,Europe,Referral
CUST-03804,User3804,user3804@example.com,2024-06-12,North America,Paid Search
CUST-03805,User3805,user3805@example.com,2024-04-19,North America,Social Media
CUST-03806,User3806,user3806@example.com,2025-06-12,Asia Pacific,Organic Search
CUST-03807,User3807,user3807@example.com,2024-07-26,Europe,Referral
CUST-03808,User3808,user3808@example.com,2024-07-14,Europe,Paid Search
CUST-03809,User3809,user3809@example.com,2025-02-12,North America,Paid Search
CUST-03810,User3810,user3810@example.com,2024-05-06,North America,Paid Search
CUST-03811,User3811,user3811@example.com,2024-04-11,North America,Referral
CUST-03812,User3812,user3812@example.com,2024-03-19,North America,Paid Search
CUST-03813,User3813,user3813@example.com,2024-03-08,Asia Pacific,Social Media
CUST-03814,User3814,user3814@example.com,2025-10-26,North America,Paid Search
CUST-03815,User3815,user3815@example.com,2025-02-21,North America,Paid Search
CUST-03816,User3816,user3816@example.com,2024-05-21,Europe,Organic Search
CUST-03817,User3817,user3817@example.com,2024-01-23,Europe,Social Media
CUST-03818,User3818,user3818@example.com,2024-06-03,North America,Social Media
CUST-03819,User3819,user3819@example.com,2024-06-04,Europe,Referral
CUST-03820,User3820,user3820@example.com,2025-10-10,Europe,Paid Search
CUST-03821,User3821,user3821@example.com,2025-07-07,Europe,Paid Search
CUST-03822,User3822,user3822@example.com,2025-08-06,North America,Social Media
CUST-03823,User3823,user3823@example.com,2025-11-27,Europe,Social Media
CUST-03824,User3824,user3824@example.com,2024-06-03,Europe,Social Media
CUST-03825,User3825,user3825@example.com,2024-05-03,North America,Organic Search
CUST-03826,User3826,user3826@example.com,2024-03-18,North America,Paid Search
CUST-03827,User3827,user3827@example.com,2025-04-01,Europe,Social Media
CUST-03828,User3828,user3828@example.com,2024-09-21,North America,Social Media
CUST-03829,User3829,user3829@example.com,2025-02-13,Europe,Referral
CUST-03830,User3830,user3830@example.com,2024-08-11,North America,Social Media
CUST-03831,User3831,user3831@example.com,2024-04-23,Latin America,Organic Search
CUST-03832,User3832,user3832@example.com,2025-02-14,North America,Paid Search
CUST-03833,User3833,user3833@example.com,2025-07-06,North America,Organic Search
CUST-03834,User3834,user3834@example.com,2024-04-11,Europe,Organic Search
CUST-03835,User3835,user3835@example.com,2025-01-01,North America,Paid Search
CUST-03836,User3836,user3836@example.com,2024-08-02,North America,Organic Search
CUST-03837,User3837,user3837@example.com,2024-12-30,Asia Pacific,Paid Search
CUST-03838,User3838,user3838@example.com,2024-02-21,Europe,Paid Search
CUST-03839,User3839,user3839@example.com,2024-07-09,North America,Email Marketing
CUST-03840,User3840,user3840@example.com,2024-06-10,North America,Paid Search
CUST-03841,User3841,user3841@example.com,2025-03-24,North America,Organic Search
CUST-03842,User3842,user3842@example.com,2025-09-08,Europe,Paid Search
CUST-03843,User3843,user3843@example.com,2024-04-21,Europe,Paid Search
CUST-03844,User3844,user3844@example.com,2024-09-26,North America,Paid Search
CUST-03845,User3845,user3845@example.com,2024-08-02,Europe,Social Media
CUST-03846,User3846,user3846@example.com,2025-11-25,Europe,Paid Search
CUST-03847,User3847,user3847@example.com,2024-03-17,North America,Organic Search
CUST-03848,User3848,user3848@example.com,2024-06-03,Asia Pacific,Email Marketing
CUST-03849,User3849,user3849@example.com,2025-10-24,Europe,Social Media
CUST-03850,User3850,user3850@example.com,2025-04-14,Latin America,Organic Search
CUST-03851,User3851,user3851@example.com,2025-08-18,Europe,Organic Search
CUST-03852,User3852,user3852@example.com,2024-12-19,North America,Organic Search
CUST-03853,User3853,user3853@example.com,2024-09-03,Europe,Paid Search
CUST-03854,User3854,user3854@example.com,2024-07-06,North America,Referral
CUST-03855,User3855,user3855@example.com,2025-06-27,Latin America,Email Marketing
CUST-03856,User3856,user3856@example.com,2025-07-23,North America,Email Marketing
CUST-03857,User3857,user3857@example.com,2024-11-03,North America,Organic Search
CUST-03858,User3858,user3858@example.com,2025-11-15,Asia Pacific,Paid Search
CUST-03859,User3859,user3859@example.com,2025-01-21,North America,Referral
CUST-03860,User3860,user3860@example.com,2024-07-15,North America,Paid Search
CUST-03861,User3861,user3861@example.com,2024-08-13,North America,Social Media
CUST-03862,User3862,user3862@example.com,2024-06-03,Europe,Organic Search
CUST-03863,User3863,user3863@example.com,2025-09-27,North America,Referral
CUST-03864,User3864,user3864@example.com,2024-12-11,Asia Pacific,Paid Search
CUST-03865,User3865,user3865@example.com,2024-09-12,Europe,Email Marketing
CUST-03866,User3866,user3866@example.com,2024-12-13,Asia Pacific,Organic Search
CUST-03867,User3867,user3867@example.com,2024-12-02,Europe,Email Marketing
CUST-03868,User3868,user3868@example.com,2024-02-14,North America,Referral
CUST-03869,User3869,user3869@example.com,2025-10-19,Asia Pacific,Referral
CUST-03870,User3870,user3870@example.com,2024-07-09,North America,Referral
CUST-03871,User3871,user3871@example.com,2024-07-14,Europe,Paid Search
CUST-03872,User3872,user3872@example.com,2024-01-27,Europe,Email Marketing
CUST-03873,User3873,user3873@example.com,2025-05-27,Europe,Paid Search
CUST-03874,User3874,user3874@example.com,2024-11-29,North America,Social Media
CUST-03875,User3875,user3875@example.com,2024-06-02,Europe,Email Marketing
CUST-03876,User3876,user3876@example.com,2024-10-08,Latin America,Referral
CUST-03877,User3877,user3877@example.com,2024-08-12,North America,Social Media
CUST-03878,User3878,user3878@example.com,2024-11-10,Europe,Email Marketing
CUST-03879,User3879,user3879@example.com,2024-07-15,North America,Organic Search
CUST-03880,User3880,user3880@example.com,2025-07-23,Europe,Referral
CUST-03881,User3881,user3881@example.com,2024-05-27,Latin America,Paid Search
CUST-03882,User3882,user3882@example.com,2025-03-21,North America,Paid Search
CUST-03883,User3883,user3883@example.com,2024-07-28,Asia Pacific,Social Media
CUST-03884,User3884,user3884@example.com,2024-12-12,North America,Organic Search
CUST-03885,User3885,user3885@example.com,2024-12-31,Europe,Paid Search
CUST-03886,User3886,user3886@example.com,2024-07-08,Asia Pacific,Social Media
CUST-03887,User3887,user3887@example.com,2024-07-12,Asia Pacific,Referral
CUST-03888,User3888,user3888@example.com,2025-08-01,Europe,Paid Search
CUST-03889,User3889,user3889@example.com,2025-05-20,Latin America,Paid Search
CUST-03890,User3890,user3890@example.com,2025-03-14,Europe,Paid Search
CUST-03891,User3891,user3891@example.com,2024-05-19,North America,Paid Search
CUST-03892,User3892,user3892@example.com,2025-11-13,North America,Paid Search
CUST-03893,User3893,user3893@example.com,2025-04-12,North America,Paid Search
CUST-03894,User3894,user3894@example.com,2024-10-08,North America,Paid Search
CUST-03895,User3895,user3895@example.com,2024-07-04,North America,Organic Search
CUST-03896,User3896,user3896@example.com,2024-10-31,North America,Social Media
CUST-03897,User3897,user3897@example.com,2024-07-31,Latin America,Referral
CUST-03898,User3898,user3898@example.com,2024-02-17,North America,Organic Search
CUST-03899,User3899,user3899@example.com,2024-12-31,North America,Paid Search
CUST-03900,User3900,user3900@example.com,2024-08-11,North America,Email Marketing
CUST-03901,User3901,user3901@example.com,2025-06-17,North America,Paid Search
CUST-03902,User3902,user3902@example.com,2024-08-13,North America,Referral
CUST-03903,User3903,user3903@example.com,2025-02-04,North America,Paid Search
CUST-03904,User3904,user3904@example.com,2025-03-05,North America,Social Media
CUST-03905,User3905,user3905@example.com,2025-04-24,Asia Pacific,Organic Search
CUST-03906,User3906,user3906@example.com,2024-10-16,North America,Organic Search
CUST-03907,User3907,user3907@example.com,2024-08-22,North America,Paid Search
CUST-03908,User3908,user3908@example.com,2025-04-25,North America,Referral
CUST-03909,User3909,user3909@example.com,2024-08-15,North America,Paid Search
CUST-03910,User3910,user3910@example.com,2024-04-13,North America,Paid Search
CUST-03911,User3911,user3911@example.com,2025-05-13,Europe,Paid Search
CUST-03912,User3912,user3912@example.com,2024-01-29,North America,Social Media
CUST-03913,User3913,user3913@example.com,2025-07-18,Asia Pacific,Paid Search
CUST-03914,User3914,user3914@example.com,2024-09-29,Europe,Organic Search
CUST-03915,User3915,user3915@example.com,2024-04-20,North America,Social Media
CUST-03916,User3916,user3916@example.com,2025-06-30,North America,Paid Search
CUST-03917,User3917,user3917@example.com,2025-06-02,Europe,Social Media
CUST-03918,User3918,user3918@example.com,2025-05-29,Europe,Paid Search
CUST-03919,User3919,user3919@example.com,2025-08-05,North America,Organic Search
CUST-03920,User3920,user3920@example.com,2024-08-24,North America,Email Marketing
CUST-03921,User3921,user3921@example.com,2025-03-26,Europe,Paid Search
CUST-03922,User3922,user3922@example.com,2025-09-20,North America,Organic Search
CUST-03923,User3923,user3923@example.com,2024-02-02,North America,Organic Search
CUST-03924,User3924,user3924@example.com,2024-10-29,North America,Social Media
CUST-03925,User3925,user3925@example.com,2024-10-13,Latin America,Email Marketing
CUST-03926,User3926,user3926@example.com,2024-02-15,North America,Social Media
CUST-03927,User3927,user3927@example.com,2024-12-11,North America,Paid Search
CUST-03928,User3928,user3928@example.com,2025-04-08,North America,Paid Search
CUST-03929,User3929,user3929@example.com,2024-08-10,Asia Pacific,Referral
CUST-03930,User3930,user3930@example.com,2025-06-10,North America,Email Marketing
CUST-03931,User3931,user3931@example.com,2024-08-07,Latin America,Organic Search
CUST-03932,User3932,user3932@example.com,2024-08-27,North America,Social Media
CUST-03933,User3933,user3933@example.com,2024-04-30,Asia Pacific,Paid Search
CUST-03934,User3934,user3934@example.com,2024-05-31,North America,Paid Search
CUST-03935,User3935,user3935@example.com,2025-01-13,Asia Pacific,Paid Search
CUST-03936,User3936,user3936@example.com,2024-08-05,North America,Paid Search
CUST-03937,User3937,user3937@example.com,2024-01-19,North America,Paid Search
CUST-03938,User3938,user3938@example.com,2024-08-03,Europe,Organic Search
CUST-03939,User3939,user3939@example.com,2025-02-01,Europe,Social Media
CUST-03940,User3940,user3940@example.com,2024-11-17,Europe,Referral
CUST-03941,User3941,user3941@example.com,2025-01-26,Asia Pacific,Paid Search
CUST-03942,User3942,user3942@example.com,2024-06-01,North America,Paid Search
CUST-03943,User3943,user3943@example.com,2024-07-18,Europe,Organic Search
CUST-03944,User3944,user3944@example.com,2024-12-28,Europe,Referral
CUST-03945,User3945,user3945@example.com,2024-07-05,North America,Paid Search
CUST-03946,User3946,user3946@example.com,2025-05-10,Asia Pacific,Referral
CUST-03947,User3947,user3947@example.com,2025-06-18,Europe,Social Media
CUST-03948,User3948,user3948@example.com,2024-09-25,Latin America,Paid Search
CUST-03949,User3949,user3949@example.com,2024-02-24,North America,Organic Search
CUST-03950,User3950,user3950@example.com,2024-02-22,Asia Pacific,Organic Search
CUST-03951,User3951,user3951@example.com,2025-06-06,North America,Social Media
CUST-03952,User3952,user3952@example.com,2025-06-07,Asia Pacific,Organic Search
CUST-03953,User3953,user3953@example.com,2024-11-25,Asia Pacific,Email Marketing
CUST-03954,User3954,user3954@example.com,2024-05-08,North America,Paid Search
CUST-03955,User3955,user3955@example.com,2025-04-07,Asia Pacific,Paid Search
CUST-03956,User3956,user3956@example.com,2025-05-26,North America,Email Marketing
CUST-03957,User3957,user3957@example.com,2024-10-04,Latin America,Paid Search
CUST-03958,User3958,user3958@example.com,2025-04-12,Europe,Paid Search
CUST-03959,User3959,user3959@example.com,2024-02-16,Asia Pacific,Organic Search
CUST-03960,User3960,user3960@example.com,2024-04-23,Europe,Social Media
CUST-03961,User3961,user3961@example.com,2024-02-22,Latin America,Organic Search
CUST-03962,User3962,user3962@example.com,2025-01-11,North America,Paid Search
CUST-03963,User3963,user3963@example.com,2024-04-08,Asia Pacific,Referral
CUST-03964,User3964,user3964@example.com,2024-02-27,Asia Pacific,Organic Search
CUST-03965,User3965,user3965@example.com,2024-06-23,North America,Email Marketing
CUST-03966,User3966,user3966@example.com,2024-08-01,Asia Pacific,Referral
CUST-03967,User3967,user3967@example.com,2025-01-18,North America,Paid Search
CUST-03968,User3968,user3968@example.com,2025-08-30,North America,Social Media
CUST-03969,User3969,user3969@example.com,2025-02-07,Asia Pacific,Paid Search
CUST-03970,User3970,user3970@example.com,2025-02-25,Asia Pacific,Social Media
CUST-03971,User3971,user3971@example.com,2025-01-21,Asia Pacific,Referral
CUST-03972,User3972,user3972@example.com,2025-09-29,North America,Paid Search
CUST-03973,User3973,user3973@example.com,2024-02-22,Europe,Referral
CUST-03974,User3974,user3974@example.com,2024-09-10,Europe,Email Marketing
CUST-03975,User3975,user3975@example.com,2024-03-29,Europe,Social Media
CUST-03976,User3976,user3976@example.com,2025-02-07,North America,Organic Search
CUST-03977,User3977,user3977@example.com,2025-06-10,North America,Social Media
CUST-03978,User3978,user3978@example.com,2024-06-01,Europe,Paid Search
CUST-03979,User3979,user3979@example.com,2025-05-05,Asia Pacific,Organic Search
CUST-03980,User3980,user3980@example.com,2024-02-16,Asia Pacific,Paid Search
CUST-03981,User3981,user3981@example.com,2024-06-16,Europe,Social Media
CUST-03982,User3982,user3982@example.com,2024-03-31,North America,Organic Search
CUST-03983,User3983,user3983@example.com,2025-03-06,Europe,Organic Search
CUST-03984,User3984,user3984@example.com,2025-11-04,Europe,Paid Search
CUST-03985,User3985,user3985@example.com,2025-05-31,Latin America,Social Media
CUST-03986,User3986,user3986@example.com,2025-06-10,Asia Pacific,Paid Search
CUST-03987,User3987,user3987@example.com,2024-12-11,North America,Organic Search
CUST-03988,User3988,user3988@example.com,2024-06-14,North America,Organic Search
CUST-03989,User3989,user3989@example.com,2025-06-22,Europe,Social Media
CUST-03990,User3990,user3990@example.com,2024-11-28,Asia Pacific,Paid Search
CUST-03991,User3991,user3991@example.com,2024-10-12,Asia Pacific,Email Marketing
CUST-03992,User3992,user3992@example.com,2025-06-25,Asia Pacific,Paid Search
CUST-03993,User3993,user3993@example.com,2025-05-29,Europe,Referral
CUST-03994,User3994,user3994@example.com,2025-02-13,North America,Paid Search
CUST-03995,User3995,user3995@example.com,2024-09-16,Asia Pacific,Paid Search
CUST-03996,User3996,user3996@example.com,2024-10-20,North America,Social Media
CUST-03997,User3997,user3997@example.com,2024-09-18,Europe,Organic Search
CUST-03998,User3998,user3998@example.com,2025-08-20,Europe,Organic Search
CUST-03999,User3999,user3999@example.com,2024-12-06,Europe,Social Media
CUST-04000,User4000,user4000@example.com,2024-10-16,North America,Paid Search
