item_id,order_id,product_id,quantity,unit_price,unit_cost,line_subtotal,line_cost
ITEM-0000001,ORD-000001,404,1,64.99,21.0,64.99,21.0
ITEM-0000002,ORD-000002,105,1,39.99,12.0,39.99,12.0
ITEM-0000003,ORD-000002,305,1,59.99,20.0,59.99,20.0
ITEM-0000004,ORD-000003,106,1,179.99,70.0,179.99,70.0
ITEM-0000005,ORD-000004,501,1,42.0,13.0,42.0,13.0
ITEM-0000006,ORD-000004,307,1,29.99,8.0,29.99,8.0
ITEM-0000007,ORD-000005,204,2,24.0,6.0,48.0,12.0
ITEM-0000008,ORD-000005,107,1,59.99,22.0,59.99,22.0
ITEM-0000009,ORD-000006,102,1,49.99,18.0,49.99,18.0
ITEM-0000010,ORD-000006,306,1,32.5,10.0,32.5,10.0
ITEM-0000011,ORD-000007,304,1,39.99,14.0,39.99,14.0
ITEM-0000012,ORD-000008,505,1,75.0,24.0,75.0,24.0
ITEM-0000013,ORD-000009,204,1,24.0,6.0,24.0,6.0
ITEM-0000014,ORD-000009,503,1,48.0,15.0,48.0,15.0
ITEM-0000015,ORD-000010,105,1,39.99,12.0,39.99,12.0
ITEM-0000016,ORD-000010,403,1,22.0,5.2,22.0,5.2
ITEM-0000017,ORD-000011,102,1,49.99,18.0,49.99,18.0
ITEM-0000018,ORD-000011,204,1,24.0,6.0,24.0,6.0
ITEM-0000019,ORD-000012,305,1,59.99,20.0,59.99,20.0
ITEM-0000020,ORD-000013,206,1,45.0,11.0,45.0,11.0
ITEM-0000021,ORD-000013,204,1,24.0,6.0,24.0,6.0
ITEM-0000022,ORD-000014,107,1,59.99,22.0,59.99,22.0
ITEM-0000023,ORD-000014,108,1,29.99,9.5,29.99,9.5
ITEM-0000024,ORD-000015,108,2,29.99,9.5,59.98,19.0
ITEM-0000025,ORD-000016,307,1,29.99,8.0,29.99,8.0
ITEM-0000026,ORD-000016,202,1,68.0,22.0,68.0,22.0
ITEM-0000027,ORD-000017,106,2,179.99,70.0,359.98,140.0
ITEM-0000028,ORD-000017,108,1,29.99,9.5,29.99,9.5
ITEM-0000029,ORD-000017,104,1,349.99,175.0,349.99,175.0
ITEM-0000030,ORD-000018,401,1,26.0,6.0,26.0,6.0
ITEM-0000031,ORD-000018,403,1,22.0,5.2,22.0,5.2
ITEM-0000032,ORD-000019,304,1,39.99,14.0,39.99,14.0
ITEM-0000033,ORD-000019,504,1,16.99,4.2,16.99,4.2
ITEM-0000034,ORD-000020,103,2,89.99,36.0,179.98,72.0
ITEM-0000035,ORD-000020,108,1,29.99,9.5,29.99,9.5
ITEM-0000036,ORD-000021,107,2,59.99,22.0,119.98,44.0
ITEM-0000037,ORD-000021,301,1,289.0,130.0,289.0,130.0
ITEM-0000038,ORD-000022,103,1,89.99,36.0,89.99,36.0
ITEM-0000039,ORD-000022,505,1,75.0,24.0,75.0,24.0
ITEM-0000040,ORD-000022,301,1,289.0,130.0,289.0,130.0
ITEM-0000041,ORD-000023,503,2,48.0,15.0,96.0,30.0
ITEM-0000042,ORD-000023,502,1,22.99,5.5,22.99,5.5
ITEM-0000043,ORD-000023,301,1,289.0,130.0,289.0,130.0
ITEM-0000044,ORD-000023,204,1,24.0,6.0,24.0,6.0
ITEM-0000045,ORD-000024,103,3,89.99,36.0,269.97,108.0
ITEM-0000046,ORD-000025,101,1,199.99,85.0,199.99,85.0
ITEM-0000047,ORD-000026,306,1,32.5,10.0,32.5,10.0
ITEM-0000048,ORD-000027,206,1,45.0,11.0,45.0,11.0
ITEM-0000049,ORD-000028,205,1,54.0,16.0,54.0,16.0
ITEM-0000050,ORD-000028,305,1,59.99,20.0,59.99,20.0
ITEM-0000051,ORD-000028,107,1,59.99,22.0,59.99,22.0
ITEM-0000052,ORD-000028,103,1,89.99,36.0,89.99,36.0
ITEM-0000053,ORD-000029,108,1,29.99,9.5,29.99,9.5
ITEM-0000054,ORD-000030,205,2,54.0,16.0,108.0,32.0
ITEM-0000055,ORD-000030,305,1,59.99,20.0,59.99,20.0
ITEM-0000056,ORD-000030,501,1,42.0,13.0,42.0,13.0
ITEM-0000057,ORD-000031,201,2,28.0,8.5,56.0,17.0
ITEM-0000058,ORD-000031,405,1,18.0,4.0,18.0,4.0
ITEM-0000059,ORD-000031,105,1,39.99,12.0,39.99,12.0
ITEM-0000060,ORD-000031,204,1,24.0,6.0,24.0,6.0
ITEM-0000061,ORD-000032,101,1,199.99,85.0,199.99,85.0
ITEM-0000062,ORD-000032,502,1,22.99,5.5,22.99,5.5
ITEM-0000063,ORD-000033,402,1,34.0,8.5,34.0,8.5
ITEM-0000064,ORD-000033,305,1,59.99,20.0,59.99,20.0
ITEM-0000065,ORD-000034,101,2,199.99,85.0,399.98,170.0
ITEM-0000066,ORD-000035,106,1,179.99,70.0,179.99,70.0
ITEM-0000067,ORD-000036,205,1,54.0,16.0,54.0,16.0
ITEM-0000068,ORD-000036,204,1,24.0,6.0,24.0,6.0
ITEM-0000069,ORD-000036,304,1,39.99,14.0,39.99,14.0
ITEM-0000070,ORD-000037,102,1,49.99,18.0,49.99,18.0
ITEM-0000071,ORD-000038,402,1,34.0,8.5,34.0,8.5
ITEM-0000072,ORD-000039,203,1,120.0,42.0,120.0,42.0
ITEM-0000073,ORD-000040,103,1,89.99,36.0,89.99,36.0
ITEM-0000074,ORD-000040,105,1,39.99,12.0,39.99,12.0
ITEM-0000075,ORD-000040,205,1,54.0,16.0,54.0,16.0
ITEM-0000076,ORD-000040,504,1,16.99,4.2,16.99,4.2
ITEM-0000077,ORD-000041,306,1,32.5,10.0,32.5,10.0
ITEM-0000078,ORD-000041,501,1,42.0,13.0,42.0,13.0
ITEM-0000079,ORD-000042,303,1,24.99,7.5,24.99,7.5
ITEM-0000080,ORD-000043,107,1,59.99,22.0,59.99,22.0
ITEM-0000081,ORD-000043,307,1,29.99,8.0,29.99,8.0
ITEM-0000082,ORD-000044,107,1,59.99,22.0,59.99,22.0
ITEM-0000083,ORD-000045,405,1,18.0,4.0,18.0,4.0
ITEM-0000084,ORD-000045,201,1,28.0,8.5,28.0,8.5
ITEM-0000085,ORD-000045,101,2,199.99,85.0,399.98,170.0
ITEM-0000086,ORD-000046,405,1,18.0,4.0,18.0,4.0
ITEM-0000087,ORD-000047,201,3,28.0,8.5,84.0,25.5
ITEM-0000088,ORD-000047,304,1,39.99,14.0,39.99,14.0
ITEM-0000089,ORD-000047,205,1,54.0,16.0,54.0,16.0
ITEM-0000090,ORD-000048,404,1,64.99,21.0,64.99,21.0
ITEM-0000091,ORD-000048,301,1,289.0,130.0,289.0,130.0
ITEM-0000092,ORD-000049,103,1,89.99,36.0,89.99,36.0
ITEM-0000093,ORD-000050,505,1,75.0,24.0,75.0,24.0
ITEM-0000094,ORD-000051,405,1,18.0,4.0,18.0,4.0
ITEM-0000095,ORD-000051,403,1,22.0,5.2,22.0,5.2
ITEM-0000096,ORD-000052,304,1,39.99,14.0,39.99,14.0
ITEM-0000097,ORD-000053,304,1,39.99,14.0,39.99,14.0
ITEM-0000098,ORD-000054,502,1,22.99,5.5,22.99,5.5
ITEM-0000099,ORD-000055,403,2,22.0,5.2,44.0,10.4
ITEM-0000100,ORD-000056,301,2,289.0,130.0,578.0,260.0
ITEM-0000101,ORD-000056,302,1,45.0,15.0,45.0,15.0
ITEM-0000102,ORD-000056,107,1,59.99,22.0,59.99,22.0
ITEM-0000103,ORD-000056,303,1,24.99,7.5,24.99,7.5
ITEM-0000104,ORD-000057,502,1,22.99,5.5,22.99,5.5
ITEM-0000105,ORD-000058,202,1,68.0,22.0,68.0,22.0
ITEM-0000106,ORD-000059,108,1,29.99,9.5,29.99,9.5
ITEM-0000107,ORD-000060,501,1,42.0,13.0,42.0,13.0
ITEM-0000108,ORD-000060,502,1,22.99,5.5,22.99,5.5
ITEM-0000109,ORD-000060,403,1,22.0,5.2,22.0,5.2
ITEM-0000110,ORD-000061,103,1,89.99,36.0,89.99,36.0
ITEM-0000111,ORD-000062,306,1,32.5,10.0,32.5,10.0
ITEM-0000112,ORD-000063,301,1,289.0,130.0,289.0,130.0
ITEM-0000113,ORD-000063,204,1,24.0,6.0,24.0,6.0
ITEM-0000114,ORD-000063,104,1,349.99,175.0,349.99,175.0
ITEM-0000115,ORD-000063,202,1,68.0,22.0,68.0,22.0
ITEM-0000116,ORD-000064,202,1,68.0,22.0,68.0,22.0
ITEM-0000117,ORD-000064,505,1,75.0,24.0,75.0,24.0
ITEM-0000118,ORD-000064,304,1,39.99,14.0,39.99,14.0
ITEM-0000119,ORD-000065,403,1,22.0,5.2,22.0,5.2
ITEM-0000120,ORD-000065,105,2,39.99,12.0,79.98,24.0
ITEM-0000121,ORD-000065,504,1,16.99,4.2,16.99,4.2
ITEM-0000122,ORD-000065,203,1,120.0,42.0,120.0,42.0
ITEM-0000123,ORD-000066,501,1,42.0,13.0,42.0,13.0
ITEM-0000124,ORD-000066,502,1,22.99,5.5,22.99,5.5
ITEM-0000125,ORD-000067,204,2,24.0,6.0,48.0,12.0
ITEM-0000126,ORD-000067,403,1,22.0,5.2,22.0,5.2
ITEM-0000127,ORD-000068,103,3,89.99,36.0,269.97,108.0
ITEM-0000128,ORD-000069,304,1,39.99,14.0,39.99,14.0
ITEM-0000129,ORD-000070,106,1,179.99,70.0,179.99,70.0
ITEM-0000130,ORD-000071,304,1,39.99,14.0,39.99,14.0
ITEM-0000131,ORD-000071,403,1,22.0,5.2,22.0,5.2
ITEM-0000132,ORD-000071,503,1,48.0,15.0,48.0,15.0
ITEM-0000133,ORD-000071,102,1,49.99,18.0,49.99,18.0
ITEM-0000134,ORD-000072,102,1,49.99,18.0,49.99,18.0
ITEM-0000135,ORD-000072,504,1,16.99,4.2,16.99,4.2
ITEM-0000136,ORD-000072,302,1,45.0,15.0,45.0,15.0
ITEM-0000137,ORD-000073,304,1,39.99,14.0,39.99,14.0
ITEM-0000138,ORD-000074,307,1,29.99,8.0,29.99,8.0
ITEM-0000139,ORD-000075,502,1,22.99,5.5,22.99,5.5
ITEM-0000140,ORD-000076,502,1,22.99,5.5,22.99,5.5
ITEM-0000141,ORD-000076,107,3,59.99,22.0,179.97,66.0
ITEM-0000142,ORD-000076,101,1,199.99,85.0,199.99,85.0
ITEM-0000143,ORD-000076,503,1,48.0,15.0,48.0,15.0
ITEM-0000144,ORD-000077,201,1,28.0,8.5,28.0,8.5
ITEM-0000145,ORD-000077,505,1,75.0,24.0,75.0,24.0
ITEM-0000146,ORD-000077,108,1,29.99,9.5,29.99,9.5
ITEM-0000147,ORD-000078,504,1,16.99,4.2,16.99,4.2
ITEM-0000148,ORD-000078,304,1,39.99,14.0,39.99,14.0
ITEM-0000149,ORD-000079,204,1,24.0,6.0,24.0,6.0
ITEM-0000150,ORD-000079,403,1,22.0,5.2,22.0,5.2
ITEM-0000151,ORD-000079,205,1,54.0,16.0,54.0,16.0
ITEM-0000152,ORD-000079,302,1,45.0,15.0,45.0,15.0
ITEM-0000153,ORD-000080,303,1,24.99,7.5,24.99,7.5
ITEM-0000154,ORD-000081,106,1,179.99,70.0,179.99,70.0
ITEM-0000155,ORD-000081,401,1,26.0,6.0,26.0,6.0
ITEM-0000156,ORD-000082,403,3,22.0,5.2,66.0,15.6
ITEM-0000157,ORD-000083,504,1,16.99,4.2,16.99,4.2
ITEM-0000158,ORD-000083,503,1,48.0,15.0,48.0,15.0
ITEM-0000159,ORD-000084,206,1,45.0,11.0,45.0,11.0
ITEM-0000160,ORD-000084,505,1,75.0,24.0,75.0,24.0
ITEM-0000161,ORD-000085,405,1,18.0,4.0,18.0,4.0
ITEM-0000162,ORD-000085,105,1,39.99,12.0,39.99,12.0
ITEM-0000163,ORD-000085,302,1,45.0,15.0,45.0,15.0
ITEM-0000164,ORD-000086,101,1,199.99,85.0,199.99,85.0
ITEM-0000165,ORD-000086,107,1,59.99,22.0,59.99,22.0
ITEM-0000166,ORD-000087,503,1,48.0,15.0,48.0,15.0
ITEM-0000167,ORD-000088,206,1,45.0,11.0,45.0,11.0
ITEM-0000168,ORD-000089,503,2,48.0,15.0,96.0,30.0
ITEM-0000169,ORD-000090,303,1,24.99,7.5,24.99,7.5
ITEM-0000170,ORD-000090,404,1,64.99,21.0,64.99,21.0
ITEM-0000171,ORD-000091,405,1,18.0,4.0,18.0,4.0
ITEM-0000172,ORD-000091,402,1,34.0,8.5,34.0,8.5
ITEM-0000173,ORD-000092,304,1,39.99,14.0,39.99,14.0
ITEM-0000174,ORD-000092,305,1,59.99,20.0,59.99,20.0
ITEM-0000175,ORD-000093,104,1,349.99,175.0,349.99,175.0
ITEM-0000176,ORD-000093,102,1,49.99,18.0,49.99,18.0
ITEM-0000177,ORD-000094,101,1,199.99,85.0,199.99,85.0
ITEM-0000178,ORD-000095,505,1,75.0,24.0,75.0,24.0
ITEM-0000179,ORD-000096,402,1,34.0,8.5,34.0,8.5
ITEM-0000180,ORD-000097,101,1,199.99,85.0,199.99,85.0
ITEM-0000181,ORD-000098,101,1,199.99,85.0,199.99,85.0
ITEM-0000182,ORD-000099,303,1,24.99,7.5,24.99,7.5
ITEM-0000183,ORD-000100,304,1,39.99,14.0,39.99,14.0
ITEM-0000184,ORD-000100,201,1,28.0,8.5,28.0,8.5
ITEM-0000185,ORD-000101,302,2,45.0,15.0,90.0,30.0
ITEM-0000186,ORD-000102,405,1,18.0,4.0,18.0,4.0
ITEM-0000187,ORD-000103,307,1,29.99,8.0,29.99,8.0
ITEM-0000188,ORD-000104,303,1,24.99,7.5,24.99,7.5
ITEM-0000189,ORD-000105,405,1,18.0,4.0,18.0,4.0
ITEM-0000190,ORD-000105,203,2,120.0,42.0,240.0,84.0
ITEM-0000191,ORD-000105,105,2,39.99,12.0,79.98,24.0
ITEM-0000192,ORD-000106,302,1,45.0,15.0,45.0,15.0
ITEM-0000193,ORD-000107,502,1,22.99,5.5,22.99,5.5
ITEM-0000194,ORD-000108,303,2,24.99,7.5,49.98,15.0
ITEM-0000195,ORD-000109,302,1,45.0,15.0,45.0,15.0
ITEM-0000196,ORD-000110,101,1,199.99,85.0,199.99,85.0
ITEM-0000197,ORD-000111,205,1,54.0,16.0,54.0,16.0
ITEM-0000198,ORD-000111,102,1,49.99,18.0,49.99,18.0
ITEM-0000199,ORD-000111,104,1,349.99,175.0,349.99,175.0
ITEM-0000200,ORD-000111,302,2,45.0,15.0,90.0,30.0
ITEM-0000201,ORD-000112,402,1,34.0,8.5,34.0,8.5
ITEM-0000202,ORD-000112,302,1,45.0,15.0,45.0,15.0
ITEM-0000203,ORD-000113,106,1,179.99,70.0,179.99,70.0
ITEM-0000204,ORD-000114,103,1,89.99,36.0,89.99,36.0
ITEM-0000205,ORD-000114,203,1,120.0,42.0,120.0,42.0
ITEM-0000206,ORD-000114,301,1,289.0,130.0,289.0,130.0
ITEM-0000207,ORD-000115,201,1,28.0,8.5,28.0,8.5
ITEM-0000208,ORD-000115,503,1,48.0,15.0,48.0,15.0
ITEM-0000209,ORD-000116,108,3,29.99,9.5,89.97,28.5
ITEM-0000210,ORD-000116,205,1,54.0,16.0,54.0,16.0
ITEM-0000211,ORD-000117,404,1,64.99,21.0,64.99,21.0
ITEM-0000212,ORD-000117,501,1,42.0,13.0,42.0,13.0
ITEM-0000213,ORD-000118,108,1,29.99,9.5,29.99,9.5
ITEM-0000214,ORD-000119,305,1,59.99,20.0,59.99,20.0
ITEM-0000215,ORD-000120,304,2,39.99,14.0,79.98,28.0
ITEM-0000216,ORD-000121,503,1,48.0,15.0,48.0,15.0
ITEM-0000217,ORD-000122,405,1,18.0,4.0,18.0,4.0
ITEM-0000218,ORD-000123,304,1,39.99,14.0,39.99,14.0
ITEM-0000219,ORD-000123,104,1,349.99,175.0,349.99,175.0
ITEM-0000220,ORD-000124,503,1,48.0,15.0,48.0,15.0
ITEM-0000221,ORD-000124,307,1,29.99,8.0,29.99,8.0
ITEM-0000222,ORD-000125,504,1,16.99,4.2,16.99,4.2
ITEM-0000223,ORD-000125,107,1,59.99,22.0,59.99,22.0
ITEM-0000224,ORD-000126,103,1,89.99,36.0,89.99,36.0
ITEM-0000225,ORD-000126,405,1,18.0,4.0,18.0,4.0
ITEM-0000226,ORD-000127,405,1,18.0,4.0,18.0,4.0
ITEM-0000227,ORD-000128,303,1,24.99,7.5,24.99,7.5
ITEM-0000228,ORD-000128,307,3,29.99,8.0,89.97,24.0
ITEM-0000229,ORD-000129,404,1,64.99,21.0,64.99,21.0
ITEM-0000230,ORD-000129,108,2,29.99,9.5,59.98,19.0
ITEM-0000231,ORD-000130,202,1,68.0,22.0,68.0,22.0
ITEM-0000232,ORD-000131,307,1,29.99,8.0,29.99,8.0
ITEM-0000233,ORD-000131,101,2,199.99,85.0,399.98,170.0
ITEM-0000234,ORD-000132,404,1,64.99,21.0,64.99,21.0
ITEM-0000235,ORD-000132,101,2,199.99,85.0,399.98,170.0
ITEM-0000236,ORD-000132,405,1,18.0,4.0,18.0,4.0
ITEM-0000237,ORD-000133,504,1,16.99,4.2,16.99,4.2
ITEM-0000238,ORD-000134,204,1,24.0,6.0,24.0,6.0
ITEM-0000239,ORD-000135,203,1,120.0,42.0,120.0,42.0
ITEM-0000240,ORD-000135,305,1,59.99,20.0,59.99,20.0
ITEM-0000241,ORD-000136,301,1,289.0,130.0,289.0,130.0
ITEM-0000242,ORD-000137,306,1,32.5,10.0,32.5,10.0
ITEM-0000243,ORD-000138,401,1,26.0,6.0,26.0,6.0
ITEM-0000244,ORD-000139,502,2,22.99,5.5,45.98,11.0
ITEM-0000245,ORD-000140,203,1,120.0,42.0,120.0,42.0
ITEM-0000246,ORD-000141,403,1,22.0,5.2,22.0,5.2
ITEM-0000247,ORD-000142,107,1,59.99,22.0,59.99,22.0
ITEM-0000248,ORD-000142,302,1,45.0,15.0,45.0,15.0
ITEM-0000249,ORD-000143,108,1,29.99,9.5,29.99,9.5
ITEM-0000250,ORD-000144,404,1,64.99,21.0,64.99,21.0
ITEM-0000251,ORD-000145,306,1,32.5,10.0,32.5,10.0
ITEM-0000252,ORD-000146,404,1,64.99,21.0,64.99,21.0
ITEM-0000253,ORD-000146,102,1,49.99,18.0,49.99,18.0
ITEM-0000254,ORD-000147,401,2,26.0,6.0,52.0,12.0
ITEM-0000255,ORD-000147,402,2,34.0,8.5,68.0,17.0
ITEM-0000256,ORD-000148,106,1,179.99,70.0,179.99,70.0
ITEM-0000257,ORD-000149,202,1,68.0,22.0,68.0,22.0
ITEM-0000258,ORD-000149,405,1,18.0,4.0,18.0,4.0
ITEM-0000259,ORD-000150,108,1,29.99,9.5,29.99,9.5
ITEM-0000260,ORD-000150,306,3,32.5,10.0,97.5,30.0
ITEM-0000261,ORD-000150,401,1,26.0,6.0,26.0,6.0
ITEM-0000262,ORD-000150,501,2,42.0,13.0,84.0,26.0
ITEM-0000263,ORD-000151,203,1,120.0,42.0,120.0,42.0
ITEM-0000264,ORD-000151,404,1,64.99,21.0,64.99,21.0
ITEM-0000265,ORD-000151,301,2,289.0,130.0,578.0,260.0
ITEM-0000266,ORD-000152,105,1,39.99,12.0,39.99,12.0
ITEM-0000267,ORD-000153,303,1,24.99,7.5,24.99,7.5
ITEM-0000268,ORD-000154,301,1,289.0,130.0,289.0,130.0
ITEM-0000269,ORD-000155,303,1,24.99,7.5,24.99,7.5
ITEM-0000270,ORD-000155,305,2,59.99,20.0,119.98,40.0
ITEM-0000271,ORD-000156,202,1,68.0,22.0,68.0,22.0
ITEM-0000272,ORD-000156,504,1,16.99,4.2,16.99,4.2
ITEM-0000273,ORD-000156,107,2,59.99,22.0,119.98,44.0
ITEM-0000274,ORD-000157,402,1,34.0,8.5,34.0,8.5
ITEM-0000275,ORD-000158,205,2,54.0,16.0,108.0,32.0
ITEM-0000276,ORD-000158,501,1,42.0,13.0,42.0,13.0
ITEM-0000277,ORD-000159,301,1,289.0,130.0,289.0,130.0
ITEM-0000278,ORD-000160,205,1,54.0,16.0,54.0,16.0
ITEM-0000279,ORD-000160,401,1,26.0,6.0,26.0,6.0
ITEM-0000280,ORD-000161,101,2,199.99,85.0,399.98,170.0
ITEM-0000281,ORD-000161,108,1,29.99,9.5,29.99,9.5
ITEM-0000282,ORD-000162,101,1,199.99,85.0,199.99,85.0
ITEM-0000283,ORD-000162,107,1,59.99,22.0,59.99,22.0
ITEM-0000284,ORD-000163,108,1,29.99,9.5,29.99,9.5
ITEM-0000285,ORD-000164,504,1,16.99,4.2,16.99,4.2
ITEM-0000286,ORD-000164,101,1,199.99,85.0,199.99,85.0
ITEM-0000287,ORD-000164,503,1,48.0,15.0,48.0,15.0
ITEM-0000288,ORD-000164,403,1,22.0,5.2,22.0,5.2
ITEM-0000289,ORD-000165,107,1,59.99,22.0,59.99,22.0
ITEM-0000290,ORD-000165,104,1,349.99,175.0,349.99,175.0
ITEM-0000291,ORD-000166,102,2,49.99,18.0,99.98,36.0
ITEM-0000292,ORD-000167,103,1,89.99,36.0,89.99,36.0
ITEM-0000293,ORD-000168,502,1,22.99,5.5,22.99,5.5
ITEM-0000294,ORD-000169,307,1,29.99,8.0,29.99,8.0
ITEM-0000295,ORD-000169,101,1,199.99,85.0,199.99,85.0
ITEM-0000296,ORD-000169,107,1,59.99,22.0,59.99,22.0
ITEM-0000297,ORD-000170,202,1,68.0,22.0,68.0,22.0
ITEM-0000298,ORD-000170,103,1,89.99,36.0,89.99,36.0
ITEM-0000299,ORD-000171,405,1,18.0,4.0,18.0,4.0
ITEM-0000300,ORD-000171,503,1,48.0,15.0,48.0,15.0
ITEM-0000301,ORD-000172,205,2,54.0,16.0,108.0,32.0
ITEM-0000302,ORD-000172,105,1,39.99,12.0,39.99,12.0
ITEM-0000303,ORD-000172,206,1,45.0,11.0,45.0,11.0
ITEM-0000304,ORD-000173,105,1,39.99,12.0,39.99,12.0
ITEM-0000305,ORD-000174,202,1,68.0,22.0,68.0,22.0
ITEM-0000306,ORD-000174,306,1,32.5,10.0,32.5,10.0
ITEM-0000307,ORD-000174,404,1,64.99,21.0,64.99,21.0
ITEM-0000308,ORD-000174,501,1,42.0,13.0,42.0,13.0
ITEM-0000309,ORD-000175,203,1,120.0,42.0,120.0,42.0
ITEM-0000310,ORD-000176,103,1,89.99,36.0,89.99,36.0
ITEM-0000311,ORD-000176,306,1,32.5,10.0,32.5,10.0
ITEM-0000312,ORD-000177,303,2,24.99,7.5,49.98,15.0
ITEM-0000313,ORD-000177,105,1,39.99,12.0,39.99,12.0
ITEM-0000314,ORD-000178,306,1,32.5,10.0,32.5,10.0
ITEM-0000315,ORD-000179,304,1,39.99,14.0,39.99,14.0
ITEM-0000316,ORD-000179,203,1,120.0,42.0,120.0,42.0
ITEM-0000317,ORD-000180,206,1,45.0,11.0,45.0,11.0
ITEM-0000318,ORD-000181,201,1,28.0,8.5,28.0,8.5
ITEM-0000319,ORD-000182,306,1,32.5,10.0,32.5,10.0
ITEM-0000320,ORD-000183,103,1,89.99,36.0,89.99,36.0
ITEM-0000321,ORD-000183,505,1,75.0,24.0,75.0,24.0
ITEM-0000322,ORD-000183,107,2,59.99,22.0,119.98,44.0
ITEM-0000323,ORD-000183,303,1,24.99,7.5,24.99,7.5
ITEM-0000324,ORD-000184,503,1,48.0,15.0,48.0,15.0
ITEM-0000325,ORD-000184,304,1,39.99,14.0,39.99,14.0
ITEM-0000326,ORD-000185,301,1,289.0,130.0,289.0,130.0
ITEM-0000327,ORD-000185,302,1,45.0,15.0,45.0,15.0
ITEM-0000328,ORD-000186,404,1,64.99,21.0,64.99,21.0
ITEM-0000329,ORD-000187,301,1,289.0,130.0,289.0,130.0
ITEM-0000330,ORD-000188,503,1,48.0,15.0,48.0,15.0
ITEM-0000331,ORD-000188,404,1,64.99,21.0,64.99,21.0
ITEM-0000332,ORD-000189,405,1,18.0,4.0,18.0,4.0
ITEM-0000333,ORD-000190,301,1,289.0,130.0,289.0,130.0
ITEM-0000334,ORD-000191,501,2,42.0,13.0,84.0,26.0
ITEM-0000335,ORD-000192,502,1,22.99,5.5,22.99,5.5
ITEM-0000336,ORD-000193,201,1,28.0,8.5,28.0,8.5
ITEM-0000337,ORD-000193,505,1,75.0,24.0,75.0,24.0
ITEM-0000338,ORD-000194,101,1,199.99,85.0,199.99,85.0
ITEM-0000339,ORD-000195,204,1,24.0,6.0,24.0,6.0
ITEM-0000340,ORD-000195,402,1,34.0,8.5,34.0,8.5
ITEM-0000341,ORD-000196,202,1,68.0,22.0,68.0,22.0
ITEM-0000342,ORD-000196,404,1,64.99,21.0,64.99,21.0
ITEM-0000343,ORD-000197,503,1,48.0,15.0,48.0,15.0
ITEM-0000344,ORD-000198,301,1,289.0,130.0,289.0,130.0
ITEM-0000345,ORD-000198,303,2,24.99,7.5,49.98,15.0
ITEM-0000346,ORD-000199,307,1,29.99,8.0,29.99,8.0
ITEM-0000347,ORD-000199,404,1,64.99,21.0,64.99,21.0
ITEM-0000348,ORD-000199,303,1,24.99,7.5,24.99,7.5
ITEM-0000349,ORD-000199,206,1,45.0,11.0,45.0,11.0
ITEM-0000350,ORD-000200,401,1,26.0,6.0,26.0,6.0
ITEM-0000351,ORD-000201,202,2,68.0,22.0,136.0,44.0
ITEM-0000352,ORD-000202,206,1,45.0,11.0,45.0,11.0
ITEM-0000353,ORD-000203,303,2,24.99,7.5,49.98,15.0
ITEM-0000354,ORD-000203,402,1,34.0,8.5,34.0,8.5
ITEM-0000355,ORD-000204,305,1,59.99,20.0,59.99,20.0
ITEM-0000356,ORD-000204,405,2,18.0,4.0,36.0,8.0
ITEM-0000357,ORD-000205,504,1,16.99,4.2,16.99,4.2
ITEM-0000358,ORD-000205,307,1,29.99,8.0,29.99,8.0
ITEM-0000359,ORD-000206,107,2,59.99,22.0,119.98,44.0
ITEM-0000360,ORD-000206,304,1,39.99,14.0,39.99,14.0
ITEM-0000361,ORD-000206,405,1,18.0,4.0,18.0,4.0
ITEM-0000362,ORD-000206,404,1,64.99,21.0,64.99,21.0
ITEM-0000363,ORD-000207,303,1,24.99,7.5,24.99,7.5
ITEM-0000364,ORD-000207,504,1,16.99,4.2,16.99,4.2
ITEM-0000365,ORD-000207,206,1,45.0,11.0,45.0,11.0
ITEM-0000366,ORD-000207,104,1,349.99,175.0,349.99,175.0
ITEM-0000367,ORD-000208,306,1,32.5,10.0,32.5,10.0
ITEM-0000368,ORD-000209,203,1,120.0,42.0,120.0,42.0
ITEM-0000369,ORD-000209,307,2,29.99,8.0,59.98,16.0
ITEM-0000370,ORD-000210,306,1,32.5,10.0,32.5,10.0
ITEM-0000371,ORD-000211,204,1,24.0,6.0,24.0,6.0
ITEM-0000372,ORD-000211,102,1,49.99,18.0,49.99,18.0
ITEM-0000373,ORD-000212,102,1,49.99,18.0,49.99,18.0
ITEM-0000374,ORD-000213,102,2,49.99,18.0,99.98,36.0
ITEM-0000375,ORD-000213,108,1,29.99,9.5,29.99,9.5
ITEM-0000376,ORD-000214,502,1,22.99,5.5,22.99,5.5
ITEM-0000377,ORD-000215,405,1,18.0,4.0,18.0,4.0
ITEM-0000378,ORD-000215,105,1,39.99,12.0,39.99,12.0
ITEM-0000379,ORD-000215,404,2,64.99,21.0,129.98,42.0
ITEM-0000380,ORD-000215,501,1,42.0,13.0,42.0,13.0
ITEM-0000381,ORD-000216,402,1,34.0,8.5,34.0,8.5
ITEM-0000382,ORD-000216,403,1,22.0,5.2,22.0,5.2
ITEM-0000383,ORD-000217,307,1,29.99,8.0,29.99,8.0
ITEM-0000384,ORD-000218,203,1,120.0,42.0,120.0,42.0
ITEM-0000385,ORD-000219,303,1,24.99,7.5,24.99,7.5
ITEM-0000386,ORD-000219,107,1,59.99,22.0,59.99,22.0
ITEM-0000387,ORD-000220,202,1,68.0,22.0,68.0,22.0
ITEM-0000388,ORD-000221,201,2,28.0,8.5,56.0,17.0
ITEM-0000389,ORD-000221,303,1,24.99,7.5,24.99,7.5
ITEM-0000390,ORD-000222,107,1,59.99,22.0,59.99,22.0
ITEM-0000391,ORD-000222,304,1,39.99,14.0,39.99,14.0
ITEM-0000392,ORD-000223,302,1,45.0,15.0,45.0,15.0
ITEM-0000393,ORD-000223,107,1,59.99,22.0,59.99,22.0
ITEM-0000394,ORD-000224,103,2,89.99,36.0,179.98,72.0
ITEM-0000395,ORD-000225,108,1,29.99,9.5,29.99,9.5
ITEM-0000396,ORD-000225,504,1,16.99,4.2,16.99,4.2
ITEM-0000397,ORD-000225,505,1,75.0,24.0,75.0,24.0
ITEM-0000398,ORD-000226,405,1,18.0,4.0,18.0,4.0
ITEM-0000399,ORD-000227,304,1,39.99,14.0,39.99,14.0
ITEM-0000400,ORD-000227,301,2,289.0,130.0,578.0,260.0
ITEM-0000401,ORD-000228,203,1,120.0,42.0,120.0,42.0
ITEM-0000402,ORD-000228,104,1,349.99,175.0,349.99,175.0
ITEM-0000403,ORD-000229,502,1,22.99,5.5,22.99,5.5
ITEM-0000404,ORD-000230,402,1,34.0,8.5,34.0,8.5
ITEM-0000405,ORD-000230,501,1,42.0,13.0,42.0,13.0
ITEM-0000406,ORD-000231,103,1,89.99,36.0,89.99,36.0
ITEM-0000407,ORD-000232,203,2,120.0,42.0,240.0,84.0
ITEM-0000408,ORD-000233,203,1,120.0,42.0,120.0,42.0
ITEM-0000409,ORD-000233,405,1,18.0,4.0,18.0,4.0
ITEM-0000410,ORD-000233,401,2,26.0,6.0,52.0,12.0
ITEM-0000411,ORD-000234,103,1,89.99,36.0,89.99,36.0
ITEM-0000412,ORD-000234,503,1,48.0,15.0,48.0,15.0
ITEM-0000413,ORD-000235,104,1,349.99,175.0,349.99,175.0
ITEM-0000414,ORD-000236,502,1,22.99,5.5,22.99,5.5
ITEM-0000415,ORD-000236,102,1,49.99,18.0,49.99,18.0
ITEM-0000416,ORD-000236,505,1,75.0,24.0,75.0,24.0
ITEM-0000417,ORD-000236,201,1,28.0,8.5,28.0,8.5
ITEM-0000418,ORD-000237,206,1,45.0,11.0,45.0,11.0
ITEM-0000419,ORD-000237,102,1,49.99,18.0,49.99,18.0
ITEM-0000420,ORD-000238,404,1,64.99,21.0,64.99,21.0
ITEM-0000421,ORD-000238,203,2,120.0,42.0,240.0,84.0
ITEM-0000422,ORD-000239,307,1,29.99,8.0,29.99,8.0
ITEM-0000423,ORD-000240,108,1,29.99,9.5,29.99,9.5
ITEM-0000424,ORD-000241,105,2,39.99,12.0,79.98,24.0
ITEM-0000425,ORD-000242,104,1,349.99,175.0,349.99,175.0
ITEM-0000426,ORD-000242,102,1,49.99,18.0,49.99,18.0
ITEM-0000427,ORD-000242,105,2,39.99,12.0,79.98,24.0
ITEM-0000428,ORD-000243,503,1,48.0,15.0,48.0,15.0
ITEM-0000429,ORD-000243,202,1,68.0,22.0,68.0,22.0
ITEM-0000430,ORD-000243,304,1,39.99,14.0,39.99,14.0
ITEM-0000431,ORD-000243,303,1,24.99,7.5,24.99,7.5
ITEM-0000432,ORD-000244,101,1,199.99,85.0,199.99,85.0
ITEM-0000433,ORD-000244,107,1,59.99,22.0,59.99,22.0
ITEM-0000434,ORD-000244,301,1,289.0,130.0,289.0,130.0
ITEM-0000435,ORD-000245,302,1,45.0,15.0,45.0,15.0
ITEM-0000436,ORD-000246,101,1,199.99,85.0,199.99,85.0
ITEM-0000437,ORD-000246,502,1,22.99,5.5,22.99,5.5
ITEM-0000438,ORD-000246,404,3,64.99,21.0,194.97,63.0
ITEM-0000439,ORD-000247,302,1,45.0,15.0,45.0,15.0
ITEM-0000440,ORD-000248,306,1,32.5,10.0,32.5,10.0
ITEM-0000441,ORD-000249,108,1,29.99,9.5,29.99,9.5
ITEM-0000442,ORD-000250,202,1,68.0,22.0,68.0,22.0
ITEM-0000443,ORD-000251,505,1,75.0,24.0,75.0,24.0
ITEM-0000444,ORD-000252,205,1,54.0,16.0,54.0,16.0
ITEM-0000445,ORD-000253,505,3,75.0,24.0,225.0,72.0
ITEM-0000446,ORD-000253,401,1,26.0,6.0,26.0,6.0
ITEM-0000447,ORD-000254,404,1,64.99,21.0,64.99,21.0
ITEM-0000448,ORD-000255,203,2,120.0,42.0,240.0,84.0
ITEM-0000449,ORD-000256,203,1,120.0,42.0,120.0,42.0
ITEM-0000450,ORD-000256,401,1,26.0,6.0,26.0,6.0
ITEM-0000451,ORD-000257,403,1,22.0,5.2,22.0,5.2
ITEM-0000452,ORD-000257,204,1,24.0,6.0,24.0,6.0
ITEM-0000453,ORD-000257,104,1,349.99,175.0,349.99,175.0
ITEM-0000454,ORD-000258,301,1,289.0,130.0,289.0,130.0
ITEM-0000455,ORD-000259,306,1,32.5,10.0,32.5,10.0
ITEM-0000456,ORD-000260,305,1,59.99,20.0,59.99,20.0
ITEM-0000457,ORD-000261,205,1,54.0,16.0,54.0,16.0
ITEM-0000458,ORD-000261,401,2,26.0,6.0,52.0,12.0
ITEM-0000459,ORD-000262,204,2,24.0,6.0,48.0,12.0
ITEM-0000460,ORD-000263,502,2,22.99,5.5,45.98,11.0
ITEM-0000461,ORD-000263,108,1,29.99,9.5,29.99,9.5
ITEM-0000462,ORD-000263,505,1,75.0,24.0,75.0,24.0
ITEM-0000463,ORD-000264,503,1,48.0,15.0,48.0,15.0
ITEM-0000464,ORD-000264,203,3,120.0,42.0,360.0,126.0
ITEM-0000465,ORD-000264,401,1,26.0,6.0,26.0,6.0
ITEM-0000466,ORD-000265,202,1,68.0,22.0,68.0,22.0
ITEM-0000467,ORD-000266,504,1,16.99,4.2,16.99,4.2
ITEM-0000468,ORD-000266,204,1,24.0,6.0,24.0,6.0
ITEM-0000469,ORD-000266,104,1,349.99,175.0,349.99,175.0
ITEM-0000470,ORD-000267,203,1,120.0,42.0,120.0,42.0
ITEM-0000471,ORD-000267,505,1,75.0,24.0,75.0,24.0
ITEM-0000472,ORD-000268,105,1,39.99,12.0,39.99,12.0
ITEM-0000473,ORD-000268,204,1,24.0,6.0,24.0,6.0
ITEM-0000474,ORD-000269,202,1,68.0,22.0,68.0,22.0
ITEM-0000475,ORD-000269,105,1,39.99,12.0,39.99,12.0
ITEM-0000476,ORD-000270,404,1,64.99,21.0,64.99,21.0
ITEM-0000477,ORD-000270,103,2,89.99,36.0,179.98,72.0
ITEM-0000478,ORD-000271,404,1,64.99,21.0,64.99,21.0
ITEM-0000479,ORD-000272,305,1,59.99,20.0,59.99,20.0
ITEM-0000480,ORD-000272,102,1,49.99,18.0,49.99,18.0
ITEM-0000481,ORD-000273,103,1,89.99,36.0,89.99,36.0
ITEM-0000482,ORD-000273,106,1,179.99,70.0,179.99,70.0
ITEM-0000483,ORD-000274,403,1,22.0,5.2,22.0,5.2
ITEM-0000484,ORD-000275,306,1,32.5,10.0,32.5,10.0
ITEM-0000485,ORD-000275,101,1,199.99,85.0,199.99,85.0
ITEM-0000486,ORD-000276,204,1,24.0,6.0,24.0,6.0
ITEM-0000487,ORD-000276,502,1,22.99,5.5,22.99,5.5
ITEM-0000488,ORD-000276,503,1,48.0,15.0,48.0,15.0
ITEM-0000489,ORD-000277,103,1,89.99,36.0,89.99,36.0
ITEM-0000490,ORD-000277,102,1,49.99,18.0,49.99,18.0
ITEM-0000491,ORD-000278,102,1,49.99,18.0,49.99,18.0
ITEM-0000492,ORD-000279,405,1,18.0,4.0,18.0,4.0
ITEM-0000493,ORD-000280,204,1,24.0,6.0,24.0,6.0
ITEM-0000494,ORD-000280,303,1,24.99,7.5,24.99,7.5
ITEM-0000495,ORD-000280,403,1,22.0,5.2,22.0,5.2
ITEM-0000496,ORD-000280,505,1,75.0,24.0,75.0,24.0
ITEM-0000497,ORD-000281,205,1,54.0,16.0,54.0,16.0
ITEM-0000498,ORD-000281,401,1,26.0,6.0,26.0,6.0
ITEM-0000499,ORD-000282,302,1,45.0,15.0,45.0,15.0
ITEM-0000500,ORD-000282,303,1,24.99,7.5,24.99,7.5
ITEM-0000501,ORD-000283,108,1,29.99,9.5,29.99,9.5
ITEM-0000502,ORD-000284,103,1,89.99,36.0,89.99,36.0
ITEM-0000503,ORD-000285,401,1,26.0,6.0,26.0,6.0
ITEM-0000504,ORD-000285,403,1,22.0,5.2,22.0,5.2
ITEM-0000505,ORD-000286,301,1,289.0,130.0,289.0,130.0
ITEM-0000506,ORD-000286,303,1,24.99,7.5,24.99,7.5
ITEM-0000507,ORD-000286,206,1,45.0,11.0,45.0,11.0
ITEM-0000508,ORD-000287,303,1,24.99,7.5,24.99,7.5
ITEM-0000509,ORD-000288,107,1,59.99,22.0,59.99,22.0
ITEM-0000510,ORD-000289,501,2,42.0,13.0,84.0,26.0
ITEM-0000511,ORD-000290,101,1,199.99,85.0,199.99,85.0
ITEM-0000512,ORD-000290,402,1,34.0,8.5,34.0,8.5
ITEM-0000513,ORD-000291,103,1,89.99,36.0,89.99,36.0
ITEM-0000514,ORD-000291,505,1,75.0,24.0,75.0,24.0
ITEM-0000515,ORD-000292,104,1,349.99,175.0,349.99,175.0
ITEM-0000516,ORD-000292,102,1,49.99,18.0,49.99,18.0
ITEM-0000517,ORD-000293,502,1,22.99,5.5,22.99,5.5
ITEM-0000518,ORD-000293,503,1,48.0,15.0,48.0,15.0
ITEM-0000519,ORD-000293,105,1,39.99,12.0,39.99,12.0
ITEM-0000520,ORD-000294,306,1,32.5,10.0,32.5,10.0
ITEM-0000521,ORD-000294,104,1,349.99,175.0,349.99,175.0
ITEM-0000522,ORD-000295,105,1,39.99,12.0,39.99,12.0
ITEM-0000523,ORD-000295,305,1,59.99,20.0,59.99,20.0
ITEM-0000524,ORD-000296,403,1,22.0,5.2,22.0,5.2
ITEM-0000525,ORD-000297,101,1,199.99,85.0,199.99,85.0
ITEM-0000526,ORD-000298,303,1,24.99,7.5,24.99,7.5
ITEM-0000527,ORD-000298,503,2,48.0,15.0,96.0,30.0
ITEM-0000528,ORD-000299,505,1,75.0,24.0,75.0,24.0
ITEM-0000529,ORD-000299,403,1,22.0,5.2,22.0,5.2
ITEM-0000530,ORD-000300,503,2,48.0,15.0,96.0,30.0
ITEM-0000531,ORD-000301,205,1,54.0,16.0,54.0,16.0
ITEM-0000532,ORD-000301,405,1,18.0,4.0,18.0,4.0
ITEM-0000533,ORD-000302,402,1,34.0,8.5,34.0,8.5
ITEM-0000534,ORD-000303,404,1,64.99,21.0,64.99,21.0
ITEM-0000535,ORD-000303,205,1,54.0,16.0,54.0,16.0
ITEM-0000536,ORD-000304,206,1,45.0,11.0,45.0,11.0
ITEM-0000537,ORD-000304,503,2,48.0,15.0,96.0,30.0
ITEM-0000538,ORD-000305,104,1,349.99,175.0,349.99,175.0
ITEM-0000539,ORD-000306,304,1,39.99,14.0,39.99,14.0
ITEM-0000540,ORD-000307,306,2,32.5,10.0,65.0,20.0
ITEM-0000541,ORD-000308,106,2,179.99,70.0,359.98,140.0
ITEM-0000542,ORD-000309,403,1,22.0,5.2,22.0,5.2
ITEM-0000543,ORD-000310,105,1,39.99,12.0,39.99,12.0
ITEM-0000544,ORD-000311,206,1,45.0,11.0,45.0,11.0
ITEM-0000545,ORD-000312,301,1,289.0,130.0,289.0,130.0
ITEM-0000546,ORD-000312,302,1,45.0,15.0,45.0,15.0
ITEM-0000547,ORD-000312,303,1,24.99,7.5,24.99,7.5
ITEM-0000548,ORD-000313,304,1,39.99,14.0,39.99,14.0
ITEM-0000549,ORD-000313,104,1,349.99,175.0,349.99,175.0
ITEM-0000550,ORD-000313,108,1,29.99,9.5,29.99,9.5
ITEM-0000551,ORD-000314,204,1,24.0,6.0,24.0,6.0
ITEM-0000552,ORD-000314,101,1,199.99,85.0,199.99,85.0
ITEM-0000553,ORD-000314,304,1,39.99,14.0,39.99,14.0
ITEM-0000554,ORD-000315,505,1,75.0,24.0,75.0,24.0
ITEM-0000555,ORD-000316,104,1,349.99,175.0,349.99,175.0
ITEM-0000556,ORD-000316,102,1,49.99,18.0,49.99,18.0
ITEM-0000557,ORD-000317,504,1,16.99,4.2,16.99,4.2
ITEM-0000558,ORD-000318,502,1,22.99,5.5,22.99,5.5
ITEM-0000559,ORD-000318,501,3,42.0,13.0,126.0,39.0
ITEM-0000560,ORD-000318,205,1,54.0,16.0,54.0,16.0
ITEM-0000561,ORD-000318,503,1,48.0,15.0,48.0,15.0
ITEM-0000562,ORD-000319,304,1,39.99,14.0,39.99,14.0
ITEM-0000563,ORD-000319,405,3,18.0,4.0,54.0,12.0
ITEM-0000564,ORD-000320,501,1,42.0,13.0,42.0,13.0
ITEM-0000565,ORD-000320,502,1,22.99,5.5,22.99,5.5
ITEM-0000566,ORD-000321,305,1,59.99,20.0,59.99,20.0
ITEM-0000567,ORD-000321,306,1,32.5,10.0,32.5,10.0
ITEM-0000568,ORD-000322,105,2,39.99,12.0,79.98,24.0
ITEM-0000569,ORD-000322,502,1,22.99,5.5,22.99,5.5
ITEM-0000570,ORD-000322,505,2,75.0,24.0,150.0,48.0
ITEM-0000571,ORD-000323,503,1,48.0,15.0,48.0,15.0
ITEM-0000572,ORD-000324,503,1,48.0,15.0,48.0,15.0
ITEM-0000573,ORD-000324,301,1,289.0,130.0,289.0,130.0
ITEM-0000574,ORD-000325,206,1,45.0,11.0,45.0,11.0
ITEM-0000575,ORD-000326,501,1,42.0,13.0,42.0,13.0
ITEM-0000576,ORD-000327,303,1,24.99,7.5,24.99,7.5
ITEM-0000577,ORD-000328,503,1,48.0,15.0,48.0,15.0
ITEM-0000578,ORD-000329,201,1,28.0,8.5,28.0,8.5
ITEM-0000579,ORD-000330,503,2,48.0,15.0,96.0,30.0
ITEM-0000580,ORD-000330,501,1,42.0,13.0,42.0,13.0
ITEM-0000581,ORD-000331,206,1,45.0,11.0,45.0,11.0
ITEM-0000582,ORD-000331,401,1,26.0,6.0,26.0,6.0
ITEM-0000583,ORD-000332,206,1,45.0,11.0,45.0,11.0
ITEM-0000584,ORD-000333,405,1,18.0,4.0,18.0,4.0
ITEM-0000585,ORD-000333,502,1,22.99,5.5,22.99,5.5
ITEM-0000586,ORD-000333,402,2,34.0,8.5,68.0,17.0
ITEM-0000587,ORD-000333,307,1,29.99,8.0,29.99,8.0
ITEM-0000588,ORD-000334,303,1,24.99,7.5,24.99,7.5
ITEM-0000589,ORD-000335,305,1,59.99,20.0,59.99,20.0
ITEM-0000590,ORD-000335,303,2,24.99,7.5,49.98,15.0
ITEM-0000591,ORD-000335,206,1,45.0,11.0,45.0,11.0
ITEM-0000592,ORD-000336,501,1,42.0,13.0,42.0,13.0
ITEM-0000593,ORD-000336,307,1,29.99,8.0,29.99,8.0
ITEM-0000594,ORD-000336,405,1,18.0,4.0,18.0,4.0
ITEM-0000595,ORD-000337,204,1,24.0,6.0,24.0,6.0
ITEM-0000596,ORD-000337,402,1,34.0,8.5,34.0,8.5
ITEM-0000597,ORD-000337,405,1,18.0,4.0,18.0,4.0
ITEM-0000598,ORD-000338,104,1,349.99,175.0,349.99,175.0
ITEM-0000599,ORD-000339,303,1,24.99,7.5,24.99,7.5
ITEM-0000600,ORD-000339,503,3,48.0,15.0,144.0,45.0
ITEM-0000601,ORD-000339,306,1,32.5,10.0,32.5,10.0
ITEM-0000602,ORD-000340,302,1,45.0,15.0,45.0,15.0
ITEM-0000603,ORD-000341,502,1,22.99,5.5,22.99,5.5
ITEM-0000604,ORD-000341,103,1,89.99,36.0,89.99,36.0
ITEM-0000605,ORD-000342,101,1,199.99,85.0,199.99,85.0
ITEM-0000606,ORD-000342,108,1,29.99,9.5,29.99,9.5
ITEM-0000607,ORD-000343,401,1,26.0,6.0,26.0,6.0
ITEM-0000608,ORD-000344,303,2,24.99,7.5,49.98,15.0
ITEM-0000609,ORD-000344,401,2,26.0,6.0,52.0,12.0
ITEM-0000610,ORD-000344,206,1,45.0,11.0,45.0,11.0
ITEM-0000611,ORD-000345,303,1,24.99,7.5,24.99,7.5
ITEM-0000612,ORD-000345,204,1,24.0,6.0,24.0,6.0
ITEM-0000613,ORD-000346,305,1,59.99,20.0,59.99,20.0
ITEM-0000614,ORD-000346,404,1,64.99,21.0,64.99,21.0
ITEM-0000615,ORD-000346,306,1,32.5,10.0,32.5,10.0
ITEM-0000616,ORD-000346,106,1,179.99,70.0,179.99,70.0
ITEM-0000617,ORD-000347,504,1,16.99,4.2,16.99,4.2
ITEM-0000618,ORD-000347,106,1,179.99,70.0,179.99,70.0
ITEM-0000619,ORD-000347,505,1,75.0,24.0,75.0,24.0
ITEM-0000620,ORD-000348,304,1,39.99,14.0,39.99,14.0
ITEM-0000621,ORD-000348,106,1,179.99,70.0,179.99,70.0
ITEM-0000622,ORD-000349,501,1,42.0,13.0,42.0,13.0
ITEM-0000623,ORD-000350,404,1,64.99,21.0,64.99,21.0
ITEM-0000624,ORD-000351,101,1,199.99,85.0,199.99,85.0
ITEM-0000625,ORD-000351,307,1,29.99,8.0,29.99,8.0
ITEM-0000626,ORD-000352,504,1,16.99,4.2,16.99,4.2
ITEM-0000627,ORD-000353,204,3,24.0,6.0,72.0,18.0
ITEM-0000628,ORD-000354,201,1,28.0,8.5,28.0,8.5
ITEM-0000629,ORD-000354,301,1,289.0,130.0,289.0,130.0
ITEM-0000630,ORD-000354,403,1,22.0,5.2,22.0,5.2
ITEM-0000631,ORD-000354,501,1,42.0,13.0,42.0,13.0
ITEM-0000632,ORD-000355,206,1,45.0,11.0,45.0,11.0
ITEM-0000633,ORD-000355,205,1,54.0,16.0,54.0,16.0
ITEM-0000634,ORD-000355,102,1,49.99,18.0,49.99,18.0
ITEM-0000635,ORD-000356,204,1,24.0,6.0,24.0,6.0
ITEM-0000636,ORD-000356,102,1,49.99,18.0,49.99,18.0
ITEM-0000637,ORD-000357,105,1,39.99,12.0,39.99,12.0
ITEM-0000638,ORD-000358,106,1,179.99,70.0,179.99,70.0
ITEM-0000639,ORD-000359,103,2,89.99,36.0,179.98,72.0
ITEM-0000640,ORD-000359,205,1,54.0,16.0,54.0,16.0
ITEM-0000641,ORD-000359,403,1,22.0,5.2,22.0,5.2
ITEM-0000642,ORD-000360,405,1,18.0,4.0,18.0,4.0
ITEM-0000643,ORD-000360,206,1,45.0,11.0,45.0,11.0
ITEM-0000644,ORD-000361,307,1,29.99,8.0,29.99,8.0
ITEM-0000645,ORD-000362,301,1,289.0,130.0,289.0,130.0
ITEM-0000646,ORD-000363,106,1,179.99,70.0,179.99,70.0
ITEM-0000647,ORD-000363,404,1,64.99,21.0,64.99,21.0
ITEM-0000648,ORD-000363,103,1,89.99,36.0,89.99,36.0
ITEM-0000649,ORD-000363,101,1,199.99,85.0,199.99,85.0
ITEM-0000650,ORD-000364,307,1,29.99,8.0,29.99,8.0
ITEM-0000651,ORD-000365,205,1,54.0,16.0,54.0,16.0
ITEM-0000652,ORD-000366,501,1,42.0,13.0,42.0,13.0
ITEM-0000653,ORD-000367,307,1,29.99,8.0,29.99,8.0
ITEM-0000654,ORD-000367,302,1,45.0,15.0,45.0,15.0
ITEM-0000655,ORD-000367,502,2,22.99,5.5,45.98,11.0
ITEM-0000656,ORD-000367,402,1,34.0,8.5,34.0,8.5
ITEM-0000657,ORD-000368,402,1,34.0,8.5,34.0,8.5
ITEM-0000658,ORD-000368,307,2,29.99,8.0,59.98,16.0
ITEM-0000659,ORD-000369,201,1,28.0,8.5,28.0,8.5
ITEM-0000660,ORD-000369,202,2,68.0,22.0,136.0,44.0
ITEM-0000661,ORD-000370,104,1,349.99,175.0,349.99,175.0
ITEM-0000662,ORD-000371,306,1,32.5,10.0,32.5,10.0
ITEM-0000663,ORD-000372,104,1,349.99,175.0,349.99,175.0
ITEM-0000664,ORD-000372,303,1,24.99,7.5,24.99,7.5
ITEM-0000665,ORD-000372,503,2,48.0,15.0,96.0,30.0
ITEM-0000666,ORD-000373,403,1,22.0,5.2,22.0,5.2
ITEM-0000667,ORD-000373,304,1,39.99,14.0,39.99,14.0
ITEM-0000668,ORD-000374,403,1,22.0,5.2,22.0,5.2
ITEM-0000669,ORD-000375,102,1,49.99,18.0,49.99,18.0
ITEM-0000670,ORD-000376,504,1,16.99,4.2,16.99,4.2
ITEM-0000671,ORD-000377,201,1,28.0,8.5,28.0,8.5
ITEM-0000672,ORD-000377,305,1,59.99,20.0,59.99,20.0
ITEM-0000673,ORD-000377,401,1,26.0,6.0,26.0,6.0
ITEM-0000674,ORD-000377,502,1,22.99,5.5,22.99,5.5
ITEM-0000675,ORD-000378,108,1,29.99,9.5,29.99,9.5
ITEM-0000676,ORD-000379,305,1,59.99,20.0,59.99,20.0
ITEM-0000677,ORD-000379,503,1,48.0,15.0,48.0,15.0
ITEM-0000678,ORD-000380,503,1,48.0,15.0,48.0,15.0
ITEM-0000679,ORD-000381,301,1,289.0,130.0,289.0,130.0
ITEM-0000680,ORD-000381,302,1,45.0,15.0,45.0,15.0
ITEM-0000681,ORD-000382,301,1,289.0,130.0,289.0,130.0
ITEM-0000682,ORD-000383,201,1,28.0,8.5,28.0,8.5
ITEM-0000683,ORD-000384,307,1,29.99,8.0,29.99,8.0
ITEM-0000684,ORD-000385,101,2,199.99,85.0,399.98,170.0
ITEM-0000685,ORD-000386,302,1,45.0,15.0,45.0,15.0
ITEM-0000686,ORD-000387,401,2,26.0,6.0,52.0,12.0
ITEM-0000687,ORD-000388,503,1,48.0,15.0,48.0,15.0
ITEM-0000688,ORD-000389,107,1,59.99,22.0,59.99,22.0
ITEM-0000689,ORD-000389,101,1,199.99,85.0,199.99,85.0
ITEM-0000690,ORD-000390,102,1,49.99,18.0,49.99,18.0
ITEM-0000691,ORD-000391,302,1,45.0,15.0,45.0,15.0
ITEM-0000692,ORD-000391,104,1,349.99,175.0,349.99,175.0
ITEM-0000693,ORD-000392,107,1,59.99,22.0,59.99,22.0
ITEM-0000694,ORD-000393,502,1,22.99,5.5,22.99,5.5
ITEM-0000695,ORD-000394,307,1,29.99,8.0,29.99,8.0
ITEM-0000696,ORD-000394,305,1,59.99,20.0,59.99,20.0
ITEM-0000697,ORD-000395,307,1,29.99,8.0,29.99,8.0
ITEM-0000698,ORD-000395,203,1,120.0,42.0,120.0,42.0
ITEM-0000699,ORD-000396,301,1,289.0,130.0,289.0,130.0
ITEM-0000700,ORD-000396,302,1,45.0,15.0,45.0,15.0
ITEM-0000701,ORD-000397,104,1,349.99,175.0,349.99,175.0
ITEM-0000702,ORD-000397,102,1,49.99,18.0,49.99,18.0
ITEM-0000703,ORD-000398,202,2,68.0,22.0,136.0,44.0
ITEM-0000704,ORD-000399,103,1,89.99,36.0,89.99,36.0
ITEM-0000705,ORD-000399,402,1,34.0,8.5,34.0,8.5
ITEM-0000706,ORD-000400,502,1,22.99,5.5,22.99,5.5
ITEM-0000707,ORD-000401,104,1,349.99,175.0,349.99,175.0
ITEM-0000708,ORD-000402,103,2,89.99,36.0,179.98,72.0
ITEM-0000709,ORD-000402,504,1,16.99,4.2,16.99,4.2
ITEM-0000710,ORD-000403,206,1,45.0,11.0,45.0,11.0
ITEM-0000711,ORD-000403,401,1,26.0,6.0,26.0,6.0
ITEM-0000712,ORD-000403,101,1,199.99,85.0,199.99,85.0
ITEM-0000713,ORD-000404,401,1,26.0,6.0,26.0,6.0
ITEM-0000714,ORD-000405,204,2,24.0,6.0,48.0,12.0
ITEM-0000715,ORD-000406,108,1,29.99,9.5,29.99,9.5
ITEM-0000716,ORD-000407,305,2,59.99,20.0,119.98,40.0
ITEM-0000717,ORD-000407,103,1,89.99,36.0,89.99,36.0
ITEM-0000718,ORD-000407,201,1,28.0,8.5,28.0,8.5
ITEM-0000719,ORD-000408,402,1,34.0,8.5,34.0,8.5
ITEM-0000720,ORD-000408,505,2,75.0,24.0,150.0,48.0
ITEM-0000721,ORD-000409,102,1,49.99,18.0,49.99,18.0
ITEM-0000722,ORD-000409,202,2,68.0,22.0,136.0,44.0
ITEM-0000723,ORD-000410,504,2,16.99,4.2,33.98,8.4
ITEM-0000724,ORD-000410,402,1,34.0,8.5,34.0,8.5
ITEM-0000725,ORD-000411,505,1,75.0,24.0,75.0,24.0
ITEM-0000726,ORD-000411,402,1,34.0,8.5,34.0,8.5
ITEM-0000727,ORD-000412,104,1,349.99,175.0,349.99,175.0
ITEM-0000728,ORD-000413,401,1,26.0,6.0,26.0,6.0
ITEM-0000729,ORD-000414,402,1,34.0,8.5,34.0,8.5
ITEM-0000730,ORD-000415,103,1,89.99,36.0,89.99,36.0
ITEM-0000731,ORD-000416,403,1,22.0,5.2,22.0,5.2
ITEM-0000732,ORD-000417,107,1,59.99,22.0,59.99,22.0
ITEM-0000733,ORD-000418,307,1,29.99,8.0,29.99,8.0
ITEM-0000734,ORD-000418,504,1,16.99,4.2,16.99,4.2
ITEM-0000735,ORD-000418,102,1,49.99,18.0,49.99,18.0
ITEM-0000736,ORD-000419,504,1,16.99,4.2,16.99,4.2
ITEM-0000737,ORD-000420,101,1,199.99,85.0,199.99,85.0
ITEM-0000738,ORD-000421,307,1,29.99,8.0,29.99,8.0
ITEM-0000739,ORD-000422,505,1,75.0,24.0,75.0,24.0
ITEM-0000740,ORD-000422,302,2,45.0,15.0,90.0,30.0
ITEM-0000741,ORD-000423,103,3,89.99,36.0,269.97,108.0
ITEM-0000742,ORD-000423,204,1,24.0,6.0,24.0,6.0
ITEM-0000743,ORD-000424,202,1,68.0,22.0,68.0,22.0
ITEM-0000744,ORD-000424,501,2,42.0,13.0,84.0,26.0
ITEM-0000745,ORD-000424,204,1,24.0,6.0,24.0,6.0
ITEM-0000746,ORD-000425,104,1,349.99,175.0,349.99,175.0
ITEM-0000747,ORD-000426,305,1,59.99,20.0,59.99,20.0
ITEM-0000748,ORD-000426,403,1,22.0,5.2,22.0,5.2
ITEM-0000749,ORD-000427,404,2,64.99,21.0,129.98,42.0
ITEM-0000750,ORD-000427,108,1,29.99,9.5,29.99,9.5
ITEM-0000751,ORD-000427,301,1,289.0,130.0,289.0,130.0
ITEM-0000752,ORD-000428,105,1,39.99,12.0,39.99,12.0
ITEM-0000753,ORD-000429,505,1,75.0,24.0,75.0,24.0
ITEM-0000754,ORD-000430,503,2,48.0,15.0,96.0,30.0
ITEM-0000755,ORD-000431,505,2,75.0,24.0,150.0,48.0
ITEM-0000756,ORD-000431,107,2,59.99,22.0,119.98,44.0
ITEM-0000757,ORD-000432,203,1,120.0,42.0,120.0,42.0
ITEM-0000758,ORD-000432,302,1,45.0,15.0,45.0,15.0
ITEM-0000759,ORD-000433,305,1,59.99,20.0,59.99,20.0
ITEM-0000760,ORD-000433,306,1,32.5,10.0,32.5,10.0
ITEM-0000761,ORD-000433,405,3,18.0,4.0,54.0,12.0
ITEM-0000762,ORD-000434,106,1,179.99,70.0,179.99,70.0
ITEM-0000763,ORD-000435,302,1,45.0,15.0,45.0,15.0
ITEM-0000764,ORD-000436,402,1,34.0,8.5,34.0,8.5
ITEM-0000765,ORD-000436,306,1,32.5,10.0,32.5,10.0
ITEM-0000766,ORD-000436,203,2,120.0,42.0,240.0,84.0
ITEM-0000767,ORD-000437,404,2,64.99,21.0,129.98,42.0
ITEM-0000768,ORD-000438,405,1,18.0,4.0,18.0,4.0
ITEM-0000769,ORD-000438,505,1,75.0,24.0,75.0,24.0
ITEM-0000770,ORD-000439,302,1,45.0,15.0,45.0,15.0
ITEM-0000771,ORD-000440,103,1,89.99,36.0,89.99,36.0
ITEM-0000772,ORD-000440,105,1,39.99,12.0,39.99,12.0
ITEM-0000773,ORD-000441,108,1,29.99,9.5,29.99,9.5
ITEM-0000774,ORD-000441,504,1,16.99,4.2,16.99,4.2
ITEM-0000775,ORD-000441,305,1,59.99,20.0,59.99,20.0
ITEM-0000776,ORD-000442,402,1,34.0,8.5,34.0,8.5
ITEM-0000777,ORD-000443,201,1,28.0,8.5,28.0,8.5
ITEM-0000778,ORD-000443,301,1,289.0,130.0,289.0,130.0
ITEM-0000779,ORD-000443,105,1,39.99,12.0,39.99,12.0
ITEM-0000780,ORD-000444,104,1,349.99,175.0,349.99,175.0
ITEM-0000781,ORD-000444,205,1,54.0,16.0,54.0,16.0
ITEM-0000782,ORD-000444,306,1,32.5,10.0,32.5,10.0
ITEM-0000783,ORD-000444,504,2,16.99,4.2,33.98,8.4
ITEM-0000784,ORD-000445,206,1,45.0,11.0,45.0,11.0
ITEM-0000785,ORD-000445,404,1,64.99,21.0,64.99,21.0
ITEM-0000786,ORD-000446,303,1,24.99,7.5,24.99,7.5
ITEM-0000787,ORD-000447,305,1,59.99,20.0,59.99,20.0
ITEM-0000788,ORD-000448,404,1,64.99,21.0,64.99,21.0
ITEM-0000789,ORD-000448,101,1,199.99,85.0,199.99,85.0
ITEM-0000790,ORD-000448,405,1,18.0,4.0,18.0,4.0
ITEM-0000791,ORD-000449,305,1,59.99,20.0,59.99,20.0
ITEM-0000792,ORD-000450,301,1,289.0,130.0,289.0,130.0
ITEM-0000793,ORD-000451,204,1,24.0,6.0,24.0,6.0
ITEM-0000794,ORD-000451,501,1,42.0,13.0,42.0,13.0
ITEM-0000795,ORD-000452,404,1,64.99,21.0,64.99,21.0
ITEM-0000796,ORD-000452,104,2,349.99,175.0,699.98,350.0
ITEM-0000797,ORD-000453,302,1,45.0,15.0,45.0,15.0
ITEM-0000798,ORD-000454,403,1,22.0,5.2,22.0,5.2
ITEM-0000799,ORD-000455,203,1,120.0,42.0,120.0,42.0
ITEM-0000800,ORD-000455,303,1,24.99,7.5,24.99,7.5
ITEM-0000801,ORD-000456,505,1,75.0,24.0,75.0,24.0
ITEM-0000802,ORD-000456,404,1,64.99,21.0,64.99,21.0
ITEM-0000803,ORD-000457,103,1,89.99,36.0,89.99,36.0
ITEM-0000804,ORD-000457,304,1,39.99,14.0,39.99,14.0
ITEM-0000805,ORD-000458,304,1,39.99,14.0,39.99,14.0
ITEM-0000806,ORD-000458,402,3,34.0,8.5,102.0,25.5
ITEM-0000807,ORD-000458,201,1,28.0,8.5,28.0,8.5
ITEM-0000808,ORD-000459,206,1,45.0,11.0,45.0,11.0
ITEM-0000809,ORD-000459,302,1,45.0,15.0,45.0,15.0
ITEM-0000810,ORD-000459,401,1,26.0,6.0,26.0,6.0
ITEM-0000811,ORD-000460,106,1,179.99,70.0,179.99,70.0
ITEM-0000812,ORD-000460,307,1,29.99,8.0,29.99,8.0
ITEM-0000813,ORD-000461,505,1,75.0,24.0,75.0,24.0
ITEM-0000814,ORD-000462,404,1,64.99,21.0,64.99,21.0
ITEM-0000815,ORD-000463,501,1,42.0,13.0,42.0,13.0
ITEM-0000816,ORD-000464,102,3,49.99,18.0,149.97,54.0
ITEM-0000817,ORD-000465,206,1,45.0,11.0,45.0,11.0
ITEM-0000818,ORD-000465,104,1,349.99,175.0,349.99,175.0
ITEM-0000819,ORD-000466,101,1,199.99,85.0,199.99,85.0
ITEM-0000820,ORD-000466,108,1,29.99,9.5,29.99,9.5
ITEM-0000821,ORD-000467,202,2,68.0,22.0,136.0,44.0
ITEM-0000822,ORD-000468,501,1,42.0,13.0,42.0,13.0
ITEM-0000823,ORD-000469,103,1,89.99,36.0,89.99,36.0
ITEM-0000824,ORD-000470,405,1,18.0,4.0,18.0,4.0
ITEM-0000825,ORD-000470,101,1,199.99,85.0,199.99,85.0
ITEM-0000826,ORD-000471,105,1,39.99,12.0,39.99,12.0
ITEM-0000827,ORD-000471,505,1,75.0,24.0,75.0,24.0
ITEM-0000828,ORD-000472,305,1,59.99,20.0,59.99,20.0
ITEM-0000829,ORD-000473,205,1,54.0,16.0,54.0,16.0
ITEM-0000830,ORD-000473,307,2,29.99,8.0,59.98,16.0
ITEM-0000831,ORD-000474,303,1,24.99,7.5,24.99,7.5
ITEM-0000832,ORD-000474,403,1,22.0,5.2,22.0,5.2
ITEM-0000833,ORD-000474,103,1,89.99,36.0,89.99,36.0
ITEM-0000834,ORD-000475,405,1,18.0,4.0,18.0,4.0
ITEM-0000835,ORD-000476,205,1,54.0,16.0,54.0,16.0
ITEM-0000836,ORD-000476,204,1,24.0,6.0,24.0,6.0
ITEM-0000837,ORD-000477,305,1,59.99,20.0,59.99,20.0
ITEM-0000838,ORD-000478,307,2,29.99,8.0,59.98,16.0
ITEM-0000839,ORD-000478,108,1,29.99,9.5,29.99,9.5
ITEM-0000840,ORD-000479,103,1,89.99,36.0,89.99,36.0
ITEM-0000841,ORD-000479,107,1,59.99,22.0,59.99,22.0
ITEM-0000842,ORD-000480,204,2,24.0,6.0,48.0,12.0
ITEM-0000843,ORD-000480,303,1,24.99,7.5,24.99,7.5
ITEM-0000844,ORD-000481,201,1,28.0,8.5,28.0,8.5
ITEM-0000845,ORD-000481,403,2,22.0,5.2,44.0,10.4
ITEM-0000846,ORD-000481,106,1,179.99,70.0,179.99,70.0
ITEM-0000847,ORD-000482,108,1,29.99,9.5,29.99,9.5
ITEM-0000848,ORD-000483,306,2,32.5,10.0,65.0,20.0
ITEM-0000849,ORD-000484,106,1,179.99,70.0,179.99,70.0
ITEM-0000850,ORD-000485,103,1,89.99,36.0,89.99,36.0
ITEM-0000851,ORD-000486,107,1,59.99,22.0,59.99,22.0
ITEM-0000852,ORD-000487,307,1,29.99,8.0,29.99,8.0
ITEM-0000853,ORD-000487,203,1,120.0,42.0,120.0,42.0
ITEM-0000854,ORD-000488,107,1,59.99,22.0,59.99,22.0
ITEM-0000855,ORD-000489,307,1,29.99,8.0,29.99,8.0
ITEM-0000856,ORD-000490,304,2,39.99,14.0,79.98,28.0
ITEM-0000857,ORD-000490,402,1,34.0,8.5,34.0,8.5
ITEM-0000858,ORD-000490,501,1,42.0,13.0,42.0,13.0
ITEM-0000859,ORD-000490,505,2,75.0,24.0,150.0,48.0
ITEM-0000860,ORD-000491,405,1,18.0,4.0,18.0,4.0
ITEM-0000861,ORD-000491,502,1,22.99,5.5,22.99,5.5
ITEM-0000862,ORD-000491,103,1,89.99,36.0,89.99,36.0
ITEM-0000863,ORD-000491,108,1,29.99,9.5,29.99,9.5
ITEM-0000864,ORD-000492,107,3,59.99,22.0,179.97,66.0
ITEM-0000865,ORD-000493,204,1,24.0,6.0,24.0,6.0
ITEM-0000866,ORD-000494,107,1,59.99,22.0,59.99,22.0
ITEM-0000867,ORD-000495,106,1,179.99,70.0,179.99,70.0
ITEM-0000868,ORD-000495,307,1,29.99,8.0,29.99,8.0
ITEM-0000869,ORD-000495,403,1,22.0,5.2,22.0,5.2
ITEM-0000870,ORD-000496,303,1,24.99,7.5,24.99,7.5
ITEM-0000871,ORD-000496,205,1,54.0,16.0,54.0,16.0
ITEM-0000872,ORD-000497,304,1,39.99,14.0,39.99,14.0
ITEM-0000873,ORD-000497,305,1,59.99,20.0,59.99,20.0
ITEM-0000874,ORD-000497,501,1,42.0,13.0,42.0,13.0
ITEM-0000875,ORD-000497,106,1,179.99,70.0,179.99,70.0
ITEM-0000876,ORD-000498,203,1,120.0,42.0,120.0,42.0
ITEM-0000877,ORD-000499,303,1,24.99,7.5,24.99,7.5
ITEM-0000878,ORD-000500,108,1,29.99,9.5,29.99,9.5
ITEM-0000879,ORD-000501,307,1,29.99,8.0,29.99,8.0
ITEM-0000880,ORD-000502,502,1,22.99,5.5,22.99,5.5
ITEM-0000881,ORD-000502,205,1,54.0,16.0,54.0,16.0
ITEM-0000882,ORD-000503,205,1,54.0,16.0,54.0,16.0
ITEM-0000883,ORD-000503,403,1,22.0,5.2,22.0,5.2
ITEM-0000884,ORD-000504,402,1,34.0,8.5,34.0,8.5
ITEM-0000885,ORD-000505,306,1,32.5,10.0,32.5,10.0
ITEM-0000886,ORD-000506,103,1,89.99,36.0,89.99,36.0
ITEM-0000887,ORD-000507,505,1,75.0,24.0,75.0,24.0
ITEM-0000888,ORD-000507,504,1,16.99,4.2,16.99,4.2
ITEM-0000889,ORD-000508,203,1,120.0,42.0,120.0,42.0
ITEM-0000890,ORD-000508,305,2,59.99,20.0,119.98,40.0
ITEM-0000891,ORD-000508,102,1,49.99,18.0,49.99,18.0
ITEM-0000892,ORD-000509,205,1,54.0,16.0,54.0,16.0
ITEM-0000893,ORD-000509,203,1,120.0,42.0,120.0,42.0
ITEM-0000894,ORD-000509,103,1,89.99,36.0,89.99,36.0
ITEM-0000895,ORD-000510,303,1,24.99,7.5,24.99,7.5
ITEM-0000896,ORD-000511,505,1,75.0,24.0,75.0,24.0
ITEM-0000897,ORD-000511,205,1,54.0,16.0,54.0,16.0
ITEM-0000898,ORD-000512,104,1,349.99,175.0,349.99,175.0
ITEM-0000899,ORD-000513,203,1,120.0,42.0,120.0,42.0
ITEM-0000900,ORD-000513,501,1,42.0,13.0,42.0,13.0
ITEM-0000901,ORD-000513,301,2,289.0,130.0,578.0,260.0
ITEM-0000902,ORD-000513,107,2,59.99,22.0,119.98,44.0
ITEM-0000903,ORD-000514,302,1,45.0,15.0,45.0,15.0
ITEM-0000904,ORD-000515,503,2,48.0,15.0,96.0,30.0
ITEM-0000905,ORD-000515,306,1,32.5,10.0,32.5,10.0
ITEM-0000906,ORD-000516,404,1,64.99,21.0,64.99,21.0
ITEM-0000907,ORD-000517,204,1,24.0,6.0,24.0,6.0
ITEM-0000908,ORD-000517,306,1,32.5,10.0,32.5,10.0
ITEM-0000909,ORD-000517,107,1,59.99,22.0,59.99,22.0
ITEM-0000910,ORD-000518,502,1,22.99,5.5,22.99,5.5
ITEM-0000911,ORD-000519,503,1,48.0,15.0,48.0,15.0
ITEM-0000912,ORD-000519,202,1,68.0,22.0,68.0,22.0
ITEM-0000913,ORD-000520,306,1,32.5,10.0,32.5,10.0
ITEM-0000914,ORD-000520,402,1,34.0,8.5,34.0,8.5
ITEM-0000915,ORD-000521,303,1,24.99,7.5,24.99,7.5
ITEM-0000916,ORD-000521,108,1,29.99,9.5,29.99,9.5
ITEM-0000917,ORD-000522,201,1,28.0,8.5,28.0,8.5
ITEM-0000918,ORD-000522,305,1,59.99,20.0,59.99,20.0
ITEM-0000919,ORD-000522,108,3,29.99,9.5,89.97,28.5
ITEM-0000920,ORD-000523,206,2,45.0,11.0,90.0,22.0
ITEM-0000921,ORD-000523,103,1,89.99,36.0,89.99,36.0
ITEM-0000922,ORD-000524,401,1,26.0,6.0,26.0,6.0
ITEM-0000923,ORD-000525,103,1,89.99,36.0,89.99,36.0
ITEM-0000924,ORD-000526,204,1,24.0,6.0,24.0,6.0
ITEM-0000925,ORD-000527,502,1,22.99,5.5,22.99,5.5
ITEM-0000926,ORD-000528,302,1,45.0,15.0,45.0,15.0
ITEM-0000927,ORD-000528,202,1,68.0,22.0,68.0,22.0
ITEM-0000928,ORD-000528,505,1,75.0,24.0,75.0,24.0
ITEM-0000929,ORD-000529,304,1,39.99,14.0,39.99,14.0
ITEM-0000930,ORD-000530,107,1,59.99,22.0,59.99,22.0
ITEM-0000931,ORD-000531,107,1,59.99,22.0,59.99,22.0
ITEM-0000932,ORD-000532,304,2,39.99,14.0,79.98,28.0
ITEM-0000933,ORD-000533,504,1,16.99,4.2,16.99,4.2
ITEM-0000934,ORD-000533,305,2,59.99,20.0,119.98,40.0
ITEM-0000935,ORD-000534,502,1,22.99,5.5,22.99,5.5
ITEM-0000936,ORD-000534,201,2,28.0,8.5,56.0,17.0
ITEM-0000937,ORD-000534,307,1,29.99,8.0,29.99,8.0
ITEM-0000938,ORD-000535,204,3,24.0,6.0,72.0,18.0
ITEM-0000939,ORD-000535,501,1,42.0,13.0,42.0,13.0
ITEM-0000940,ORD-000535,105,1,39.99,12.0,39.99,12.0
ITEM-0000941,ORD-000535,203,1,120.0,42.0,120.0,42.0
ITEM-0000942,ORD-000536,102,1,49.99,18.0,49.99,18.0
ITEM-0000943,ORD-000537,101,1,199.99,85.0,199.99,85.0
ITEM-0000944,ORD-000537,103,1,89.99,36.0,89.99,36.0
ITEM-0000945,ORD-000537,501,1,42.0,13.0,42.0,13.0
ITEM-0000946,ORD-000537,206,3,45.0,11.0,135.0,33.0
ITEM-0000947,ORD-000538,302,1,45.0,15.0,45.0,15.0
ITEM-0000948,ORD-000539,305,1,59.99,20.0,59.99,20.0
ITEM-0000949,ORD-000540,305,1,59.99,20.0,59.99,20.0
ITEM-0000950,ORD-000541,204,1,24.0,6.0,24.0,6.0
ITEM-0000951,ORD-000542,505,1,75.0,24.0,75.0,24.0
ITEM-0000952,ORD-000542,101,2,199.99,85.0,399.98,170.0
ITEM-0000953,ORD-000543,402,1,34.0,8.5,34.0,8.5
ITEM-0000954,ORD-000543,403,1,22.0,5.2,22.0,5.2
ITEM-0000955,ORD-000543,103,1,89.99,36.0,89.99,36.0
ITEM-0000956,ORD-000543,503,1,48.0,15.0,48.0,15.0
ITEM-0000957,ORD-000544,202,2,68.0,22.0,136.0,44.0
ITEM-0000958,ORD-000545,305,2,59.99,20.0,119.98,40.0
ITEM-0000959,ORD-000545,304,1,39.99,14.0,39.99,14.0
ITEM-0000960,ORD-000546,304,1,39.99,14.0,39.99,14.0
ITEM-0000961,ORD-000546,305,1,59.99,20.0,59.99,20.0
ITEM-0000962,ORD-000547,106,3,179.99,70.0,539.97,210.0
ITEM-0000963,ORD-000548,503,2,48.0,15.0,96.0,30.0
ITEM-0000964,ORD-000549,203,1,120.0,42.0,120.0,42.0
ITEM-0000965,ORD-000549,402,1,34.0,8.5,34.0,8.5
ITEM-0000966,ORD-000550,503,1,48.0,15.0,48.0,15.0
ITEM-0000967,ORD-000551,504,1,16.99,4.2,16.99,4.2
ITEM-0000968,ORD-000552,102,1,49.99,18.0,49.99,18.0
ITEM-0000969,ORD-000553,206,1,45.0,11.0,45.0,11.0
ITEM-0000970,ORD-000553,306,1,32.5,10.0,32.5,10.0
ITEM-0000971,ORD-000554,108,1,29.99,9.5,29.99,9.5
ITEM-0000972,ORD-000555,501,1,42.0,13.0,42.0,13.0
ITEM-0000973,ORD-000555,305,1,59.99,20.0,59.99,20.0
ITEM-0000974,ORD-000556,307,1,29.99,8.0,29.99,8.0
ITEM-0000975,ORD-000557,502,1,22.99,5.5,22.99,5.5
ITEM-0000976,ORD-000558,505,1,75.0,24.0,75.0,24.0
ITEM-0000977,ORD-000558,502,1,22.99,5.5,22.99,5.5
ITEM-0000978,ORD-000558,204,1,24.0,6.0,24.0,6.0
ITEM-0000979,ORD-000558,405,1,18.0,4.0,18.0,4.0
ITEM-0000980,ORD-000559,405,1,18.0,4.0,18.0,4.0
ITEM-0000981,ORD-000560,101,1,199.99,85.0,199.99,85.0
ITEM-0000982,ORD-000561,107,2,59.99,22.0,119.98,44.0
ITEM-0000983,ORD-000562,504,1,16.99,4.2,16.99,4.2
ITEM-0000984,ORD-000562,403,1,22.0,5.2,22.0,5.2
ITEM-0000985,ORD-000563,101,1,199.99,85.0,199.99,85.0
ITEM-0000986,ORD-000563,108,1,29.99,9.5,29.99,9.5
ITEM-0000987,ORD-000564,307,1,29.99,8.0,29.99,8.0
ITEM-0000988,ORD-000565,202,1,68.0,22.0,68.0,22.0
ITEM-0000989,ORD-000566,401,1,26.0,6.0,26.0,6.0
ITEM-0000990,ORD-000567,405,2,18.0,4.0,36.0,8.0
ITEM-0000991,ORD-000568,102,1,49.99,18.0,49.99,18.0
ITEM-0000992,ORD-000568,504,1,16.99,4.2,16.99,4.2
ITEM-0000993,ORD-000569,401,1,26.0,6.0,26.0,6.0
ITEM-0000994,ORD-000569,402,1,34.0,8.5,34.0,8.5
ITEM-0000995,ORD-000569,403,1,22.0,5.2,22.0,5.2
ITEM-0000996,ORD-000569,405,1,18.0,4.0,18.0,4.0
ITEM-0000997,ORD-000570,402,2,34.0,8.5,68.0,17.0
ITEM-0000998,ORD-000571,104,1,349.99,175.0,349.99,175.0
ITEM-0000999,ORD-000572,205,1,54.0,16.0,54.0,16.0
ITEM-0001000,ORD-000572,103,1,89.99,36.0,89.99,36.0
ITEM-0001001,ORD-000572,108,1,29.99,9.5,29.99,9.5
ITEM-0001002,ORD-000573,502,1,22.99,5.5,22.99,5.5
ITEM-0001003,ORD-000573,505,1,75.0,24.0,75.0,24.0
ITEM-0001004,ORD-000574,204,1,24.0,6.0,24.0,6.0
ITEM-0001005,ORD-000574,404,3,64.99,21.0,194.97,63.0
ITEM-0001006,ORD-000575,105,1,39.99,12.0,39.99,12.0
ITEM-0001007,ORD-000576,402,1,34.0,8.5,34.0,8.5
ITEM-0001008,ORD-000577,304,1,39.99,14.0,39.99,14.0
ITEM-0001009,ORD-000577,501,1,42.0,13.0,42.0,13.0
ITEM-0001010,ORD-000578,303,1,24.99,7.5,24.99,7.5
ITEM-0001011,ORD-000579,404,1,64.99,21.0,64.99,21.0
ITEM-0001012,ORD-000580,505,1,75.0,24.0,75.0,24.0
ITEM-0001013,ORD-000580,404,1,64.99,21.0,64.99,21.0
ITEM-0001014,ORD-000580,303,1,24.99,7.5,24.99,7.5
ITEM-0001015,ORD-000581,103,1,89.99,36.0,89.99,36.0
ITEM-0001016,ORD-000581,405,1,18.0,4.0,18.0,4.0
ITEM-0001017,ORD-000581,502,1,22.99,5.5,22.99,5.5
ITEM-0001018,ORD-000582,403,1,22.0,5.2,22.0,5.2
ITEM-0001019,ORD-000583,502,1,22.99,5.5,22.99,5.5
ITEM-0001020,ORD-000583,302,2,45.0,15.0,90.0,30.0
ITEM-0001021,ORD-000583,401,1,26.0,6.0,26.0,6.0
ITEM-0001022,ORD-000584,402,1,34.0,8.5,34.0,8.5
ITEM-0001023,ORD-000584,502,1,22.99,5.5,22.99,5.5
ITEM-0001024,ORD-000585,304,1,39.99,14.0,39.99,14.0
ITEM-0001025,ORD-000586,504,2,16.99,4.2,33.98,8.4
ITEM-0001026,ORD-000587,201,1,28.0,8.5,28.0,8.5
ITEM-0001027,ORD-000588,105,1,39.99,12.0,39.99,12.0
ITEM-0001028,ORD-000588,304,1,39.99,14.0,39.99,14.0
ITEM-0001029,ORD-000589,403,1,22.0,5.2,22.0,5.2
ITEM-0001030,ORD-000589,204,1,24.0,6.0,24.0,6.0
ITEM-0001031,ORD-000589,307,1,29.99,8.0,29.99,8.0
ITEM-0001032,ORD-000590,403,1,22.0,5.2,22.0,5.2
ITEM-0001033,ORD-000590,301,1,289.0,130.0,289.0,130.0
ITEM-0001034,ORD-000591,505,1,75.0,24.0,75.0,24.0
ITEM-0001035,ORD-000592,204,1,24.0,6.0,24.0,6.0
ITEM-0001036,ORD-000593,202,2,68.0,22.0,136.0,44.0
ITEM-0001037,ORD-000593,103,1,89.99,36.0,89.99,36.0
ITEM-0001038,ORD-000593,106,1,179.99,70.0,179.99,70.0
ITEM-0001039,ORD-000594,204,1,24.0,6.0,24.0,6.0
ITEM-0001040,ORD-000594,405,1,18.0,4.0,18.0,4.0
ITEM-0001041,ORD-000594,503,1,48.0,15.0,48.0,15.0
ITEM-0001042,ORD-000595,105,1,39.99,12.0,39.99,12.0
ITEM-0001043,ORD-000595,505,2,75.0,24.0,150.0,48.0
ITEM-0001044,ORD-000595,103,1,89.99,36.0,89.99,36.0
ITEM-0001045,ORD-000596,303,3,24.99,7.5,74.97,22.5
ITEM-0001046,ORD-000597,403,2,22.0,5.2,44.0,10.4
ITEM-0001047,ORD-000597,304,1,39.99,14.0,39.99,14.0
ITEM-0001048,ORD-000597,108,2,29.99,9.5,59.98,19.0
ITEM-0001049,ORD-000597,505,1,75.0,24.0,75.0,24.0
ITEM-0001050,ORD-000598,301,1,289.0,130.0,289.0,130.0
ITEM-0001051,ORD-000599,403,1,22.0,5.2,22.0,5.2
ITEM-0001052,ORD-000599,103,1,89.99,36.0,89.99,36.0
ITEM-0001053,ORD-000599,305,1,59.99,20.0,59.99,20.0
ITEM-0001054,ORD-000599,108,1,29.99,9.5,29.99,9.5
ITEM-0001055,ORD-000600,503,1,48.0,15.0,48.0,15.0
ITEM-0001056,ORD-000601,403,2,22.0,5.2,44.0,10.4
ITEM-0001057,ORD-000602,105,1,39.99,12.0,39.99,12.0
ITEM-0001058,ORD-000602,305,3,59.99,20.0,179.97,60.0
ITEM-0001059,ORD-000603,304,1,39.99,14.0,39.99,14.0
ITEM-0001060,ORD-000604,404,1,64.99,21.0,64.99,21.0
ITEM-0001061,ORD-000605,505,1,75.0,24.0,75.0,24.0
ITEM-0001062,ORD-000606,203,1,120.0,42.0,120.0,42.0
ITEM-0001063,ORD-000606,206,1,45.0,11.0,45.0,11.0
ITEM-0001064,ORD-000606,104,1,349.99,175.0,349.99,175.0
ITEM-0001065,ORD-000607,103,1,89.99,36.0,89.99,36.0
ITEM-0001066,ORD-000607,401,1,26.0,6.0,26.0,6.0
ITEM-0001067,ORD-000608,201,1,28.0,8.5,28.0,8.5
ITEM-0001068,ORD-000609,108,1,29.99,9.5,29.99,9.5
ITEM-0001069,ORD-000609,504,1,16.99,4.2,16.99,4.2
ITEM-0001070,ORD-000610,502,1,22.99,5.5,22.99,5.5
ITEM-0001071,ORD-000610,201,1,28.0,8.5,28.0,8.5
ITEM-0001072,ORD-000610,304,2,39.99,14.0,79.98,28.0
ITEM-0001073,ORD-000611,503,2,48.0,15.0,96.0,30.0
ITEM-0001074,ORD-000611,302,1,45.0,15.0,45.0,15.0
ITEM-0001075,ORD-000611,403,1,22.0,5.2,22.0,5.2
ITEM-0001076,ORD-000612,102,2,49.99,18.0,99.98,36.0
ITEM-0001077,ORD-000612,501,2,42.0,13.0,84.0,26.0
ITEM-0001078,ORD-000613,405,1,18.0,4.0,18.0,4.0
ITEM-0001079,ORD-000614,205,1,54.0,16.0,54.0,16.0
ITEM-0001080,ORD-000614,204,1,24.0,6.0,24.0,6.0
ITEM-0001081,ORD-000614,502,1,22.99,5.5,22.99,5.5
ITEM-0001082,ORD-000615,306,1,32.5,10.0,32.5,10.0
ITEM-0001083,ORD-000615,505,1,75.0,24.0,75.0,24.0
ITEM-0001084,ORD-000616,107,1,59.99,22.0,59.99,22.0
ITEM-0001085,ORD-000616,404,2,64.99,21.0,129.98,42.0
ITEM-0001086,ORD-000616,104,1,349.99,175.0,349.99,175.0
ITEM-0001087,ORD-000617,306,1,32.5,10.0,32.5,10.0
ITEM-0001088,ORD-000617,307,2,29.99,8.0,59.98,16.0
ITEM-0001089,ORD-000618,302,1,45.0,15.0,45.0,15.0
ITEM-0001090,ORD-000619,301,1,289.0,130.0,289.0,130.0
ITEM-0001091,ORD-000619,302,1,45.0,15.0,45.0,15.0
ITEM-0001092,ORD-000619,402,1,34.0,8.5,34.0,8.5
ITEM-0001093,ORD-000619,501,1,42.0,13.0,42.0,13.0
ITEM-0001094,ORD-000620,105,3,39.99,12.0,119.97,36.0
ITEM-0001095,ORD-000620,306,2,32.5,10.0,65.0,20.0
ITEM-0001096,ORD-000620,206,1,45.0,11.0,45.0,11.0
ITEM-0001097,ORD-000620,405,1,18.0,4.0,18.0,4.0
ITEM-0001098,ORD-000621,202,1,68.0,22.0,68.0,22.0
ITEM-0001099,ORD-000621,504,1,16.99,4.2,16.99,4.2
ITEM-0001100,ORD-000622,108,1,29.99,9.5,29.99,9.5
ITEM-0001101,ORD-000622,206,1,45.0,11.0,45.0,11.0
ITEM-0001102,ORD-000623,501,1,42.0,13.0,42.0,13.0
ITEM-0001103,ORD-000624,204,1,24.0,6.0,24.0,6.0
ITEM-0001104,ORD-000625,404,1,64.99,21.0,64.99,21.0
ITEM-0001105,ORD-000625,103,1,89.99,36.0,89.99,36.0
ITEM-0001106,ORD-000625,501,1,42.0,13.0,42.0,13.0
ITEM-0001107,ORD-000626,201,1,28.0,8.5,28.0,8.5
ITEM-0001108,ORD-000626,504,1,16.99,4.2,16.99,4.2
ITEM-0001109,ORD-000626,402,1,34.0,8.5,34.0,8.5
ITEM-0001110,ORD-000627,107,1,59.99,22.0,59.99,22.0
ITEM-0001111,ORD-000628,203,1,120.0,42.0,120.0,42.0
ITEM-0001112,ORD-000628,205,2,54.0,16.0,108.0,32.0
ITEM-0001113,ORD-000629,108,1,29.99,9.5,29.99,9.5
ITEM-0001114,ORD-000629,405,1,18.0,4.0,18.0,4.0
ITEM-0001115,ORD-000630,307,1,29.99,8.0,29.99,8.0
ITEM-0001116,ORD-000631,105,1,39.99,12.0,39.99,12.0
ITEM-0001117,ORD-000631,303,1,24.99,7.5,24.99,7.5
ITEM-0001118,ORD-000631,205,1,54.0,16.0,54.0,16.0
ITEM-0001119,ORD-000632,107,1,59.99,22.0,59.99,22.0
ITEM-0001120,ORD-000632,105,1,39.99,12.0,39.99,12.0
ITEM-0001121,ORD-000633,101,1,199.99,85.0,199.99,85.0
ITEM-0001122,ORD-000634,104,1,349.99,175.0,349.99,175.0
ITEM-0001123,ORD-000634,102,1,49.99,18.0,49.99,18.0
ITEM-0001124,ORD-000635,301,1,289.0,130.0,289.0,130.0
ITEM-0001125,ORD-000635,302,2,45.0,15.0,90.0,30.0
ITEM-0001126,ORD-000636,502,1,22.99,5.5,22.99,5.5
ITEM-0001127,ORD-000637,101,1,199.99,85.0,199.99,85.0
ITEM-0001128,ORD-000637,108,1,29.99,9.5,29.99,9.5
ITEM-0001129,ORD-000638,307,2,29.99,8.0,59.98,16.0
ITEM-0001130,ORD-000639,403,1,22.0,5.2,22.0,5.2
ITEM-0001131,ORD-000640,201,1,28.0,8.5,28.0,8.5
ITEM-0001132,ORD-000640,402,1,34.0,8.5,34.0,8.5
ITEM-0001133,ORD-000640,505,1,75.0,24.0,75.0,24.0
ITEM-0001134,ORD-000641,107,1,59.99,22.0,59.99,22.0
ITEM-0001135,ORD-000642,404,2,64.99,21.0,129.98,42.0
ITEM-0001136,ORD-000643,505,2,75.0,24.0,150.0,48.0
ITEM-0001137,ORD-000643,402,1,34.0,8.5,34.0,8.5
ITEM-0001138,ORD-000644,304,1,39.99,14.0,39.99,14.0
ITEM-0001139,ORD-000645,303,1,24.99,7.5,24.99,7.5
ITEM-0001140,ORD-000646,505,1,75.0,24.0,75.0,24.0
ITEM-0001141,ORD-000647,307,1,29.99,8.0,29.99,8.0
ITEM-0001142,ORD-000647,403,1,22.0,5.2,22.0,5.2
ITEM-0001143,ORD-000648,504,1,16.99,4.2,16.99,4.2
ITEM-0001144,ORD-000649,504,2,16.99,4.2,33.98,8.4
ITEM-0001145,ORD-000649,204,1,24.0,6.0,24.0,6.0
ITEM-0001146,ORD-000649,501,3,42.0,13.0,126.0,39.0
ITEM-0001147,ORD-000650,202,2,68.0,22.0,136.0,44.0
ITEM-0001148,ORD-000651,203,1,120.0,42.0,120.0,42.0
ITEM-0001149,ORD-000652,106,1,179.99,70.0,179.99,70.0
ITEM-0001150,ORD-000652,302,2,45.0,15.0,90.0,30.0
ITEM-0001151,ORD-000652,501,2,42.0,13.0,84.0,26.0
ITEM-0001152,ORD-000653,504,1,16.99,4.2,16.99,4.2
ITEM-0001153,ORD-000653,403,1,22.0,5.2,22.0,5.2
ITEM-0001154,ORD-000653,305,1,59.99,20.0,59.99,20.0
ITEM-0001155,ORD-000654,504,1,16.99,4.2,16.99,4.2
ITEM-0001156,ORD-000655,502,2,22.99,5.5,45.98,11.0
ITEM-0001157,ORD-000655,106,1,179.99,70.0,179.99,70.0
ITEM-0001158,ORD-000656,107,1,59.99,22.0,59.99,22.0
ITEM-0001159,ORD-000656,202,1,68.0,22.0,68.0,22.0
ITEM-0001160,ORD-000657,504,1,16.99,4.2,16.99,4.2
ITEM-0001161,ORD-000657,303,1,24.99,7.5,24.99,7.5
ITEM-0001162,ORD-000658,206,1,45.0,11.0,45.0,11.0
ITEM-0001163,ORD-000659,201,1,28.0,8.5,28.0,8.5
ITEM-0001164,ORD-000660,105,1,39.99,12.0,39.99,12.0
ITEM-0001165,ORD-000660,304,1,39.99,14.0,39.99,14.0
ITEM-0001166,ORD-000660,102,1,49.99,18.0,49.99,18.0
ITEM-0001167,ORD-000661,405,1,18.0,4.0,18.0,4.0
ITEM-0001168,ORD-000661,307,1,29.99,8.0,29.99,8.0
ITEM-0001169,ORD-000661,502,1,22.99,5.5,22.99,5.5
ITEM-0001170,ORD-000661,108,1,29.99,9.5,29.99,9.5
ITEM-0001171,ORD-000662,102,1,49.99,18.0,49.99,18.0
ITEM-0001172,ORD-000662,405,1,18.0,4.0,18.0,4.0
ITEM-0001173,ORD-000662,404,1,64.99,21.0,64.99,21.0
ITEM-0001174,ORD-000663,201,1,28.0,8.5,28.0,8.5
ITEM-0001175,ORD-000663,301,1,289.0,130.0,289.0,130.0
ITEM-0001176,ORD-000664,107,1,59.99,22.0,59.99,22.0
ITEM-0001177,ORD-000665,301,1,289.0,130.0,289.0,130.0
ITEM-0001178,ORD-000666,202,1,68.0,22.0,68.0,22.0
ITEM-0001179,ORD-000667,106,1,179.99,70.0,179.99,70.0
ITEM-0001180,ORD-000668,302,1,45.0,15.0,45.0,15.0
ITEM-0001181,ORD-000669,304,2,39.99,14.0,79.98,28.0
ITEM-0001182,ORD-000669,106,1,179.99,70.0,179.99,70.0
ITEM-0001183,ORD-000669,206,1,45.0,11.0,45.0,11.0
ITEM-0001184,ORD-000669,301,3,289.0,130.0,867.0,390.0
ITEM-0001185,ORD-000670,306,1,32.5,10.0,32.5,10.0
ITEM-0001186,ORD-000670,106,1,179.99,70.0,179.99,70.0
ITEM-0001187,ORD-000670,103,1,89.99,36.0,89.99,36.0
ITEM-0001188,ORD-000671,307,2,29.99,8.0,59.98,16.0
ITEM-0001189,ORD-000672,301,1,289.0,130.0,289.0,130.0
ITEM-0001190,ORD-000672,307,1,29.99,8.0,29.99,8.0
ITEM-0001191,ORD-000672,304,1,39.99,14.0,39.99,14.0
ITEM-0001192,ORD-000672,106,1,179.99,70.0,179.99,70.0
ITEM-0001193,ORD-000673,302,1,45.0,15.0,45.0,15.0
ITEM-0001194,ORD-000674,502,1,22.99,5.5,22.99,5.5
ITEM-0001195,ORD-000674,305,1,59.99,20.0,59.99,20.0
ITEM-0001196,ORD-000674,404,1,64.99,21.0,64.99,21.0
ITEM-0001197,ORD-000674,301,1,289.0,130.0,289.0,130.0
ITEM-0001198,ORD-000675,203,1,120.0,42.0,120.0,42.0
ITEM-0001199,ORD-000676,201,1,28.0,8.5,28.0,8.5
ITEM-0001200,ORD-000677,502,1,22.99,5.5,22.99,5.5
ITEM-0001201,ORD-000678,101,1,199.99,85.0,199.99,85.0
ITEM-0001202,ORD-000678,108,1,29.99,9.5,29.99,9.5
ITEM-0001203,ORD-000679,306,1,32.5,10.0,32.5,10.0
ITEM-0001204,ORD-000680,502,1,22.99,5.5,22.99,5.5
ITEM-0001205,ORD-000680,103,1,89.99,36.0,89.99,36.0
ITEM-0001206,ORD-000681,103,1,89.99,36.0,89.99,36.0
ITEM-0001207,ORD-000682,204,1,24.0,6.0,24.0,6.0
ITEM-0001208,ORD-000682,301,1,289.0,130.0,289.0,130.0
ITEM-0001209,ORD-000683,205,1,54.0,16.0,54.0,16.0
ITEM-0001210,ORD-000683,306,1,32.5,10.0,32.5,10.0
ITEM-0001211,ORD-000683,101,2,199.99,85.0,399.98,170.0
ITEM-0001212,ORD-000683,103,1,89.99,36.0,89.99,36.0
ITEM-0001213,ORD-000684,206,1,45.0,11.0,45.0,11.0
ITEM-0001214,ORD-000684,501,1,42.0,13.0,42.0,13.0
ITEM-0001215,ORD-000684,304,1,39.99,14.0,39.99,14.0
ITEM-0001216,ORD-000685,403,2,22.0,5.2,44.0,10.4
ITEM-0001217,ORD-000685,301,1,289.0,130.0,289.0,130.0
ITEM-0001218,ORD-000686,302,1,45.0,15.0,45.0,15.0
ITEM-0001219,ORD-000687,101,1,199.99,85.0,199.99,85.0
ITEM-0001220,ORD-000688,105,1,39.99,12.0,39.99,12.0
ITEM-0001221,ORD-000689,504,1,16.99,4.2,16.99,4.2
ITEM-0001222,ORD-000689,204,1,24.0,6.0,24.0,6.0
ITEM-0001223,ORD-000690,403,1,22.0,5.2,22.0,5.2
ITEM-0001224,ORD-000690,307,1,29.99,8.0,29.99,8.0
ITEM-0001225,ORD-000691,404,2,64.99,21.0,129.98,42.0
ITEM-0001226,ORD-000692,201,1,28.0,8.5,28.0,8.5
ITEM-0001227,ORD-000692,202,2,68.0,22.0,136.0,44.0
ITEM-0001228,ORD-000693,403,1,22.0,5.2,22.0,5.2
ITEM-0001229,ORD-000694,203,1,120.0,42.0,120.0,42.0
ITEM-0001230,ORD-000694,108,3,29.99,9.5,89.97,28.5
ITEM-0001231,ORD-000695,206,2,45.0,11.0,90.0,22.0
ITEM-0001232,ORD-000696,103,1,89.99,36.0,89.99,36.0
ITEM-0001233,ORD-000697,102,1,49.99,18.0,49.99,18.0
ITEM-0001234,ORD-000697,103,1,89.99,36.0,89.99,36.0
ITEM-0001235,ORD-000698,202,2,68.0,22.0,136.0,44.0
ITEM-0001236,ORD-000698,103,1,89.99,36.0,89.99,36.0
ITEM-0001237,ORD-000698,501,1,42.0,13.0,42.0,13.0
ITEM-0001238,ORD-000699,101,1,199.99,85.0,199.99,85.0
ITEM-0001239,ORD-000699,107,1,59.99,22.0,59.99,22.0
ITEM-0001240,ORD-000700,401,1,26.0,6.0,26.0,6.0
ITEM-0001241,ORD-000700,402,2,34.0,8.5,68.0,17.0
ITEM-0001242,ORD-000700,403,1,22.0,5.2,22.0,5.2
ITEM-0001243,ORD-000701,201,1,28.0,8.5,28.0,8.5
ITEM-0001244,ORD-000702,302,1,45.0,15.0,45.0,15.0
ITEM-0001245,ORD-000702,504,1,16.99,4.2,16.99,4.2
ITEM-0001246,ORD-000702,102,3,49.99,18.0,149.97,54.0
ITEM-0001247,ORD-000703,103,1,89.99,36.0,89.99,36.0
ITEM-0001248,ORD-000703,304,1,39.99,14.0,39.99,14.0
ITEM-0001249,ORD-000704,304,1,39.99,14.0,39.99,14.0
ITEM-0001250,ORD-000704,301,2,289.0,130.0,578.0,260.0
ITEM-0001251,ORD-000705,403,1,22.0,5.2,22.0,5.2
ITEM-0001252,ORD-000706,402,1,34.0,8.5,34.0,8.5
ITEM-0001253,ORD-000707,305,1,59.99,20.0,59.99,20.0
ITEM-0001254,ORD-000707,303,1,24.99,7.5,24.99,7.5
ITEM-0001255,ORD-000707,304,1,39.99,14.0,39.99,14.0
ITEM-0001256,ORD-000707,204,1,24.0,6.0,24.0,6.0
ITEM-0001257,ORD-000708,107,1,59.99,22.0,59.99,22.0
ITEM-0001258,ORD-000708,501,1,42.0,13.0,42.0,13.0
ITEM-0001259,ORD-000709,403,1,22.0,5.2,22.0,5.2
ITEM-0001260,ORD-000710,504,1,16.99,4.2,16.99,4.2
ITEM-0001261,ORD-000711,503,1,48.0,15.0,48.0,15.0
ITEM-0001262,ORD-000711,104,1,349.99,175.0,349.99,175.0
ITEM-0001263,ORD-000712,102,1,49.99,18.0,49.99,18.0
ITEM-0001264,ORD-000712,303,1,24.99,7.5,24.99,7.5
ITEM-0001265,ORD-000713,403,1,22.0,5.2,22.0,5.2
ITEM-0001266,ORD-000713,107,1,59.99,22.0,59.99,22.0
ITEM-0001267,ORD-000714,301,1,289.0,130.0,289.0,130.0
ITEM-0001268,ORD-000714,302,2,45.0,15.0,90.0,30.0
ITEM-0001269,ORD-000715,303,1,24.99,7.5,24.99,7.5
ITEM-0001270,ORD-000716,206,1,45.0,11.0,45.0,11.0
ITEM-0001271,ORD-000716,304,1,39.99,14.0,39.99,14.0
ITEM-0001272,ORD-000717,305,3,59.99,20.0,179.97,60.0
ITEM-0001273,ORD-000718,202,1,68.0,22.0,68.0,22.0
ITEM-0001274,ORD-000719,203,1,120.0,42.0,120.0,42.0
ITEM-0001275,ORD-000720,304,1,39.99,14.0,39.99,14.0
ITEM-0001276,ORD-000720,107,1,59.99,22.0,59.99,22.0
ITEM-0001277,ORD-000720,306,1,32.5,10.0,32.5,10.0
ITEM-0001278,ORD-000720,202,1,68.0,22.0,68.0,22.0
ITEM-0001279,ORD-000721,102,1,49.99,18.0,49.99,18.0
ITEM-0001280,ORD-000721,103,2,89.99,36.0,179.98,72.0
ITEM-0001281,ORD-000722,404,1,64.99,21.0,64.99,21.0
ITEM-0001282,ORD-000723,404,1,64.99,21.0,64.99,21.0
ITEM-0001283,ORD-000724,206,1,45.0,11.0,45.0,11.0
ITEM-0001284,ORD-000725,104,2,349.99,175.0,699.98,350.0
ITEM-0001285,ORD-000726,102,1,49.99,18.0,49.99,18.0
ITEM-0001286,ORD-000727,303,1,24.99,7.5,24.99,7.5
ITEM-0001287,ORD-000728,202,2,68.0,22.0,136.0,44.0
ITEM-0001288,ORD-000729,106,1,179.99,70.0,179.99,70.0
ITEM-0001289,ORD-000730,305,3,59.99,20.0,179.97,60.0
ITEM-0001290,ORD-000730,106,1,179.99,70.0,179.99,70.0
ITEM-0001291,ORD-000731,206,1,45.0,11.0,45.0,11.0
ITEM-0001292,ORD-000731,402,2,34.0,8.5,68.0,17.0
ITEM-0001293,ORD-000732,501,1,42.0,13.0,42.0,13.0
ITEM-0001294,ORD-000733,404,1,64.99,21.0,64.99,21.0
ITEM-0001295,ORD-000734,403,1,22.0,5.2,22.0,5.2
ITEM-0001296,ORD-000734,106,1,179.99,70.0,179.99,70.0
ITEM-0001297,ORD-000735,501,1,42.0,13.0,42.0,13.0
ITEM-0001298,ORD-000736,107,1,59.99,22.0,59.99,22.0
ITEM-0001299,ORD-000737,404,1,64.99,21.0,64.99,21.0
ITEM-0001300,ORD-000738,502,1,22.99,5.5,22.99,5.5
ITEM-0001301,ORD-000738,104,1,349.99,175.0,349.99,175.0
ITEM-0001302,ORD-000739,205,1,54.0,16.0,54.0,16.0
ITEM-0001303,ORD-000739,105,1,39.99,12.0,39.99,12.0
ITEM-0001304,ORD-000740,502,1,22.99,5.5,22.99,5.5
ITEM-0001305,ORD-000741,107,2,59.99,22.0,119.98,44.0
ITEM-0001306,ORD-000742,404,1,64.99,21.0,64.99,21.0
ITEM-0001307,ORD-000742,203,1,120.0,42.0,120.0,42.0
ITEM-0001308,ORD-000743,108,1,29.99,9.5,29.99,9.5
ITEM-0001309,ORD-000744,108,1,29.99,9.5,29.99,9.5
ITEM-0001310,ORD-000744,303,1,24.99,7.5,24.99,7.5
ITEM-0001311,ORD-000744,402,1,34.0,8.5,34.0,8.5
ITEM-0001312,ORD-000745,302,1,45.0,15.0,45.0,15.0
ITEM-0001313,ORD-000746,307,1,29.99,8.0,29.99,8.0
ITEM-0001314,ORD-000747,403,2,22.0,5.2,44.0,10.4
ITEM-0001315,ORD-000748,105,1,39.99,12.0,39.99,12.0
ITEM-0001316,ORD-000748,104,1,349.99,175.0,349.99,175.0
ITEM-0001317,ORD-000749,106,2,179.99,70.0,359.98,140.0
ITEM-0001318,ORD-000749,501,1,42.0,13.0,42.0,13.0
ITEM-0001319,ORD-000750,403,1,22.0,5.2,22.0,5.2
ITEM-0001320,ORD-000750,402,1,34.0,8.5,34.0,8.5
ITEM-0001321,ORD-000750,103,1,89.99,36.0,89.99,36.0
ITEM-0001322,ORD-000751,302,1,45.0,15.0,45.0,15.0
ITEM-0001323,ORD-000752,204,1,24.0,6.0,24.0,6.0
ITEM-0001324,ORD-000752,502,1,22.99,5.5,22.99,5.5
ITEM-0001325,ORD-000753,204,1,24.0,6.0,24.0,6.0
ITEM-0001326,ORD-000753,307,1,29.99,8.0,29.99,8.0
ITEM-0001327,ORD-000754,307,1,29.99,8.0,29.99,8.0
ITEM-0001328,ORD-000754,404,1,64.99,21.0,64.99,21.0
ITEM-0001329,ORD-000755,303,1,24.99,7.5,24.99,7.5
ITEM-0001330,ORD-000755,203,1,120.0,42.0,120.0,42.0
ITEM-0001331,ORD-000756,402,1,34.0,8.5,34.0,8.5
ITEM-0001332,ORD-000757,303,2,24.99,7.5,49.98,15.0
ITEM-0001333,ORD-000758,503,1,48.0,15.0,48.0,15.0
ITEM-0001334,ORD-000759,403,2,22.0,5.2,44.0,10.4
ITEM-0001335,ORD-000759,404,1,64.99,21.0,64.99,21.0
ITEM-0001336,ORD-000760,101,1,199.99,85.0,199.99,85.0
ITEM-0001337,ORD-000761,305,1,59.99,20.0,59.99,20.0
ITEM-0001338,ORD-000762,502,1,22.99,5.5,22.99,5.5
ITEM-0001339,ORD-000763,204,2,24.0,6.0,48.0,12.0
ITEM-0001340,ORD-000763,103,1,89.99,36.0,89.99,36.0
ITEM-0001341,ORD-000764,107,1,59.99,22.0,59.99,22.0
ITEM-0001342,ORD-000764,301,1,289.0,130.0,289.0,130.0
ITEM-0001343,ORD-000764,202,3,68.0,22.0,204.0,66.0
ITEM-0001344,ORD-000764,303,1,24.99,7.5,24.99,7.5
ITEM-0001345,ORD-000765,103,1,89.99,36.0,89.99,36.0
ITEM-0001346,ORD-000765,302,1,45.0,15.0,45.0,15.0
ITEM-0001347,ORD-000766,503,1,48.0,15.0,48.0,15.0
ITEM-0001348,ORD-000767,502,1,22.99,5.5,22.99,5.5
ITEM-0001349,ORD-000767,401,1,26.0,6.0,26.0,6.0
ITEM-0001350,ORD-000768,105,2,39.99,12.0,79.98,24.0
ITEM-0001351,ORD-000769,206,1,45.0,11.0,45.0,11.0
ITEM-0001352,ORD-000770,502,2,22.99,5.5,45.98,11.0
ITEM-0001353,ORD-000770,303,1,24.99,7.5,24.99,7.5
ITEM-0001354,ORD-000771,307,1,29.99,8.0,29.99,8.0
ITEM-0001355,ORD-000772,101,1,199.99,85.0,199.99,85.0
ITEM-0001356,ORD-000773,307,1,29.99,8.0,29.99,8.0
ITEM-0001357,ORD-000773,301,1,289.0,130.0,289.0,130.0
ITEM-0001358,ORD-000773,501,3,42.0,13.0,126.0,39.0
ITEM-0001359,ORD-000774,203,1,120.0,42.0,120.0,42.0
ITEM-0001360,ORD-000775,107,1,59.99,22.0,59.99,22.0
ITEM-0001361,ORD-000776,402,1,34.0,8.5,34.0,8.5
ITEM-0001362,ORD-000777,404,1,64.99,21.0,64.99,21.0
ITEM-0001363,ORD-000777,102,1,49.99,18.0,49.99,18.0
ITEM-0001364,ORD-000777,107,2,59.99,22.0,119.98,44.0
ITEM-0001365,ORD-000778,305,1,59.99,20.0,59.99,20.0
ITEM-0001366,ORD-000779,504,1,16.99,4.2,16.99,4.2
ITEM-0001367,ORD-000780,404,2,64.99,21.0,129.98,42.0
ITEM-0001368,ORD-000780,306,2,32.5,10.0,65.0,20.0
ITEM-0001369,ORD-000781,502,1,22.99,5.5,22.99,5.5
ITEM-0001370,ORD-000782,108,1,29.99,9.5,29.99,9.5
ITEM-0001371,ORD-000782,105,1,39.99,12.0,39.99,12.0
ITEM-0001372,ORD-000783,205,2,54.0,16.0,108.0,32.0
ITEM-0001373,ORD-000784,303,1,24.99,7.5,24.99,7.5
ITEM-0001374,ORD-000784,401,1,26.0,6.0,26.0,6.0
ITEM-0001375,ORD-000784,202,1,68.0,22.0,68.0,22.0
ITEM-0001376,ORD-000785,304,2,39.99,14.0,79.98,28.0
ITEM-0001377,ORD-000785,102,1,49.99,18.0,49.99,18.0
ITEM-0001378,ORD-000786,501,2,42.0,13.0,84.0,26.0
ITEM-0001379,ORD-000787,401,1,26.0,6.0,26.0,6.0
ITEM-0001380,ORD-000787,403,2,22.0,5.2,44.0,10.4
ITEM-0001381,ORD-000788,203,1,120.0,42.0,120.0,42.0
ITEM-0001382,ORD-000788,305,1,59.99,20.0,59.99,20.0
ITEM-0001383,ORD-000789,108,1,29.99,9.5,29.99,9.5
ITEM-0001384,ORD-000789,204,1,24.0,6.0,24.0,6.0
ITEM-0001385,ORD-000790,204,2,24.0,6.0,48.0,12.0
ITEM-0001386,ORD-000791,402,1,34.0,8.5,34.0,8.5
ITEM-0001387,ORD-000791,104,2,349.99,175.0,699.98,350.0
ITEM-0001388,ORD-000791,202,1,68.0,22.0,68.0,22.0
ITEM-0001389,ORD-000792,502,1,22.99,5.5,22.99,5.5
ITEM-0001390,ORD-000793,108,2,29.99,9.5,59.98,19.0
ITEM-0001391,ORD-000793,402,1,34.0,8.5,34.0,8.5
ITEM-0001392,ORD-000794,304,1,39.99,14.0,39.99,14.0
ITEM-0001393,ORD-000795,405,1,18.0,4.0,18.0,4.0
ITEM-0001394,ORD-000796,202,1,68.0,22.0,68.0,22.0
ITEM-0001395,ORD-000797,307,1,29.99,8.0,29.99,8.0
ITEM-0001396,ORD-000798,401,3,26.0,6.0,78.0,18.0
ITEM-0001397,ORD-000798,402,1,34.0,8.5,34.0,8.5
ITEM-0001398,ORD-000799,301,1,289.0,130.0,289.0,130.0
ITEM-0001399,ORD-000799,303,1,24.99,7.5,24.99,7.5
ITEM-0001400,ORD-000800,204,1,24.0,6.0,24.0,6.0
ITEM-0001401,ORD-000801,307,1,29.99,8.0,29.99,8.0
ITEM-0001402,ORD-000802,501,2,42.0,13.0,84.0,26.0
ITEM-0001403,ORD-000803,206,1,45.0,11.0,45.0,11.0
ITEM-0001404,ORD-000804,106,2,179.99,70.0,359.98,140.0
ITEM-0001405,ORD-000805,502,1,22.99,5.5,22.99,5.5
ITEM-0001406,ORD-000806,204,1,24.0,6.0,24.0,6.0
ITEM-0001407,ORD-000806,505,1,75.0,24.0,75.0,24.0
ITEM-0001408,ORD-000806,402,2,34.0,8.5,68.0,17.0
ITEM-0001409,ORD-000806,502,1,22.99,5.5,22.99,5.5
ITEM-0001410,ORD-000807,306,3,32.5,10.0,97.5,30.0
ITEM-0001411,ORD-000807,203,2,120.0,42.0,240.0,84.0
ITEM-0001412,ORD-000808,307,1,29.99,8.0,29.99,8.0
ITEM-0001413,ORD-000809,108,2,29.99,9.5,59.98,19.0
ITEM-0001414,ORD-000809,107,1,59.99,22.0,59.99,22.0
ITEM-0001415,ORD-000809,301,1,289.0,130.0,289.0,130.0
ITEM-0001416,ORD-000809,101,1,199.99,85.0,199.99,85.0
ITEM-0001417,ORD-000810,405,1,18.0,4.0,18.0,4.0
ITEM-0001418,ORD-000810,301,1,289.0,130.0,289.0,130.0
ITEM-0001419,ORD-000811,403,2,22.0,5.2,44.0,10.4
ITEM-0001420,ORD-000812,203,2,120.0,42.0,240.0,84.0
ITEM-0001421,ORD-000813,305,1,59.99,20.0,59.99,20.0
ITEM-0001422,ORD-000814,307,1,29.99,8.0,29.99,8.0
ITEM-0001423,ORD-000815,202,1,68.0,22.0,68.0,22.0
ITEM-0001424,ORD-000816,503,1,48.0,15.0,48.0,15.0
ITEM-0001425,ORD-000816,402,1,34.0,8.5,34.0,8.5
ITEM-0001426,ORD-000816,401,1,26.0,6.0,26.0,6.0
ITEM-0001427,ORD-000816,306,1,32.5,10.0,32.5,10.0
ITEM-0001428,ORD-000817,304,1,39.99,14.0,39.99,14.0
ITEM-0001429,ORD-000818,205,1,54.0,16.0,54.0,16.0
ITEM-0001430,ORD-000818,107,1,59.99,22.0,59.99,22.0
ITEM-0001431,ORD-000818,201,1,28.0,8.5,28.0,8.5
ITEM-0001432,ORD-000819,307,1,29.99,8.0,29.99,8.0
ITEM-0001433,ORD-000819,402,1,34.0,8.5,34.0,8.5
ITEM-0001434,ORD-000820,502,1,22.99,5.5,22.99,5.5
ITEM-0001435,ORD-000821,306,1,32.5,10.0,32.5,10.0
ITEM-0001436,ORD-000821,405,1,18.0,4.0,18.0,4.0
ITEM-0001437,ORD-000821,108,2,29.99,9.5,59.98,19.0
ITEM-0001438,ORD-000822,206,1,45.0,11.0,45.0,11.0
ITEM-0001439,ORD-000822,401,1,26.0,6.0,26.0,6.0
ITEM-0001440,ORD-000823,305,1,59.99,20.0,59.99,20.0
ITEM-0001441,ORD-000824,102,1,49.99,18.0,49.99,18.0
ITEM-0001442,ORD-000825,302,1,45.0,15.0,45.0,15.0
ITEM-0001443,ORD-000825,303,1,24.99,7.5,24.99,7.5
ITEM-0001444,ORD-000825,206,2,45.0,11.0,90.0,22.0
ITEM-0001445,ORD-000826,501,1,42.0,13.0,42.0,13.0
ITEM-0001446,ORD-000827,107,1,59.99,22.0,59.99,22.0
ITEM-0001447,ORD-000828,105,2,39.99,12.0,79.98,24.0
ITEM-0001448,ORD-000828,106,1,179.99,70.0,179.99,70.0
ITEM-0001449,ORD-000829,501,1,42.0,13.0,42.0,13.0
ITEM-0001450,ORD-000830,108,1,29.99,9.5,29.99,9.5
ITEM-0001451,ORD-000831,103,1,89.99,36.0,89.99,36.0
ITEM-0001452,ORD-000831,305,1,59.99,20.0,59.99,20.0
ITEM-0001453,ORD-000831,204,1,24.0,6.0,24.0,6.0
ITEM-0001454,ORD-000832,305,2,59.99,20.0,119.98,40.0
ITEM-0001455,ORD-000832,302,1,45.0,15.0,45.0,15.0
ITEM-0001456,ORD-000832,104,1,349.99,175.0,349.99,175.0
ITEM-0001457,ORD-000832,107,1,59.99,22.0,59.99,22.0
ITEM-0001458,ORD-000833,402,1,34.0,8.5,34.0,8.5
ITEM-0001459,ORD-000834,105,1,39.99,12.0,39.99,12.0
ITEM-0001460,ORD-000835,206,1,45.0,11.0,45.0,11.0
ITEM-0001461,ORD-000835,104,2,349.99,175.0,699.98,350.0
ITEM-0001462,ORD-000836,307,1,29.99,8.0,29.99,8.0
ITEM-0001463,ORD-000837,405,1,18.0,4.0,18.0,4.0
ITEM-0001464,ORD-000837,106,1,179.99,70.0,179.99,70.0
ITEM-0001465,ORD-000838,108,1,29.99,9.5,29.99,9.5
ITEM-0001466,ORD-000839,503,2,48.0,15.0,96.0,30.0
ITEM-0001467,ORD-000839,301,1,289.0,130.0,289.0,130.0
ITEM-0001468,ORD-000840,305,1,59.99,20.0,59.99,20.0
ITEM-0001469,ORD-000841,106,1,179.99,70.0,179.99,70.0
ITEM-0001470,ORD-000842,404,1,64.99,21.0,64.99,21.0
ITEM-0001471,ORD-000843,402,1,34.0,8.5,34.0,8.5
ITEM-0001472,ORD-000843,107,1,59.99,22.0,59.99,22.0
ITEM-0001473,ORD-000844,504,1,16.99,4.2,16.99,4.2
ITEM-0001474,ORD-000844,203,1,120.0,42.0,120.0,42.0
ITEM-0001475,ORD-000845,503,2,48.0,15.0,96.0,30.0
ITEM-0001476,ORD-000846,303,1,24.99,7.5,24.99,7.5
ITEM-0001477,ORD-000846,106,1,179.99,70.0,179.99,70.0
ITEM-0001478,ORD-000846,103,1,89.99,36.0,89.99,36.0
ITEM-0001479,ORD-000846,205,1,54.0,16.0,54.0,16.0
ITEM-0001480,ORD-000847,201,1,28.0,8.5,28.0,8.5
ITEM-0001481,ORD-000848,103,1,89.99,36.0,89.99,36.0
ITEM-0001482,ORD-000848,404,1,64.99,21.0,64.99,21.0
ITEM-0001483,ORD-000849,105,1,39.99,12.0,39.99,12.0
ITEM-0001484,ORD-000849,403,1,22.0,5.2,22.0,5.2
ITEM-0001485,ORD-000850,301,2,289.0,130.0,578.0,260.0
ITEM-0001486,ORD-000850,302,1,45.0,15.0,45.0,15.0
ITEM-0001487,ORD-000851,102,1,49.99,18.0,49.99,18.0
ITEM-0001488,ORD-000852,304,1,39.99,14.0,39.99,14.0
ITEM-0001489,ORD-000852,307,1,29.99,8.0,29.99,8.0
ITEM-0001490,ORD-000853,502,1,22.99,5.5,22.99,5.5
ITEM-0001491,ORD-000853,306,1,32.5,10.0,32.5,10.0
ITEM-0001492,ORD-000854,403,1,22.0,5.2,22.0,5.2
ITEM-0001493,ORD-000855,306,1,32.5,10.0,32.5,10.0
ITEM-0001494,ORD-000855,501,1,42.0,13.0,42.0,13.0
ITEM-0001495,ORD-000856,304,1,39.99,14.0,39.99,14.0
ITEM-0001496,ORD-000856,102,1,49.99,18.0,49.99,18.0
ITEM-0001497,ORD-000857,403,1,22.0,5.2,22.0,5.2
ITEM-0001498,ORD-000858,401,1,26.0,6.0,26.0,6.0
ITEM-0001499,ORD-000858,402,1,34.0,8.5,34.0,8.5
ITEM-0001500,ORD-000859,505,1,75.0,24.0,75.0,24.0
ITEM-0001501,ORD-000859,101,1,199.99,85.0,199.99,85.0
ITEM-0001502,ORD-000859,501,1,42.0,13.0,42.0,13.0
ITEM-0001503,ORD-000860,108,1,29.99,9.5,29.99,9.5
ITEM-0001504,ORD-000860,201,2,28.0,8.5,56.0,17.0
ITEM-0001505,ORD-000861,204,1,24.0,6.0,24.0,6.0
ITEM-0001506,ORD-000861,107,1,59.99,22.0,59.99,22.0
ITEM-0001507,ORD-000861,302,1,45.0,15.0,45.0,15.0
ITEM-0001508,ORD-000862,401,1,26.0,6.0,26.0,6.0
ITEM-0001509,ORD-000863,205,1,54.0,16.0,54.0,16.0
ITEM-0001510,ORD-000864,303,1,24.99,7.5,24.99,7.5
ITEM-0001511,ORD-000865,401,1,26.0,6.0,26.0,6.0
ITEM-0001512,ORD-000866,401,1,26.0,6.0,26.0,6.0
ITEM-0001513,ORD-000866,402,1,34.0,8.5,34.0,8.5
ITEM-0001514,ORD-000867,302,1,45.0,15.0,45.0,15.0
ITEM-0001515,ORD-000867,301,1,289.0,130.0,289.0,130.0
ITEM-0001516,ORD-000867,304,1,39.99,14.0,39.99,14.0
ITEM-0001517,ORD-000867,206,2,45.0,11.0,90.0,22.0
ITEM-0001518,ORD-000868,403,1,22.0,5.2,22.0,5.2
ITEM-0001519,ORD-000868,304,1,39.99,14.0,39.99,14.0
ITEM-0001520,ORD-000868,306,2,32.5,10.0,65.0,20.0
ITEM-0001521,ORD-000869,304,1,39.99,14.0,39.99,14.0
ITEM-0001522,ORD-000870,305,1,59.99,20.0,59.99,20.0
ITEM-0001523,ORD-000871,501,1,42.0,13.0,42.0,13.0
ITEM-0001524,ORD-000872,307,2,29.99,8.0,59.98,16.0
ITEM-0001525,ORD-000873,503,2,48.0,15.0,96.0,30.0
ITEM-0001526,ORD-000873,502,1,22.99,5.5,22.99,5.5
ITEM-0001527,ORD-000874,404,1,64.99,21.0,64.99,21.0
ITEM-0001528,ORD-000875,105,3,39.99,12.0,119.97,36.0
ITEM-0001529,ORD-000876,205,1,54.0,16.0,54.0,16.0
ITEM-0001530,ORD-000877,305,1,59.99,20.0,59.99,20.0
ITEM-0001531,ORD-000877,501,1,42.0,13.0,42.0,13.0
ITEM-0001532,ORD-000878,205,1,54.0,16.0,54.0,16.0
ITEM-0001533,ORD-000878,201,2,28.0,8.5,56.0,17.0
ITEM-0001534,ORD-000878,303,1,24.99,7.5,24.99,7.5
ITEM-0001535,ORD-000878,501,1,42.0,13.0,42.0,13.0
ITEM-0001536,ORD-000879,108,1,29.99,9.5,29.99,9.5
ITEM-0001537,ORD-000879,101,1,199.99,85.0,199.99,85.0
ITEM-0001538,ORD-000880,503,1,48.0,15.0,48.0,15.0
ITEM-0001539,ORD-000881,306,3,32.5,10.0,97.5,30.0
ITEM-0001540,ORD-000882,104,2,349.99,175.0,699.98,350.0
ITEM-0001541,ORD-000882,102,2,49.99,18.0,99.98,36.0
ITEM-0001542,ORD-000883,108,1,29.99,9.5,29.99,9.5
ITEM-0001543,ORD-000883,203,2,120.0,42.0,240.0,84.0
ITEM-0001544,ORD-000884,102,1,49.99,18.0,49.99,18.0
ITEM-0001545,ORD-000885,502,1,22.99,5.5,22.99,5.5
ITEM-0001546,ORD-000885,108,1,29.99,9.5,29.99,9.5
ITEM-0001547,ORD-000885,104,1,349.99,175.0,349.99,175.0
ITEM-0001548,ORD-000886,403,1,22.0,5.2,22.0,5.2
ITEM-0001549,ORD-000886,405,1,18.0,4.0,18.0,4.0
ITEM-0001550,ORD-000886,305,2,59.99,20.0,119.98,40.0
ITEM-0001551,ORD-000887,504,1,16.99,4.2,16.99,4.2
ITEM-0001552,ORD-000888,306,1,32.5,10.0,32.5,10.0
ITEM-0001553,ORD-000888,102,2,49.99,18.0,99.98,36.0
ITEM-0001554,ORD-000888,401,1,26.0,6.0,26.0,6.0
ITEM-0001555,ORD-000888,302,1,45.0,15.0,45.0,15.0
ITEM-0001556,ORD-000889,202,1,68.0,22.0,68.0,22.0
ITEM-0001557,ORD-000889,303,2,24.99,7.5,49.98,15.0
ITEM-0001558,ORD-000889,101,1,199.99,85.0,199.99,85.0
ITEM-0001559,ORD-000889,305,1,59.99,20.0,59.99,20.0
ITEM-0001560,ORD-000890,201,1,28.0,8.5,28.0,8.5
ITEM-0001561,ORD-000890,501,1,42.0,13.0,42.0,13.0
ITEM-0001562,ORD-000891,503,1,48.0,15.0,48.0,15.0
ITEM-0001563,ORD-000891,202,1,68.0,22.0,68.0,22.0
ITEM-0001564,ORD-000892,503,1,48.0,15.0,48.0,15.0
ITEM-0001565,ORD-000893,108,1,29.99,9.5,29.99,9.5
ITEM-0001566,ORD-000893,105,1,39.99,12.0,39.99,12.0
ITEM-0001567,ORD-000893,107,1,59.99,22.0,59.99,22.0
ITEM-0001568,ORD-000893,106,1,179.99,70.0,179.99,70.0
ITEM-0001569,ORD-000894,501,1,42.0,13.0,42.0,13.0
ITEM-0001570,ORD-000894,502,1,22.99,5.5,22.99,5.5
ITEM-0001571,ORD-000894,307,1,29.99,8.0,29.99,8.0
ITEM-0001572,ORD-000895,305,1,59.99,20.0,59.99,20.0
ITEM-0001573,ORD-000895,204,2,24.0,6.0,48.0,12.0
ITEM-0001574,ORD-000895,203,1,120.0,42.0,120.0,42.0
ITEM-0001575,ORD-000896,502,2,22.99,5.5,45.98,11.0
ITEM-0001576,ORD-000897,301,1,289.0,130.0,289.0,130.0
ITEM-0001577,ORD-000897,303,1,24.99,7.5,24.99,7.5
ITEM-0001578,ORD-000898,202,1,68.0,22.0,68.0,22.0
ITEM-0001579,ORD-000899,305,1,59.99,20.0,59.99,20.0
ITEM-0001580,ORD-000899,301,1,289.0,130.0,289.0,130.0
ITEM-0001581,ORD-000899,102,1,49.99,18.0,49.99,18.0
ITEM-0001582,ORD-000900,204,1,24.0,6.0,24.0,6.0
ITEM-0001583,ORD-000900,503,1,48.0,15.0,48.0,15.0
ITEM-0001584,ORD-000901,204,1,24.0,6.0,24.0,6.0
ITEM-0001585,ORD-000901,104,1,349.99,175.0,349.99,175.0
ITEM-0001586,ORD-000902,102,1,49.99,18.0,49.99,18.0
ITEM-0001587,ORD-000902,501,1,42.0,13.0,42.0,13.0
ITEM-0001588,ORD-000903,203,1,120.0,42.0,120.0,42.0
ITEM-0001589,ORD-000904,306,1,32.5,10.0,32.5,10.0
ITEM-0001590,ORD-000905,202,1,68.0,22.0,68.0,22.0
ITEM-0001591,ORD-000906,304,1,39.99,14.0,39.99,14.0
ITEM-0001592,ORD-000907,403,1,22.0,5.2,22.0,5.2
ITEM-0001593,ORD-000908,101,2,199.99,85.0,399.98,170.0
ITEM-0001594,ORD-000908,205,1,54.0,16.0,54.0,16.0
ITEM-0001595,ORD-000909,202,2,68.0,22.0,136.0,44.0
ITEM-0001596,ORD-000909,502,1,22.99,5.5,22.99,5.5
ITEM-0001597,ORD-000909,402,1,34.0,8.5,34.0,8.5
ITEM-0001598,ORD-000910,504,1,16.99,4.2,16.99,4.2
ITEM-0001599,ORD-000911,502,1,22.99,5.5,22.99,5.5
ITEM-0001600,ORD-000912,306,1,32.5,10.0,32.5,10.0
ITEM-0001601,ORD-000912,305,2,59.99,20.0,119.98,40.0
ITEM-0001602,ORD-000913,106,1,179.99,70.0,179.99,70.0
ITEM-0001603,ORD-000913,205,1,54.0,16.0,54.0,16.0
ITEM-0001604,ORD-000914,404,1,64.99,21.0,64.99,21.0
ITEM-0001605,ORD-000915,505,1,75.0,24.0,75.0,24.0
ITEM-0001606,ORD-000915,205,1,54.0,16.0,54.0,16.0
ITEM-0001607,ORD-000915,107,1,59.99,22.0,59.99,22.0
ITEM-0001608,ORD-000916,203,1,120.0,42.0,120.0,42.0
ITEM-0001609,ORD-000917,307,1,29.99,8.0,29.99,8.0
ITEM-0001610,ORD-000918,306,1,32.5,10.0,32.5,10.0
ITEM-0001611,ORD-000919,306,1,32.5,10.0,32.5,10.0
ITEM-0001612,ORD-000919,202,1,68.0,22.0,68.0,22.0
ITEM-0001613,ORD-000920,102,1,49.99,18.0,49.99,18.0
ITEM-0001614,ORD-000921,205,3,54.0,16.0,162.0,48.0
ITEM-0001615,ORD-000921,502,1,22.99,5.5,22.99,5.5
ITEM-0001616,ORD-000921,102,2,49.99,18.0,99.98,36.0
ITEM-0001617,ORD-000922,301,1,289.0,130.0,289.0,130.0
ITEM-0001618,ORD-000923,206,1,45.0,11.0,45.0,11.0
ITEM-0001619,ORD-000924,204,1,24.0,6.0,24.0,6.0
ITEM-0001620,ORD-000925,102,1,49.99,18.0,49.99,18.0
ITEM-0001621,ORD-000926,102,1,49.99,18.0,49.99,18.0
ITEM-0001622,ORD-000927,505,1,75.0,24.0,75.0,24.0
ITEM-0001623,ORD-000927,504,1,16.99,4.2,16.99,4.2
ITEM-0001624,ORD-000927,104,3,349.99,175.0,1049.97,525.0
ITEM-0001625,ORD-000928,106,1,179.99,70.0,179.99,70.0
ITEM-0001626,ORD-000929,206,1,45.0,11.0,45.0,11.0
ITEM-0001627,ORD-000930,505,1,75.0,24.0,75.0,24.0
ITEM-0001628,ORD-000930,107,1,59.99,22.0,59.99,22.0
ITEM-0001629,ORD-000930,402,1,34.0,8.5,34.0,8.5
ITEM-0001630,ORD-000931,203,1,120.0,42.0,120.0,42.0
ITEM-0001631,ORD-000932,402,1,34.0,8.5,34.0,8.5
ITEM-0001632,ORD-000933,204,1,24.0,6.0,24.0,6.0
ITEM-0001633,ORD-000934,404,1,64.99,21.0,64.99,21.0
ITEM-0001634,ORD-000935,206,2,45.0,11.0,90.0,22.0
ITEM-0001635,ORD-000935,501,1,42.0,13.0,42.0,13.0
ITEM-0001636,ORD-000936,405,2,18.0,4.0,36.0,8.0
ITEM-0001637,ORD-000936,106,1,179.99,70.0,179.99,70.0
ITEM-0001638,ORD-000937,303,1,24.99,7.5,24.99,7.5
ITEM-0001639,ORD-000937,102,1,49.99,18.0,49.99,18.0
ITEM-0001640,ORD-000937,301,1,289.0,130.0,289.0,130.0
ITEM-0001641,ORD-000938,303,2,24.99,7.5,49.98,15.0
ITEM-0001642,ORD-000939,401,1,26.0,6.0,26.0,6.0
ITEM-0001643,ORD-000939,402,1,34.0,8.5,34.0,8.5
ITEM-0001644,ORD-000940,303,1,24.99,7.5,24.99,7.5
ITEM-0001645,ORD-000940,503,1,48.0,15.0,48.0,15.0
ITEM-0001646,ORD-000940,307,1,29.99,8.0,29.99,8.0
ITEM-0001647,ORD-000941,102,1,49.99,18.0,49.99,18.0
ITEM-0001648,ORD-000942,202,1,68.0,22.0,68.0,22.0
ITEM-0001649,ORD-000943,405,1,18.0,4.0,18.0,4.0
ITEM-0001650,ORD-000943,201,1,28.0,8.5,28.0,8.5
ITEM-0001651,ORD-000944,203,1,120.0,42.0,120.0,42.0
ITEM-0001652,ORD-000944,405,2,18.0,4.0,36.0,8.0
ITEM-0001653,ORD-000944,108,1,29.99,9.5,29.99,9.5
ITEM-0001654,ORD-000945,307,1,29.99,8.0,29.99,8.0
ITEM-0001655,ORD-000945,104,1,349.99,175.0,349.99,175.0
ITEM-0001656,ORD-000946,403,1,22.0,5.2,22.0,5.2
ITEM-0001657,ORD-000946,503,1,48.0,15.0,48.0,15.0
ITEM-0001658,ORD-000947,305,2,59.99,20.0,119.98,40.0
ITEM-0001659,ORD-000948,504,1,16.99,4.2,16.99,4.2
ITEM-0001660,ORD-000948,204,1,24.0,6.0,24.0,6.0
ITEM-0001661,ORD-000949,101,1,199.99,85.0,199.99,85.0
ITEM-0001662,ORD-000950,403,1,22.0,5.2,22.0,5.2
ITEM-0001663,ORD-000951,305,1,59.99,20.0,59.99,20.0
ITEM-0001664,ORD-000951,304,2,39.99,14.0,79.98,28.0
ITEM-0001665,ORD-000951,405,1,18.0,4.0,18.0,4.0
ITEM-0001666,ORD-000952,206,1,45.0,11.0,45.0,11.0
ITEM-0001667,ORD-000952,405,1,18.0,4.0,18.0,4.0
ITEM-0001668,ORD-000952,204,1,24.0,6.0,24.0,6.0
ITEM-0001669,ORD-000952,205,1,54.0,16.0,54.0,16.0
ITEM-0001670,ORD-000953,504,1,16.99,4.2,16.99,4.2
ITEM-0001671,ORD-000954,304,1,39.99,14.0,39.99,14.0
ITEM-0001672,ORD-000954,107,1,59.99,22.0,59.99,22.0
ITEM-0001673,ORD-000955,306,2,32.5,10.0,65.0,20.0
ITEM-0001674,ORD-000955,402,1,34.0,8.5,34.0,8.5
ITEM-0001675,ORD-000956,304,1,39.99,14.0,39.99,14.0
ITEM-0001676,ORD-000957,404,2,64.99,21.0,129.98,42.0
ITEM-0001677,ORD-000957,102,1,49.99,18.0,49.99,18.0
ITEM-0001678,ORD-000958,206,1,45.0,11.0,45.0,11.0
ITEM-0001679,ORD-000958,301,1,289.0,130.0,289.0,130.0
ITEM-0001680,ORD-000959,504,2,16.99,4.2,33.98,8.4
ITEM-0001681,ORD-000959,403,1,22.0,5.2,22.0,5.2
ITEM-0001682,ORD-000959,101,1,199.99,85.0,199.99,85.0
ITEM-0001683,ORD-000960,305,1,59.99,20.0,59.99,20.0
ITEM-0001684,ORD-000961,504,1,16.99,4.2,16.99,4.2
ITEM-0001685,ORD-000961,505,1,75.0,24.0,75.0,24.0
ITEM-0001686,ORD-000962,205,1,54.0,16.0,54.0,16.0
ITEM-0001687,ORD-000962,503,1,48.0,15.0,48.0,15.0
ITEM-0001688,ORD-000962,502,1,22.99,5.5,22.99,5.5
ITEM-0001689,ORD-000962,504,1,16.99,4.2,16.99,4.2
ITEM-0001690,ORD-000963,306,2,32.5,10.0,65.0,20.0
ITEM-0001691,ORD-000964,303,1,24.99,7.5,24.99,7.5
ITEM-0001692,ORD-000964,106,1,179.99,70.0,179.99,70.0
ITEM-0001693,ORD-000964,402,1,34.0,8.5,34.0,8.5
ITEM-0001694,ORD-000964,304,3,39.99,14.0,119.97,42.0
ITEM-0001695,ORD-000965,203,1,120.0,42.0,120.0,42.0
ITEM-0001696,ORD-000965,403,1,22.0,5.2,22.0,5.2
ITEM-0001697,ORD-000966,402,1,34.0,8.5,34.0,8.5
ITEM-0001698,ORD-000967,206,1,45.0,11.0,45.0,11.0
ITEM-0001699,ORD-000968,504,1,16.99,4.2,16.99,4.2
ITEM-0001700,ORD-000969,301,1,289.0,130.0,289.0,130.0
ITEM-0001701,ORD-000970,106,1,179.99,70.0,179.99,70.0
ITEM-0001702,ORD-000971,502,1,22.99,5.5,22.99,5.5
ITEM-0001703,ORD-000971,103,1,89.99,36.0,89.99,36.0
ITEM-0001704,ORD-000971,105,1,39.99,12.0,39.99,12.0
ITEM-0001705,ORD-000971,204,1,24.0,6.0,24.0,6.0
ITEM-0001706,ORD-000972,504,2,16.99,4.2,33.98,8.4
ITEM-0001707,ORD-000972,108,1,29.99,9.5,29.99,9.5
ITEM-0001708,ORD-000973,101,1,199.99,85.0,199.99,85.0
ITEM-0001709,ORD-000973,107,1,59.99,22.0,59.99,22.0
ITEM-0001710,ORD-000974,105,1,39.99,12.0,39.99,12.0
ITEM-0001711,ORD-000974,202,1,68.0,22.0,68.0,22.0
ITEM-0001712,ORD-000975,206,1,45.0,11.0,45.0,11.0
ITEM-0001713,ORD-000975,106,1,179.99,70.0,179.99,70.0
ITEM-0001714,ORD-000975,505,1,75.0,24.0,75.0,24.0
ITEM-0001715,ORD-000975,303,1,24.99,7.5,24.99,7.5
ITEM-0001716,ORD-000976,402,1,34.0,8.5,34.0,8.5
ITEM-0001717,ORD-000976,404,1,64.99,21.0,64.99,21.0
ITEM-0001718,ORD-000977,502,2,22.99,5.5,45.98,11.0
ITEM-0001719,ORD-000977,102,1,49.99,18.0,49.99,18.0
ITEM-0001720,ORD-000978,501,1,42.0,13.0,42.0,13.0
ITEM-0001721,ORD-000979,108,1,29.99,9.5,29.99,9.5
ITEM-0001722,ORD-000980,206,1,45.0,11.0,45.0,11.0
ITEM-0001723,ORD-000980,505,1,75.0,24.0,75.0,24.0
ITEM-0001724,ORD-000981,307,1,29.99,8.0,29.99,8.0
ITEM-0001725,ORD-000982,108,1,29.99,9.5,29.99,9.5
ITEM-0001726,ORD-000983,302,1,45.0,15.0,45.0,15.0
ITEM-0001727,ORD-000984,305,1,59.99,20.0,59.99,20.0
ITEM-0001728,ORD-000984,205,1,54.0,16.0,54.0,16.0
ITEM-0001729,ORD-000984,401,1,26.0,6.0,26.0,6.0
ITEM-0001730,ORD-000985,201,2,28.0,8.5,56.0,17.0
ITEM-0001731,ORD-000985,302,1,45.0,15.0,45.0,15.0
ITEM-0001732,ORD-000986,404,1,64.99,21.0,64.99,21.0
ITEM-0001733,ORD-000986,205,2,54.0,16.0,108.0,32.0
ITEM-0001734,ORD-000986,203,1,120.0,42.0,120.0,42.0
ITEM-0001735,ORD-000987,101,1,199.99,85.0,199.99,85.0
ITEM-0001736,ORD-000988,204,1,24.0,6.0,24.0,6.0
ITEM-0001737,ORD-000988,202,1,68.0,22.0,68.0,22.0
ITEM-0001738,ORD-000989,105,1,39.99,12.0,39.99,12.0
ITEM-0001739,ORD-000989,103,1,89.99,36.0,89.99,36.0
ITEM-0001740,ORD-000989,205,1,54.0,16.0,54.0,16.0
ITEM-0001741,ORD-000990,108,2,29.99,9.5,59.98,19.0
ITEM-0001742,ORD-000991,105,1,39.99,12.0,39.99,12.0
ITEM-0001743,ORD-000991,504,1,16.99,4.2,16.99,4.2
ITEM-0001744,ORD-000992,301,1,289.0,130.0,289.0,130.0
ITEM-0001745,ORD-000992,302,1,45.0,15.0,45.0,15.0
ITEM-0001746,ORD-000993,302,1,45.0,15.0,45.0,15.0
ITEM-0001747,ORD-000993,404,1,64.99,21.0,64.99,21.0
ITEM-0001748,ORD-000994,404,1,64.99,21.0,64.99,21.0
ITEM-0001749,ORD-000995,307,1,29.99,8.0,29.99,8.0
ITEM-0001750,ORD-000995,203,1,120.0,42.0,120.0,42.0
ITEM-0001751,ORD-000996,401,1,26.0,6.0,26.0,6.0
ITEM-0001752,ORD-000997,307,1,29.99,8.0,29.99,8.0
ITEM-0001753,ORD-000998,401,1,26.0,6.0,26.0,6.0
ITEM-0001754,ORD-000999,505,1,75.0,24.0,75.0,24.0
ITEM-0001755,ORD-001000,108,1,29.99,9.5,29.99,9.5
ITEM-0001756,ORD-001000,501,1,42.0,13.0,42.0,13.0
ITEM-0001757,ORD-001001,404,1,64.99,21.0,64.99,21.0
ITEM-0001758,ORD-001002,205,1,54.0,16.0,54.0,16.0
ITEM-0001759,ORD-001003,303,2,24.99,7.5,49.98,15.0
ITEM-0001760,ORD-001004,302,1,45.0,15.0,45.0,15.0
ITEM-0001761,ORD-001005,402,1,34.0,8.5,34.0,8.5
ITEM-0001762,ORD-001006,302,1,45.0,15.0,45.0,15.0
ITEM-0001763,ORD-001006,402,2,34.0,8.5,68.0,17.0
ITEM-0001764,ORD-001007,201,1,28.0,8.5,28.0,8.5
ITEM-0001765,ORD-001007,303,1,24.99,7.5,24.99,7.5
ITEM-0001766,ORD-001007,504,1,16.99,4.2,16.99,4.2
ITEM-0001767,ORD-001008,107,2,59.99,22.0,119.98,44.0
ITEM-0001768,ORD-001008,105,1,39.99,12.0,39.99,12.0
ITEM-0001769,ORD-001009,102,1,49.99,18.0,49.99,18.0
ITEM-0001770,ORD-001009,402,1,34.0,8.5,34.0,8.5
ITEM-0001771,ORD-001010,102,1,49.99,18.0,49.99,18.0
ITEM-0001772,ORD-001010,103,1,89.99,36.0,89.99,36.0
ITEM-0001773,ORD-001011,104,1,349.99,175.0,349.99,175.0
ITEM-0001774,ORD-001011,103,1,89.99,36.0,89.99,36.0
ITEM-0001775,ORD-001011,105,1,39.99,12.0,39.99,12.0
ITEM-0001776,ORD-001012,102,2,49.99,18.0,99.98,36.0
ITEM-0001777,ORD-001012,401,2,26.0,6.0,52.0,12.0
ITEM-0001778,ORD-001013,501,1,42.0,13.0,42.0,13.0
ITEM-0001779,ORD-001013,502,1,22.99,5.5,22.99,5.5
ITEM-0001780,ORD-001013,307,1,29.99,8.0,29.99,8.0
ITEM-0001781,ORD-001014,307,2,29.99,8.0,59.98,16.0
ITEM-0001782,ORD-001015,401,1,26.0,6.0,26.0,6.0
ITEM-0001783,ORD-001015,402,1,34.0,8.5,34.0,8.5
ITEM-0001784,ORD-001015,203,1,120.0,42.0,120.0,42.0
ITEM-0001785,ORD-001015,103,1,89.99,36.0,89.99,36.0
ITEM-0001786,ORD-001016,205,1,54.0,16.0,54.0,16.0
ITEM-0001787,ORD-001016,307,3,29.99,8.0,89.97,24.0
ITEM-0001788,ORD-001017,104,1,349.99,175.0,349.99,175.0
ITEM-0001789,ORD-001017,405,1,18.0,4.0,18.0,4.0
ITEM-0001790,ORD-001018,301,1,289.0,130.0,289.0,130.0
ITEM-0001791,ORD-001019,203,1,120.0,42.0,120.0,42.0
ITEM-0001792,ORD-001020,304,2,39.99,14.0,79.98,28.0
ITEM-0001793,ORD-001021,404,2,64.99,21.0,129.98,42.0
ITEM-0001794,ORD-001021,203,1,120.0,42.0,120.0,42.0
ITEM-0001795,ORD-001021,302,1,45.0,15.0,45.0,15.0
ITEM-0001796,ORD-001022,302,1,45.0,15.0,45.0,15.0
ITEM-0001797,ORD-001023,404,1,64.99,21.0,64.99,21.0
ITEM-0001798,ORD-001023,106,1,179.99,70.0,179.99,70.0
ITEM-0001799,ORD-001024,304,2,39.99,14.0,79.98,28.0
ITEM-0001800,ORD-001025,502,1,22.99,5.5,22.99,5.5
ITEM-0001801,ORD-001025,102,1,49.99,18.0,49.99,18.0
ITEM-0001802,ORD-001026,103,1,89.99,36.0,89.99,36.0
ITEM-0001803,ORD-001027,302,1,45.0,15.0,45.0,15.0
ITEM-0001804,ORD-001028,103,1,89.99,36.0,89.99,36.0
ITEM-0001805,ORD-001029,305,1,59.99,20.0,59.99,20.0
ITEM-0001806,ORD-001030,502,1,22.99,5.5,22.99,5.5
ITEM-0001807,ORD-001030,303,1,24.99,7.5,24.99,7.5
ITEM-0001808,ORD-001031,106,1,179.99,70.0,179.99,70.0
ITEM-0001809,ORD-001032,403,1,22.0,5.2,22.0,5.2
ITEM-0001810,ORD-001033,502,1,22.99,5.5,22.99,5.5
ITEM-0001811,ORD-001033,504,2,16.99,4.2,33.98,8.4
ITEM-0001812,ORD-001034,404,1,64.99,21.0,64.99,21.0
ITEM-0001813,ORD-001035,401,1,26.0,6.0,26.0,6.0
ITEM-0001814,ORD-001036,204,2,24.0,6.0,48.0,12.0
ITEM-0001815,ORD-001037,102,1,49.99,18.0,49.99,18.0
ITEM-0001816,ORD-001038,106,2,179.99,70.0,359.98,140.0
ITEM-0001817,ORD-001039,404,1,64.99,21.0,64.99,21.0
ITEM-0001818,ORD-001040,203,2,120.0,42.0,240.0,84.0
ITEM-0001819,ORD-001041,301,1,289.0,130.0,289.0,130.0
ITEM-0001820,ORD-001041,303,1,24.99,7.5,24.99,7.5
ITEM-0001821,ORD-001042,102,1,49.99,18.0,49.99,18.0
ITEM-0001822,ORD-001042,202,3,68.0,22.0,204.0,66.0
ITEM-0001823,ORD-001043,101,1,199.99,85.0,199.99,85.0
ITEM-0001824,ORD-001043,108,2,29.99,9.5,59.98,19.0
ITEM-0001825,ORD-001044,303,1,24.99,7.5,24.99,7.5
ITEM-0001826,ORD-001044,502,1,22.99,5.5,22.99,5.5
ITEM-0001827,ORD-001045,402,1,34.0,8.5,34.0,8.5
ITEM-0001828,ORD-001046,108,3,29.99,9.5,89.97,28.5
ITEM-0001829,ORD-001046,303,1,24.99,7.5,24.99,7.5
ITEM-0001830,ORD-001046,403,1,22.0,5.2,22.0,5.2
ITEM-0001831,ORD-001047,108,1,29.99,9.5,29.99,9.5
ITEM-0001832,ORD-001048,304,1,39.99,14.0,39.99,14.0
ITEM-0001833,ORD-001049,302,1,45.0,15.0,45.0,15.0
ITEM-0001834,ORD-001050,503,1,48.0,15.0,48.0,15.0
ITEM-0001835,ORD-001050,302,1,45.0,15.0,45.0,15.0
ITEM-0001836,ORD-001050,106,1,179.99,70.0,179.99,70.0
ITEM-0001837,ORD-001051,302,1,45.0,15.0,45.0,15.0
ITEM-0001838,ORD-001051,203,1,120.0,42.0,120.0,42.0
ITEM-0001839,ORD-001052,108,1,29.99,9.5,29.99,9.5
ITEM-0001840,ORD-001052,405,1,18.0,4.0,18.0,4.0
ITEM-0001841,ORD-001053,103,1,89.99,36.0,89.99,36.0
ITEM-0001842,ORD-001053,105,1,39.99,12.0,39.99,12.0
ITEM-0001843,ORD-001054,103,1,89.99,36.0,89.99,36.0
ITEM-0001844,ORD-001054,205,1,54.0,16.0,54.0,16.0
ITEM-0001845,ORD-001054,304,1,39.99,14.0,39.99,14.0
ITEM-0001846,ORD-001055,306,2,32.5,10.0,65.0,20.0
ITEM-0001847,ORD-001056,303,1,24.99,7.5,24.99,7.5
ITEM-0001848,ORD-001057,104,1,349.99,175.0,349.99,175.0
ITEM-0001849,ORD-001057,102,1,49.99,18.0,49.99,18.0
ITEM-0001850,ORD-001058,303,1,24.99,7.5,24.99,7.5
ITEM-0001851,ORD-001058,204,2,24.0,6.0,48.0,12.0
ITEM-0001852,ORD-001059,306,1,32.5,10.0,32.5,10.0
ITEM-0001853,ORD-001060,106,1,179.99,70.0,179.99,70.0
ITEM-0001854,ORD-001061,306,1,32.5,10.0,32.5,10.0
ITEM-0001855,ORD-001062,301,2,289.0,130.0,578.0,260.0
ITEM-0001856,ORD-001063,405,1,18.0,4.0,18.0,4.0
ITEM-0001857,ORD-001064,204,1,24.0,6.0,24.0,6.0
ITEM-0001858,ORD-001064,106,1,179.99,70.0,179.99,70.0
ITEM-0001859,ORD-001064,304,1,39.99,14.0,39.99,14.0
ITEM-0001860,ORD-001064,401,1,26.0,6.0,26.0,6.0
ITEM-0001861,ORD-001065,201,1,28.0,8.5,28.0,8.5
ITEM-0001862,ORD-001066,203,1,120.0,42.0,120.0,42.0
ITEM-0001863,ORD-001066,106,1,179.99,70.0,179.99,70.0
ITEM-0001864,ORD-001067,202,3,68.0,22.0,204.0,66.0
ITEM-0001865,ORD-001067,501,2,42.0,13.0,84.0,26.0
ITEM-0001866,ORD-001067,206,1,45.0,11.0,45.0,11.0
ITEM-0001867,ORD-001068,203,1,120.0,42.0,120.0,42.0
ITEM-0001868,ORD-001069,302,1,45.0,15.0,45.0,15.0
ITEM-0001869,ORD-001069,305,1,59.99,20.0,59.99,20.0
ITEM-0001870,ORD-001069,206,2,45.0,11.0,90.0,22.0
ITEM-0001871,ORD-001070,202,2,68.0,22.0,136.0,44.0
ITEM-0001872,ORD-001070,401,1,26.0,6.0,26.0,6.0
ITEM-0001873,ORD-001071,104,1,349.99,175.0,349.99,175.0
ITEM-0001874,ORD-001071,103,2,89.99,36.0,179.98,72.0
ITEM-0001875,ORD-001071,105,1,39.99,12.0,39.99,12.0
ITEM-0001876,ORD-001072,101,1,199.99,85.0,199.99,85.0
ITEM-0001877,ORD-001073,201,1,28.0,8.5,28.0,8.5
ITEM-0001878,ORD-001074,203,1,120.0,42.0,120.0,42.0
ITEM-0001879,ORD-001075,105,1,39.99,12.0,39.99,12.0
ITEM-0001880,ORD-001075,106,1,179.99,70.0,179.99,70.0
ITEM-0001881,ORD-001076,402,1,34.0,8.5,34.0,8.5
ITEM-0001882,ORD-001076,105,2,39.99,12.0,79.98,24.0
ITEM-0001883,ORD-001076,303,1,24.99,7.5,24.99,7.5
ITEM-0001884,ORD-001076,206,1,45.0,11.0,45.0,11.0
ITEM-0001885,ORD-001077,501,1,42.0,13.0,42.0,13.0
ITEM-0001886,ORD-001077,303,2,24.99,7.5,49.98,15.0
ITEM-0001887,ORD-001078,503,1,48.0,15.0,48.0,15.0
ITEM-0001888,ORD-001079,304,1,39.99,14.0,39.99,14.0
ITEM-0001889,ORD-001080,101,1,199.99,85.0,199.99,85.0
ITEM-0001890,ORD-001080,107,1,59.99,22.0,59.99,22.0
ITEM-0001891,ORD-001080,501,1,42.0,13.0,42.0,13.0
ITEM-0001892,ORD-001080,307,1,29.99,8.0,29.99,8.0
ITEM-0001893,ORD-001081,504,1,16.99,4.2,16.99,4.2
ITEM-0001894,ORD-001081,105,1,39.99,12.0,39.99,12.0
ITEM-0001895,ORD-001081,108,1,29.99,9.5,29.99,9.5
ITEM-0001896,ORD-001082,403,1,22.0,5.2,22.0,5.2
ITEM-0001897,ORD-001082,302,1,45.0,15.0,45.0,15.0
ITEM-0001898,ORD-001082,505,1,75.0,24.0,75.0,24.0
ITEM-0001899,ORD-001083,206,1,45.0,11.0,45.0,11.0
ITEM-0001900,ORD-001083,104,2,349.99,175.0,699.98,350.0
ITEM-0001901,ORD-001083,504,1,16.99,4.2,16.99,4.2
ITEM-0001902,ORD-001084,101,1,199.99,85.0,199.99,85.0
ITEM-0001903,ORD-001084,107,1,59.99,22.0,59.99,22.0
ITEM-0001904,ORD-001085,403,1,22.0,5.2,22.0,5.2
ITEM-0001905,ORD-001085,104,1,349.99,175.0,349.99,175.0
ITEM-0001906,ORD-001086,306,1,32.5,10.0,32.5,10.0
ITEM-0001907,ORD-001086,405,1,18.0,4.0,18.0,4.0
ITEM-0001908,ORD-001086,502,1,22.99,5.5,22.99,5.5
ITEM-0001909,ORD-001087,201,1,28.0,8.5,28.0,8.5
ITEM-0001910,ORD-001088,401,1,26.0,6.0,26.0,6.0
ITEM-0001911,ORD-001089,104,2,349.99,175.0,699.98,350.0
ITEM-0001912,ORD-001089,102,1,49.99,18.0,49.99,18.0
ITEM-0001913,ORD-001090,401,1,26.0,6.0,26.0,6.0
ITEM-0001914,ORD-001091,304,1,39.99,14.0,39.99,14.0
ITEM-0001915,ORD-001092,302,1,45.0,15.0,45.0,15.0
ITEM-0001916,ORD-001092,306,2,32.5,10.0,65.0,20.0
ITEM-0001917,ORD-001093,501,1,42.0,13.0,42.0,13.0
ITEM-0001918,ORD-001093,502,1,22.99,5.5,22.99,5.5
ITEM-0001919,ORD-001093,402,1,34.0,8.5,34.0,8.5
ITEM-0001920,ORD-001094,502,1,22.99,5.5,22.99,5.5
ITEM-0001921,ORD-001094,106,1,179.99,70.0,179.99,70.0
ITEM-0001922,ORD-001094,304,1,39.99,14.0,39.99,14.0
ITEM-0001923,ORD-001094,105,1,39.99,12.0,39.99,12.0
ITEM-0001924,ORD-001095,504,1,16.99,4.2,16.99,4.2
ITEM-0001925,ORD-001096,306,2,32.5,10.0,65.0,20.0
ITEM-0001926,ORD-001097,402,1,34.0,8.5,34.0,8.5
ITEM-0001927,ORD-001098,301,2,289.0,130.0,578.0,260.0
ITEM-0001928,ORD-001098,103,1,89.99,36.0,89.99,36.0
ITEM-0001929,ORD-001098,102,1,49.99,18.0,49.99,18.0
ITEM-0001930,ORD-001098,401,2,26.0,6.0,52.0,12.0
ITEM-0001931,ORD-001099,202,2,68.0,22.0,136.0,44.0
ITEM-0001932,ORD-001100,405,1,18.0,4.0,18.0,4.0
ITEM-0001933,ORD-001100,305,2,59.99,20.0,119.98,40.0
ITEM-0001934,ORD-001101,101,1,199.99,85.0,199.99,85.0
ITEM-0001935,ORD-001101,108,1,29.99,9.5,29.99,9.5
ITEM-0001936,ORD-001102,403,1,22.0,5.2,22.0,5.2
ITEM-0001937,ORD-001102,104,1,349.99,175.0,349.99,175.0
ITEM-0001938,ORD-001102,305,1,59.99,20.0,59.99,20.0
ITEM-0001939,ORD-001102,106,1,179.99,70.0,179.99,70.0
ITEM-0001940,ORD-001103,301,1,289.0,130.0,289.0,130.0
ITEM-0001941,ORD-001103,303,1,24.99,7.5,24.99,7.5
ITEM-0001942,ORD-001104,106,1,179.99,70.0,179.99,70.0
ITEM-0001943,ORD-001104,103,1,89.99,36.0,89.99,36.0
ITEM-0001944,ORD-001105,205,1,54.0,16.0,54.0,16.0
ITEM-0001945,ORD-001105,502,1,22.99,5.5,22.99,5.5
ITEM-0001946,ORD-001106,106,1,179.99,70.0,179.99,70.0
ITEM-0001947,ORD-001107,102,1,49.99,18.0,49.99,18.0
ITEM-0001948,ORD-001107,303,1,24.99,7.5,24.99,7.5
ITEM-0001949,ORD-001108,401,1,26.0,6.0,26.0,6.0
ITEM-0001950,ORD-001108,402,1,34.0,8.5,34.0,8.5
ITEM-0001951,ORD-001108,403,1,22.0,5.2,22.0,5.2
ITEM-0001952,ORD-001109,202,1,68.0,22.0,68.0,22.0
ITEM-0001953,ORD-001110,204,1,24.0,6.0,24.0,6.0
ITEM-0001954,ORD-001110,505,1,75.0,24.0,75.0,24.0
ITEM-0001955,ORD-001111,501,1,42.0,13.0,42.0,13.0
ITEM-0001956,ORD-001111,307,1,29.99,8.0,29.99,8.0
ITEM-0001957,ORD-001111,106,1,179.99,70.0,179.99,70.0
ITEM-0001958,ORD-001112,106,1,179.99,70.0,179.99,70.0
ITEM-0001959,ORD-001113,305,3,59.99,20.0,179.97,60.0
ITEM-0001960,ORD-001113,502,1,22.99,5.5,22.99,5.5
ITEM-0001961,ORD-001114,306,1,32.5,10.0,32.5,10.0
ITEM-0001962,ORD-001115,204,1,24.0,6.0,24.0,6.0
ITEM-0001963,ORD-001116,105,1,39.99,12.0,39.99,12.0
ITEM-0001964,ORD-001116,504,1,16.99,4.2,16.99,4.2
ITEM-0001965,ORD-001116,401,1,26.0,6.0,26.0,6.0
ITEM-0001966,ORD-001116,106,1,179.99,70.0,179.99,70.0
ITEM-0001967,ORD-001117,503,1,48.0,15.0,48.0,15.0
ITEM-0001968,ORD-001117,203,2,120.0,42.0,240.0,84.0
ITEM-0001969,ORD-001118,401,1,26.0,6.0,26.0,6.0
ITEM-0001970,ORD-001118,402,2,34.0,8.5,68.0,17.0
ITEM-0001971,ORD-001118,403,1,22.0,5.2,22.0,5.2
ITEM-0001972,ORD-001119,102,1,49.99,18.0,49.99,18.0
ITEM-0001973,ORD-001119,103,1,89.99,36.0,89.99,36.0
ITEM-0001974,ORD-001120,401,1,26.0,6.0,26.0,6.0
ITEM-0001975,ORD-001120,402,1,34.0,8.5,34.0,8.5
ITEM-0001976,ORD-001120,203,1,120.0,42.0,120.0,42.0
ITEM-0001977,ORD-001121,401,1,26.0,6.0,26.0,6.0
ITEM-0001978,ORD-001122,403,1,22.0,5.2,22.0,5.2
ITEM-0001979,ORD-001123,101,1,199.99,85.0,199.99,85.0
ITEM-0001980,ORD-001124,401,1,26.0,6.0,26.0,6.0
ITEM-0001981,ORD-001125,302,1,45.0,15.0,45.0,15.0
ITEM-0001982,ORD-001125,307,1,29.99,8.0,29.99,8.0
ITEM-0001983,ORD-001126,505,1,75.0,24.0,75.0,24.0
ITEM-0001984,ORD-001127,303,1,24.99,7.5,24.99,7.5
ITEM-0001985,ORD-001128,503,1,48.0,15.0,48.0,15.0
ITEM-0001986,ORD-001129,102,1,49.99,18.0,49.99,18.0
ITEM-0001987,ORD-001129,104,1,349.99,175.0,349.99,175.0
ITEM-0001988,ORD-001129,304,1,39.99,14.0,39.99,14.0
ITEM-0001989,ORD-001130,302,1,45.0,15.0,45.0,15.0
ITEM-0001990,ORD-001130,301,1,289.0,130.0,289.0,130.0
ITEM-0001991,ORD-001131,204,1,24.0,6.0,24.0,6.0
ITEM-0001992,ORD-001132,203,1,120.0,42.0,120.0,42.0
ITEM-0001993,ORD-001132,204,1,24.0,6.0,24.0,6.0
ITEM-0001994,ORD-001132,402,1,34.0,8.5,34.0,8.5
ITEM-0001995,ORD-001132,304,1,39.99,14.0,39.99,14.0
ITEM-0001996,ORD-001133,405,1,18.0,4.0,18.0,4.0
ITEM-0001997,ORD-001133,504,1,16.99,4.2,16.99,4.2
ITEM-0001998,ORD-001134,301,1,289.0,130.0,289.0,130.0
ITEM-0001999,ORD-001135,201,1,28.0,8.5,28.0,8.5
ITEM-0002000,ORD-001136,306,1,32.5,10.0,32.5,10.0
ITEM-0002001,ORD-001137,401,2,26.0,6.0,52.0,12.0
ITEM-0002002,ORD-001138,102,1,49.99,18.0,49.99,18.0
ITEM-0002003,ORD-001138,503,1,48.0,15.0,48.0,15.0
ITEM-0002004,ORD-001139,504,1,16.99,4.2,16.99,4.2
ITEM-0002005,ORD-001139,105,1,39.99,12.0,39.99,12.0
ITEM-0002006,ORD-001140,302,1,45.0,15.0,45.0,15.0
ITEM-0002007,ORD-001140,405,1,18.0,4.0,18.0,4.0
ITEM-0002008,ORD-001140,102,1,49.99,18.0,49.99,18.0
ITEM-0002009,ORD-001141,101,1,199.99,85.0,199.99,85.0
ITEM-0002010,ORD-001141,107,1,59.99,22.0,59.99,22.0
ITEM-0002011,ORD-001142,402,1,34.0,8.5,34.0,8.5
ITEM-0002012,ORD-001143,206,1,45.0,11.0,45.0,11.0
ITEM-0002013,ORD-001144,202,1,68.0,22.0,68.0,22.0
ITEM-0002014,ORD-001145,102,1,49.99,18.0,49.99,18.0
ITEM-0002015,ORD-001145,203,1,120.0,42.0,120.0,42.0
ITEM-0002016,ORD-001145,503,2,48.0,15.0,96.0,30.0
ITEM-0002017,ORD-001145,106,1,179.99,70.0,179.99,70.0
ITEM-0002018,ORD-001146,305,1,59.99,20.0,59.99,20.0
ITEM-0002019,ORD-001146,303,1,24.99,7.5,24.99,7.5
ITEM-0002020,ORD-001147,202,1,68.0,22.0,68.0,22.0
ITEM-0002021,ORD-001148,106,1,179.99,70.0,179.99,70.0
ITEM-0002022,ORD-001148,202,1,68.0,22.0,68.0,22.0
ITEM-0002023,ORD-001149,306,1,32.5,10.0,32.5,10.0
ITEM-0002024,ORD-001149,301,1,289.0,130.0,289.0,130.0
ITEM-0002025,ORD-001149,404,1,64.99,21.0,64.99,21.0
ITEM-0002026,ORD-001150,102,1,49.99,18.0,49.99,18.0
ITEM-0002027,ORD-001151,505,1,75.0,24.0,75.0,24.0
ITEM-0002028,ORD-001151,401,1,26.0,6.0,26.0,6.0
ITEM-0002029,ORD-001152,202,2,68.0,22.0,136.0,44.0
ITEM-0002030,ORD-001152,307,1,29.99,8.0,29.99,8.0
ITEM-0002031,ORD-001152,205,1,54.0,16.0,54.0,16.0
ITEM-0002032,ORD-001153,103,1,89.99,36.0,89.99,36.0
ITEM-0002033,ORD-001154,405,1,18.0,4.0,18.0,4.0
ITEM-0002034,ORD-001154,108,1,29.99,9.5,29.99,9.5
ITEM-0002035,ORD-001155,505,1,75.0,24.0,75.0,24.0
ITEM-0002036,ORD-001155,303,2,24.99,7.5,49.98,15.0
ITEM-0002037,ORD-001156,307,1,29.99,8.0,29.99,8.0
ITEM-0002038,ORD-001156,505,1,75.0,24.0,75.0,24.0
ITEM-0002039,ORD-001156,107,3,59.99,22.0,179.97,66.0
ITEM-0002040,ORD-001157,105,1,39.99,12.0,39.99,12.0
ITEM-0002041,ORD-001157,505,3,75.0,24.0,225.0,72.0
ITEM-0002042,ORD-001158,503,1,48.0,15.0,48.0,15.0
ITEM-0002043,ORD-001158,302,1,45.0,15.0,45.0,15.0
ITEM-0002044,ORD-001158,205,2,54.0,16.0,108.0,32.0
ITEM-0002045,ORD-001159,505,1,75.0,24.0,75.0,24.0
ITEM-0002046,ORD-001159,205,2,54.0,16.0,108.0,32.0
ITEM-0002047,ORD-001159,202,1,68.0,22.0,68.0,22.0
ITEM-0002048,ORD-001160,102,1,49.99,18.0,49.99,18.0
ITEM-0002049,ORD-001160,503,1,48.0,15.0,48.0,15.0
ITEM-0002050,ORD-001160,403,1,22.0,5.2,22.0,5.2
ITEM-0002051,ORD-001161,202,1,68.0,22.0,68.0,22.0
ITEM-0002052,ORD-001161,303,1,24.99,7.5,24.99,7.5
ITEM-0002053,ORD-001162,501,1,42.0,13.0,42.0,13.0
ITEM-0002054,ORD-001162,502,2,22.99,5.5,45.98,11.0
ITEM-0002055,ORD-001162,307,1,29.99,8.0,29.99,8.0
ITEM-0002056,ORD-001163,304,2,39.99,14.0,79.98,28.0
ITEM-0002057,ORD-001164,301,1,289.0,130.0,289.0,130.0
ITEM-0002058,ORD-001165,307,2,29.99,8.0,59.98,16.0
ITEM-0002059,ORD-001165,403,1,22.0,5.2,22.0,5.2
ITEM-0002060,ORD-001165,201,1,28.0,8.5,28.0,8.5
ITEM-0002061,ORD-001166,502,1,22.99,5.5,22.99,5.5
ITEM-0002062,ORD-001166,405,1,18.0,4.0,18.0,4.0
ITEM-0002063,ORD-001166,304,1,39.99,14.0,39.99,14.0
ITEM-0002064,ORD-001167,301,1,289.0,130.0,289.0,130.0
ITEM-0002065,ORD-001167,303,1,24.99,7.5,24.99,7.5
ITEM-0002066,ORD-001168,102,1,49.99,18.0,49.99,18.0
ITEM-0002067,ORD-001169,405,3,18.0,4.0,54.0,12.0
ITEM-0002068,ORD-001170,103,1,89.99,36.0,89.99,36.0
ITEM-0002069,ORD-001171,203,2,120.0,42.0,240.0,84.0
ITEM-0002070,ORD-001172,502,1,22.99,5.5,22.99,5.5
ITEM-0002071,ORD-001172,106,2,179.99,70.0,359.98,140.0
ITEM-0002072,ORD-001173,107,1,59.99,22.0,59.99,22.0
ITEM-0002073,ORD-001173,101,1,199.99,85.0,199.99,85.0
ITEM-0002074,ORD-001173,105,1,39.99,12.0,39.99,12.0
ITEM-0002075,ORD-001173,503,1,48.0,15.0,48.0,15.0
ITEM-0002076,ORD-001174,403,1,22.0,5.2,22.0,5.2
ITEM-0002077,ORD-001174,307,1,29.99,8.0,29.99,8.0
ITEM-0002078,ORD-001175,307,1,29.99,8.0,29.99,8.0
ITEM-0002079,ORD-001175,206,1,45.0,11.0,45.0,11.0
ITEM-0002080,ORD-001176,205,1,54.0,16.0,54.0,16.0
ITEM-0002081,ORD-001177,201,1,28.0,8.5,28.0,8.5
ITEM-0002082,ORD-001178,405,1,18.0,4.0,18.0,4.0
ITEM-0002083,ORD-001179,403,1,22.0,5.2,22.0,5.2
ITEM-0002084,ORD-001180,305,1,59.99,20.0,59.99,20.0
ITEM-0002085,ORD-001180,302,1,45.0,15.0,45.0,15.0
ITEM-0002086,ORD-001180,303,1,24.99,7.5,24.99,7.5
ITEM-0002087,ORD-001181,503,1,48.0,15.0,48.0,15.0
ITEM-0002088,ORD-001182,104,1,349.99,175.0,349.99,175.0
ITEM-0002089,ORD-001183,504,2,16.99,4.2,33.98,8.4
ITEM-0002090,ORD-001183,307,1,29.99,8.0,29.99,8.0
ITEM-0002091,ORD-001183,403,1,22.0,5.2,22.0,5.2
ITEM-0002092,ORD-001184,401,1,26.0,6.0,26.0,6.0
ITEM-0002093,ORD-001185,106,1,179.99,70.0,179.99,70.0
ITEM-0002094,ORD-001186,302,1,45.0,15.0,45.0,15.0
ITEM-0002095,ORD-001187,307,1,29.99,8.0,29.99,8.0
ITEM-0002096,ORD-001187,403,1,22.0,5.2,22.0,5.2
ITEM-0002097,ORD-001188,301,1,289.0,130.0,289.0,130.0
ITEM-0002098,ORD-001188,302,1,45.0,15.0,45.0,15.0
ITEM-0002099,ORD-001188,203,1,120.0,42.0,120.0,42.0
ITEM-0002100,ORD-001188,403,1,22.0,5.2,22.0,5.2
ITEM-0002101,ORD-001189,102,2,49.99,18.0,99.98,36.0
ITEM-0002102,ORD-001189,104,1,349.99,175.0,349.99,175.0
ITEM-0002103,ORD-001190,203,1,120.0,42.0,120.0,42.0
ITEM-0002104,ORD-001191,307,2,29.99,8.0,59.98,16.0
ITEM-0002105,ORD-001191,103,1,89.99,36.0,89.99,36.0
ITEM-0002106,ORD-001192,305,1,59.99,20.0,59.99,20.0
ITEM-0002107,ORD-001193,302,1,45.0,15.0,45.0,15.0
ITEM-0002108,ORD-001194,301,1,289.0,130.0,289.0,130.0
ITEM-0002109,ORD-001194,302,1,45.0,15.0,45.0,15.0
ITEM-0002110,ORD-001195,403,1,22.0,5.2,22.0,5.2
ITEM-0002111,ORD-001196,104,2,349.99,175.0,699.98,350.0
ITEM-0002112,ORD-001197,106,1,179.99,70.0,179.99,70.0
ITEM-0002113,ORD-001197,105,1,39.99,12.0,39.99,12.0
ITEM-0002114,ORD-001198,105,1,39.99,12.0,39.99,12.0
ITEM-0002115,ORD-001198,401,1,26.0,6.0,26.0,6.0
ITEM-0002116,ORD-001199,505,1,75.0,24.0,75.0,24.0
ITEM-0002117,ORD-001199,503,3,48.0,15.0,144.0,45.0
ITEM-0002118,ORD-001200,306,1,32.5,10.0,32.5,10.0
ITEM-0002119,ORD-001201,301,1,289.0,130.0,289.0,130.0
ITEM-0002120,ORD-001202,502,2,22.99,5.5,45.98,11.0
ITEM-0002121,ORD-001203,307,1,29.99,8.0,29.99,8.0
ITEM-0002122,ORD-001203,206,1,45.0,11.0,45.0,11.0
ITEM-0002123,ORD-001204,307,1,29.99,8.0,29.99,8.0
ITEM-0002124,ORD-001205,306,1,32.5,10.0,32.5,10.0
ITEM-0002125,ORD-001206,205,3,54.0,16.0,162.0,48.0
ITEM-0002126,ORD-001207,301,1,289.0,130.0,289.0,130.0
ITEM-0002127,ORD-001207,302,1,45.0,15.0,45.0,15.0
ITEM-0002128,ORD-001207,304,1,39.99,14.0,39.99,14.0
ITEM-0002129,ORD-001207,504,1,16.99,4.2,16.99,4.2
ITEM-0002130,ORD-001208,108,1,29.99,9.5,29.99,9.5
ITEM-0002131,ORD-001208,303,1,24.99,7.5,24.99,7.5
ITEM-0002132,ORD-001209,402,2,34.0,8.5,68.0,17.0
ITEM-0002133,ORD-001210,103,1,89.99,36.0,89.99,36.0
ITEM-0002134,ORD-001211,204,1,24.0,6.0,24.0,6.0
ITEM-0002135,ORD-001211,502,1,22.99,5.5,22.99,5.5
ITEM-0002136,ORD-001211,504,1,16.99,4.2,16.99,4.2
ITEM-0002137,ORD-001212,203,1,120.0,42.0,120.0,42.0
ITEM-0002138,ORD-001213,403,1,22.0,5.2,22.0,5.2
ITEM-0002139,ORD-001214,403,1,22.0,5.2,22.0,5.2
ITEM-0002140,ORD-001214,205,1,54.0,16.0,54.0,16.0
ITEM-0002141,ORD-001214,206,1,45.0,11.0,45.0,11.0
ITEM-0002142,ORD-001214,106,1,179.99,70.0,179.99,70.0
ITEM-0002143,ORD-001215,104,1,349.99,175.0,349.99,175.0
ITEM-0002144,ORD-001216,301,1,289.0,130.0,289.0,130.0
ITEM-0002145,ORD-001216,302,2,45.0,15.0,90.0,30.0
ITEM-0002146,ORD-001217,204,1,24.0,6.0,24.0,6.0
ITEM-0002147,ORD-001218,401,1,26.0,6.0,26.0,6.0
ITEM-0002148,ORD-001219,305,1,59.99,20.0,59.99,20.0
ITEM-0002149,ORD-001219,401,1,26.0,6.0,26.0,6.0
ITEM-0002150,ORD-001220,205,1,54.0,16.0,54.0,16.0
ITEM-0002151,ORD-001220,502,1,22.99,5.5,22.99,5.5
ITEM-0002152,ORD-001221,301,1,289.0,130.0,289.0,130.0
ITEM-0002153,ORD-001222,306,1,32.5,10.0,32.5,10.0
ITEM-0002154,ORD-001223,305,1,59.99,20.0,59.99,20.0
ITEM-0002155,ORD-001224,505,1,75.0,24.0,75.0,24.0
ITEM-0002156,ORD-001224,305,1,59.99,20.0,59.99,20.0
ITEM-0002157,ORD-001225,501,1,42.0,13.0,42.0,13.0
ITEM-0002158,ORD-001226,403,3,22.0,5.2,66.0,15.6
ITEM-0002159,ORD-001227,502,1,22.99,5.5,22.99,5.5
ITEM-0002160,ORD-001227,101,1,199.99,85.0,199.99,85.0
ITEM-0002161,ORD-001228,306,2,32.5,10.0,65.0,20.0
ITEM-0002162,ORD-001229,307,1,29.99,8.0,29.99,8.0
ITEM-0002163,ORD-001229,405,2,18.0,4.0,36.0,8.0
ITEM-0002164,ORD-001230,206,1,45.0,11.0,45.0,11.0
ITEM-0002165,ORD-001230,301,1,289.0,130.0,289.0,130.0
ITEM-0002166,ORD-001231,505,2,75.0,24.0,150.0,48.0
ITEM-0002167,ORD-001232,101,1,199.99,85.0,199.99,85.0
ITEM-0002168,ORD-001232,107,2,59.99,22.0,119.98,44.0
ITEM-0002169,ORD-001233,303,1,24.99,7.5,24.99,7.5
ITEM-0002170,ORD-001234,203,1,120.0,42.0,120.0,42.0
ITEM-0002171,ORD-001234,304,1,39.99,14.0,39.99,14.0
ITEM-0002172,ORD-001234,501,1,42.0,13.0,42.0,13.0
ITEM-0002173,ORD-001234,108,1,29.99,9.5,29.99,9.5
ITEM-0002174,ORD-001235,505,1,75.0,24.0,75.0,24.0
ITEM-0002175,ORD-001236,304,1,39.99,14.0,39.99,14.0
ITEM-0002176,ORD-001236,307,1,29.99,8.0,29.99,8.0
ITEM-0002177,ORD-001237,104,1,349.99,175.0,349.99,175.0
ITEM-0002178,ORD-001237,102,1,49.99,18.0,49.99,18.0
ITEM-0002179,ORD-001238,204,1,24.0,6.0,24.0,6.0
ITEM-0002180,ORD-001238,401,1,26.0,6.0,26.0,6.0
ITEM-0002181,ORD-001238,205,1,54.0,16.0,54.0,16.0
ITEM-0002182,ORD-001238,502,1,22.99,5.5,22.99,5.5
ITEM-0002183,ORD-001239,501,1,42.0,13.0,42.0,13.0
ITEM-0002184,ORD-001239,502,1,22.99,5.5,22.99,5.5
ITEM-0002185,ORD-001240,504,2,16.99,4.2,33.98,8.4
ITEM-0002186,ORD-001241,502,1,22.99,5.5,22.99,5.5
ITEM-0002187,ORD-001241,202,1,68.0,22.0,68.0,22.0
ITEM-0002188,ORD-001241,101,1,199.99,85.0,199.99,85.0
ITEM-0002189,ORD-001241,405,1,18.0,4.0,18.0,4.0
ITEM-0002190,ORD-001242,201,1,28.0,8.5,28.0,8.5
ITEM-0002191,ORD-001242,505,1,75.0,24.0,75.0,24.0
ITEM-0002192,ORD-001242,103,1,89.99,36.0,89.99,36.0
ITEM-0002193,ORD-001243,401,1,26.0,6.0,26.0,6.0
ITEM-0002194,ORD-001243,403,1,22.0,5.2,22.0,5.2
ITEM-0002195,ORD-001244,203,3,120.0,42.0,360.0,126.0
ITEM-0002196,ORD-001245,403,1,22.0,5.2,22.0,5.2
ITEM-0002197,ORD-001245,205,1,54.0,16.0,54.0,16.0
ITEM-0002198,ORD-001246,405,1,18.0,4.0,18.0,4.0
ITEM-0002199,ORD-001246,106,1,179.99,70.0,179.99,70.0
ITEM-0002200,ORD-001247,102,1,49.99,18.0,49.99,18.0
ITEM-0002201,ORD-001248,505,1,75.0,24.0,75.0,24.0
ITEM-0002202,ORD-001248,101,1,199.99,85.0,199.99,85.0
ITEM-0002203,ORD-001249,306,1,32.5,10.0,32.5,10.0
ITEM-0002204,ORD-001249,307,1,29.99,8.0,29.99,8.0
ITEM-0002205,ORD-001250,102,1,49.99,18.0,49.99,18.0
ITEM-0002206,ORD-001251,501,1,42.0,13.0,42.0,13.0
ITEM-0002207,ORD-001251,502,1,22.99,5.5,22.99,5.5
ITEM-0002208,ORD-001251,307,3,29.99,8.0,89.97,24.0
ITEM-0002209,ORD-001251,302,3,45.0,15.0,135.0,45.0
ITEM-0002210,ORD-001252,104,1,349.99,175.0,349.99,175.0
ITEM-0002211,ORD-001252,105,1,39.99,12.0,39.99,12.0
ITEM-0002212,ORD-001253,304,2,39.99,14.0,79.98,28.0
ITEM-0002213,ORD-001254,405,1,18.0,4.0,18.0,4.0
ITEM-0002214,ORD-001255,204,1,24.0,6.0,24.0,6.0
ITEM-0002215,ORD-001256,505,1,75.0,24.0,75.0,24.0
ITEM-0002216,ORD-001256,105,2,39.99,12.0,79.98,24.0
ITEM-0002217,ORD-001257,305,1,59.99,20.0,59.99,20.0
ITEM-0002218,ORD-001257,304,2,39.99,14.0,79.98,28.0
ITEM-0002219,ORD-001258,204,1,24.0,6.0,24.0,6.0
ITEM-0002220,ORD-001258,503,1,48.0,15.0,48.0,15.0
ITEM-0002221,ORD-001258,107,3,59.99,22.0,179.97,66.0
ITEM-0002222,ORD-001259,304,1,39.99,14.0,39.99,14.0
ITEM-0002223,ORD-001260,305,1,59.99,20.0,59.99,20.0
ITEM-0002224,ORD-001261,305,1,59.99,20.0,59.99,20.0
ITEM-0002225,ORD-001262,505,1,75.0,24.0,75.0,24.0
ITEM-0002226,ORD-001262,105,3,39.99,12.0,119.97,36.0
ITEM-0002227,ORD-001262,501,1,42.0,13.0,42.0,13.0
ITEM-0002228,ORD-001263,505,1,75.0,24.0,75.0,24.0
ITEM-0002229,ORD-001263,205,1,54.0,16.0,54.0,16.0
ITEM-0002230,ORD-001264,106,1,179.99,70.0,179.99,70.0
ITEM-0002231,ORD-001265,404,1,64.99,21.0,64.99,21.0
ITEM-0002232,ORD-001266,202,3,68.0,22.0,204.0,66.0
ITEM-0002233,ORD-001267,305,1,59.99,20.0,59.99,20.0
ITEM-0002234,ORD-001268,104,1,349.99,175.0,349.99,175.0
ITEM-0002235,ORD-001269,303,1,24.99,7.5,24.99,7.5
ITEM-0002236,ORD-001269,204,1,24.0,6.0,24.0,6.0
ITEM-0002237,ORD-001269,201,1,28.0,8.5,28.0,8.5
ITEM-0002238,ORD-001270,505,1,75.0,24.0,75.0,24.0
ITEM-0002239,ORD-001270,403,2,22.0,5.2,44.0,10.4
ITEM-0002240,ORD-001270,303,1,24.99,7.5,24.99,7.5
ITEM-0002241,ORD-001271,403,1,22.0,5.2,22.0,5.2
ITEM-0002242,ORD-001272,405,1,18.0,4.0,18.0,4.0
ITEM-0002243,ORD-001272,201,1,28.0,8.5,28.0,8.5
ITEM-0002244,ORD-001273,504,2,16.99,4.2,33.98,8.4
ITEM-0002245,ORD-001273,303,1,24.99,7.5,24.99,7.5
ITEM-0002246,ORD-001273,307,2,29.99,8.0,59.98,16.0
ITEM-0002247,ORD-001274,503,1,48.0,15.0,48.0,15.0
ITEM-0002248,ORD-001275,101,1,199.99,85.0,199.99,85.0
ITEM-0002249,ORD-001275,205,1,54.0,16.0,54.0,16.0
ITEM-0002250,ORD-001276,504,1,16.99,4.2,16.99,4.2
ITEM-0002251,ORD-001276,302,1,45.0,15.0,45.0,15.0
ITEM-0002252,ORD-001277,302,1,45.0,15.0,45.0,15.0
ITEM-0002253,ORD-001277,502,1,22.99,5.5,22.99,5.5
ITEM-0002254,ORD-001277,107,1,59.99,22.0,59.99,22.0
ITEM-0002255,ORD-001278,405,1,18.0,4.0,18.0,4.0
ITEM-0002256,ORD-001279,307,1,29.99,8.0,29.99,8.0
ITEM-0002257,ORD-001279,202,2,68.0,22.0,136.0,44.0
ITEM-0002258,ORD-001280,202,2,68.0,22.0,136.0,44.0
ITEM-0002259,ORD-001280,501,1,42.0,13.0,42.0,13.0
ITEM-0002260,ORD-001280,307,1,29.99,8.0,29.99,8.0
ITEM-0002261,ORD-001281,504,1,16.99,4.2,16.99,4.2
ITEM-0002262,ORD-001281,404,1,64.99,21.0,64.99,21.0
ITEM-0002263,ORD-001281,307,1,29.99,8.0,29.99,8.0
ITEM-0002264,ORD-001282,205,1,54.0,16.0,54.0,16.0
ITEM-0002265,ORD-001282,505,1,75.0,24.0,75.0,24.0
ITEM-0002266,ORD-001282,204,1,24.0,6.0,24.0,6.0
ITEM-0002267,ORD-001283,402,1,34.0,8.5,34.0,8.5
ITEM-0002268,ORD-001284,302,1,45.0,15.0,45.0,15.0
ITEM-0002269,ORD-001285,102,1,49.99,18.0,49.99,18.0
ITEM-0002270,ORD-001285,307,1,29.99,8.0,29.99,8.0
ITEM-0002271,ORD-001285,504,1,16.99,4.2,16.99,4.2
ITEM-0002272,ORD-001286,203,1,120.0,42.0,120.0,42.0
ITEM-0002273,ORD-001286,202,1,68.0,22.0,68.0,22.0
ITEM-0002274,ORD-001287,201,1,28.0,8.5,28.0,8.5
ITEM-0002275,ORD-001288,102,1,49.99,18.0,49.99,18.0
ITEM-0002276,ORD-001289,501,1,42.0,13.0,42.0,13.0
ITEM-0002277,ORD-001289,502,2,22.99,5.5,45.98,11.0
ITEM-0002278,ORD-001290,108,1,29.99,9.5,29.99,9.5
ITEM-0002279,ORD-001291,505,1,75.0,24.0,75.0,24.0
ITEM-0002280,ORD-001292,403,1,22.0,5.2,22.0,5.2
ITEM-0002281,ORD-001292,404,1,64.99,21.0,64.99,21.0
ITEM-0002282,ORD-001293,204,1,24.0,6.0,24.0,6.0
ITEM-0002283,ORD-001293,304,1,39.99,14.0,39.99,14.0
ITEM-0002284,ORD-001293,403,3,22.0,5.2,66.0,15.6
ITEM-0002285,ORD-001294,403,3,22.0,5.2,66.0,15.6
ITEM-0002286,ORD-001295,302,1,45.0,15.0,45.0,15.0
ITEM-0002287,ORD-001295,403,1,22.0,5.2,22.0,5.2
ITEM-0002288,ORD-001296,105,1,39.99,12.0,39.99,12.0
ITEM-0002289,ORD-001296,205,1,54.0,16.0,54.0,16.0
ITEM-0002290,ORD-001296,106,1,179.99,70.0,179.99,70.0
ITEM-0002291,ORD-001297,205,1,54.0,16.0,54.0,16.0
ITEM-0002292,ORD-001298,105,1,39.99,12.0,39.99,12.0
ITEM-0002293,ORD-001298,107,1,59.99,22.0,59.99,22.0
ITEM-0002294,ORD-001298,101,1,199.99,85.0,199.99,85.0
ITEM-0002295,ORD-001299,306,1,32.5,10.0,32.5,10.0
ITEM-0002296,ORD-001300,502,1,22.99,5.5,22.99,5.5
ITEM-0002297,ORD-001301,307,2,29.99,8.0,59.98,16.0
ITEM-0002298,ORD-001301,302,1,45.0,15.0,45.0,15.0
ITEM-0002299,ORD-001302,405,1,18.0,4.0,18.0,4.0
ITEM-0002300,ORD-001302,401,1,26.0,6.0,26.0,6.0
ITEM-0002301,ORD-001302,404,1,64.99,21.0,64.99,21.0
ITEM-0002302,ORD-001302,204,1,24.0,6.0,24.0,6.0
ITEM-0002303,ORD-001303,303,1,24.99,7.5,24.99,7.5
ITEM-0002304,ORD-001304,102,1,49.99,18.0,49.99,18.0
ITEM-0002305,ORD-001304,101,2,199.99,85.0,399.98,170.0
ITEM-0002306,ORD-001304,405,1,18.0,4.0,18.0,4.0
ITEM-0002307,ORD-001305,401,1,26.0,6.0,26.0,6.0
ITEM-0002308,ORD-001305,402,1,34.0,8.5,34.0,8.5
ITEM-0002309,ORD-001305,403,1,22.0,5.2,22.0,5.2
ITEM-0002310,ORD-001306,401,1,26.0,6.0,26.0,6.0
ITEM-0002311,ORD-001306,402,2,34.0,8.5,68.0,17.0
ITEM-0002312,ORD-001307,401,1,26.0,6.0,26.0,6.0
ITEM-0002313,ORD-001307,402,1,34.0,8.5,34.0,8.5
ITEM-0002314,ORD-001308,304,1,39.99,14.0,39.99,14.0
ITEM-0002315,ORD-001308,301,1,289.0,130.0,289.0,130.0
ITEM-0002316,ORD-001309,503,2,48.0,15.0,96.0,30.0
ITEM-0002317,ORD-001310,401,2,26.0,6.0,52.0,12.0
ITEM-0002318,ORD-001311,106,1,179.99,70.0,179.99,70.0
ITEM-0002319,ORD-001311,205,3,54.0,16.0,162.0,48.0
ITEM-0002320,ORD-001311,303,1,24.99,7.5,24.99,7.5
ITEM-0002321,ORD-001311,203,2,120.0,42.0,240.0,84.0
ITEM-0002322,ORD-001312,306,1,32.5,10.0,32.5,10.0
ITEM-0002323,ORD-001312,104,1,349.99,175.0,349.99,175.0
ITEM-0002324,ORD-001313,401,1,26.0,6.0,26.0,6.0
ITEM-0002325,ORD-001314,105,1,39.99,12.0,39.99,12.0
ITEM-0002326,ORD-001315,102,1,49.99,18.0,49.99,18.0
ITEM-0002327,ORD-001316,404,1,64.99,21.0,64.99,21.0
ITEM-0002328,ORD-001317,204,1,24.0,6.0,24.0,6.0
ITEM-0002329,ORD-001317,101,1,199.99,85.0,199.99,85.0
ITEM-0002330,ORD-001317,104,1,349.99,175.0,349.99,175.0
ITEM-0002331,ORD-001317,107,1,59.99,22.0,59.99,22.0
ITEM-0002332,ORD-001318,403,1,22.0,5.2,22.0,5.2
ITEM-0002333,ORD-001319,106,1,179.99,70.0,179.99,70.0
ITEM-0002334,ORD-001319,101,1,199.99,85.0,199.99,85.0
ITEM-0002335,ORD-001320,401,1,26.0,6.0,26.0,6.0
ITEM-0002336,ORD-001320,504,1,16.99,4.2,16.99,4.2
ITEM-0002337,ORD-001321,302,1,45.0,15.0,45.0,15.0
ITEM-0002338,ORD-001321,103,1,89.99,36.0,89.99,36.0
ITEM-0002339,ORD-001321,301,1,289.0,130.0,289.0,130.0
ITEM-0002340,ORD-001321,106,1,179.99,70.0,179.99,70.0
ITEM-0002341,ORD-001322,405,1,18.0,4.0,18.0,4.0
ITEM-0002342,ORD-001323,505,1,75.0,24.0,75.0,24.0
ITEM-0002343,ORD-001324,502,1,22.99,5.5,22.99,5.5
ITEM-0002344,ORD-001325,305,1,59.99,20.0,59.99,20.0
ITEM-0002345,ORD-001325,504,1,16.99,4.2,16.99,4.2
ITEM-0002346,ORD-001326,405,1,18.0,4.0,18.0,4.0
ITEM-0002347,ORD-001326,204,1,24.0,6.0,24.0,6.0
ITEM-0002348,ORD-001327,202,1,68.0,22.0,68.0,22.0
ITEM-0002349,ORD-001327,204,1,24.0,6.0,24.0,6.0
ITEM-0002350,ORD-001328,203,2,120.0,42.0,240.0,84.0
ITEM-0002351,ORD-001329,302,1,45.0,15.0,45.0,15.0
ITEM-0002352,ORD-001329,401,1,26.0,6.0,26.0,6.0
ITEM-0002353,ORD-001330,302,2,45.0,15.0,90.0,30.0
ITEM-0002354,ORD-001330,401,1,26.0,6.0,26.0,6.0
ITEM-0002355,ORD-001330,106,3,179.99,70.0,539.97,210.0
ITEM-0002356,ORD-001331,306,1,32.5,10.0,32.5,10.0
ITEM-0002357,ORD-001331,101,2,199.99,85.0,399.98,170.0
ITEM-0002358,ORD-001332,504,1,16.99,4.2,16.99,4.2
ITEM-0002359,ORD-001332,503,1,48.0,15.0,48.0,15.0
ITEM-0002360,ORD-001333,102,1,49.99,18.0,49.99,18.0
ITEM-0002361,ORD-001334,103,1,89.99,36.0,89.99,36.0
ITEM-0002362,ORD-001334,106,2,179.99,70.0,359.98,140.0
ITEM-0002363,ORD-001335,101,1,199.99,85.0,199.99,85.0
ITEM-0002364,ORD-001335,107,1,59.99,22.0,59.99,22.0
ITEM-0002365,ORD-001336,403,1,22.0,5.2,22.0,5.2
ITEM-0002366,ORD-001337,501,1,42.0,13.0,42.0,13.0
ITEM-0002367,ORD-001337,502,1,22.99,5.5,22.99,5.5
ITEM-0002368,ORD-001337,101,1,199.99,85.0,199.99,85.0
ITEM-0002369,ORD-001338,205,2,54.0,16.0,108.0,32.0
ITEM-0002370,ORD-001339,306,1,32.5,10.0,32.5,10.0
ITEM-0002371,ORD-001339,404,1,64.99,21.0,64.99,21.0
ITEM-0002372,ORD-001340,105,1,39.99,12.0,39.99,12.0
ITEM-0002373,ORD-001340,404,1,64.99,21.0,64.99,21.0
ITEM-0002374,ORD-001340,204,1,24.0,6.0,24.0,6.0
ITEM-0002375,ORD-001340,405,1,18.0,4.0,18.0,4.0
ITEM-0002376,ORD-001341,402,1,34.0,8.5,34.0,8.5
ITEM-0002377,ORD-001342,108,2,29.99,9.5,59.98,19.0
ITEM-0002378,ORD-001342,105,1,39.99,12.0,39.99,12.0
ITEM-0002379,ORD-001343,303,2,24.99,7.5,49.98,15.0
ITEM-0002380,ORD-001344,505,1,75.0,24.0,75.0,24.0
ITEM-0002381,ORD-001344,402,2,34.0,8.5,68.0,17.0
ITEM-0002382,ORD-001344,404,1,64.99,21.0,64.99,21.0
ITEM-0002383,ORD-001345,504,1,16.99,4.2,16.99,4.2
ITEM-0002384,ORD-001346,107,1,59.99,22.0,59.99,22.0
ITEM-0002385,ORD-001347,202,2,68.0,22.0,136.0,44.0
ITEM-0002386,ORD-001347,307,1,29.99,8.0,29.99,8.0
ITEM-0002387,ORD-001348,402,1,34.0,8.5,34.0,8.5
ITEM-0002388,ORD-001348,101,1,199.99,85.0,199.99,85.0
ITEM-0002389,ORD-001349,108,1,29.99,9.5,29.99,9.5
ITEM-0002390,ORD-001350,103,1,89.99,36.0,89.99,36.0
ITEM-0002391,ORD-001350,303,1,24.99,7.5,24.99,7.5
ITEM-0002392,ORD-001350,105,1,39.99,12.0,39.99,12.0
ITEM-0002393,ORD-001350,203,1,120.0,42.0,120.0,42.0
ITEM-0002394,ORD-001351,201,1,28.0,8.5,28.0,8.5
ITEM-0002395,ORD-001352,403,1,22.0,5.2,22.0,5.2
ITEM-0002396,ORD-001353,306,1,32.5,10.0,32.5,10.0
ITEM-0002397,ORD-001354,204,1,24.0,6.0,24.0,6.0
ITEM-0002398,ORD-001354,301,1,289.0,130.0,289.0,130.0
ITEM-0002399,ORD-001355,305,1,59.99,20.0,59.99,20.0
ITEM-0002400,ORD-001356,404,1,64.99,21.0,64.99,21.0
ITEM-0002401,ORD-001356,306,1,32.5,10.0,32.5,10.0
ITEM-0002402,ORD-001357,101,1,199.99,85.0,199.99,85.0
ITEM-0002403,ORD-001357,107,1,59.99,22.0,59.99,22.0
ITEM-0002404,ORD-001357,503,1,48.0,15.0,48.0,15.0
ITEM-0002405,ORD-001358,305,2,59.99,20.0,119.98,40.0
ITEM-0002406,ORD-001358,204,1,24.0,6.0,24.0,6.0
ITEM-0002407,ORD-001359,103,1,89.99,36.0,89.99,36.0
ITEM-0002408,ORD-001360,401,1,26.0,6.0,26.0,6.0
ITEM-0002409,ORD-001361,301,1,289.0,130.0,289.0,130.0
ITEM-0002410,ORD-001361,302,1,45.0,15.0,45.0,15.0
ITEM-0002411,ORD-001361,303,2,24.99,7.5,49.98,15.0
ITEM-0002412,ORD-001362,107,1,59.99,22.0,59.99,22.0
ITEM-0002413,ORD-001362,103,3,89.99,36.0,269.97,108.0
ITEM-0002414,ORD-001363,402,1,34.0,8.5,34.0,8.5
ITEM-0002415,ORD-001363,504,1,16.99,4.2,16.99,4.2
ITEM-0002416,ORD-001364,301,2,289.0,130.0,578.0,260.0
ITEM-0002417,ORD-001364,302,1,45.0,15.0,45.0,15.0
ITEM-0002418,ORD-001365,402,1,34.0,8.5,34.0,8.5
ITEM-0002419,ORD-001365,403,1,22.0,5.2,22.0,5.2
ITEM-0002420,ORD-001366,201,1,28.0,8.5,28.0,8.5
ITEM-0002421,ORD-001366,306,1,32.5,10.0,32.5,10.0
ITEM-0002422,ORD-001366,304,1,39.99,14.0,39.99,14.0
ITEM-0002423,ORD-001367,108,1,29.99,9.5,29.99,9.5
ITEM-0002424,ORD-001367,401,1,26.0,6.0,26.0,6.0
ITEM-0002425,ORD-001367,206,1,45.0,11.0,45.0,11.0
ITEM-0002426,ORD-001368,405,1,18.0,4.0,18.0,4.0
ITEM-0002427,ORD-001369,201,3,28.0,8.5,84.0,25.5
ITEM-0002428,ORD-001370,305,1,59.99,20.0,59.99,20.0
ITEM-0002429,ORD-001371,503,3,48.0,15.0,144.0,45.0
ITEM-0002430,ORD-001372,402,1,34.0,8.5,34.0,8.5
ITEM-0002431,ORD-001372,205,1,54.0,16.0,54.0,16.0
ITEM-0002432,ORD-001373,402,1,34.0,8.5,34.0,8.5
ITEM-0002433,ORD-001374,202,3,68.0,22.0,204.0,66.0
ITEM-0002434,ORD-001374,503,3,48.0,15.0,144.0,45.0
ITEM-0002435,ORD-001375,405,1,18.0,4.0,18.0,4.0
ITEM-0002436,ORD-001375,402,1,34.0,8.5,34.0,8.5
ITEM-0002437,ORD-001375,101,1,199.99,85.0,199.99,85.0
ITEM-0002438,ORD-001375,106,1,179.99,70.0,179.99,70.0
ITEM-0002439,ORD-001376,106,1,179.99,70.0,179.99,70.0
ITEM-0002440,ORD-001377,301,1,289.0,130.0,289.0,130.0
ITEM-0002441,ORD-001378,304,1,39.99,14.0,39.99,14.0
ITEM-0002442,ORD-001378,303,1,24.99,7.5,24.99,7.5
ITEM-0002443,ORD-001379,404,1,64.99,21.0,64.99,21.0
ITEM-0002444,ORD-001379,503,1,48.0,15.0,48.0,15.0
ITEM-0002445,ORD-001379,305,1,59.99,20.0,59.99,20.0
ITEM-0002446,ORD-001379,206,1,45.0,11.0,45.0,11.0
ITEM-0002447,ORD-001380,302,1,45.0,15.0,45.0,15.0
ITEM-0002448,ORD-001381,402,1,34.0,8.5,34.0,8.5
ITEM-0002449,ORD-001381,401,1,26.0,6.0,26.0,6.0
ITEM-0002450,ORD-001382,101,2,199.99,85.0,399.98,170.0
ITEM-0002451,ORD-001383,303,1,24.99,7.5,24.99,7.5
ITEM-0002452,ORD-001383,106,1,179.99,70.0,179.99,70.0
ITEM-0002453,ORD-001383,502,1,22.99,5.5,22.99,5.5
ITEM-0002454,ORD-001384,104,1,349.99,175.0,349.99,175.0
ITEM-0002455,ORD-001385,401,1,26.0,6.0,26.0,6.0
ITEM-0002456,ORD-001386,302,1,45.0,15.0,45.0,15.0
ITEM-0002457,ORD-001387,403,1,22.0,5.2,22.0,5.2
ITEM-0002458,ORD-001387,102,1,49.99,18.0,49.99,18.0
ITEM-0002459,ORD-001388,102,1,49.99,18.0,49.99,18.0
ITEM-0002460,ORD-001389,401,1,26.0,6.0,26.0,6.0
ITEM-0002461,ORD-001390,405,1,18.0,4.0,18.0,4.0
ITEM-0002462,ORD-001390,403,1,22.0,5.2,22.0,5.2
ITEM-0002463,ORD-001391,505,1,75.0,24.0,75.0,24.0
ITEM-0002464,ORD-001391,305,1,59.99,20.0,59.99,20.0
ITEM-0002465,ORD-001392,306,1,32.5,10.0,32.5,10.0
ITEM-0002466,ORD-001392,404,2,64.99,21.0,129.98,42.0
ITEM-0002467,ORD-001392,205,1,54.0,16.0,54.0,16.0
ITEM-0002468,ORD-001393,401,1,26.0,6.0,26.0,6.0
ITEM-0002469,ORD-001393,402,1,34.0,8.5,34.0,8.5
ITEM-0002470,ORD-001394,504,1,16.99,4.2,16.99,4.2
ITEM-0002471,ORD-001394,205,1,54.0,16.0,54.0,16.0
ITEM-0002472,ORD-001394,503,1,48.0,15.0,48.0,15.0
ITEM-0002473,ORD-001395,503,1,48.0,15.0,48.0,15.0
ITEM-0002474,ORD-001396,505,1,75.0,24.0,75.0,24.0
ITEM-0002475,ORD-001396,108,1,29.99,9.5,29.99,9.5
ITEM-0002476,ORD-001396,504,1,16.99,4.2,16.99,4.2
ITEM-0002477,ORD-001396,104,1,349.99,175.0,349.99,175.0
ITEM-0002478,ORD-001397,502,1,22.99,5.5,22.99,5.5
ITEM-0002479,ORD-001397,206,1,45.0,11.0,45.0,11.0
ITEM-0002480,ORD-001397,107,1,59.99,22.0,59.99,22.0
ITEM-0002481,ORD-001398,202,1,68.0,22.0,68.0,22.0
ITEM-0002482,ORD-001398,307,1,29.99,8.0,29.99,8.0
ITEM-0002483,ORD-001399,305,1,59.99,20.0,59.99,20.0
ITEM-0002484,ORD-001400,102,1,49.99,18.0,49.99,18.0
ITEM-0002485,ORD-001400,307,1,29.99,8.0,29.99,8.0
ITEM-0002486,ORD-001400,202,1,68.0,22.0,68.0,22.0
ITEM-0002487,ORD-001401,201,1,28.0,8.5,28.0,8.5
ITEM-0002488,ORD-001402,206,1,45.0,11.0,45.0,11.0
ITEM-0002489,ORD-001402,402,1,34.0,8.5,34.0,8.5
ITEM-0002490,ORD-001403,205,1,54.0,16.0,54.0,16.0
ITEM-0002491,ORD-001403,404,2,64.99,21.0,129.98,42.0
ITEM-0002492,ORD-001404,405,1,18.0,4.0,18.0,4.0
ITEM-0002493,ORD-001404,204,1,24.0,6.0,24.0,6.0
ITEM-0002494,ORD-001405,403,2,22.0,5.2,44.0,10.4
ITEM-0002495,ORD-001405,203,1,120.0,42.0,120.0,42.0
ITEM-0002496,ORD-001406,504,1,16.99,4.2,16.99,4.2
ITEM-0002497,ORD-001406,303,1,24.99,7.5,24.99,7.5
ITEM-0002498,ORD-001407,306,1,32.5,10.0,32.5,10.0
ITEM-0002499,ORD-001407,405,1,18.0,4.0,18.0,4.0
ITEM-0002500,ORD-001408,306,1,32.5,10.0,32.5,10.0
ITEM-0002501,ORD-001409,502,1,22.99,5.5,22.99,5.5
ITEM-0002502,ORD-001409,202,1,68.0,22.0,68.0,22.0
ITEM-0002503,ORD-001409,306,2,32.5,10.0,65.0,20.0
ITEM-0002504,ORD-001410,405,1,18.0,4.0,18.0,4.0
ITEM-0002505,ORD-001411,102,1,49.99,18.0,49.99,18.0
ITEM-0002506,ORD-001412,503,1,48.0,15.0,48.0,15.0
ITEM-0002507,ORD-001413,202,1,68.0,22.0,68.0,22.0
ITEM-0002508,ORD-001414,206,1,45.0,11.0,45.0,11.0
ITEM-0002509,ORD-001415,101,1,199.99,85.0,199.99,85.0
ITEM-0002510,ORD-001416,201,1,28.0,8.5,28.0,8.5
ITEM-0002511,ORD-001416,401,2,26.0,6.0,52.0,12.0
ITEM-0002512,ORD-001417,401,1,26.0,6.0,26.0,6.0
ITEM-0002513,ORD-001417,403,1,22.0,5.2,22.0,5.2
ITEM-0002514,ORD-001417,104,1,349.99,175.0,349.99,175.0
ITEM-0002515,ORD-001417,303,2,24.99,7.5,49.98,15.0
ITEM-0002516,ORD-001418,303,1,24.99,7.5,24.99,7.5
ITEM-0002517,ORD-001419,405,1,18.0,4.0,18.0,4.0
ITEM-0002518,ORD-001420,405,1,18.0,4.0,18.0,4.0
ITEM-0002519,ORD-001420,108,1,29.99,9.5,29.99,9.5
ITEM-0002520,ORD-001421,304,1,39.99,14.0,39.99,14.0
ITEM-0002521,ORD-001422,404,1,64.99,21.0,64.99,21.0
ITEM-0002522,ORD-001422,504,1,16.99,4.2,16.99,4.2
ITEM-0002523,ORD-001422,106,1,179.99,70.0,179.99,70.0
ITEM-0002524,ORD-001423,503,1,48.0,15.0,48.0,15.0
ITEM-0002525,ORD-001423,101,1,199.99,85.0,199.99,85.0
ITEM-0002526,ORD-001423,304,1,39.99,14.0,39.99,14.0
ITEM-0002527,ORD-001423,303,1,24.99,7.5,24.99,7.5
ITEM-0002528,ORD-001424,104,1,349.99,175.0,349.99,175.0
ITEM-0002529,ORD-001425,204,1,24.0,6.0,24.0,6.0
ITEM-0002530,ORD-001425,503,1,48.0,15.0,48.0,15.0
ITEM-0002531,ORD-001426,107,1,59.99,22.0,59.99,22.0
ITEM-0002532,ORD-001426,401,1,26.0,6.0,26.0,6.0
ITEM-0002533,ORD-001426,102,1,49.99,18.0,49.99,18.0
ITEM-0002534,ORD-001427,307,1,29.99,8.0,29.99,8.0
ITEM-0002535,ORD-001427,204,1,24.0,6.0,24.0,6.0
ITEM-0002536,ORD-001428,401,2,26.0,6.0,52.0,12.0
ITEM-0002537,ORD-001429,103,1,89.99,36.0,89.99,36.0
ITEM-0002538,ORD-001429,401,1,26.0,6.0,26.0,6.0
ITEM-0002539,ORD-001429,501,1,42.0,13.0,42.0,13.0
ITEM-0002540,ORD-001430,201,2,28.0,8.5,56.0,17.0
ITEM-0002541,ORD-001430,503,1,48.0,15.0,48.0,15.0
ITEM-0002542,ORD-001431,403,2,22.0,5.2,44.0,10.4
ITEM-0002543,ORD-001431,502,1,22.99,5.5,22.99,5.5
ITEM-0002544,ORD-001431,402,1,34.0,8.5,34.0,8.5
ITEM-0002545,ORD-001431,102,1,49.99,18.0,49.99,18.0
ITEM-0002546,ORD-001432,304,1,39.99,14.0,39.99,14.0
ITEM-0002547,ORD-001433,307,1,29.99,8.0,29.99,8.0
ITEM-0002548,ORD-001433,103,2,89.99,36.0,179.98,72.0
ITEM-0002549,ORD-001434,102,1,49.99,18.0,49.99,18.0
ITEM-0002550,ORD-001434,205,1,54.0,16.0,54.0,16.0
ITEM-0002551,ORD-001435,101,1,199.99,85.0,199.99,85.0
ITEM-0002552,ORD-001436,305,1,59.99,20.0,59.99,20.0
ITEM-0002553,ORD-001437,504,1,16.99,4.2,16.99,4.2
ITEM-0002554,ORD-001437,306,1,32.5,10.0,32.5,10.0
ITEM-0002555,ORD-001437,302,1,45.0,15.0,45.0,15.0
ITEM-0002556,ORD-001438,205,1,54.0,16.0,54.0,16.0
ITEM-0002557,ORD-001438,303,1,24.99,7.5,24.99,7.5
ITEM-0002558,ORD-001439,105,1,39.99,12.0,39.99,12.0
ITEM-0002559,ORD-001439,505,1,75.0,24.0,75.0,24.0
ITEM-0002560,ORD-001439,102,1,49.99,18.0,49.99,18.0
ITEM-0002561,ORD-001440,301,1,289.0,130.0,289.0,130.0
ITEM-0002562,ORD-001441,102,2,49.99,18.0,99.98,36.0
ITEM-0002563,ORD-001442,106,1,179.99,70.0,179.99,70.0
ITEM-0002564,ORD-001443,301,1,289.0,130.0,289.0,130.0
ITEM-0002565,ORD-001443,302,1,45.0,15.0,45.0,15.0
ITEM-0002566,ORD-001443,303,1,24.99,7.5,24.99,7.5
ITEM-0002567,ORD-001444,504,1,16.99,4.2,16.99,4.2
ITEM-0002568,ORD-001445,204,1,24.0,6.0,24.0,6.0
ITEM-0002569,ORD-001446,402,1,34.0,8.5,34.0,8.5
ITEM-0002570,ORD-001446,108,1,29.99,9.5,29.99,9.5
ITEM-0002571,ORD-001447,502,1,22.99,5.5,22.99,5.5
ITEM-0002572,ORD-001448,105,3,39.99,12.0,119.97,36.0
ITEM-0002573,ORD-001449,402,1,34.0,8.5,34.0,8.5
ITEM-0002574,ORD-001449,103,1,89.99,36.0,89.99,36.0
ITEM-0002575,ORD-001450,302,1,45.0,15.0,45.0,15.0
ITEM-0002576,ORD-001450,503,1,48.0,15.0,48.0,15.0
ITEM-0002577,ORD-001450,505,1,75.0,24.0,75.0,24.0
ITEM-0002578,ORD-001451,303,1,24.99,7.5,24.99,7.5
ITEM-0002579,ORD-001451,301,1,289.0,130.0,289.0,130.0
ITEM-0002580,ORD-001452,102,1,49.99,18.0,49.99,18.0
ITEM-0002581,ORD-001453,306,1,32.5,10.0,32.5,10.0
ITEM-0002582,ORD-001454,205,1,54.0,16.0,54.0,16.0
ITEM-0002583,ORD-001454,502,1,22.99,5.5,22.99,5.5
ITEM-0002584,ORD-001454,307,1,29.99,8.0,29.99,8.0
ITEM-0002585,ORD-001455,204,2,24.0,6.0,48.0,12.0
ITEM-0002586,ORD-001456,401,1,26.0,6.0,26.0,6.0
ITEM-0002587,ORD-001457,102,2,49.99,18.0,99.98,36.0
ITEM-0002588,ORD-001458,305,1,59.99,20.0,59.99,20.0
ITEM-0002589,ORD-001458,205,1,54.0,16.0,54.0,16.0
ITEM-0002590,ORD-001459,302,1,45.0,15.0,45.0,15.0
ITEM-0002591,ORD-001460,204,2,24.0,6.0,48.0,12.0
ITEM-0002592,ORD-001461,104,2,349.99,175.0,699.98,350.0
ITEM-0002593,ORD-001462,501,1,42.0,13.0,42.0,13.0
ITEM-0002594,ORD-001463,303,1,24.99,7.5,24.99,7.5
ITEM-0002595,ORD-001463,105,1,39.99,12.0,39.99,12.0
ITEM-0002596,ORD-001463,403,1,22.0,5.2,22.0,5.2
ITEM-0002597,ORD-001463,504,1,16.99,4.2,16.99,4.2
ITEM-0002598,ORD-001464,505,1,75.0,24.0,75.0,24.0
ITEM-0002599,ORD-001464,201,3,28.0,8.5,84.0,25.5
ITEM-0002600,ORD-001464,401,1,26.0,6.0,26.0,6.0
ITEM-0002601,ORD-001465,106,1,179.99,70.0,179.99,70.0
ITEM-0002602,ORD-001465,303,1,24.99,7.5,24.99,7.5
ITEM-0002603,ORD-001466,504,1,16.99,4.2,16.99,4.2
ITEM-0002604,ORD-001467,303,1,24.99,7.5,24.99,7.5
ITEM-0002605,ORD-001468,203,1,120.0,42.0,120.0,42.0
ITEM-0002606,ORD-001469,104,1,349.99,175.0,349.99,175.0
ITEM-0002607,ORD-001470,306,1,32.5,10.0,32.5,10.0
ITEM-0002608,ORD-001470,504,1,16.99,4.2,16.99,4.2
ITEM-0002609,ORD-001470,501,1,42.0,13.0,42.0,13.0
ITEM-0002610,ORD-001471,205,1,54.0,16.0,54.0,16.0
ITEM-0002611,ORD-001472,108,2,29.99,9.5,59.98,19.0
ITEM-0002612,ORD-001473,203,1,120.0,42.0,120.0,42.0
ITEM-0002613,ORD-001473,403,1,22.0,5.2,22.0,5.2
ITEM-0002614,ORD-001474,201,1,28.0,8.5,28.0,8.5
ITEM-0002615,ORD-001474,303,1,24.99,7.5,24.99,7.5
ITEM-0002616,ORD-001475,505,1,75.0,24.0,75.0,24.0
ITEM-0002617,ORD-001475,205,1,54.0,16.0,54.0,16.0
ITEM-0002618,ORD-001475,206,1,45.0,11.0,45.0,11.0
ITEM-0002619,ORD-001476,503,1,48.0,15.0,48.0,15.0
ITEM-0002620,ORD-001477,105,1,39.99,12.0,39.99,12.0
ITEM-0002621,ORD-001477,504,1,16.99,4.2,16.99,4.2
ITEM-0002622,ORD-001478,307,1,29.99,8.0,29.99,8.0
ITEM-0002623,ORD-001478,305,3,59.99,20.0,179.97,60.0
ITEM-0002624,ORD-001479,303,1,24.99,7.5,24.99,7.5
ITEM-0002625,ORD-001480,204,1,24.0,6.0,24.0,6.0
ITEM-0002626,ORD-001480,505,2,75.0,24.0,150.0,48.0
ITEM-0002627,ORD-001481,302,1,45.0,15.0,45.0,15.0
ITEM-0002628,ORD-001481,202,1,68.0,22.0,68.0,22.0
ITEM-0002629,ORD-001481,201,1,28.0,8.5,28.0,8.5
ITEM-0002630,ORD-001482,206,2,45.0,11.0,90.0,22.0
ITEM-0002631,ORD-001483,107,1,59.99,22.0,59.99,22.0
ITEM-0002632,ORD-001483,501,1,42.0,13.0,42.0,13.0
ITEM-0002633,ORD-001483,403,1,22.0,5.2,22.0,5.2
ITEM-0002634,ORD-001484,502,1,22.99,5.5,22.99,5.5
ITEM-0002635,ORD-001485,505,1,75.0,24.0,75.0,24.0
ITEM-0002636,ORD-001485,404,1,64.99,21.0,64.99,21.0
ITEM-0002637,ORD-001485,201,1,28.0,8.5,28.0,8.5
ITEM-0002638,ORD-001485,402,1,34.0,8.5,34.0,8.5
ITEM-0002639,ORD-001486,405,1,18.0,4.0,18.0,4.0
ITEM-0002640,ORD-001487,103,2,89.99,36.0,179.98,72.0
ITEM-0002641,ORD-001488,401,1,26.0,6.0,26.0,6.0
ITEM-0002642,ORD-001488,103,1,89.99,36.0,89.99,36.0
ITEM-0002643,ORD-001489,403,1,22.0,5.2,22.0,5.2
ITEM-0002644,ORD-001490,305,1,59.99,20.0,59.99,20.0
ITEM-0002645,ORD-001491,106,1,179.99,70.0,179.99,70.0
ITEM-0002646,ORD-001492,501,1,42.0,13.0,42.0,13.0
ITEM-0002647,ORD-001493,203,1,120.0,42.0,120.0,42.0
ITEM-0002648,ORD-001493,201,1,28.0,8.5,28.0,8.5
ITEM-0002649,ORD-001494,201,1,28.0,8.5,28.0,8.5
ITEM-0002650,ORD-001495,302,1,45.0,15.0,45.0,15.0
ITEM-0002651,ORD-001496,205,1,54.0,16.0,54.0,16.0
ITEM-0002652,ORD-001497,203,1,120.0,42.0,120.0,42.0
ITEM-0002653,ORD-001498,103,3,89.99,36.0,269.97,108.0
ITEM-0002654,ORD-001498,306,1,32.5,10.0,32.5,10.0
ITEM-0002655,ORD-001499,303,1,24.99,7.5,24.99,7.5
ITEM-0002656,ORD-001499,301,1,289.0,130.0,289.0,130.0
ITEM-0002657,ORD-001500,503,2,48.0,15.0,96.0,30.0
ITEM-0002658,ORD-001500,108,2,29.99,9.5,59.98,19.0
ITEM-0002659,ORD-001500,504,2,16.99,4.2,33.98,8.4
ITEM-0002660,ORD-001501,505,1,75.0,24.0,75.0,24.0
ITEM-0002661,ORD-001502,302,2,45.0,15.0,90.0,30.0
ITEM-0002662,ORD-001503,306,1,32.5,10.0,32.5,10.0
ITEM-0002663,ORD-001504,204,1,24.0,6.0,24.0,6.0
ITEM-0002664,ORD-001504,504,1,16.99,4.2,16.99,4.2
ITEM-0002665,ORD-001505,401,1,26.0,6.0,26.0,6.0
ITEM-0002666,ORD-001505,403,1,22.0,5.2,22.0,5.2
ITEM-0002667,ORD-001506,403,1,22.0,5.2,22.0,5.2
ITEM-0002668,ORD-001507,503,1,48.0,15.0,48.0,15.0
ITEM-0002669,ORD-001507,404,1,64.99,21.0,64.99,21.0
ITEM-0002670,ORD-001507,106,2,179.99,70.0,359.98,140.0
ITEM-0002671,ORD-001508,204,2,24.0,6.0,48.0,12.0
ITEM-0002672,ORD-001508,403,1,22.0,5.2,22.0,5.2
ITEM-0002673,ORD-001509,106,1,179.99,70.0,179.99,70.0
ITEM-0002674,ORD-001509,202,1,68.0,22.0,68.0,22.0
ITEM-0002675,ORD-001510,102,2,49.99,18.0,99.98,36.0
ITEM-0002676,ORD-001511,403,1,22.0,5.2,22.0,5.2
ITEM-0002677,ORD-001511,205,1,54.0,16.0,54.0,16.0
ITEM-0002678,ORD-001512,305,2,59.99,20.0,119.98,40.0
ITEM-0002679,ORD-001512,303,1,24.99,7.5,24.99,7.5
ITEM-0002680,ORD-001513,304,1,39.99,14.0,39.99,14.0
ITEM-0002681,ORD-001513,502,1,22.99,5.5,22.99,5.5
ITEM-0002682,ORD-001513,201,1,28.0,8.5,28.0,8.5
ITEM-0002683,ORD-001513,108,1,29.99,9.5,29.99,9.5
ITEM-0002684,ORD-001514,306,1,32.5,10.0,32.5,10.0
ITEM-0002685,ORD-001515,206,1,45.0,11.0,45.0,11.0
ITEM-0002686,ORD-001515,405,1,18.0,4.0,18.0,4.0
ITEM-0002687,ORD-001516,404,1,64.99,21.0,64.99,21.0
ITEM-0002688,ORD-001516,101,1,199.99,85.0,199.99,85.0
ITEM-0002689,ORD-001517,306,1,32.5,10.0,32.5,10.0
ITEM-0002690,ORD-001518,206,1,45.0,11.0,45.0,11.0
ITEM-0002691,ORD-001519,303,1,24.99,7.5,24.99,7.5
ITEM-0002692,ORD-001520,104,1,349.99,175.0,349.99,175.0
ITEM-0002693,ORD-001521,101,1,199.99,85.0,199.99,85.0
ITEM-0002694,ORD-001522,303,1,24.99,7.5,24.99,7.5
ITEM-0002695,ORD-001522,103,1,89.99,36.0,89.99,36.0
ITEM-0002696,ORD-001523,203,1,120.0,42.0,120.0,42.0
ITEM-0002697,ORD-001524,505,1,75.0,24.0,75.0,24.0
ITEM-0002698,ORD-001525,205,1,54.0,16.0,54.0,16.0
ITEM-0002699,ORD-001526,201,1,28.0,8.5,28.0,8.5
ITEM-0002700,ORD-001526,501,1,42.0,13.0,42.0,13.0
ITEM-0002701,ORD-001527,105,1,39.99,12.0,39.99,12.0
ITEM-0002702,ORD-001528,206,1,45.0,11.0,45.0,11.0
ITEM-0002703,ORD-001529,202,1,68.0,22.0,68.0,22.0
ITEM-0002704,ORD-001529,106,1,179.99,70.0,179.99,70.0
ITEM-0002705,ORD-001530,404,2,64.99,21.0,129.98,42.0
ITEM-0002706,ORD-001530,401,1,26.0,6.0,26.0,6.0
ITEM-0002707,ORD-001531,107,2,59.99,22.0,119.98,44.0
ITEM-0002708,ORD-001532,501,3,42.0,13.0,126.0,39.0
ITEM-0002709,ORD-001533,307,1,29.99,8.0,29.99,8.0
ITEM-0002710,ORD-001533,101,1,199.99,85.0,199.99,85.0
ITEM-0002711,ORD-001534,201,1,28.0,8.5,28.0,8.5
ITEM-0002712,ORD-001535,203,1,120.0,42.0,120.0,42.0
ITEM-0002713,ORD-001536,502,1,22.99,5.5,22.99,5.5
ITEM-0002714,ORD-001537,503,1,48.0,15.0,48.0,15.0
ITEM-0002715,ORD-001538,108,3,29.99,9.5,89.97,28.5
ITEM-0002716,ORD-001539,102,1,49.99,18.0,49.99,18.0
ITEM-0002717,ORD-001539,304,1,39.99,14.0,39.99,14.0
ITEM-0002718,ORD-001540,204,1,24.0,6.0,24.0,6.0
ITEM-0002719,ORD-001541,102,2,49.99,18.0,99.98,36.0
ITEM-0002720,ORD-001541,203,1,120.0,42.0,120.0,42.0
ITEM-0002721,ORD-001542,103,1,89.99,36.0,89.99,36.0
ITEM-0002722,ORD-001542,302,1,45.0,15.0,45.0,15.0
ITEM-0002723,ORD-001543,105,1,39.99,12.0,39.99,12.0
ITEM-0002724,ORD-001543,106,1,179.99,70.0,179.99,70.0
ITEM-0002725,ORD-001544,107,1,59.99,22.0,59.99,22.0
ITEM-0002726,ORD-001544,105,1,39.99,12.0,39.99,12.0
ITEM-0002727,ORD-001545,504,1,16.99,4.2,16.99,4.2
ITEM-0002728,ORD-001545,205,1,54.0,16.0,54.0,16.0
ITEM-0002729,ORD-001546,108,1,29.99,9.5,29.99,9.5
ITEM-0002730,ORD-001546,404,1,64.99,21.0,64.99,21.0
ITEM-0002731,ORD-001547,203,1,120.0,42.0,120.0,42.0
ITEM-0002732,ORD-001547,504,1,16.99,4.2,16.99,4.2
ITEM-0002733,ORD-001547,503,1,48.0,15.0,48.0,15.0
ITEM-0002734,ORD-001548,202,1,68.0,22.0,68.0,22.0
ITEM-0002735,ORD-001549,306,1,32.5,10.0,32.5,10.0
ITEM-0002736,ORD-001550,402,2,34.0,8.5,68.0,17.0
ITEM-0002737,ORD-001550,202,1,68.0,22.0,68.0,22.0
ITEM-0002738,ORD-001551,306,1,32.5,10.0,32.5,10.0
ITEM-0002739,ORD-001552,505,1,75.0,24.0,75.0,24.0
ITEM-0002740,ORD-001552,302,2,45.0,15.0,90.0,30.0
ITEM-0002741,ORD-001552,501,1,42.0,13.0,42.0,13.0
ITEM-0002742,ORD-001553,105,1,39.99,12.0,39.99,12.0
ITEM-0002743,ORD-001554,105,1,39.99,12.0,39.99,12.0
ITEM-0002744,ORD-001554,405,1,18.0,4.0,18.0,4.0
ITEM-0002745,ORD-001554,206,1,45.0,11.0,45.0,11.0
ITEM-0002746,ORD-001555,502,1,22.99,5.5,22.99,5.5
ITEM-0002747,ORD-001556,403,1,22.0,5.2,22.0,5.2
ITEM-0002748,ORD-001556,405,1,18.0,4.0,18.0,4.0
ITEM-0002749,ORD-001557,201,1,28.0,8.5,28.0,8.5
ITEM-0002750,ORD-001558,108,1,29.99,9.5,29.99,9.5
ITEM-0002751,ORD-001559,502,1,22.99,5.5,22.99,5.5
ITEM-0002752,ORD-001559,404,3,64.99,21.0,194.97,63.0
ITEM-0002753,ORD-001559,401,2,26.0,6.0,52.0,12.0
ITEM-0002754,ORD-001559,302,1,45.0,15.0,45.0,15.0
ITEM-0002755,ORD-001560,204,1,24.0,6.0,24.0,6.0
ITEM-0002756,ORD-001560,306,1,32.5,10.0,32.5,10.0
ITEM-0002757,ORD-001560,301,1,289.0,130.0,289.0,130.0
ITEM-0002758,ORD-001561,301,1,289.0,130.0,289.0,130.0
ITEM-0002759,ORD-001562,403,1,22.0,5.2,22.0,5.2
ITEM-0002760,ORD-001562,404,1,64.99,21.0,64.99,21.0
ITEM-0002761,ORD-001563,405,1,18.0,4.0,18.0,4.0
ITEM-0002762,ORD-001564,107,1,59.99,22.0,59.99,22.0
ITEM-0002763,ORD-001565,203,1,120.0,42.0,120.0,42.0
ITEM-0002764,ORD-001565,401,1,26.0,6.0,26.0,6.0
ITEM-0002765,ORD-001566,105,1,39.99,12.0,39.99,12.0
ITEM-0002766,ORD-001566,502,1,22.99,5.5,22.99,5.5
ITEM-0002767,ORD-001567,108,1,29.99,9.5,29.99,9.5
ITEM-0002768,ORD-001567,303,1,24.99,7.5,24.99,7.5
ITEM-0002769,ORD-001568,103,2,89.99,36.0,179.98,72.0
ITEM-0002770,ORD-001568,203,1,120.0,42.0,120.0,42.0
ITEM-0002771,ORD-001569,405,1,18.0,4.0,18.0,4.0
ITEM-0002772,ORD-001570,306,1,32.5,10.0,32.5,10.0
ITEM-0002773,ORD-001571,206,1,45.0,11.0,45.0,11.0
ITEM-0002774,ORD-001571,105,1,39.99,12.0,39.99,12.0
ITEM-0002775,ORD-001571,403,1,22.0,5.2,22.0,5.2
ITEM-0002776,ORD-001571,107,1,59.99,22.0,59.99,22.0
ITEM-0002777,ORD-001572,404,1,64.99,21.0,64.99,21.0
ITEM-0002778,ORD-001572,102,1,49.99,18.0,49.99,18.0
ITEM-0002779,ORD-001573,204,1,24.0,6.0,24.0,6.0
ITEM-0002780,ORD-001574,201,1,28.0,8.5,28.0,8.5
ITEM-0002781,ORD-001575,504,1,16.99,4.2,16.99,4.2
ITEM-0002782,ORD-001576,206,1,45.0,11.0,45.0,11.0
ITEM-0002783,ORD-001577,202,3,68.0,22.0,204.0,66.0
ITEM-0002784,ORD-001577,201,1,28.0,8.5,28.0,8.5
ITEM-0002785,ORD-001577,405,1,18.0,4.0,18.0,4.0
ITEM-0002786,ORD-001578,403,1,22.0,5.2,22.0,5.2
ITEM-0002787,ORD-001578,502,1,22.99,5.5,22.99,5.5
ITEM-0002788,ORD-001578,204,3,24.0,6.0,72.0,18.0
ITEM-0002789,ORD-001578,202,1,68.0,22.0,68.0,22.0
ITEM-0002790,ORD-001579,503,1,48.0,15.0,48.0,15.0
ITEM-0002791,ORD-001579,104,1,349.99,175.0,349.99,175.0
ITEM-0002792,ORD-001580,205,1,54.0,16.0,54.0,16.0
ITEM-0002793,ORD-001581,104,1,349.99,175.0,349.99,175.0
ITEM-0002794,ORD-001582,403,2,22.0,5.2,44.0,10.4
ITEM-0002795,ORD-001583,303,1,24.99,7.5,24.99,7.5
ITEM-0002796,ORD-001584,402,1,34.0,8.5,34.0,8.5
ITEM-0002797,ORD-001584,504,2,16.99,4.2,33.98,8.4
ITEM-0002798,ORD-001585,306,1,32.5,10.0,32.5,10.0
ITEM-0002799,ORD-001585,402,3,34.0,8.5,102.0,25.5
ITEM-0002800,ORD-001586,307,1,29.99,8.0,29.99,8.0
ITEM-0002801,ORD-001586,301,1,289.0,130.0,289.0,130.0
ITEM-0002802,ORD-001586,306,1,32.5,10.0,32.5,10.0
ITEM-0002803,ORD-001587,201,2,28.0,8.5,56.0,17.0
ITEM-0002804,ORD-001587,402,2,34.0,8.5,68.0,17.0
ITEM-0002805,ORD-001587,303,1,24.99,7.5,24.99,7.5
ITEM-0002806,ORD-001588,205,1,54.0,16.0,54.0,16.0
ITEM-0002807,ORD-001589,501,1,42.0,13.0,42.0,13.0
ITEM-0002808,ORD-001590,105,1,39.99,12.0,39.99,12.0
ITEM-0002809,ORD-001590,102,1,49.99,18.0,49.99,18.0
ITEM-0002810,ORD-001590,307,1,29.99,8.0,29.99,8.0
ITEM-0002811,ORD-001591,403,2,22.0,5.2,44.0,10.4
ITEM-0002812,ORD-001591,303,1,24.99,7.5,24.99,7.5
ITEM-0002813,ORD-001591,302,3,45.0,15.0,135.0,45.0
ITEM-0002814,ORD-001592,403,2,22.0,5.2,44.0,10.4
ITEM-0002815,ORD-001592,102,1,49.99,18.0,49.99,18.0
ITEM-0002816,ORD-001593,502,1,22.99,5.5,22.99,5.5
ITEM-0002817,ORD-001594,303,1,24.99,7.5,24.99,7.5
ITEM-0002818,ORD-001594,107,1,59.99,22.0,59.99,22.0
ITEM-0002819,ORD-001594,206,2,45.0,11.0,90.0,22.0
ITEM-0002820,ORD-001595,202,1,68.0,22.0,68.0,22.0
ITEM-0002821,ORD-001596,106,1,179.99,70.0,179.99,70.0
ITEM-0002822,ORD-001597,402,1,34.0,8.5,34.0,8.5
ITEM-0002823,ORD-001598,206,1,45.0,11.0,45.0,11.0
ITEM-0002824,ORD-001598,301,1,289.0,130.0,289.0,130.0
ITEM-0002825,ORD-001599,108,1,29.99,9.5,29.99,9.5
ITEM-0002826,ORD-001599,107,1,59.99,22.0,59.99,22.0
ITEM-0002827,ORD-001599,504,1,16.99,4.2,16.99,4.2
ITEM-0002828,ORD-001599,206,1,45.0,11.0,45.0,11.0
ITEM-0002829,ORD-001600,405,1,18.0,4.0,18.0,4.0
ITEM-0002830,ORD-001600,503,1,48.0,15.0,48.0,15.0
ITEM-0002831,ORD-001601,503,1,48.0,15.0,48.0,15.0
ITEM-0002832,ORD-001602,206,1,45.0,11.0,45.0,11.0
ITEM-0002833,ORD-001602,405,1,18.0,4.0,18.0,4.0
ITEM-0002834,ORD-001603,404,1,64.99,21.0,64.99,21.0
ITEM-0002835,ORD-001603,202,1,68.0,22.0,68.0,22.0
ITEM-0002836,ORD-001604,302,1,45.0,15.0,45.0,15.0
ITEM-0002837,ORD-001605,305,1,59.99,20.0,59.99,20.0
ITEM-0002838,ORD-001606,302,2,45.0,15.0,90.0,30.0
ITEM-0002839,ORD-001606,103,1,89.99,36.0,89.99,36.0
ITEM-0002840,ORD-001606,502,1,22.99,5.5,22.99,5.5
ITEM-0002841,ORD-001607,505,2,75.0,24.0,150.0,48.0
ITEM-0002842,ORD-001607,306,1,32.5,10.0,32.5,10.0
ITEM-0002843,ORD-001607,202,1,68.0,22.0,68.0,22.0
ITEM-0002844,ORD-001608,307,1,29.99,8.0,29.99,8.0
ITEM-0002845,ORD-001608,102,1,49.99,18.0,49.99,18.0
ITEM-0002846,ORD-001608,301,1,289.0,130.0,289.0,130.0
ITEM-0002847,ORD-001608,108,1,29.99,9.5,29.99,9.5
ITEM-0002848,ORD-001609,108,1,29.99,9.5,29.99,9.5
ITEM-0002849,ORD-001609,404,2,64.99,21.0,129.98,42.0
ITEM-0002850,ORD-001609,206,1,45.0,11.0,45.0,11.0
ITEM-0002851,ORD-001610,404,1,64.99,21.0,64.99,21.0
ITEM-0002852,ORD-001610,305,1,59.99,20.0,59.99,20.0
ITEM-0002853,ORD-001611,403,1,22.0,5.2,22.0,5.2
ITEM-0002854,ORD-001611,206,1,45.0,11.0,45.0,11.0
ITEM-0002855,ORD-001612,104,3,349.99,175.0,1049.97,525.0
ITEM-0002856,ORD-001612,103,1,89.99,36.0,89.99,36.0
ITEM-0002857,ORD-001613,302,1,45.0,15.0,45.0,15.0
ITEM-0002858,ORD-001614,502,1,22.99,5.5,22.99,5.5
ITEM-0002859,ORD-001615,403,1,22.0,5.2,22.0,5.2
ITEM-0002860,ORD-001615,101,1,199.99,85.0,199.99,85.0
ITEM-0002861,ORD-001615,505,1,75.0,24.0,75.0,24.0
ITEM-0002862,ORD-001616,206,2,45.0,11.0,90.0,22.0
ITEM-0002863,ORD-001617,105,2,39.99,12.0,79.98,24.0
ITEM-0002864,ORD-001617,104,1,349.99,175.0,349.99,175.0
ITEM-0002865,ORD-001618,502,1,22.99,5.5,22.99,5.5
ITEM-0002866,ORD-001619,504,2,16.99,4.2,33.98,8.4
ITEM-0002867,ORD-001619,205,2,54.0,16.0,108.0,32.0
ITEM-0002868,ORD-001619,505,1,75.0,24.0,75.0,24.0
ITEM-0002869,ORD-001619,106,1,179.99,70.0,179.99,70.0
ITEM-0002870,ORD-001620,206,1,45.0,11.0,45.0,11.0
ITEM-0002871,ORD-001621,301,1,289.0,130.0,289.0,130.0
ITEM-0002872,ORD-001622,305,1,59.99,20.0,59.99,20.0
ITEM-0002873,ORD-001622,203,1,120.0,42.0,120.0,42.0
ITEM-0002874,ORD-001623,505,2,75.0,24.0,150.0,48.0
ITEM-0002875,ORD-001623,503,3,48.0,15.0,144.0,45.0
ITEM-0002876,ORD-001624,503,1,48.0,15.0,48.0,15.0
ITEM-0002877,ORD-001625,404,1,64.99,21.0,64.99,21.0
ITEM-0002878,ORD-001625,302,1,45.0,15.0,45.0,15.0
ITEM-0002879,ORD-001626,204,1,24.0,6.0,24.0,6.0
ITEM-0002880,ORD-001627,102,1,49.99,18.0,49.99,18.0
ITEM-0002881,ORD-001627,401,1,26.0,6.0,26.0,6.0
ITEM-0002882,ORD-001628,303,1,24.99,7.5,24.99,7.5
ITEM-0002883,ORD-001628,202,1,68.0,22.0,68.0,22.0
ITEM-0002884,ORD-001628,307,1,29.99,8.0,29.99,8.0
ITEM-0002885,ORD-001628,402,2,34.0,8.5,68.0,17.0
ITEM-0002886,ORD-001629,106,1,179.99,70.0,179.99,70.0
ITEM-0002887,ORD-001629,501,1,42.0,13.0,42.0,13.0
ITEM-0002888,ORD-001629,504,1,16.99,4.2,16.99,4.2
ITEM-0002889,ORD-001630,305,1,59.99,20.0,59.99,20.0
ITEM-0002890,ORD-001631,103,1,89.99,36.0,89.99,36.0
ITEM-0002891,ORD-001632,403,1,22.0,5.2,22.0,5.2
ITEM-0002892,ORD-001633,402,1,34.0,8.5,34.0,8.5
ITEM-0002893,ORD-001634,305,2,59.99,20.0,119.98,40.0
ITEM-0002894,ORD-001634,106,1,179.99,70.0,179.99,70.0
ITEM-0002895,ORD-001635,403,1,22.0,5.2,22.0,5.2
ITEM-0002896,ORD-001636,102,2,49.99,18.0,99.98,36.0
ITEM-0002897,ORD-001636,304,1,39.99,14.0,39.99,14.0
ITEM-0002898,ORD-001637,102,1,49.99,18.0,49.99,18.0
ITEM-0002899,ORD-001637,303,1,24.99,7.5,24.99,7.5
ITEM-0002900,ORD-001638,104,2,349.99,175.0,699.98,350.0
ITEM-0002901,ORD-001638,102,1,49.99,18.0,49.99,18.0
ITEM-0002902,ORD-001639,101,1,199.99,85.0,199.99,85.0
ITEM-0002903,ORD-001640,103,1,89.99,36.0,89.99,36.0
ITEM-0002904,ORD-001641,103,1,89.99,36.0,89.99,36.0
ITEM-0002905,ORD-001642,103,1,89.99,36.0,89.99,36.0
ITEM-0002906,ORD-001643,502,2,22.99,5.5,45.98,11.0
ITEM-0002907,ORD-001644,305,1,59.99,20.0,59.99,20.0
ITEM-0002908,ORD-001644,403,1,22.0,5.2,22.0,5.2
ITEM-0002909,ORD-001645,404,2,64.99,21.0,129.98,42.0
ITEM-0002910,ORD-001645,301,2,289.0,130.0,578.0,260.0
ITEM-0002911,ORD-001646,201,2,28.0,8.5,56.0,17.0
ITEM-0002912,ORD-001646,307,1,29.99,8.0,29.99,8.0
ITEM-0002913,ORD-001647,503,1,48.0,15.0,48.0,15.0
ITEM-0002914,ORD-001648,104,1,349.99,175.0,349.99,175.0
ITEM-0002915,ORD-001649,104,1,349.99,175.0,349.99,175.0
ITEM-0002916,ORD-001649,102,2,49.99,18.0,99.98,36.0
ITEM-0002917,ORD-001650,307,1,29.99,8.0,29.99,8.0
ITEM-0002918,ORD-001650,404,1,64.99,21.0,64.99,21.0
ITEM-0002919,ORD-001651,206,1,45.0,11.0,45.0,11.0
ITEM-0002920,ORD-001651,104,1,349.99,175.0,349.99,175.0
ITEM-0002921,ORD-001651,403,1,22.0,5.2,22.0,5.2
ITEM-0002922,ORD-001652,201,1,28.0,8.5,28.0,8.5
ITEM-0002923,ORD-001652,501,1,42.0,13.0,42.0,13.0
ITEM-0002924,ORD-001652,505,1,75.0,24.0,75.0,24.0
ITEM-0002925,ORD-001652,305,1,59.99,20.0,59.99,20.0
ITEM-0002926,ORD-001653,401,1,26.0,6.0,26.0,6.0
ITEM-0002927,ORD-001653,402,1,34.0,8.5,34.0,8.5
ITEM-0002928,ORD-001653,403,1,22.0,5.2,22.0,5.2
ITEM-0002929,ORD-001654,403,2,22.0,5.2,44.0,10.4
ITEM-0002930,ORD-001654,504,1,16.99,4.2,16.99,4.2
ITEM-0002931,ORD-001655,305,1,59.99,20.0,59.99,20.0
ITEM-0002932,ORD-001655,301,1,289.0,130.0,289.0,130.0
ITEM-0002933,ORD-001656,504,1,16.99,4.2,16.99,4.2
ITEM-0002934,ORD-001656,503,1,48.0,15.0,48.0,15.0
ITEM-0002935,ORD-001657,108,1,29.99,9.5,29.99,9.5
ITEM-0002936,ORD-001657,402,1,34.0,8.5,34.0,8.5
ITEM-0002937,ORD-001658,205,1,54.0,16.0,54.0,16.0
ITEM-0002938,ORD-001659,504,1,16.99,4.2,16.99,4.2
ITEM-0002939,ORD-001660,206,1,45.0,11.0,45.0,11.0
ITEM-0002940,ORD-001660,202,2,68.0,22.0,136.0,44.0
ITEM-0002941,ORD-001661,504,1,16.99,4.2,16.99,4.2
ITEM-0002942,ORD-001661,401,1,26.0,6.0,26.0,6.0
ITEM-0002943,ORD-001662,102,1,49.99,18.0,49.99,18.0
ITEM-0002944,ORD-001662,304,1,39.99,14.0,39.99,14.0
ITEM-0002945,ORD-001662,203,1,120.0,42.0,120.0,42.0
ITEM-0002946,ORD-001663,205,1,54.0,16.0,54.0,16.0
ITEM-0002947,ORD-001664,402,1,34.0,8.5,34.0,8.5
ITEM-0002948,ORD-001665,307,1,29.99,8.0,29.99,8.0
ITEM-0002949,ORD-001666,403,2,22.0,5.2,44.0,10.4
ITEM-0002950,ORD-001667,108,1,29.99,9.5,29.99,9.5
ITEM-0002951,ORD-001668,302,1,45.0,15.0,45.0,15.0
ITEM-0002952,ORD-001669,202,1,68.0,22.0,68.0,22.0
ITEM-0002953,ORD-001669,203,2,120.0,42.0,240.0,84.0
ITEM-0002954,ORD-001670,108,1,29.99,9.5,29.99,9.5
ITEM-0002955,ORD-001670,504,1,16.99,4.2,16.99,4.2
ITEM-0002956,ORD-001671,403,3,22.0,5.2,66.0,15.6
ITEM-0002957,ORD-001671,302,1,45.0,15.0,45.0,15.0
ITEM-0002958,ORD-001672,305,2,59.99,20.0,119.98,40.0
ITEM-0002959,ORD-001672,205,1,54.0,16.0,54.0,16.0
ITEM-0002960,ORD-001673,503,1,48.0,15.0,48.0,15.0
ITEM-0002961,ORD-001673,203,2,120.0,42.0,240.0,84.0
ITEM-0002962,ORD-001674,107,1,59.99,22.0,59.99,22.0
ITEM-0002963,ORD-001675,102,1,49.99,18.0,49.99,18.0
ITEM-0002964,ORD-001675,501,1,42.0,13.0,42.0,13.0
ITEM-0002965,ORD-001676,401,1,26.0,6.0,26.0,6.0
ITEM-0002966,ORD-001676,403,1,22.0,5.2,22.0,5.2
ITEM-0002967,ORD-001677,306,1,32.5,10.0,32.5,10.0
ITEM-0002968,ORD-001677,302,1,45.0,15.0,45.0,15.0
ITEM-0002969,ORD-001677,501,1,42.0,13.0,42.0,13.0
ITEM-0002970,ORD-001677,305,1,59.99,20.0,59.99,20.0
ITEM-0002971,ORD-001678,203,1,120.0,42.0,120.0,42.0
ITEM-0002972,ORD-001678,306,2,32.5,10.0,65.0,20.0
ITEM-0002973,ORD-001678,302,1,45.0,15.0,45.0,15.0
ITEM-0002974,ORD-001679,303,1,24.99,7.5,24.99,7.5
ITEM-0002975,ORD-001679,108,1,29.99,9.5,29.99,9.5
ITEM-0002976,ORD-001680,307,1,29.99,8.0,29.99,8.0
ITEM-0002977,ORD-001680,504,1,16.99,4.2,16.99,4.2
ITEM-0002978,ORD-001681,201,1,28.0,8.5,28.0,8.5
ITEM-0002979,ORD-001682,105,1,39.99,12.0,39.99,12.0
ITEM-0002980,ORD-001683,104,2,349.99,175.0,699.98,350.0
ITEM-0002981,ORD-001683,102,1,49.99,18.0,49.99,18.0
ITEM-0002982,ORD-001684,102,1,49.99,18.0,49.99,18.0
ITEM-0002983,ORD-001685,105,1,39.99,12.0,39.99,12.0
ITEM-0002984,ORD-001686,402,1,34.0,8.5,34.0,8.5
ITEM-0002985,ORD-001686,202,1,68.0,22.0,68.0,22.0
ITEM-0002986,ORD-001687,104,1,349.99,175.0,349.99,175.0
ITEM-0002987,ORD-001688,108,1,29.99,9.5,29.99,9.5
ITEM-0002988,ORD-001688,505,1,75.0,24.0,75.0,24.0
ITEM-0002989,ORD-001689,501,1,42.0,13.0,42.0,13.0
ITEM-0002990,ORD-001689,502,1,22.99,5.5,22.99,5.5
ITEM-0002991,ORD-001690,206,1,45.0,11.0,45.0,11.0
ITEM-0002992,ORD-001691,403,1,22.0,5.2,22.0,5.2
ITEM-0002993,ORD-001691,201,2,28.0,8.5,56.0,17.0
ITEM-0002994,ORD-001691,101,2,199.99,85.0,399.98,170.0
ITEM-0002995,ORD-001691,204,1,24.0,6.0,24.0,6.0
ITEM-0002996,ORD-001692,108,1,29.99,9.5,29.99,9.5
ITEM-0002997,ORD-001692,305,1,59.99,20.0,59.99,20.0
ITEM-0002998,ORD-001693,202,1,68.0,22.0,68.0,22.0
ITEM-0002999,ORD-001694,505,1,75.0,24.0,75.0,24.0
ITEM-0003000,ORD-001695,201,1,28.0,8.5,28.0,8.5
ITEM-0003001,ORD-001695,501,1,42.0,13.0,42.0,13.0
ITEM-0003002,ORD-001696,102,1,49.99,18.0,49.99,18.0
ITEM-0003003,ORD-001697,302,2,45.0,15.0,90.0,30.0
ITEM-0003004,ORD-001698,501,1,42.0,13.0,42.0,13.0
ITEM-0003005,ORD-001699,505,1,75.0,24.0,75.0,24.0
ITEM-0003006,ORD-001699,402,1,34.0,8.5,34.0,8.5
ITEM-0003007,ORD-001700,302,1,45.0,15.0,45.0,15.0
ITEM-0003008,ORD-001701,105,1,39.99,12.0,39.99,12.0
ITEM-0003009,ORD-001701,504,1,16.99,4.2,16.99,4.2
ITEM-0003010,ORD-001702,105,1,39.99,12.0,39.99,12.0
ITEM-0003011,ORD-001702,201,1,28.0,8.5,28.0,8.5
ITEM-0003012,ORD-001703,103,1,89.99,36.0,89.99,36.0
ITEM-0003013,ORD-001703,106,1,179.99,70.0,179.99,70.0
ITEM-0003014,ORD-001704,202,1,68.0,22.0,68.0,22.0
ITEM-0003015,ORD-001705,503,1,48.0,15.0,48.0,15.0
ITEM-0003016,ORD-001706,307,1,29.99,8.0,29.99,8.0
ITEM-0003017,ORD-001706,106,1,179.99,70.0,179.99,70.0
ITEM-0003018,ORD-001707,102,1,49.99,18.0,49.99,18.0
ITEM-0003019,ORD-001707,307,1,29.99,8.0,29.99,8.0
ITEM-0003020,ORD-001708,307,1,29.99,8.0,29.99,8.0
ITEM-0003021,ORD-001708,401,1,26.0,6.0,26.0,6.0
ITEM-0003022,ORD-001709,305,1,59.99,20.0,59.99,20.0
ITEM-0003023,ORD-001710,201,1,28.0,8.5,28.0,8.5
ITEM-0003024,ORD-001711,502,1,22.99,5.5,22.99,5.5
ITEM-0003025,ORD-001711,108,1,29.99,9.5,29.99,9.5
ITEM-0003026,ORD-001712,104,1,349.99,175.0,349.99,175.0
ITEM-0003027,ORD-001713,502,1,22.99,5.5,22.99,5.5
ITEM-0003028,ORD-001713,304,1,39.99,14.0,39.99,14.0
ITEM-0003029,ORD-001713,201,1,28.0,8.5,28.0,8.5
ITEM-0003030,ORD-001714,401,1,26.0,6.0,26.0,6.0
ITEM-0003031,ORD-001715,404,1,64.99,21.0,64.99,21.0
ITEM-0003032,ORD-001715,501,1,42.0,13.0,42.0,13.0
ITEM-0003033,ORD-001716,202,1,68.0,22.0,68.0,22.0
ITEM-0003034,ORD-001716,504,1,16.99,4.2,16.99,4.2
ITEM-0003035,ORD-001716,305,1,59.99,20.0,59.99,20.0
ITEM-0003036,ORD-001717,503,1,48.0,15.0,48.0,15.0
ITEM-0003037,ORD-001718,502,1,22.99,5.5,22.99,5.5
ITEM-0003038,ORD-001718,503,1,48.0,15.0,48.0,15.0
ITEM-0003039,ORD-001718,307,1,29.99,8.0,29.99,8.0
ITEM-0003040,ORD-001719,502,1,22.99,5.5,22.99,5.5
ITEM-0003041,ORD-001719,206,1,45.0,11.0,45.0,11.0
ITEM-0003042,ORD-001720,106,1,179.99,70.0,179.99,70.0
ITEM-0003043,ORD-001720,307,1,29.99,8.0,29.99,8.0
ITEM-0003044,ORD-001721,201,1,28.0,8.5,28.0,8.5
ITEM-0003045,ORD-001721,104,1,349.99,175.0,349.99,175.0
ITEM-0003046,ORD-001721,206,1,45.0,11.0,45.0,11.0
ITEM-0003047,ORD-001721,302,1,45.0,15.0,45.0,15.0
ITEM-0003048,ORD-001722,204,1,24.0,6.0,24.0,6.0
ITEM-0003049,ORD-001723,505,1,75.0,24.0,75.0,24.0
ITEM-0003050,ORD-001724,104,1,349.99,175.0,349.99,175.0
ITEM-0003051,ORD-001725,303,1,24.99,7.5,24.99,7.5
ITEM-0003052,ORD-001725,304,1,39.99,14.0,39.99,14.0
ITEM-0003053,ORD-001725,402,1,34.0,8.5,34.0,8.5
ITEM-0003054,ORD-001725,306,1,32.5,10.0,32.5,10.0
ITEM-0003055,ORD-001726,108,1,29.99,9.5,29.99,9.5
ITEM-0003056,ORD-001727,106,1,179.99,70.0,179.99,70.0
ITEM-0003057,ORD-001728,203,1,120.0,42.0,120.0,42.0
ITEM-0003058,ORD-001728,201,1,28.0,8.5,28.0,8.5
ITEM-0003059,ORD-001728,101,1,199.99,85.0,199.99,85.0
ITEM-0003060,ORD-001728,405,1,18.0,4.0,18.0,4.0
ITEM-0003061,ORD-001729,503,1,48.0,15.0,48.0,15.0
ITEM-0003062,ORD-001730,405,1,18.0,4.0,18.0,4.0
ITEM-0003063,ORD-001730,108,2,29.99,9.5,59.98,19.0
ITEM-0003064,ORD-001730,503,1,48.0,15.0,48.0,15.0
ITEM-0003065,ORD-001731,401,1,26.0,6.0,26.0,6.0
ITEM-0003066,ORD-001732,108,1,29.99,9.5,29.99,9.5
ITEM-0003067,ORD-001733,204,1,24.0,6.0,24.0,6.0
ITEM-0003068,ORD-001734,305,1,59.99,20.0,59.99,20.0
ITEM-0003069,ORD-001735,502,1,22.99,5.5,22.99,5.5
ITEM-0003070,ORD-001735,402,1,34.0,8.5,34.0,8.5
ITEM-0003071,ORD-001736,307,1,29.99,8.0,29.99,8.0
ITEM-0003072,ORD-001737,405,1,18.0,4.0,18.0,4.0
ITEM-0003073,ORD-001738,101,2,199.99,85.0,399.98,170.0
ITEM-0003074,ORD-001739,107,2,59.99,22.0,119.98,44.0
ITEM-0003075,ORD-001739,304,1,39.99,14.0,39.99,14.0
ITEM-0003076,ORD-001739,502,1,22.99,5.5,22.99,5.5
ITEM-0003077,ORD-001740,302,1,45.0,15.0,45.0,15.0
ITEM-0003078,ORD-001741,305,1,59.99,20.0,59.99,20.0
ITEM-0003079,ORD-001741,404,1,64.99,21.0,64.99,21.0
ITEM-0003080,ORD-001741,205,1,54.0,16.0,54.0,16.0
ITEM-0003081,ORD-001741,503,1,48.0,15.0,48.0,15.0
ITEM-0003082,ORD-001742,302,1,45.0,15.0,45.0,15.0
ITEM-0003083,ORD-001742,401,1,26.0,6.0,26.0,6.0
ITEM-0003084,ORD-001742,402,2,34.0,8.5,68.0,17.0
ITEM-0003085,ORD-001742,205,1,54.0,16.0,54.0,16.0
ITEM-0003086,ORD-001743,503,1,48.0,15.0,48.0,15.0
ITEM-0003087,ORD-001743,102,1,49.99,18.0,49.99,18.0
ITEM-0003088,ORD-001744,204,1,24.0,6.0,24.0,6.0
ITEM-0003089,ORD-001745,505,1,75.0,24.0,75.0,24.0
ITEM-0003090,ORD-001746,204,1,24.0,6.0,24.0,6.0
ITEM-0003091,ORD-001746,502,2,22.99,5.5,45.98,11.0
ITEM-0003092,ORD-001746,307,1,29.99,8.0,29.99,8.0
ITEM-0003093,ORD-001747,401,1,26.0,6.0,26.0,6.0
ITEM-0003094,ORD-001747,402,1,34.0,8.5,34.0,8.5
ITEM-0003095,ORD-001748,301,1,289.0,130.0,289.0,130.0
ITEM-0003096,ORD-001749,304,1,39.99,14.0,39.99,14.0
ITEM-0003097,ORD-001750,102,1,49.99,18.0,49.99,18.0
ITEM-0003098,ORD-001750,401,1,26.0,6.0,26.0,6.0
ITEM-0003099,ORD-001750,202,1,68.0,22.0,68.0,22.0
ITEM-0003100,ORD-001751,303,1,24.99,7.5,24.99,7.5
ITEM-0003101,ORD-001751,504,1,16.99,4.2,16.99,4.2
ITEM-0003102,ORD-001751,306,1,32.5,10.0,32.5,10.0
ITEM-0003103,ORD-001752,202,1,68.0,22.0,68.0,22.0
ITEM-0003104,ORD-001753,304,1,39.99,14.0,39.99,14.0
ITEM-0003105,ORD-001753,305,1,59.99,20.0,59.99,20.0
ITEM-0003106,ORD-001753,504,1,16.99,4.2,16.99,4.2
ITEM-0003107,ORD-001754,504,1,16.99,4.2,16.99,4.2
ITEM-0003108,ORD-001754,101,2,199.99,85.0,399.98,170.0
ITEM-0003109,ORD-001754,502,1,22.99,5.5,22.99,5.5
ITEM-0003110,ORD-001754,501,1,42.0,13.0,42.0,13.0
ITEM-0003111,ORD-001755,105,2,39.99,12.0,79.98,24.0
ITEM-0003112,ORD-001756,505,1,75.0,24.0,75.0,24.0
ITEM-0003113,ORD-001756,403,1,22.0,5.2,22.0,5.2
ITEM-0003114,ORD-001756,504,1,16.99,4.2,16.99,4.2
ITEM-0003115,ORD-001757,201,1,28.0,8.5,28.0,8.5
ITEM-0003116,ORD-001757,106,2,179.99,70.0,359.98,140.0
ITEM-0003117,ORD-001757,302,1,45.0,15.0,45.0,15.0
ITEM-0003118,ORD-001758,404,1,64.99,21.0,64.99,21.0
ITEM-0003119,ORD-001759,205,1,54.0,16.0,54.0,16.0
ITEM-0003120,ORD-001759,403,1,22.0,5.2,22.0,5.2
ITEM-0003121,ORD-001759,501,1,42.0,13.0,42.0,13.0
ITEM-0003122,ORD-001759,101,1,199.99,85.0,199.99,85.0
ITEM-0003123,ORD-001760,402,1,34.0,8.5,34.0,8.5
ITEM-0003124,ORD-001761,404,1,64.99,21.0,64.99,21.0
ITEM-0003125,ORD-001762,501,2,42.0,13.0,84.0,26.0
ITEM-0003126,ORD-001763,502,1,22.99,5.5,22.99,5.5
ITEM-0003127,ORD-001764,402,1,34.0,8.5,34.0,8.5
ITEM-0003128,ORD-001764,305,1,59.99,20.0,59.99,20.0
ITEM-0003129,ORD-001764,505,1,75.0,24.0,75.0,24.0
ITEM-0003130,ORD-001764,303,1,24.99,7.5,24.99,7.5
ITEM-0003131,ORD-001765,304,1,39.99,14.0,39.99,14.0
ITEM-0003132,ORD-001766,504,1,16.99,4.2,16.99,4.2
ITEM-0003133,ORD-001767,405,1,18.0,4.0,18.0,4.0
ITEM-0003134,ORD-001767,403,1,22.0,5.2,22.0,5.2
ITEM-0003135,ORD-001768,503,2,48.0,15.0,96.0,30.0
ITEM-0003136,ORD-001769,401,1,26.0,6.0,26.0,6.0
ITEM-0003137,ORD-001770,101,2,199.99,85.0,399.98,170.0
ITEM-0003138,ORD-001770,108,1,29.99,9.5,29.99,9.5
ITEM-0003139,ORD-001771,204,1,24.0,6.0,24.0,6.0
ITEM-0003140,ORD-001771,103,1,89.99,36.0,89.99,36.0
ITEM-0003141,ORD-001772,501,1,42.0,13.0,42.0,13.0
ITEM-0003142,ORD-001773,503,1,48.0,15.0,48.0,15.0
ITEM-0003143,ORD-001773,504,1,16.99,4.2,16.99,4.2
ITEM-0003144,ORD-001774,201,1,28.0,8.5,28.0,8.5
ITEM-0003145,ORD-001774,505,1,75.0,24.0,75.0,24.0
ITEM-0003146,ORD-001774,101,1,199.99,85.0,199.99,85.0
ITEM-0003147,ORD-001775,305,1,59.99,20.0,59.99,20.0
ITEM-0003148,ORD-001775,203,1,120.0,42.0,120.0,42.0
ITEM-0003149,ORD-001776,108,1,29.99,9.5,29.99,9.5
ITEM-0003150,ORD-001776,306,1,32.5,10.0,32.5,10.0
ITEM-0003151,ORD-001777,105,1,39.99,12.0,39.99,12.0
ITEM-0003152,ORD-001777,202,1,68.0,22.0,68.0,22.0
ITEM-0003153,ORD-001778,204,1,24.0,6.0,24.0,6.0
ITEM-0003154,ORD-001778,101,1,199.99,85.0,199.99,85.0
ITEM-0003155,ORD-001779,303,1,24.99,7.5,24.99,7.5
ITEM-0003156,ORD-001780,304,1,39.99,14.0,39.99,14.0
ITEM-0003157,ORD-001781,302,1,45.0,15.0,45.0,15.0
ITEM-0003158,ORD-001781,306,1,32.5,10.0,32.5,10.0
ITEM-0003159,ORD-001782,103,1,89.99,36.0,89.99,36.0
ITEM-0003160,ORD-001783,503,1,48.0,15.0,48.0,15.0
ITEM-0003161,ORD-001783,301,2,289.0,130.0,578.0,260.0
ITEM-0003162,ORD-001783,204,1,24.0,6.0,24.0,6.0
ITEM-0003163,ORD-001783,205,2,54.0,16.0,108.0,32.0
ITEM-0003164,ORD-001784,205,1,54.0,16.0,54.0,16.0
ITEM-0003165,ORD-001785,203,2,120.0,42.0,240.0,84.0
ITEM-0003166,ORD-001786,303,1,24.99,7.5,24.99,7.5
ITEM-0003167,ORD-001787,504,1,16.99,4.2,16.99,4.2
ITEM-0003168,ORD-001787,405,1,18.0,4.0,18.0,4.0
ITEM-0003169,ORD-001788,203,1,120.0,42.0,120.0,42.0
ITEM-0003170,ORD-001789,303,1,24.99,7.5,24.99,7.5
ITEM-0003171,ORD-001790,108,1,29.99,9.5,29.99,9.5
ITEM-0003172,ORD-001790,505,1,75.0,24.0,75.0,24.0
ITEM-0003173,ORD-001791,102,1,49.99,18.0,49.99,18.0
ITEM-0003174,ORD-001791,108,2,29.99,9.5,59.98,19.0
ITEM-0003175,ORD-001792,108,1,29.99,9.5,29.99,9.5
ITEM-0003176,ORD-001793,303,1,24.99,7.5,24.99,7.5
ITEM-0003177,ORD-001793,205,1,54.0,16.0,54.0,16.0
ITEM-0003178,ORD-001794,402,1,34.0,8.5,34.0,8.5
ITEM-0003179,ORD-001794,504,1,16.99,4.2,16.99,4.2
ITEM-0003180,ORD-001795,204,1,24.0,6.0,24.0,6.0
ITEM-0003181,ORD-001796,303,1,24.99,7.5,24.99,7.5
ITEM-0003182,ORD-001797,203,3,120.0,42.0,360.0,126.0
ITEM-0003183,ORD-001797,108,1,29.99,9.5,29.99,9.5
ITEM-0003184,ORD-001797,402,1,34.0,8.5,34.0,8.5
ITEM-0003185,ORD-001798,201,1,28.0,8.5,28.0,8.5
ITEM-0003186,ORD-001799,101,1,199.99,85.0,199.99,85.0
ITEM-0003187,ORD-001800,101,1,199.99,85.0,199.99,85.0
ITEM-0003188,ORD-001800,107,1,59.99,22.0,59.99,22.0
ITEM-0003189,ORD-001801,105,1,39.99,12.0,39.99,12.0
ITEM-0003190,ORD-001801,503,1,48.0,15.0,48.0,15.0
ITEM-0003191,ORD-001802,502,1,22.99,5.5,22.99,5.5
ITEM-0003192,ORD-001802,501,1,42.0,13.0,42.0,13.0
ITEM-0003193,ORD-001802,405,1,18.0,4.0,18.0,4.0
ITEM-0003194,ORD-001803,305,1,59.99,20.0,59.99,20.0
ITEM-0003195,ORD-001803,306,1,32.5,10.0,32.5,10.0
ITEM-0003196,ORD-001804,307,1,29.99,8.0,29.99,8.0
ITEM-0003197,ORD-001805,107,1,59.99,22.0,59.99,22.0
ITEM-0003198,ORD-001806,105,2,39.99,12.0,79.98,24.0
ITEM-0003199,ORD-001806,205,1,54.0,16.0,54.0,16.0
ITEM-0003200,ORD-001806,106,1,179.99,70.0,179.99,70.0
ITEM-0003201,ORD-001806,104,1,349.99,175.0,349.99,175.0
ITEM-0003202,ORD-001807,307,2,29.99,8.0,59.98,16.0
ITEM-0003203,ORD-001808,105,1,39.99,12.0,39.99,12.0
ITEM-0003204,ORD-001809,108,1,29.99,9.5,29.99,9.5
ITEM-0003205,ORD-001809,302,1,45.0,15.0,45.0,15.0
ITEM-0003206,ORD-001810,101,1,199.99,85.0,199.99,85.0
ITEM-0003207,ORD-001810,401,1,26.0,6.0,26.0,6.0
ITEM-0003208,ORD-001810,402,1,34.0,8.5,34.0,8.5
ITEM-0003209,ORD-001810,303,1,24.99,7.5,24.99,7.5
ITEM-0003210,ORD-001811,203,1,120.0,42.0,120.0,42.0
ITEM-0003211,ORD-001811,301,1,289.0,130.0,289.0,130.0
ITEM-0003212,ORD-001811,204,1,24.0,6.0,24.0,6.0
ITEM-0003213,ORD-001812,504,1,16.99,4.2,16.99,4.2
ITEM-0003214,ORD-001812,302,2,45.0,15.0,90.0,30.0
ITEM-0003215,ORD-001813,205,2,54.0,16.0,108.0,32.0
ITEM-0003216,ORD-001814,504,1,16.99,4.2,16.99,4.2
ITEM-0003217,ORD-001814,405,1,18.0,4.0,18.0,4.0
ITEM-0003218,ORD-001815,503,1,48.0,15.0,48.0,15.0
ITEM-0003219,ORD-001816,105,1,39.99,12.0,39.99,12.0
ITEM-0003220,ORD-001817,307,1,29.99,8.0,29.99,8.0
ITEM-0003221,ORD-001817,203,1,120.0,42.0,120.0,42.0
ITEM-0003222,ORD-001817,108,2,29.99,9.5,59.98,19.0
ITEM-0003223,ORD-001818,501,1,42.0,13.0,42.0,13.0
ITEM-0003224,ORD-001818,502,1,22.99,5.5,22.99,5.5
ITEM-0003225,ORD-001819,108,1,29.99,9.5,29.99,9.5
ITEM-0003226,ORD-001820,401,1,26.0,6.0,26.0,6.0
ITEM-0003227,ORD-001820,403,1,22.0,5.2,22.0,5.2
ITEM-0003228,ORD-001820,106,1,179.99,70.0,179.99,70.0
ITEM-0003229,ORD-001821,201,1,28.0,8.5,28.0,8.5
ITEM-0003230,ORD-001821,504,1,16.99,4.2,16.99,4.2
ITEM-0003231,ORD-001821,205,1,54.0,16.0,54.0,16.0
ITEM-0003232,ORD-001822,202,1,68.0,22.0,68.0,22.0
ITEM-0003233,ORD-001823,204,1,24.0,6.0,24.0,6.0
ITEM-0003234,ORD-001823,504,1,16.99,4.2,16.99,4.2
ITEM-0003235,ORD-001824,206,1,45.0,11.0,45.0,11.0
ITEM-0003236,ORD-001824,306,2,32.5,10.0,65.0,20.0
ITEM-0003237,ORD-001825,102,1,49.99,18.0,49.99,18.0
ITEM-0003238,ORD-001825,301,1,289.0,130.0,289.0,130.0
ITEM-0003239,ORD-001825,107,1,59.99,22.0,59.99,22.0
ITEM-0003240,ORD-001826,104,1,349.99,175.0,349.99,175.0
ITEM-0003241,ORD-001826,102,1,49.99,18.0,49.99,18.0
ITEM-0003242,ORD-001826,103,1,89.99,36.0,89.99,36.0
ITEM-0003243,ORD-001827,104,1,349.99,175.0,349.99,175.0
ITEM-0003244,ORD-001827,103,1,89.99,36.0,89.99,36.0
ITEM-0003245,ORD-001827,105,1,39.99,12.0,39.99,12.0
ITEM-0003246,ORD-001828,205,2,54.0,16.0,108.0,32.0
ITEM-0003247,ORD-001829,302,2,45.0,15.0,90.0,30.0
ITEM-0003248,ORD-001830,102,1,49.99,18.0,49.99,18.0
ITEM-0003249,ORD-001831,106,1,179.99,70.0,179.99,70.0
ITEM-0003250,ORD-001832,501,1,42.0,13.0,42.0,13.0
ITEM-0003251,ORD-001832,203,1,120.0,42.0,120.0,42.0
ITEM-0003252,ORD-001833,306,1,32.5,10.0,32.5,10.0
ITEM-0003253,ORD-001834,204,1,24.0,6.0,24.0,6.0
ITEM-0003254,ORD-001835,302,1,45.0,15.0,45.0,15.0
ITEM-0003255,ORD-001835,103,1,89.99,36.0,89.99,36.0
ITEM-0003256,ORD-001835,502,1,22.99,5.5,22.99,5.5
ITEM-0003257,ORD-001835,303,1,24.99,7.5,24.99,7.5
ITEM-0003258,ORD-001836,305,2,59.99,20.0,119.98,40.0
ITEM-0003259,ORD-001837,307,1,29.99,8.0,29.99,8.0
ITEM-0003260,ORD-001838,108,1,29.99,9.5,29.99,9.5
ITEM-0003261,ORD-001839,304,1,39.99,14.0,39.99,14.0
ITEM-0003262,ORD-001839,106,2,179.99,70.0,359.98,140.0
ITEM-0003263,ORD-001840,203,1,120.0,42.0,120.0,42.0
ITEM-0003264,ORD-001841,302,1,45.0,15.0,45.0,15.0
ITEM-0003265,ORD-001842,501,1,42.0,13.0,42.0,13.0
ITEM-0003266,ORD-001843,108,1,29.99,9.5,29.99,9.5
ITEM-0003267,ORD-001843,402,1,34.0,8.5,34.0,8.5
ITEM-0003268,ORD-001844,304,1,39.99,14.0,39.99,14.0
ITEM-0003269,ORD-001845,106,1,179.99,70.0,179.99,70.0
ITEM-0003270,ORD-001846,302,1,45.0,15.0,45.0,15.0
ITEM-0003271,ORD-001847,302,1,45.0,15.0,45.0,15.0
ITEM-0003272,ORD-001847,306,1,32.5,10.0,32.5,10.0
ITEM-0003273,ORD-001848,305,1,59.99,20.0,59.99,20.0
ITEM-0003274,ORD-001848,106,1,179.99,70.0,179.99,70.0
ITEM-0003275,ORD-001849,101,1,199.99,85.0,199.99,85.0
ITEM-0003276,ORD-001849,108,1,29.99,9.5,29.99,9.5
ITEM-0003277,ORD-001850,101,1,199.99,85.0,199.99,85.0
ITEM-0003278,ORD-001850,108,1,29.99,9.5,29.99,9.5
ITEM-0003279,ORD-001851,502,1,22.99,5.5,22.99,5.5
ITEM-0003280,ORD-001851,402,1,34.0,8.5,34.0,8.5
ITEM-0003281,ORD-001852,302,1,45.0,15.0,45.0,15.0
ITEM-0003282,ORD-001852,201,2,28.0,8.5,56.0,17.0
ITEM-0003283,ORD-001853,306,1,32.5,10.0,32.5,10.0
ITEM-0003284,ORD-001854,303,1,24.99,7.5,24.99,7.5
ITEM-0003285,ORD-001854,504,1,16.99,4.2,16.99,4.2
ITEM-0003286,ORD-001854,302,1,45.0,15.0,45.0,15.0
ITEM-0003287,ORD-001855,302,1,45.0,15.0,45.0,15.0
ITEM-0003288,ORD-001855,307,1,29.99,8.0,29.99,8.0
ITEM-0003289,ORD-001856,306,1,32.5,10.0,32.5,10.0
ITEM-0003290,ORD-001856,102,1,49.99,18.0,49.99,18.0
ITEM-0003291,ORD-001857,301,1,289.0,130.0,289.0,130.0
ITEM-0003292,ORD-001858,105,1,39.99,12.0,39.99,12.0
ITEM-0003293,ORD-001858,501,1,42.0,13.0,42.0,13.0
ITEM-0003294,ORD-001859,306,2,32.5,10.0,65.0,20.0
ITEM-0003295,ORD-001860,303,1,24.99,7.5,24.99,7.5
ITEM-0003296,ORD-001860,203,1,120.0,42.0,120.0,42.0
ITEM-0003297,ORD-001860,105,2,39.99,12.0,79.98,24.0
ITEM-0003298,ORD-001861,502,1,22.99,5.5,22.99,5.5
ITEM-0003299,ORD-001861,501,1,42.0,13.0,42.0,13.0
ITEM-0003300,ORD-001862,201,1,28.0,8.5,28.0,8.5
ITEM-0003301,ORD-001863,301,1,289.0,130.0,289.0,130.0
ITEM-0003302,ORD-001863,302,1,45.0,15.0,45.0,15.0
ITEM-0003303,ORD-001864,302,1,45.0,15.0,45.0,15.0
ITEM-0003304,ORD-001864,108,1,29.99,9.5,29.99,9.5
ITEM-0003305,ORD-001865,107,1,59.99,22.0,59.99,22.0
ITEM-0003306,ORD-001866,402,1,34.0,8.5,34.0,8.5
ITEM-0003307,ORD-001867,401,1,26.0,6.0,26.0,6.0
ITEM-0003308,ORD-001867,402,1,34.0,8.5,34.0,8.5
ITEM-0003309,ORD-001868,201,1,28.0,8.5,28.0,8.5
ITEM-0003310,ORD-001868,106,1,179.99,70.0,179.99,70.0
ITEM-0003311,ORD-001869,503,1,48.0,15.0,48.0,15.0
ITEM-0003312,ORD-001869,205,1,54.0,16.0,54.0,16.0
ITEM-0003313,ORD-001870,201,1,28.0,8.5,28.0,8.5
ITEM-0003314,ORD-001870,108,2,29.99,9.5,59.98,19.0
ITEM-0003315,ORD-001871,103,1,89.99,36.0,89.99,36.0
ITEM-0003316,ORD-001871,204,1,24.0,6.0,24.0,6.0
ITEM-0003317,ORD-001871,205,2,54.0,16.0,108.0,32.0
ITEM-0003318,ORD-001872,101,1,199.99,85.0,199.99,85.0
ITEM-0003319,ORD-001873,105,1,39.99,12.0,39.99,12.0
ITEM-0003320,ORD-001874,103,1,89.99,36.0,89.99,36.0
ITEM-0003321,ORD-001874,504,1,16.99,4.2,16.99,4.2
ITEM-0003322,ORD-001875,102,1,49.99,18.0,49.99,18.0
ITEM-0003323,ORD-001875,505,1,75.0,24.0,75.0,24.0
ITEM-0003324,ORD-001876,101,1,199.99,85.0,199.99,85.0
ITEM-0003325,ORD-001876,108,2,29.99,9.5,59.98,19.0
ITEM-0003326,ORD-001876,107,1,59.99,22.0,59.99,22.0
ITEM-0003327,ORD-001877,104,1,349.99,175.0,349.99,175.0
ITEM-0003328,ORD-001877,103,3,89.99,36.0,269.97,108.0
ITEM-0003329,ORD-001878,403,1,22.0,5.2,22.0,5.2
ITEM-0003330,ORD-001879,104,1,349.99,175.0,349.99,175.0
ITEM-0003331,ORD-001880,303,1,24.99,7.5,24.99,7.5
ITEM-0003332,ORD-001880,302,2,45.0,15.0,90.0,30.0
ITEM-0003333,ORD-001881,301,1,289.0,130.0,289.0,130.0
ITEM-0003334,ORD-001881,302,1,45.0,15.0,45.0,15.0
ITEM-0003335,ORD-001882,503,1,48.0,15.0,48.0,15.0
ITEM-0003336,ORD-001882,307,1,29.99,8.0,29.99,8.0
ITEM-0003337,ORD-001882,301,1,289.0,130.0,289.0,130.0
ITEM-0003338,ORD-001883,205,1,54.0,16.0,54.0,16.0
ITEM-0003339,ORD-001883,107,1,59.99,22.0,59.99,22.0
ITEM-0003340,ORD-001884,108,2,29.99,9.5,59.98,19.0
ITEM-0003341,ORD-001885,401,1,26.0,6.0,26.0,6.0
ITEM-0003342,ORD-001886,505,2,75.0,24.0,150.0,48.0
ITEM-0003343,ORD-001887,201,1,28.0,8.5,28.0,8.5
ITEM-0003344,ORD-001887,102,1,49.99,18.0,49.99,18.0
ITEM-0003345,ORD-001888,307,1,29.99,8.0,29.99,8.0
ITEM-0003346,ORD-001888,103,1,89.99,36.0,89.99,36.0
ITEM-0003347,ORD-001889,403,1,22.0,5.2,22.0,5.2
ITEM-0003348,ORD-001889,304,1,39.99,14.0,39.99,14.0
ITEM-0003349,ORD-001890,202,1,68.0,22.0,68.0,22.0
ITEM-0003350,ORD-001891,405,1,18.0,4.0,18.0,4.0
ITEM-0003351,ORD-001891,102,1,49.99,18.0,49.99,18.0
ITEM-0003352,ORD-001891,104,1,349.99,175.0,349.99,175.0
ITEM-0003353,ORD-001892,107,1,59.99,22.0,59.99,22.0
ITEM-0003354,ORD-001892,104,1,349.99,175.0,349.99,175.0
ITEM-0003355,ORD-001893,403,2,22.0,5.2,44.0,10.4
ITEM-0003356,ORD-001893,101,3,199.99,85.0,599.97,255.0
ITEM-0003357,ORD-001894,402,1,34.0,8.5,34.0,8.5
ITEM-0003358,ORD-001894,403,1,22.0,5.2,22.0,5.2
ITEM-0003359,ORD-001894,204,1,24.0,6.0,24.0,6.0
ITEM-0003360,ORD-001895,202,1,68.0,22.0,68.0,22.0
ITEM-0003361,ORD-001895,102,1,49.99,18.0,49.99,18.0
ITEM-0003362,ORD-001896,502,1,22.99,5.5,22.99,5.5
ITEM-0003363,ORD-001896,505,2,75.0,24.0,150.0,48.0
ITEM-0003364,ORD-001896,302,1,45.0,15.0,45.0,15.0
ITEM-0003365,ORD-001896,304,1,39.99,14.0,39.99,14.0
ITEM-0003366,ORD-001897,503,1,48.0,15.0,48.0,15.0
ITEM-0003367,ORD-001897,501,1,42.0,13.0,42.0,13.0
ITEM-0003368,ORD-001898,202,1,68.0,22.0,68.0,22.0
ITEM-0003369,ORD-001899,305,1,59.99,20.0,59.99,20.0
ITEM-0003370,ORD-001899,102,1,49.99,18.0,49.99,18.0
ITEM-0003371,ORD-001900,108,1,29.99,9.5,29.99,9.5
ITEM-0003372,ORD-001901,505,1,75.0,24.0,75.0,24.0
ITEM-0003373,ORD-001902,504,1,16.99,4.2,16.99,4.2
ITEM-0003374,ORD-001902,304,1,39.99,14.0,39.99,14.0
ITEM-0003375,ORD-001902,501,1,42.0,13.0,42.0,13.0
ITEM-0003376,ORD-001903,108,3,29.99,9.5,89.97,28.5
ITEM-0003377,ORD-001904,401,1,26.0,6.0,26.0,6.0
ITEM-0003378,ORD-001904,402,1,34.0,8.5,34.0,8.5
ITEM-0003379,ORD-001905,205,1,54.0,16.0,54.0,16.0
ITEM-0003380,ORD-001906,104,1,349.99,175.0,349.99,175.0
ITEM-0003381,ORD-001907,203,1,120.0,42.0,120.0,42.0
ITEM-0003382,ORD-001907,108,1,29.99,9.5,29.99,9.5
ITEM-0003383,ORD-001908,307,1,29.99,8.0,29.99,8.0
ITEM-0003384,ORD-001909,404,1,64.99,21.0,64.99,21.0
ITEM-0003385,ORD-001910,402,1,34.0,8.5,34.0,8.5
ITEM-0003386,ORD-001911,303,1,24.99,7.5,24.99,7.5
ITEM-0003387,ORD-001911,307,1,29.99,8.0,29.99,8.0
ITEM-0003388,ORD-001911,104,1,349.99,175.0,349.99,175.0
ITEM-0003389,ORD-001911,306,1,32.5,10.0,32.5,10.0
ITEM-0003390,ORD-001912,303,1,24.99,7.5,24.99,7.5
ITEM-0003391,ORD-001913,202,2,68.0,22.0,136.0,44.0
ITEM-0003392,ORD-001913,405,2,18.0,4.0,36.0,8.0
ITEM-0003393,ORD-001914,201,1,28.0,8.5,28.0,8.5
ITEM-0003394,ORD-001914,103,1,89.99,36.0,89.99,36.0
ITEM-0003395,ORD-001914,105,1,39.99,12.0,39.99,12.0
ITEM-0003396,ORD-001915,108,2,29.99,9.5,59.98,19.0
ITEM-0003397,ORD-001916,403,1,22.0,5.2,22.0,5.2
ITEM-0003398,ORD-001917,202,1,68.0,22.0,68.0,22.0
ITEM-0003399,ORD-001918,201,2,28.0,8.5,56.0,17.0
ITEM-0003400,ORD-001919,502,1,22.99,5.5,22.99,5.5
ITEM-0003401,ORD-001920,405,1,18.0,4.0,18.0,4.0
ITEM-0003402,ORD-001920,101,1,199.99,85.0,199.99,85.0
ITEM-0003403,ORD-001920,106,1,179.99,70.0,179.99,70.0
ITEM-0003404,ORD-001921,302,1,45.0,15.0,45.0,15.0
ITEM-0003405,ORD-001922,104,1,349.99,175.0,349.99,175.0
ITEM-0003406,ORD-001923,104,1,349.99,175.0,349.99,175.0
ITEM-0003407,ORD-001923,306,1,32.5,10.0,32.5,10.0
ITEM-0003408,ORD-001923,206,1,45.0,11.0,45.0,11.0
ITEM-0003409,ORD-001924,307,1,29.99,8.0,29.99,8.0
ITEM-0003410,ORD-001924,403,1,22.0,5.2,22.0,5.2
ITEM-0003411,ORD-001925,502,1,22.99,5.5,22.99,5.5
ITEM-0003412,ORD-001926,105,1,39.99,12.0,39.99,12.0
ITEM-0003413,ORD-001927,104,2,349.99,175.0,699.98,350.0
ITEM-0003414,ORD-001927,102,1,49.99,18.0,49.99,18.0
ITEM-0003415,ORD-001928,201,2,28.0,8.5,56.0,17.0
ITEM-0003416,ORD-001929,504,1,16.99,4.2,16.99,4.2
ITEM-0003417,ORD-001930,301,2,289.0,130.0,578.0,260.0
ITEM-0003418,ORD-001931,503,1,48.0,15.0,48.0,15.0
ITEM-0003419,ORD-001932,107,1,59.99,22.0,59.99,22.0
ITEM-0003420,ORD-001933,503,1,48.0,15.0,48.0,15.0
ITEM-0003421,ORD-001934,503,1,48.0,15.0,48.0,15.0
ITEM-0003422,ORD-001934,108,2,29.99,9.5,59.98,19.0
ITEM-0003423,ORD-001934,301,1,289.0,130.0,289.0,130.0
ITEM-0003424,ORD-001935,404,2,64.99,21.0,129.98,42.0
ITEM-0003425,ORD-001935,504,1,16.99,4.2,16.99,4.2
ITEM-0003426,ORD-001936,306,1,32.5,10.0,32.5,10.0
ITEM-0003427,ORD-001937,206,1,45.0,11.0,45.0,11.0
ITEM-0003428,ORD-001938,303,1,24.99,7.5,24.99,7.5
ITEM-0003429,ORD-001938,206,1,45.0,11.0,45.0,11.0
ITEM-0003430,ORD-001939,203,1,120.0,42.0,120.0,42.0
ITEM-0003431,ORD-001940,107,1,59.99,22.0,59.99,22.0
ITEM-0003432,ORD-001941,303,1,24.99,7.5,24.99,7.5
ITEM-0003433,ORD-001941,403,2,22.0,5.2,44.0,10.4
ITEM-0003434,ORD-001942,504,1,16.99,4.2,16.99,4.2
ITEM-0003435,ORD-001942,102,1,49.99,18.0,49.99,18.0
ITEM-0003436,ORD-001943,303,1,24.99,7.5,24.99,7.5
ITEM-0003437,ORD-001944,304,1,39.99,14.0,39.99,14.0
ITEM-0003438,ORD-001945,103,2,89.99,36.0,179.98,72.0
ITEM-0003439,ORD-001946,501,3,42.0,13.0,126.0,39.0
ITEM-0003440,ORD-001947,402,1,34.0,8.5,34.0,8.5
ITEM-0003441,ORD-001947,307,1,29.99,8.0,29.99,8.0
ITEM-0003442,ORD-001948,106,1,179.99,70.0,179.99,70.0
ITEM-0003443,ORD-001948,204,1,24.0,6.0,24.0,6.0
ITEM-0003444,ORD-001948,403,1,22.0,5.2,22.0,5.2
ITEM-0003445,ORD-001949,107,1,59.99,22.0,59.99,22.0
ITEM-0003446,ORD-001949,103,1,89.99,36.0,89.99,36.0
ITEM-0003447,ORD-001949,402,1,34.0,8.5,34.0,8.5
ITEM-0003448,ORD-001950,204,1,24.0,6.0,24.0,6.0
ITEM-0003449,ORD-001950,202,1,68.0,22.0,68.0,22.0
ITEM-0003450,ORD-001951,103,1,89.99,36.0,89.99,36.0
ITEM-0003451,ORD-001952,202,1,68.0,22.0,68.0,22.0
ITEM-0003452,ORD-001953,305,1,59.99,20.0,59.99,20.0
ITEM-0003453,ORD-001954,303,1,24.99,7.5,24.99,7.5
ITEM-0003454,ORD-001954,202,3,68.0,22.0,204.0,66.0
ITEM-0003455,ORD-001955,204,1,24.0,6.0,24.0,6.0
ITEM-0003456,ORD-001956,108,1,29.99,9.5,29.99,9.5
ITEM-0003457,ORD-001956,302,2,45.0,15.0,90.0,30.0
ITEM-0003458,ORD-001957,403,1,22.0,5.2,22.0,5.2
ITEM-0003459,ORD-001958,304,1,39.99,14.0,39.99,14.0
ITEM-0003460,ORD-001959,104,3,349.99,175.0,1049.97,525.0
ITEM-0003461,ORD-001960,502,1,22.99,5.5,22.99,5.5
ITEM-0003462,ORD-001960,503,1,48.0,15.0,48.0,15.0
ITEM-0003463,ORD-001960,106,1,179.99,70.0,179.99,70.0
ITEM-0003464,ORD-001961,101,1,199.99,85.0,199.99,85.0
ITEM-0003465,ORD-001962,301,1,289.0,130.0,289.0,130.0
ITEM-0003466,ORD-001962,302,1,45.0,15.0,45.0,15.0
ITEM-0003467,ORD-001963,501,1,42.0,13.0,42.0,13.0
ITEM-0003468,ORD-001963,502,1,22.99,5.5,22.99,5.5
ITEM-0003469,ORD-001964,502,2,22.99,5.5,45.98,11.0
ITEM-0003470,ORD-001965,103,2,89.99,36.0,179.98,72.0
ITEM-0003471,ORD-001966,105,1,39.99,12.0,39.99,12.0
ITEM-0003472,ORD-001967,301,1,289.0,130.0,289.0,130.0
ITEM-0003473,ORD-001967,302,1,45.0,15.0,45.0,15.0
ITEM-0003474,ORD-001967,503,1,48.0,15.0,48.0,15.0
ITEM-0003475,ORD-001967,502,1,22.99,5.5,22.99,5.5
ITEM-0003476,ORD-001968,307,1,29.99,8.0,29.99,8.0
ITEM-0003477,ORD-001968,105,1,39.99,12.0,39.99,12.0
ITEM-0003478,ORD-001969,106,1,179.99,70.0,179.99,70.0
ITEM-0003479,ORD-001969,405,3,18.0,4.0,54.0,12.0
ITEM-0003480,ORD-001970,305,1,59.99,20.0,59.99,20.0
ITEM-0003481,ORD-001971,302,1,45.0,15.0,45.0,15.0
ITEM-0003482,ORD-001971,106,1,179.99,70.0,179.99,70.0
ITEM-0003483,ORD-001972,405,1,18.0,4.0,18.0,4.0
ITEM-0003484,ORD-001972,107,1,59.99,22.0,59.99,22.0
ITEM-0003485,ORD-001973,302,1,45.0,15.0,45.0,15.0
ITEM-0003486,ORD-001974,101,1,199.99,85.0,199.99,85.0
ITEM-0003487,ORD-001974,108,1,29.99,9.5,29.99,9.5
ITEM-0003488,ORD-001974,205,1,54.0,16.0,54.0,16.0
ITEM-0003489,ORD-001975,501,1,42.0,13.0,42.0,13.0
ITEM-0003490,ORD-001975,502,1,22.99,5.5,22.99,5.5
ITEM-0003491,ORD-001976,401,1,26.0,6.0,26.0,6.0
ITEM-0003492,ORD-001977,204,1,24.0,6.0,24.0,6.0
ITEM-0003493,ORD-001978,105,1,39.99,12.0,39.99,12.0
ITEM-0003494,ORD-001979,101,3,199.99,85.0,599.97,255.0
ITEM-0003495,ORD-001979,107,1,59.99,22.0,59.99,22.0
ITEM-0003496,ORD-001979,303,1,24.99,7.5,24.99,7.5
ITEM-0003497,ORD-001980,505,1,75.0,24.0,75.0,24.0
ITEM-0003498,ORD-001981,206,1,45.0,11.0,45.0,11.0
ITEM-0003499,ORD-001982,103,1,89.99,36.0,89.99,36.0
ITEM-0003500,ORD-001982,303,2,24.99,7.5,49.98,15.0
ITEM-0003501,ORD-001983,402,1,34.0,8.5,34.0,8.5
ITEM-0003502,ORD-001983,105,1,39.99,12.0,39.99,12.0
ITEM-0003503,ORD-001984,302,1,45.0,15.0,45.0,15.0
ITEM-0003504,ORD-001985,108,1,29.99,9.5,29.99,9.5
ITEM-0003505,ORD-001986,503,1,48.0,15.0,48.0,15.0
ITEM-0003506,ORD-001986,404,1,64.99,21.0,64.99,21.0
ITEM-0003507,ORD-001986,306,1,32.5,10.0,32.5,10.0
ITEM-0003508,ORD-001986,204,1,24.0,6.0,24.0,6.0
ITEM-0003509,ORD-001987,401,1,26.0,6.0,26.0,6.0
ITEM-0003510,ORD-001987,402,1,34.0,8.5,34.0,8.5
ITEM-0003511,ORD-001987,405,1,18.0,4.0,18.0,4.0
ITEM-0003512,ORD-001987,301,1,289.0,130.0,289.0,130.0
ITEM-0003513,ORD-001988,107,1,59.99,22.0,59.99,22.0
ITEM-0003514,ORD-001988,202,1,68.0,22.0,68.0,22.0
ITEM-0003515,ORD-001989,404,1,64.99,21.0,64.99,21.0
ITEM-0003516,ORD-001990,103,1,89.99,36.0,89.99,36.0
ITEM-0003517,ORD-001991,102,1,49.99,18.0,49.99,18.0
ITEM-0003518,ORD-001992,505,1,75.0,24.0,75.0,24.0
ITEM-0003519,ORD-001993,103,1,89.99,36.0,89.99,36.0
ITEM-0003520,ORD-001993,206,2,45.0,11.0,90.0,22.0
ITEM-0003521,ORD-001993,404,2,64.99,21.0,129.98,42.0
ITEM-0003522,ORD-001993,107,1,59.99,22.0,59.99,22.0
ITEM-0003523,ORD-001994,303,1,24.99,7.5,24.99,7.5
ITEM-0003524,ORD-001994,307,1,29.99,8.0,29.99,8.0
ITEM-0003525,ORD-001994,204,1,24.0,6.0,24.0,6.0
ITEM-0003526,ORD-001995,502,1,22.99,5.5,22.99,5.5
ITEM-0003527,ORD-001995,107,2,59.99,22.0,119.98,44.0
ITEM-0003528,ORD-001996,206,1,45.0,11.0,45.0,11.0
ITEM-0003529,ORD-001997,203,1,120.0,42.0,120.0,42.0
ITEM-0003530,ORD-001998,301,2,289.0,130.0,578.0,260.0
ITEM-0003531,ORD-001999,105,1,39.99,12.0,39.99,12.0
ITEM-0003532,ORD-001999,305,1,59.99,20.0,59.99,20.0
ITEM-0003533,ORD-002000,505,1,75.0,24.0,75.0,24.0
ITEM-0003534,ORD-002001,405,1,18.0,4.0,18.0,4.0
ITEM-0003535,ORD-002001,505,1,75.0,24.0,75.0,24.0
ITEM-0003536,ORD-002002,203,2,120.0,42.0,240.0,84.0
ITEM-0003537,ORD-002002,404,1,64.99,21.0,64.99,21.0
ITEM-0003538,ORD-002003,404,1,64.99,21.0,64.99,21.0
ITEM-0003539,ORD-002004,405,1,18.0,4.0,18.0,4.0
ITEM-0003540,ORD-002005,204,1,24.0,6.0,24.0,6.0
ITEM-0003541,ORD-002006,505,1,75.0,24.0,75.0,24.0
ITEM-0003542,ORD-002006,303,1,24.99,7.5,24.99,7.5
ITEM-0003543,ORD-002007,501,1,42.0,13.0,42.0,13.0
ITEM-0003544,ORD-002008,204,1,24.0,6.0,24.0,6.0
ITEM-0003545,ORD-002009,103,1,89.99,36.0,89.99,36.0
ITEM-0003546,ORD-002009,305,1,59.99,20.0,59.99,20.0
ITEM-0003547,ORD-002009,302,3,45.0,15.0,135.0,45.0
ITEM-0003548,ORD-002010,204,1,24.0,6.0,24.0,6.0
ITEM-0003549,ORD-002011,205,1,54.0,16.0,54.0,16.0
ITEM-0003550,ORD-002012,305,1,59.99,20.0,59.99,20.0
ITEM-0003551,ORD-002012,107,1,59.99,22.0,59.99,22.0
ITEM-0003552,ORD-002012,403,1,22.0,5.2,22.0,5.2
ITEM-0003553,ORD-002013,203,2,120.0,42.0,240.0,84.0
ITEM-0003554,ORD-002013,402,1,34.0,8.5,34.0,8.5
ITEM-0003555,ORD-002013,205,3,54.0,16.0,162.0,48.0
ITEM-0003556,ORD-002014,107,2,59.99,22.0,119.98,44.0
ITEM-0003557,ORD-002015,502,1,22.99,5.5,22.99,5.5
ITEM-0003558,ORD-002016,302,1,45.0,15.0,45.0,15.0
ITEM-0003559,ORD-002017,103,1,89.99,36.0,89.99,36.0
ITEM-0003560,ORD-002018,105,2,39.99,12.0,79.98,24.0
ITEM-0003561,ORD-002019,402,1,34.0,8.5,34.0,8.5
ITEM-0003562,ORD-002019,307,2,29.99,8.0,59.98,16.0
ITEM-0003563,ORD-002020,102,1,49.99,18.0,49.99,18.0
ITEM-0003564,ORD-002020,205,2,54.0,16.0,108.0,32.0
ITEM-0003565,ORD-002020,203,2,120.0,42.0,240.0,84.0
ITEM-0003566,ORD-002020,502,1,22.99,5.5,22.99,5.5
ITEM-0003567,ORD-002021,101,1,199.99,85.0,199.99,85.0
ITEM-0003568,ORD-002022,502,1,22.99,5.5,22.99,5.5
ITEM-0003569,ORD-002023,108,1,29.99,9.5,29.99,9.5
ITEM-0003570,ORD-002024,107,1,59.99,22.0,59.99,22.0
ITEM-0003571,ORD-002025,103,1,89.99,36.0,89.99,36.0
ITEM-0003572,ORD-002026,104,1,349.99,175.0,349.99,175.0
ITEM-0003573,ORD-002027,304,1,39.99,14.0,39.99,14.0
ITEM-0003574,ORD-002028,402,1,34.0,8.5,34.0,8.5
ITEM-0003575,ORD-002029,402,1,34.0,8.5,34.0,8.5
ITEM-0003576,ORD-002030,305,1,59.99,20.0,59.99,20.0
ITEM-0003577,ORD-002030,205,1,54.0,16.0,54.0,16.0
ITEM-0003578,ORD-002030,404,2,64.99,21.0,129.98,42.0
ITEM-0003579,ORD-002031,305,2,59.99,20.0,119.98,40.0
ITEM-0003580,ORD-002031,105,1,39.99,12.0,39.99,12.0
ITEM-0003581,ORD-002032,201,2,28.0,8.5,56.0,17.0
ITEM-0003582,ORD-002032,303,1,24.99,7.5,24.99,7.5
ITEM-0003583,ORD-002032,402,2,34.0,8.5,68.0,17.0
ITEM-0003584,ORD-002033,205,1,54.0,16.0,54.0,16.0
ITEM-0003585,ORD-002034,107,1,59.99,22.0,59.99,22.0
ITEM-0003586,ORD-002035,404,1,64.99,21.0,64.99,21.0
ITEM-0003587,ORD-002036,204,1,24.0,6.0,24.0,6.0
ITEM-0003588,ORD-002037,204,1,24.0,6.0,24.0,6.0
ITEM-0003589,ORD-002038,201,1,28.0,8.5,28.0,8.5
ITEM-0003590,ORD-002039,402,1,34.0,8.5,34.0,8.5
ITEM-0003591,ORD-002040,205,1,54.0,16.0,54.0,16.0
ITEM-0003592,ORD-002041,105,1,39.99,12.0,39.99,12.0
ITEM-0003593,ORD-002042,104,1,349.99,175.0,349.99,175.0
ITEM-0003594,ORD-002042,105,1,39.99,12.0,39.99,12.0
ITEM-0003595,ORD-002043,301,1,289.0,130.0,289.0,130.0
ITEM-0003596,ORD-002044,501,1,42.0,13.0,42.0,13.0
ITEM-0003597,ORD-002045,303,1,24.99,7.5,24.99,7.5
ITEM-0003598,ORD-002045,205,2,54.0,16.0,108.0,32.0
ITEM-0003599,ORD-002045,307,1,29.99,8.0,29.99,8.0
ITEM-0003600,ORD-002046,302,1,45.0,15.0,45.0,15.0
ITEM-0003601,ORD-002047,104,1,349.99,175.0,349.99,175.0
ITEM-0003602,ORD-002047,103,1,89.99,36.0,89.99,36.0
ITEM-0003603,ORD-002048,108,1,29.99,9.5,29.99,9.5
ITEM-0003604,ORD-002048,303,1,24.99,7.5,24.99,7.5
ITEM-0003605,ORD-002049,104,1,349.99,175.0,349.99,175.0
ITEM-0003606,ORD-002050,304,1,39.99,14.0,39.99,14.0
ITEM-0003607,ORD-002050,303,1,24.99,7.5,24.99,7.5
ITEM-0003608,ORD-002051,205,1,54.0,16.0,54.0,16.0
ITEM-0003609,ORD-002051,305,3,59.99,20.0,179.97,60.0
ITEM-0003610,ORD-002051,107,2,59.99,22.0,119.98,44.0
ITEM-0003611,ORD-002051,501,1,42.0,13.0,42.0,13.0
ITEM-0003612,ORD-002052,305,2,59.99,20.0,119.98,40.0
ITEM-0003613,ORD-002053,106,1,179.99,70.0,179.99,70.0
ITEM-0003614,ORD-002054,303,1,24.99,7.5,24.99,7.5
ITEM-0003615,ORD-002055,304,1,39.99,14.0,39.99,14.0
ITEM-0003616,ORD-002056,301,2,289.0,130.0,578.0,260.0
ITEM-0003617,ORD-002056,106,3,179.99,70.0,539.97,210.0
ITEM-0003618,ORD-002057,401,3,26.0,6.0,78.0,18.0
ITEM-0003619,ORD-002057,403,2,22.0,5.2,44.0,10.4
ITEM-0003620,ORD-002058,305,1,59.99,20.0,59.99,20.0
ITEM-0003621,ORD-002059,301,1,289.0,130.0,289.0,130.0
ITEM-0003622,ORD-002060,307,1,29.99,8.0,29.99,8.0
ITEM-0003623,ORD-002060,105,2,39.99,12.0,79.98,24.0
ITEM-0003624,ORD-002060,107,1,59.99,22.0,59.99,22.0
ITEM-0003625,ORD-002061,301,1,289.0,130.0,289.0,130.0
ITEM-0003626,ORD-002062,302,1,45.0,15.0,45.0,15.0
ITEM-0003627,ORD-002063,104,1,349.99,175.0,349.99,175.0
ITEM-0003628,ORD-002063,105,1,39.99,12.0,39.99,12.0
ITEM-0003629,ORD-002063,203,1,120.0,42.0,120.0,42.0
ITEM-0003630,ORD-002064,401,2,26.0,6.0,52.0,12.0
ITEM-0003631,ORD-002065,402,2,34.0,8.5,68.0,17.0
ITEM-0003632,ORD-002066,305,1,59.99,20.0,59.99,20.0
ITEM-0003633,ORD-002067,107,1,59.99,22.0,59.99,22.0
ITEM-0003634,ORD-002067,304,1,39.99,14.0,39.99,14.0
ITEM-0003635,ORD-002067,201,1,28.0,8.5,28.0,8.5
ITEM-0003636,ORD-002068,206,1,45.0,11.0,45.0,11.0
ITEM-0003637,ORD-002069,503,1,48.0,15.0,48.0,15.0
ITEM-0003638,ORD-002070,306,1,32.5,10.0,32.5,10.0
ITEM-0003639,ORD-002071,108,1,29.99,9.5,29.99,9.5
ITEM-0003640,ORD-002071,101,2,199.99,85.0,399.98,170.0
ITEM-0003641,ORD-002071,104,2,349.99,175.0,699.98,350.0
ITEM-0003642,ORD-002072,104,1,349.99,175.0,349.99,175.0
ITEM-0003643,ORD-002072,103,1,89.99,36.0,89.99,36.0
ITEM-0003644,ORD-002073,101,1,199.99,85.0,199.99,85.0
ITEM-0003645,ORD-002073,107,1,59.99,22.0,59.99,22.0
ITEM-0003646,ORD-002074,205,1,54.0,16.0,54.0,16.0
ITEM-0003647,ORD-002075,503,1,48.0,15.0,48.0,15.0
ITEM-0003648,ORD-002076,103,1,89.99,36.0,89.99,36.0
ITEM-0003649,ORD-002077,202,1,68.0,22.0,68.0,22.0
ITEM-0003650,ORD-002078,307,1,29.99,8.0,29.99,8.0
ITEM-0003651,ORD-002079,304,1,39.99,14.0,39.99,14.0
ITEM-0003652,ORD-002079,302,2,45.0,15.0,90.0,30.0
ITEM-0003653,ORD-002080,504,1,16.99,4.2,16.99,4.2
ITEM-0003654,ORD-002081,101,1,199.99,85.0,199.99,85.0
ITEM-0003655,ORD-002081,108,1,29.99,9.5,29.99,9.5
ITEM-0003656,ORD-002081,107,1,59.99,22.0,59.99,22.0
ITEM-0003657,ORD-002081,304,2,39.99,14.0,79.98,28.0
ITEM-0003658,ORD-002082,202,1,68.0,22.0,68.0,22.0
ITEM-0003659,ORD-002083,202,1,68.0,22.0,68.0,22.0
ITEM-0003660,ORD-002084,103,2,89.99,36.0,179.98,72.0
ITEM-0003661,ORD-002085,306,1,32.5,10.0,32.5,10.0
ITEM-0003662,ORD-002085,405,1,18.0,4.0,18.0,4.0
ITEM-0003663,ORD-002086,302,1,45.0,15.0,45.0,15.0
ITEM-0003664,ORD-002087,504,1,16.99,4.2,16.99,4.2
ITEM-0003665,ORD-002087,202,1,68.0,22.0,68.0,22.0
ITEM-0003666,ORD-002087,205,1,54.0,16.0,54.0,16.0
ITEM-0003667,ORD-002088,403,1,22.0,5.2,22.0,5.2
ITEM-0003668,ORD-002089,403,1,22.0,5.2,22.0,5.2
ITEM-0003669,ORD-002089,303,1,24.99,7.5,24.99,7.5
ITEM-0003670,ORD-002089,502,1,22.99,5.5,22.99,5.5
ITEM-0003671,ORD-002090,405,1,18.0,4.0,18.0,4.0
ITEM-0003672,ORD-002090,103,1,89.99,36.0,89.99,36.0
ITEM-0003673,ORD-002090,102,1,49.99,18.0,49.99,18.0
ITEM-0003674,ORD-002091,307,1,29.99,8.0,29.99,8.0
ITEM-0003675,ORD-002092,405,1,18.0,4.0,18.0,4.0
ITEM-0003676,ORD-002093,206,2,45.0,11.0,90.0,22.0
ITEM-0003677,ORD-002094,106,1,179.99,70.0,179.99,70.0
ITEM-0003678,ORD-002094,302,1,45.0,15.0,45.0,15.0
ITEM-0003679,ORD-002094,306,1,32.5,10.0,32.5,10.0
ITEM-0003680,ORD-002095,102,3,49.99,18.0,149.97,54.0
ITEM-0003681,ORD-002096,107,1,59.99,22.0,59.99,22.0
ITEM-0003682,ORD-002097,403,1,22.0,5.2,22.0,5.2
ITEM-0003683,ORD-002097,301,1,289.0,130.0,289.0,130.0
ITEM-0003684,ORD-002097,501,1,42.0,13.0,42.0,13.0
ITEM-0003685,ORD-002098,302,2,45.0,15.0,90.0,30.0
ITEM-0003686,ORD-002098,301,1,289.0,130.0,289.0,130.0
ITEM-0003687,ORD-002098,402,1,34.0,8.5,34.0,8.5
ITEM-0003688,ORD-002099,502,1,22.99,5.5,22.99,5.5
ITEM-0003689,ORD-002099,106,1,179.99,70.0,179.99,70.0
ITEM-0003690,ORD-002099,404,1,64.99,21.0,64.99,21.0
ITEM-0003691,ORD-002100,106,2,179.99,70.0,359.98,140.0
ITEM-0003692,ORD-002100,202,3,68.0,22.0,204.0,66.0
ITEM-0003693,ORD-002101,302,1,45.0,15.0,45.0,15.0
ITEM-0003694,ORD-002102,102,1,49.99,18.0,49.99,18.0
ITEM-0003695,ORD-002103,302,1,45.0,15.0,45.0,15.0
ITEM-0003696,ORD-002104,104,1,349.99,175.0,349.99,175.0
ITEM-0003697,ORD-002104,103,1,89.99,36.0,89.99,36.0
ITEM-0003698,ORD-002104,102,1,49.99,18.0,49.99,18.0
ITEM-0003699,ORD-002105,205,2,54.0,16.0,108.0,32.0
ITEM-0003700,ORD-002105,307,1,29.99,8.0,29.99,8.0
ITEM-0003701,ORD-002105,405,1,18.0,4.0,18.0,4.0
ITEM-0003702,ORD-002106,105,1,39.99,12.0,39.99,12.0
ITEM-0003703,ORD-002106,104,2,349.99,175.0,699.98,350.0
ITEM-0003704,ORD-002106,502,1,22.99,5.5,22.99,5.5
ITEM-0003705,ORD-002107,305,2,59.99,20.0,119.98,40.0
ITEM-0003706,ORD-002107,202,1,68.0,22.0,68.0,22.0
ITEM-0003707,ORD-002108,501,1,42.0,13.0,42.0,13.0
ITEM-0003708,ORD-002108,307,1,29.99,8.0,29.99,8.0
ITEM-0003709,ORD-002109,301,1,289.0,130.0,289.0,130.0
ITEM-0003710,ORD-002109,303,1,24.99,7.5,24.99,7.5
ITEM-0003711,ORD-002110,502,1,22.99,5.5,22.99,5.5
ITEM-0003712,ORD-002110,107,1,59.99,22.0,59.99,22.0
ITEM-0003713,ORD-002110,204,1,24.0,6.0,24.0,6.0
ITEM-0003714,ORD-002110,401,1,26.0,6.0,26.0,6.0
ITEM-0003715,ORD-002111,103,1,89.99,36.0,89.99,36.0
ITEM-0003716,ORD-002112,106,2,179.99,70.0,359.98,140.0
ITEM-0003717,ORD-002113,504,1,16.99,4.2,16.99,4.2
ITEM-0003718,ORD-002114,303,1,24.99,7.5,24.99,7.5
ITEM-0003719,ORD-002114,206,3,45.0,11.0,135.0,33.0
ITEM-0003720,ORD-002114,103,1,89.99,36.0,89.99,36.0
ITEM-0003721,ORD-002114,403,1,22.0,5.2,22.0,5.2
ITEM-0003722,ORD-002115,403,1,22.0,5.2,22.0,5.2
ITEM-0003723,ORD-002115,401,1,26.0,6.0,26.0,6.0
ITEM-0003724,ORD-002116,504,1,16.99,4.2,16.99,4.2
ITEM-0003725,ORD-002116,304,2,39.99,14.0,79.98,28.0
ITEM-0003726,ORD-002116,307,2,29.99,8.0,59.98,16.0
ITEM-0003727,ORD-002116,104,1,349.99,175.0,349.99,175.0
ITEM-0003728,ORD-002117,305,2,59.99,20.0,119.98,40.0
ITEM-0003729,ORD-002118,303,1,24.99,7.5,24.99,7.5
ITEM-0003730,ORD-002119,505,1,75.0,24.0,75.0,24.0
ITEM-0003731,ORD-002120,202,1,68.0,22.0,68.0,22.0
ITEM-0003732,ORD-002120,501,1,42.0,13.0,42.0,13.0
ITEM-0003733,ORD-002121,205,1,54.0,16.0,54.0,16.0
ITEM-0003734,ORD-002121,107,1,59.99,22.0,59.99,22.0
ITEM-0003735,ORD-002121,405,1,18.0,4.0,18.0,4.0
ITEM-0003736,ORD-002122,403,1,22.0,5.2,22.0,5.2
ITEM-0003737,ORD-002123,104,1,349.99,175.0,349.99,175.0
ITEM-0003738,ORD-002124,303,1,24.99,7.5,24.99,7.5
ITEM-0003739,ORD-002124,204,1,24.0,6.0,24.0,6.0
ITEM-0003740,ORD-002125,108,1,29.99,9.5,29.99,9.5
ITEM-0003741,ORD-002126,401,1,26.0,6.0,26.0,6.0
ITEM-0003742,ORD-002126,402,2,34.0,8.5,68.0,17.0
ITEM-0003743,ORD-002127,401,1,26.0,6.0,26.0,6.0
ITEM-0003744,ORD-002127,402,1,34.0,8.5,34.0,8.5
ITEM-0003745,ORD-002128,503,1,48.0,15.0,48.0,15.0
ITEM-0003746,ORD-002129,106,1,179.99,70.0,179.99,70.0
ITEM-0003747,ORD-002130,403,1,22.0,5.2,22.0,5.2
ITEM-0003748,ORD-002131,202,1,68.0,22.0,68.0,22.0
ITEM-0003749,ORD-002132,401,1,26.0,6.0,26.0,6.0
ITEM-0003750,ORD-002133,203,1,120.0,42.0,120.0,42.0
ITEM-0003751,ORD-002133,304,1,39.99,14.0,39.99,14.0
ITEM-0003752,ORD-002133,305,1,59.99,20.0,59.99,20.0
ITEM-0003753,ORD-002134,404,1,64.99,21.0,64.99,21.0
ITEM-0003754,ORD-002135,202,1,68.0,22.0,68.0,22.0
ITEM-0003755,ORD-002135,206,1,45.0,11.0,45.0,11.0
ITEM-0003756,ORD-002136,106,2,179.99,70.0,359.98,140.0
ITEM-0003757,ORD-002137,301,1,289.0,130.0,289.0,130.0
ITEM-0003758,ORD-002137,302,1,45.0,15.0,45.0,15.0
ITEM-0003759,ORD-002138,301,1,289.0,130.0,289.0,130.0
ITEM-0003760,ORD-002139,403,3,22.0,5.2,66.0,15.6
ITEM-0003761,ORD-002140,503,1,48.0,15.0,48.0,15.0
ITEM-0003762,ORD-002140,502,1,22.99,5.5,22.99,5.5
ITEM-0003763,ORD-002140,401,1,26.0,6.0,26.0,6.0
ITEM-0003764,ORD-002140,205,2,54.0,16.0,108.0,32.0
ITEM-0003765,ORD-002141,403,1,22.0,5.2,22.0,5.2
ITEM-0003766,ORD-002142,102,1,49.99,18.0,49.99,18.0
ITEM-0003767,ORD-002142,503,2,48.0,15.0,96.0,30.0
ITEM-0003768,ORD-002142,304,1,39.99,14.0,39.99,14.0
ITEM-0003769,ORD-002143,505,1,75.0,24.0,75.0,24.0
ITEM-0003770,ORD-002144,106,1,179.99,70.0,179.99,70.0
ITEM-0003771,ORD-002144,402,1,34.0,8.5,34.0,8.5
ITEM-0003772,ORD-002145,405,1,18.0,4.0,18.0,4.0
ITEM-0003773,ORD-002146,305,1,59.99,20.0,59.99,20.0
ITEM-0003774,ORD-002147,404,2,64.99,21.0,129.98,42.0
ITEM-0003775,ORD-002148,205,1,54.0,16.0,54.0,16.0
ITEM-0003776,ORD-002148,101,1,199.99,85.0,199.99,85.0
ITEM-0003777,ORD-002148,104,1,349.99,175.0,349.99,175.0
ITEM-0003778,ORD-002149,202,1,68.0,22.0,68.0,22.0
ITEM-0003779,ORD-002149,101,1,199.99,85.0,199.99,85.0
ITEM-0003780,ORD-002150,505,2,75.0,24.0,150.0,48.0
ITEM-0003781,ORD-002150,404,1,64.99,21.0,64.99,21.0
ITEM-0003782,ORD-002151,402,1,34.0,8.5,34.0,8.5
ITEM-0003783,ORD-002151,102,1,49.99,18.0,49.99,18.0
ITEM-0003784,ORD-002151,504,2,16.99,4.2,33.98,8.4
ITEM-0003785,ORD-002152,404,1,64.99,21.0,64.99,21.0
ITEM-0003786,ORD-002152,504,1,16.99,4.2,16.99,4.2
ITEM-0003787,ORD-002153,307,2,29.99,8.0,59.98,16.0
ITEM-0003788,ORD-002154,303,1,24.99,7.5,24.99,7.5
ITEM-0003789,ORD-002155,102,1,49.99,18.0,49.99,18.0
ITEM-0003790,ORD-002155,302,2,45.0,15.0,90.0,30.0
ITEM-0003791,ORD-002156,306,1,32.5,10.0,32.5,10.0
ITEM-0003792,ORD-002157,302,1,45.0,15.0,45.0,15.0
ITEM-0003793,ORD-002158,206,1,45.0,11.0,45.0,11.0
ITEM-0003794,ORD-002158,108,1,29.99,9.5,29.99,9.5
ITEM-0003795,ORD-002159,404,1,64.99,21.0,64.99,21.0
ITEM-0003796,ORD-002160,203,1,120.0,42.0,120.0,42.0
ITEM-0003797,ORD-002161,305,3,59.99,20.0,179.97,60.0
ITEM-0003798,ORD-002162,102,1,49.99,18.0,49.99,18.0
ITEM-0003799,ORD-002163,306,1,32.5,10.0,32.5,10.0
ITEM-0003800,ORD-002164,305,1,59.99,20.0,59.99,20.0
ITEM-0003801,ORD-002165,103,1,89.99,36.0,89.99,36.0
ITEM-0003802,ORD-002165,203,2,120.0,42.0,240.0,84.0
ITEM-0003803,ORD-002165,501,1,42.0,13.0,42.0,13.0
ITEM-0003804,ORD-002166,103,1,89.99,36.0,89.99,36.0
ITEM-0003805,ORD-002167,202,1,68.0,22.0,68.0,22.0
ITEM-0003806,ORD-002167,205,1,54.0,16.0,54.0,16.0
ITEM-0003807,ORD-002167,301,1,289.0,130.0,289.0,130.0
ITEM-0003808,ORD-002168,501,1,42.0,13.0,42.0,13.0
ITEM-0003809,ORD-002169,401,1,26.0,6.0,26.0,6.0
ITEM-0003810,ORD-002169,103,1,89.99,36.0,89.99,36.0
ITEM-0003811,ORD-002170,307,1,29.99,8.0,29.99,8.0
ITEM-0003812,ORD-002170,405,1,18.0,4.0,18.0,4.0
ITEM-0003813,ORD-002171,106,1,179.99,70.0,179.99,70.0
ITEM-0003814,ORD-002172,307,1,29.99,8.0,29.99,8.0
ITEM-0003815,ORD-002172,302,1,45.0,15.0,45.0,15.0
ITEM-0003816,ORD-002173,404,1,64.99,21.0,64.99,21.0
ITEM-0003817,ORD-002174,104,2,349.99,175.0,699.98,350.0
ITEM-0003818,ORD-002175,203,1,120.0,42.0,120.0,42.0
ITEM-0003819,ORD-002176,108,1,29.99,9.5,29.99,9.5
ITEM-0003820,ORD-002177,101,1,199.99,85.0,199.99,85.0
ITEM-0003821,ORD-002177,108,1,29.99,9.5,29.99,9.5
ITEM-0003822,ORD-002177,107,1,59.99,22.0,59.99,22.0
ITEM-0003823,ORD-002178,505,1,75.0,24.0,75.0,24.0
ITEM-0003824,ORD-002178,301,1,289.0,130.0,289.0,130.0
ITEM-0003825,ORD-002179,302,2,45.0,15.0,90.0,30.0
ITEM-0003826,ORD-002180,102,3,49.99,18.0,149.97,54.0
ITEM-0003827,ORD-002180,203,1,120.0,42.0,120.0,42.0
ITEM-0003828,ORD-002181,104,1,349.99,175.0,349.99,175.0
ITEM-0003829,ORD-002181,102,1,49.99,18.0,49.99,18.0
ITEM-0003830,ORD-002181,103,1,89.99,36.0,89.99,36.0
ITEM-0003831,ORD-002182,304,1,39.99,14.0,39.99,14.0
ITEM-0003832,ORD-002182,202,1,68.0,22.0,68.0,22.0
ITEM-0003833,ORD-002182,401,1,26.0,6.0,26.0,6.0
ITEM-0003834,ORD-002183,105,1,39.99,12.0,39.99,12.0
ITEM-0003835,ORD-002183,304,1,39.99,14.0,39.99,14.0
ITEM-0003836,ORD-002184,402,2,34.0,8.5,68.0,17.0
ITEM-0003837,ORD-002185,104,2,349.99,175.0,699.98,350.0
ITEM-0003838,ORD-002186,206,2,45.0,11.0,90.0,22.0
ITEM-0003839,ORD-002186,203,1,120.0,42.0,120.0,42.0
ITEM-0003840,ORD-002186,405,1,18.0,4.0,18.0,4.0
ITEM-0003841,ORD-002187,202,1,68.0,22.0,68.0,22.0
ITEM-0003842,ORD-002188,306,2,32.5,10.0,65.0,20.0
ITEM-0003843,ORD-002188,202,3,68.0,22.0,204.0,66.0
ITEM-0003844,ORD-002189,106,3,179.99,70.0,539.97,210.0
ITEM-0003845,ORD-002190,304,2,39.99,14.0,79.98,28.0
ITEM-0003846,ORD-002191,204,1,24.0,6.0,24.0,6.0
ITEM-0003847,ORD-002191,405,1,18.0,4.0,18.0,4.0
ITEM-0003848,ORD-002192,307,1,29.99,8.0,29.99,8.0
ITEM-0003849,ORD-002192,301,1,289.0,130.0,289.0,130.0
ITEM-0003850,ORD-002192,104,1,349.99,175.0,349.99,175.0
ITEM-0003851,ORD-002192,505,1,75.0,24.0,75.0,24.0
ITEM-0003852,ORD-002193,108,1,29.99,9.5,29.99,9.5
ITEM-0003853,ORD-002194,505,2,75.0,24.0,150.0,48.0
ITEM-0003854,ORD-002195,103,1,89.99,36.0,89.99,36.0
ITEM-0003855,ORD-002195,503,1,48.0,15.0,48.0,15.0
ITEM-0003856,ORD-002196,502,3,22.99,5.5,68.97,16.5
ITEM-0003857,ORD-002196,303,1,24.99,7.5,24.99,7.5
ITEM-0003858,ORD-002197,107,1,59.99,22.0,59.99,22.0
ITEM-0003859,ORD-002197,206,1,45.0,11.0,45.0,11.0
ITEM-0003860,ORD-002198,106,1,179.99,70.0,179.99,70.0
ITEM-0003861,ORD-002199,301,1,289.0,130.0,289.0,130.0
ITEM-0003862,ORD-002199,303,1,24.99,7.5,24.99,7.5
ITEM-0003863,ORD-002200,504,3,16.99,4.2,50.97,12.6
ITEM-0003864,ORD-002201,302,1,45.0,15.0,45.0,15.0
ITEM-0003865,ORD-002201,504,1,16.99,4.2,16.99,4.2
ITEM-0003866,ORD-002202,503,2,48.0,15.0,96.0,30.0
ITEM-0003867,ORD-002203,301,1,289.0,130.0,289.0,130.0
ITEM-0003868,ORD-002203,203,1,120.0,42.0,120.0,42.0
ITEM-0003869,ORD-002204,405,2,18.0,4.0,36.0,8.0
ITEM-0003870,ORD-002204,303,1,24.99,7.5,24.99,7.5
ITEM-0003871,ORD-002204,203,1,120.0,42.0,120.0,42.0
ITEM-0003872,ORD-002204,403,1,22.0,5.2,22.0,5.2
ITEM-0003873,ORD-002205,305,1,59.99,20.0,59.99,20.0
ITEM-0003874,ORD-002206,202,2,68.0,22.0,136.0,44.0
ITEM-0003875,ORD-002207,307,1,29.99,8.0,29.99,8.0
ITEM-0003876,ORD-002208,101,1,199.99,85.0,199.99,85.0
ITEM-0003877,ORD-002208,403,1,22.0,5.2,22.0,5.2
ITEM-0003878,ORD-002208,307,1,29.99,8.0,29.99,8.0
ITEM-0003879,ORD-002208,402,1,34.0,8.5,34.0,8.5
ITEM-0003880,ORD-002209,205,1,54.0,16.0,54.0,16.0
ITEM-0003881,ORD-002209,103,1,89.99,36.0,89.99,36.0
ITEM-0003882,ORD-002210,304,1,39.99,14.0,39.99,14.0
ITEM-0003883,ORD-002210,205,1,54.0,16.0,54.0,16.0
ITEM-0003884,ORD-002210,203,1,120.0,42.0,120.0,42.0
ITEM-0003885,ORD-002210,102,1,49.99,18.0,49.99,18.0
ITEM-0003886,ORD-002211,102,1,49.99,18.0,49.99,18.0
ITEM-0003887,ORD-002211,305,1,59.99,20.0,59.99,20.0
ITEM-0003888,ORD-002211,108,1,29.99,9.5,29.99,9.5
ITEM-0003889,ORD-002211,307,2,29.99,8.0,59.98,16.0
ITEM-0003890,ORD-002212,401,1,26.0,6.0,26.0,6.0
ITEM-0003891,ORD-002212,402,1,34.0,8.5,34.0,8.5
ITEM-0003892,ORD-002213,203,1,120.0,42.0,120.0,42.0
ITEM-0003893,ORD-002214,106,1,179.99,70.0,179.99,70.0
ITEM-0003894,ORD-002215,203,1,120.0,42.0,120.0,42.0
ITEM-0003895,ORD-002215,403,1,22.0,5.2,22.0,5.2
ITEM-0003896,ORD-002216,203,2,120.0,42.0,240.0,84.0
ITEM-0003897,ORD-002217,307,1,29.99,8.0,29.99,8.0
ITEM-0003898,ORD-002217,301,1,289.0,130.0,289.0,130.0
ITEM-0003899,ORD-002218,305,1,59.99,20.0,59.99,20.0
ITEM-0003900,ORD-002218,205,1,54.0,16.0,54.0,16.0
ITEM-0003901,ORD-002219,106,1,179.99,70.0,179.99,70.0
ITEM-0003902,ORD-002220,104,1,349.99,175.0,349.99,175.0
ITEM-0003903,ORD-002220,102,2,49.99,18.0,99.98,36.0
ITEM-0003904,ORD-002221,203,1,120.0,42.0,120.0,42.0
ITEM-0003905,ORD-002221,102,1,49.99,18.0,49.99,18.0
ITEM-0003906,ORD-002221,403,1,22.0,5.2,22.0,5.2
ITEM-0003907,ORD-002221,206,2,45.0,11.0,90.0,22.0
ITEM-0003908,ORD-002222,201,1,28.0,8.5,28.0,8.5
ITEM-0003909,ORD-002222,105,2,39.99,12.0,79.98,24.0
ITEM-0003910,ORD-002223,502,1,22.99,5.5,22.99,5.5
ITEM-0003911,ORD-002223,106,2,179.99,70.0,359.98,140.0
ITEM-0003912,ORD-002224,404,1,64.99,21.0,64.99,21.0
ITEM-0003913,ORD-002225,306,1,32.5,10.0,32.5,10.0
ITEM-0003914,ORD-002225,402,1,34.0,8.5,34.0,8.5
ITEM-0003915,ORD-002225,205,1,54.0,16.0,54.0,16.0
ITEM-0003916,ORD-002225,105,1,39.99,12.0,39.99,12.0
ITEM-0003917,ORD-002226,103,1,89.99,36.0,89.99,36.0
ITEM-0003918,ORD-002227,104,1,349.99,175.0,349.99,175.0
ITEM-0003919,ORD-002228,305,1,59.99,20.0,59.99,20.0
ITEM-0003920,ORD-002228,303,1,24.99,7.5,24.99,7.5
ITEM-0003921,ORD-002228,106,1,179.99,70.0,179.99,70.0
ITEM-0003922,ORD-002229,204,1,24.0,6.0,24.0,6.0
ITEM-0003923,ORD-002229,307,1,29.99,8.0,29.99,8.0
ITEM-0003924,ORD-002230,302,1,45.0,15.0,45.0,15.0
ITEM-0003925,ORD-002231,403,1,22.0,5.2,22.0,5.2
ITEM-0003926,ORD-002231,106,1,179.99,70.0,179.99,70.0
ITEM-0003927,ORD-002232,501,1,42.0,13.0,42.0,13.0
ITEM-0003928,ORD-002232,307,1,29.99,8.0,29.99,8.0
ITEM-0003929,ORD-002233,102,2,49.99,18.0,99.98,36.0
ITEM-0003930,ORD-002233,306,1,32.5,10.0,32.5,10.0
ITEM-0003931,ORD-002233,502,1,22.99,5.5,22.99,5.5
ITEM-0003932,ORD-002233,303,1,24.99,7.5,24.99,7.5
ITEM-0003933,ORD-002234,401,1,26.0,6.0,26.0,6.0
ITEM-0003934,ORD-002235,205,1,54.0,16.0,54.0,16.0
ITEM-0003935,ORD-002236,501,2,42.0,13.0,84.0,26.0
ITEM-0003936,ORD-002236,502,1,22.99,5.5,22.99,5.5
ITEM-0003937,ORD-002236,307,1,29.99,8.0,29.99,8.0
ITEM-0003938,ORD-002236,104,1,349.99,175.0,349.99,175.0
ITEM-0003939,ORD-002237,307,1,29.99,8.0,29.99,8.0
ITEM-0003940,ORD-002238,107,1,59.99,22.0,59.99,22.0
ITEM-0003941,ORD-002238,102,1,49.99,18.0,49.99,18.0
ITEM-0003942,ORD-002238,203,1,120.0,42.0,120.0,42.0
ITEM-0003943,ORD-002239,105,1,39.99,12.0,39.99,12.0
ITEM-0003944,ORD-002240,505,2,75.0,24.0,150.0,48.0
ITEM-0003945,ORD-002240,303,1,24.99,7.5,24.99,7.5
ITEM-0003946,ORD-002241,504,1,16.99,4.2,16.99,4.2
ITEM-0003947,ORD-002242,102,1,49.99,18.0,49.99,18.0
ITEM-0003948,ORD-002242,201,1,28.0,8.5,28.0,8.5
ITEM-0003949,ORD-002243,205,1,54.0,16.0,54.0,16.0
ITEM-0003950,ORD-002243,305,1,59.99,20.0,59.99,20.0
ITEM-0003951,ORD-002244,304,1,39.99,14.0,39.99,14.0
ITEM-0003952,ORD-002245,201,1,28.0,8.5,28.0,8.5
ITEM-0003953,ORD-002245,501,1,42.0,13.0,42.0,13.0
ITEM-0003954,ORD-002245,107,1,59.99,22.0,59.99,22.0
ITEM-0003955,ORD-002246,201,1,28.0,8.5,28.0,8.5
ITEM-0003956,ORD-002246,202,1,68.0,22.0,68.0,22.0
ITEM-0003957,ORD-002246,107,1,59.99,22.0,59.99,22.0
ITEM-0003958,ORD-002247,504,3,16.99,4.2,50.97,12.6
ITEM-0003959,ORD-002248,302,1,45.0,15.0,45.0,15.0
ITEM-0003960,ORD-002248,403,1,22.0,5.2,22.0,5.2
ITEM-0003961,ORD-002248,202,1,68.0,22.0,68.0,22.0
ITEM-0003962,ORD-002249,103,2,89.99,36.0,179.98,72.0
ITEM-0003963,ORD-002249,505,1,75.0,24.0,75.0,24.0
ITEM-0003964,ORD-002250,102,1,49.99,18.0,49.99,18.0
ITEM-0003965,ORD-002251,204,1,24.0,6.0,24.0,6.0
ITEM-0003966,ORD-002251,405,1,18.0,4.0,18.0,4.0
ITEM-0003967,ORD-002252,103,1,89.99,36.0,89.99,36.0
ITEM-0003968,ORD-002253,106,1,179.99,70.0,179.99,70.0
ITEM-0003969,ORD-002253,501,1,42.0,13.0,42.0,13.0
ITEM-0003970,ORD-002253,206,1,45.0,11.0,45.0,11.0
ITEM-0003971,ORD-002254,401,1,26.0,6.0,26.0,6.0
ITEM-0003972,ORD-002254,402,1,34.0,8.5,34.0,8.5
ITEM-0003973,ORD-002255,402,1,34.0,8.5,34.0,8.5
ITEM-0003974,ORD-002255,502,1,22.99,5.5,22.99,5.5
ITEM-0003975,ORD-002256,107,1,59.99,22.0,59.99,22.0
ITEM-0003976,ORD-002256,403,2,22.0,5.2,44.0,10.4
ITEM-0003977,ORD-002257,205,1,54.0,16.0,54.0,16.0
ITEM-0003978,ORD-002257,106,2,179.99,70.0,359.98,140.0
ITEM-0003979,ORD-002258,303,1,24.99,7.5,24.99,7.5
ITEM-0003980,ORD-002259,108,2,29.99,9.5,59.98,19.0
ITEM-0003981,ORD-002259,106,1,179.99,70.0,179.99,70.0
ITEM-0003982,ORD-002259,204,1,24.0,6.0,24.0,6.0
ITEM-0003983,ORD-002259,103,1,89.99,36.0,89.99,36.0
ITEM-0003984,ORD-002260,502,1,22.99,5.5,22.99,5.5
ITEM-0003985,ORD-002261,206,1,45.0,11.0,45.0,11.0
ITEM-0003986,ORD-002261,203,1,120.0,42.0,120.0,42.0
ITEM-0003987,ORD-002261,103,2,89.99,36.0,179.98,72.0
ITEM-0003988,ORD-002262,405,1,18.0,4.0,18.0,4.0
ITEM-0003989,ORD-002262,106,2,179.99,70.0,359.98,140.0
ITEM-0003990,ORD-002263,505,2,75.0,24.0,150.0,48.0
ITEM-0003991,ORD-002263,106,1,179.99,70.0,179.99,70.0
ITEM-0003992,ORD-002264,402,1,34.0,8.5,34.0,8.5
ITEM-0003993,ORD-002264,503,1,48.0,15.0,48.0,15.0
ITEM-0003994,ORD-002265,201,3,28.0,8.5,84.0,25.5
ITEM-0003995,ORD-002266,401,1,26.0,6.0,26.0,6.0
ITEM-0003996,ORD-002266,402,1,34.0,8.5,34.0,8.5
ITEM-0003997,ORD-002267,103,1,89.99,36.0,89.99,36.0
ITEM-0003998,ORD-002268,307,2,29.99,8.0,59.98,16.0
ITEM-0003999,ORD-002269,405,2,18.0,4.0,36.0,8.0
ITEM-0004000,ORD-002269,304,1,39.99,14.0,39.99,14.0
ITEM-0004001,ORD-002270,303,2,24.99,7.5,49.98,15.0
ITEM-0004002,ORD-002271,404,1,64.99,21.0,64.99,21.0
ITEM-0004003,ORD-002272,101,1,199.99,85.0,199.99,85.0
ITEM-0004004,ORD-002272,107,1,59.99,22.0,59.99,22.0
ITEM-0004005,ORD-002272,502,1,22.99,5.5,22.99,5.5
ITEM-0004006,ORD-002272,203,1,120.0,42.0,120.0,42.0
ITEM-0004007,ORD-002273,403,1,22.0,5.2,22.0,5.2
ITEM-0004008,ORD-002273,201,1,28.0,8.5,28.0,8.5
ITEM-0004009,ORD-002273,305,1,59.99,20.0,59.99,20.0
ITEM-0004010,ORD-002274,306,1,32.5,10.0,32.5,10.0
ITEM-0004011,ORD-002274,403,1,22.0,5.2,22.0,5.2
ITEM-0004012,ORD-002274,206,1,45.0,11.0,45.0,11.0
ITEM-0004013,ORD-002275,201,1,28.0,8.5,28.0,8.5
ITEM-0004014,ORD-002275,302,1,45.0,15.0,45.0,15.0
ITEM-0004015,ORD-002276,307,1,29.99,8.0,29.99,8.0
ITEM-0004016,ORD-002277,206,1,45.0,11.0,45.0,11.0
ITEM-0004017,ORD-002278,103,1,89.99,36.0,89.99,36.0
ITEM-0004018,ORD-002278,306,1,32.5,10.0,32.5,10.0
ITEM-0004019,ORD-002278,107,2,59.99,22.0,119.98,44.0
ITEM-0004020,ORD-002279,101,1,199.99,85.0,199.99,85.0
ITEM-0004021,ORD-002280,401,1,26.0,6.0,26.0,6.0
ITEM-0004022,ORD-002281,503,1,48.0,15.0,48.0,15.0
ITEM-0004023,ORD-002281,302,1,45.0,15.0,45.0,15.0
ITEM-0004024,ORD-002282,302,2,45.0,15.0,90.0,30.0
ITEM-0004025,ORD-002282,305,1,59.99,20.0,59.99,20.0
ITEM-0004026,ORD-002282,501,1,42.0,13.0,42.0,13.0
ITEM-0004027,ORD-002283,204,1,24.0,6.0,24.0,6.0
ITEM-0004028,ORD-002283,203,1,120.0,42.0,120.0,42.0
ITEM-0004029,ORD-002283,102,3,49.99,18.0,149.97,54.0
ITEM-0004030,ORD-002283,104,2,349.99,175.0,699.98,350.0
ITEM-0004031,ORD-002284,301,1,289.0,130.0,289.0,130.0
ITEM-0004032,ORD-002285,103,1,89.99,36.0,89.99,36.0
ITEM-0004033,ORD-002286,307,1,29.99,8.0,29.99,8.0
ITEM-0004034,ORD-002287,401,1,26.0,6.0,26.0,6.0
ITEM-0004035,ORD-002288,205,1,54.0,16.0,54.0,16.0
ITEM-0004036,ORD-002289,502,1,22.99,5.5,22.99,5.5
ITEM-0004037,ORD-002289,306,1,32.5,10.0,32.5,10.0
ITEM-0004038,ORD-002289,501,1,42.0,13.0,42.0,13.0
ITEM-0004039,ORD-002290,502,2,22.99,5.5,45.98,11.0
ITEM-0004040,ORD-002291,303,1,24.99,7.5,24.99,7.5
ITEM-0004041,ORD-002291,203,2,120.0,42.0,240.0,84.0
ITEM-0004042,ORD-002291,502,1,22.99,5.5,22.99,5.5
ITEM-0004043,ORD-002292,302,1,45.0,15.0,45.0,15.0
ITEM-0004044,ORD-002293,203,1,120.0,42.0,120.0,42.0
ITEM-0004045,ORD-002293,504,2,16.99,4.2,33.98,8.4
ITEM-0004046,ORD-002294,105,1,39.99,12.0,39.99,12.0
ITEM-0004047,ORD-002294,102,3,49.99,18.0,149.97,54.0
ITEM-0004048,ORD-002295,206,1,45.0,11.0,45.0,11.0
ITEM-0004049,ORD-002295,401,1,26.0,6.0,26.0,6.0
ITEM-0004050,ORD-002296,302,1,45.0,15.0,45.0,15.0
ITEM-0004051,ORD-002296,103,1,89.99,36.0,89.99,36.0
ITEM-0004052,ORD-002296,505,1,75.0,24.0,75.0,24.0
ITEM-0004053,ORD-002297,206,2,45.0,11.0,90.0,22.0
ITEM-0004054,ORD-002297,108,1,29.99,9.5,29.99,9.5
ITEM-0004055,ORD-002298,206,1,45.0,11.0,45.0,11.0
ITEM-0004056,ORD-002298,402,1,34.0,8.5,34.0,8.5
ITEM-0004057,ORD-002299,502,1,22.99,5.5,22.99,5.5
ITEM-0004058,ORD-002300,107,2,59.99,22.0,119.98,44.0
ITEM-0004059,ORD-002301,104,1,349.99,175.0,349.99,175.0
ITEM-0004060,ORD-002302,103,1,89.99,36.0,89.99,36.0
ITEM-0004061,ORD-002302,307,1,29.99,8.0,29.99,8.0
ITEM-0004062,ORD-002303,102,1,49.99,18.0,49.99,18.0
ITEM-0004063,ORD-002303,107,1,59.99,22.0,59.99,22.0
ITEM-0004064,ORD-002304,103,1,89.99,36.0,89.99,36.0
ITEM-0004065,ORD-002304,403,1,22.0,5.2,22.0,5.2
ITEM-0004066,ORD-002304,405,1,18.0,4.0,18.0,4.0
ITEM-0004067,ORD-002304,501,1,42.0,13.0,42.0,13.0
ITEM-0004068,ORD-002305,505,1,75.0,24.0,75.0,24.0
ITEM-0004069,ORD-002305,106,2,179.99,70.0,359.98,140.0
ITEM-0004070,ORD-002306,502,1,22.99,5.5,22.99,5.5
ITEM-0004071,ORD-002307,503,2,48.0,15.0,96.0,30.0
ITEM-0004072,ORD-002307,202,1,68.0,22.0,68.0,22.0
ITEM-0004073,ORD-002308,401,1,26.0,6.0,26.0,6.0
ITEM-0004074,ORD-002309,202,1,68.0,22.0,68.0,22.0
ITEM-0004075,ORD-002310,203,2,120.0,42.0,240.0,84.0
ITEM-0004076,ORD-002310,402,1,34.0,8.5,34.0,8.5
ITEM-0004077,ORD-002311,306,1,32.5,10.0,32.5,10.0
ITEM-0004078,ORD-002312,101,1,199.99,85.0,199.99,85.0
ITEM-0004079,ORD-002313,306,1,32.5,10.0,32.5,10.0
ITEM-0004080,ORD-002313,502,1,22.99,5.5,22.99,5.5
ITEM-0004081,ORD-002314,302,2,45.0,15.0,90.0,30.0
ITEM-0004082,ORD-002315,405,1,18.0,4.0,18.0,4.0
ITEM-0004083,ORD-002316,305,1,59.99,20.0,59.99,20.0
ITEM-0004084,ORD-002317,204,1,24.0,6.0,24.0,6.0
ITEM-0004085,ORD-002317,101,1,199.99,85.0,199.99,85.0
ITEM-0004086,ORD-002317,305,1,59.99,20.0,59.99,20.0
ITEM-0004087,ORD-002317,501,2,42.0,13.0,84.0,26.0
ITEM-0004088,ORD-002318,405,1,18.0,4.0,18.0,4.0
ITEM-0004089,ORD-002318,306,2,32.5,10.0,65.0,20.0
ITEM-0004090,ORD-002318,108,1,29.99,9.5,29.99,9.5
ITEM-0004091,ORD-002319,402,2,34.0,8.5,68.0,17.0
ITEM-0004092,ORD-002319,505,1,75.0,24.0,75.0,24.0
ITEM-0004093,ORD-002320,305,1,59.99,20.0,59.99,20.0
ITEM-0004094,ORD-002321,202,1,68.0,22.0,68.0,22.0
ITEM-0004095,ORD-002321,304,1,39.99,14.0,39.99,14.0
ITEM-0004096,ORD-002321,405,1,18.0,4.0,18.0,4.0
ITEM-0004097,ORD-002322,302,1,45.0,15.0,45.0,15.0
ITEM-0004098,ORD-002323,106,1,179.99,70.0,179.99,70.0
ITEM-0004099,ORD-002323,205,1,54.0,16.0,54.0,16.0
ITEM-0004100,ORD-002323,302,1,45.0,15.0,45.0,15.0
ITEM-0004101,ORD-002324,504,1,16.99,4.2,16.99,4.2
ITEM-0004102,ORD-002325,108,1,29.99,9.5,29.99,9.5
ITEM-0004103,ORD-002326,105,1,39.99,12.0,39.99,12.0
ITEM-0004104,ORD-002327,206,1,45.0,11.0,45.0,11.0
ITEM-0004105,ORD-002327,205,2,54.0,16.0,108.0,32.0
ITEM-0004106,ORD-002328,502,1,22.99,5.5,22.99,5.5
ITEM-0004107,ORD-002328,305,1,59.99,20.0,59.99,20.0
ITEM-0004108,ORD-002328,307,1,29.99,8.0,29.99,8.0
ITEM-0004109,ORD-002328,105,1,39.99,12.0,39.99,12.0
ITEM-0004110,ORD-002329,405,1,18.0,4.0,18.0,4.0
ITEM-0004111,ORD-002329,301,1,289.0,130.0,289.0,130.0
ITEM-0004112,ORD-002330,501,1,42.0,13.0,42.0,13.0
ITEM-0004113,ORD-002331,104,2,349.99,175.0,699.98,350.0
ITEM-0004114,ORD-002331,102,1,49.99,18.0,49.99,18.0
ITEM-0004115,ORD-002332,203,1,120.0,42.0,120.0,42.0
ITEM-0004116,ORD-002332,306,1,32.5,10.0,32.5,10.0
ITEM-0004117,ORD-002332,504,1,16.99,4.2,16.99,4.2
ITEM-0004118,ORD-002332,303,2,24.99,7.5,49.98,15.0
ITEM-0004119,ORD-002333,401,2,26.0,6.0,52.0,12.0
ITEM-0004120,ORD-002334,306,1,32.5,10.0,32.5,10.0
ITEM-0004121,ORD-002335,504,3,16.99,4.2,50.97,12.6
ITEM-0004122,ORD-002336,501,1,42.0,13.0,42.0,13.0
ITEM-0004123,ORD-002336,502,1,22.99,5.5,22.99,5.5
ITEM-0004124,ORD-002336,307,1,29.99,8.0,29.99,8.0
ITEM-0004125,ORD-002336,206,1,45.0,11.0,45.0,11.0
ITEM-0004126,ORD-002337,307,1,29.99,8.0,29.99,8.0
ITEM-0004127,ORD-002338,301,1,289.0,130.0,289.0,130.0
ITEM-0004128,ORD-002338,303,1,24.99,7.5,24.99,7.5
ITEM-0004129,ORD-002338,302,1,45.0,15.0,45.0,15.0
ITEM-0004130,ORD-002339,101,1,199.99,85.0,199.99,85.0
ITEM-0004131,ORD-002339,108,1,29.99,9.5,29.99,9.5
ITEM-0004132,ORD-002339,107,1,59.99,22.0,59.99,22.0
ITEM-0004133,ORD-002339,106,3,179.99,70.0,539.97,210.0
ITEM-0004134,ORD-002340,404,2,64.99,21.0,129.98,42.0
ITEM-0004135,ORD-002340,105,1,39.99,12.0,39.99,12.0
ITEM-0004136,ORD-002341,306,1,32.5,10.0,32.5,10.0
ITEM-0004137,ORD-002341,102,1,49.99,18.0,49.99,18.0
ITEM-0004138,ORD-002342,306,1,32.5,10.0,32.5,10.0
ITEM-0004139,ORD-002342,205,1,54.0,16.0,54.0,16.0
ITEM-0004140,ORD-002342,502,1,22.99,5.5,22.99,5.5
ITEM-0004141,ORD-002342,107,1,59.99,22.0,59.99,22.0
ITEM-0004142,ORD-002343,204,1,24.0,6.0,24.0,6.0
ITEM-0004143,ORD-002344,206,2,45.0,11.0,90.0,22.0
ITEM-0004144,ORD-002344,505,1,75.0,24.0,75.0,24.0
ITEM-0004145,ORD-002345,501,1,42.0,13.0,42.0,13.0
ITEM-0004146,ORD-002346,304,1,39.99,14.0,39.99,14.0
ITEM-0004147,ORD-002347,104,1,349.99,175.0,349.99,175.0
ITEM-0004148,ORD-002348,301,1,289.0,130.0,289.0,130.0
ITEM-0004149,ORD-002349,501,1,42.0,13.0,42.0,13.0
ITEM-0004150,ORD-002349,201,1,28.0,8.5,28.0,8.5
ITEM-0004151,ORD-002350,404,1,64.99,21.0,64.99,21.0
ITEM-0004152,ORD-002351,405,1,18.0,4.0,18.0,4.0
ITEM-0004153,ORD-002351,503,1,48.0,15.0,48.0,15.0
ITEM-0004154,ORD-002352,101,1,199.99,85.0,199.99,85.0
ITEM-0004155,ORD-002353,306,1,32.5,10.0,32.5,10.0
ITEM-0004156,ORD-002354,504,1,16.99,4.2,16.99,4.2
ITEM-0004157,ORD-002355,403,1,22.0,5.2,22.0,5.2
ITEM-0004158,ORD-002356,405,2,18.0,4.0,36.0,8.0
ITEM-0004159,ORD-002357,403,1,22.0,5.2,22.0,5.2
ITEM-0004160,ORD-002358,306,2,32.5,10.0,65.0,20.0
ITEM-0004161,ORD-002358,202,1,68.0,22.0,68.0,22.0
ITEM-0004162,ORD-002359,101,1,199.99,85.0,199.99,85.0
ITEM-0004163,ORD-002359,103,1,89.99,36.0,89.99,36.0
ITEM-0004164,ORD-002360,402,2,34.0,8.5,68.0,17.0
ITEM-0004165,ORD-002361,403,1,22.0,5.2,22.0,5.2
ITEM-0004166,ORD-002361,306,1,32.5,10.0,32.5,10.0
ITEM-0004167,ORD-002361,304,1,39.99,14.0,39.99,14.0
ITEM-0004168,ORD-002362,201,3,28.0,8.5,84.0,25.5
ITEM-0004169,ORD-002362,501,1,42.0,13.0,42.0,13.0
ITEM-0004170,ORD-002362,304,1,39.99,14.0,39.99,14.0
ITEM-0004171,ORD-002363,206,3,45.0,11.0,135.0,33.0
ITEM-0004172,ORD-002363,301,2,289.0,130.0,578.0,260.0
ITEM-0004173,ORD-002363,103,1,89.99,36.0,89.99,36.0
ITEM-0004174,ORD-002364,103,1,89.99,36.0,89.99,36.0
ITEM-0004175,ORD-002364,403,1,22.0,5.2,22.0,5.2
ITEM-0004176,ORD-002365,405,1,18.0,4.0,18.0,4.0
ITEM-0004177,ORD-002366,504,1,16.99,4.2,16.99,4.2
ITEM-0004178,ORD-002366,302,1,45.0,15.0,45.0,15.0
ITEM-0004179,ORD-002367,301,1,289.0,130.0,289.0,130.0
ITEM-0004180,ORD-002368,404,1,64.99,21.0,64.99,21.0
ITEM-0004181,ORD-002369,503,1,48.0,15.0,48.0,15.0
ITEM-0004182,ORD-002370,206,1,45.0,11.0,45.0,11.0
ITEM-0004183,ORD-002370,108,1,29.99,9.5,29.99,9.5
ITEM-0004184,ORD-002371,104,1,349.99,175.0,349.99,175.0
ITEM-0004185,ORD-002372,302,1,45.0,15.0,45.0,15.0
ITEM-0004186,ORD-002372,103,1,89.99,36.0,89.99,36.0
ITEM-0004187,ORD-002372,503,1,48.0,15.0,48.0,15.0
ITEM-0004188,ORD-002373,502,1,22.99,5.5,22.99,5.5
ITEM-0004189,ORD-002374,404,2,64.99,21.0,129.98,42.0
ITEM-0004190,ORD-002375,307,1,29.99,8.0,29.99,8.0
ITEM-0004191,ORD-002376,103,1,89.99,36.0,89.99,36.0
ITEM-0004192,ORD-002377,303,1,24.99,7.5,24.99,7.5
ITEM-0004193,ORD-002377,403,1,22.0,5.2,22.0,5.2
ITEM-0004194,ORD-002378,504,1,16.99,4.2,16.99,4.2
ITEM-0004195,ORD-002378,505,1,75.0,24.0,75.0,24.0
ITEM-0004196,ORD-002379,204,1,24.0,6.0,24.0,6.0
ITEM-0004197,ORD-002380,108,1,29.99,9.5,29.99,9.5
ITEM-0004198,ORD-002381,402,3,34.0,8.5,102.0,25.5
ITEM-0004199,ORD-002382,502,1,22.99,5.5,22.99,5.5
ITEM-0004200,ORD-002382,206,2,45.0,11.0,90.0,22.0
ITEM-0004201,ORD-002383,305,1,59.99,20.0,59.99,20.0
ITEM-0004202,ORD-002384,301,1,289.0,130.0,289.0,130.0
ITEM-0004203,ORD-002384,503,3,48.0,15.0,144.0,45.0
ITEM-0004204,ORD-002385,108,1,29.99,9.5,29.99,9.5
ITEM-0004205,ORD-002386,105,1,39.99,12.0,39.99,12.0
ITEM-0004206,ORD-002387,304,1,39.99,14.0,39.99,14.0
ITEM-0004207,ORD-002387,504,1,16.99,4.2,16.99,4.2
ITEM-0004208,ORD-002387,305,2,59.99,20.0,119.98,40.0
ITEM-0004209,ORD-002387,108,1,29.99,9.5,29.99,9.5
ITEM-0004210,ORD-002388,303,1,24.99,7.5,24.99,7.5
ITEM-0004211,ORD-002388,501,1,42.0,13.0,42.0,13.0
ITEM-0004212,ORD-002389,201,1,28.0,8.5,28.0,8.5
ITEM-0004213,ORD-002389,103,1,89.99,36.0,89.99,36.0
ITEM-0004214,ORD-002390,303,1,24.99,7.5,24.99,7.5
ITEM-0004215,ORD-002390,302,1,45.0,15.0,45.0,15.0
ITEM-0004216,ORD-002391,204,1,24.0,6.0,24.0,6.0
ITEM-0004217,ORD-002391,401,2,26.0,6.0,52.0,12.0
ITEM-0004218,ORD-002392,107,1,59.99,22.0,59.99,22.0
ITEM-0004219,ORD-002393,206,1,45.0,11.0,45.0,11.0
ITEM-0004220,ORD-002394,502,1,22.99,5.5,22.99,5.5
ITEM-0004221,ORD-002395,206,1,45.0,11.0,45.0,11.0
ITEM-0004222,ORD-002396,201,1,28.0,8.5,28.0,8.5
ITEM-0004223,ORD-002397,107,1,59.99,22.0,59.99,22.0
ITEM-0004224,ORD-002398,206,1,45.0,11.0,45.0,11.0
ITEM-0004225,ORD-002398,504,1,16.99,4.2,16.99,4.2
ITEM-0004226,ORD-002398,103,1,89.99,36.0,89.99,36.0
ITEM-0004227,ORD-002398,202,1,68.0,22.0,68.0,22.0
ITEM-0004228,ORD-002399,504,1,16.99,4.2,16.99,4.2
ITEM-0004229,ORD-002399,502,1,22.99,5.5,22.99,5.5
ITEM-0004230,ORD-002400,304,1,39.99,14.0,39.99,14.0
ITEM-0004231,ORD-002400,303,1,24.99,7.5,24.99,7.5
ITEM-0004232,ORD-002401,102,1,49.99,18.0,49.99,18.0
ITEM-0004233,ORD-002402,505,1,75.0,24.0,75.0,24.0
ITEM-0004234,ORD-002402,101,1,199.99,85.0,199.99,85.0
ITEM-0004235,ORD-002403,503,1,48.0,15.0,48.0,15.0
ITEM-0004236,ORD-002404,201,1,28.0,8.5,28.0,8.5
ITEM-0004237,ORD-002404,105,1,39.99,12.0,39.99,12.0
ITEM-0004238,ORD-002405,104,3,349.99,175.0,1049.97,525.0
ITEM-0004239,ORD-002406,502,1,22.99,5.5,22.99,5.5
ITEM-0004240,ORD-002407,203,1,120.0,42.0,120.0,42.0
ITEM-0004241,ORD-002407,404,2,64.99,21.0,129.98,42.0
ITEM-0004242,ORD-002407,502,3,22.99,5.5,68.97,16.5
ITEM-0004243,ORD-002408,303,1,24.99,7.5,24.99,7.5
ITEM-0004244,ORD-002409,402,2,34.0,8.5,68.0,17.0
ITEM-0004245,ORD-002410,301,1,289.0,130.0,289.0,130.0
ITEM-0004246,ORD-002411,103,1,89.99,36.0,89.99,36.0
ITEM-0004247,ORD-002412,202,1,68.0,22.0,68.0,22.0
ITEM-0004248,ORD-002413,403,1,22.0,5.2,22.0,5.2
ITEM-0004249,ORD-002414,202,1,68.0,22.0,68.0,22.0
ITEM-0004250,ORD-002414,303,1,24.99,7.5,24.99,7.5
ITEM-0004251,ORD-002414,103,1,89.99,36.0,89.99,36.0
ITEM-0004252,ORD-002415,206,1,45.0,11.0,45.0,11.0
ITEM-0004253,ORD-002415,305,1,59.99,20.0,59.99,20.0
ITEM-0004254,ORD-002416,307,1,29.99,8.0,29.99,8.0
ITEM-0004255,ORD-002416,503,2,48.0,15.0,96.0,30.0
ITEM-0004256,ORD-002417,305,1,59.99,20.0,59.99,20.0
ITEM-0004257,ORD-002417,202,1,68.0,22.0,68.0,22.0
ITEM-0004258,ORD-002418,307,1,29.99,8.0,29.99,8.0
ITEM-0004259,ORD-002418,503,1,48.0,15.0,48.0,15.0
ITEM-0004260,ORD-002419,504,1,16.99,4.2,16.99,4.2
ITEM-0004261,ORD-002419,205,1,54.0,16.0,54.0,16.0
ITEM-0004262,ORD-002419,108,1,29.99,9.5,29.99,9.5
ITEM-0004263,ORD-002419,201,1,28.0,8.5,28.0,8.5
ITEM-0004264,ORD-002420,402,2,34.0,8.5,68.0,17.0
ITEM-0004265,ORD-002420,304,1,39.99,14.0,39.99,14.0
ITEM-0004266,ORD-002421,101,1,199.99,85.0,199.99,85.0
ITEM-0004267,ORD-002421,107,1,59.99,22.0,59.99,22.0
ITEM-0004268,ORD-002421,306,1,32.5,10.0,32.5,10.0
ITEM-0004269,ORD-002422,201,1,28.0,8.5,28.0,8.5
ITEM-0004270,ORD-002422,502,3,22.99,5.5,68.97,16.5
ITEM-0004271,ORD-002423,202,1,68.0,22.0,68.0,22.0
ITEM-0004272,ORD-002423,106,2,179.99,70.0,359.98,140.0
ITEM-0004273,ORD-002424,102,1,49.99,18.0,49.99,18.0
ITEM-0004274,ORD-002425,105,1,39.99,12.0,39.99,12.0
ITEM-0004275,ORD-002426,305,1,59.99,20.0,59.99,20.0
ITEM-0004276,ORD-002426,401,1,26.0,6.0,26.0,6.0
ITEM-0004277,ORD-002427,102,1,49.99,18.0,49.99,18.0
ITEM-0004278,ORD-002427,108,1,29.99,9.5,29.99,9.5
ITEM-0004279,ORD-002428,108,1,29.99,9.5,29.99,9.5
ITEM-0004280,ORD-002428,504,1,16.99,4.2,16.99,4.2
ITEM-0004281,ORD-002429,103,1,89.99,36.0,89.99,36.0
ITEM-0004282,ORD-002429,206,2,45.0,11.0,90.0,22.0
ITEM-0004283,ORD-002429,205,1,54.0,16.0,54.0,16.0
ITEM-0004284,ORD-002430,206,1,45.0,11.0,45.0,11.0
ITEM-0004285,ORD-002430,104,1,349.99,175.0,349.99,175.0
ITEM-0004286,ORD-002431,101,1,199.99,85.0,199.99,85.0
ITEM-0004287,ORD-002431,108,1,29.99,9.5,29.99,9.5
ITEM-0004288,ORD-002432,201,1,28.0,8.5,28.0,8.5
ITEM-0004289,ORD-002433,501,1,42.0,13.0,42.0,13.0
ITEM-0004290,ORD-002434,403,1,22.0,5.2,22.0,5.2
ITEM-0004291,ORD-002434,105,3,39.99,12.0,119.97,36.0
ITEM-0004292,ORD-002435,305,1,59.99,20.0,59.99,20.0
ITEM-0004293,ORD-002435,107,3,59.99,22.0,179.97,66.0
ITEM-0004294,ORD-002436,302,1,45.0,15.0,45.0,15.0
ITEM-0004295,ORD-002436,505,1,75.0,24.0,75.0,24.0
ITEM-0004296,ORD-002436,202,1,68.0,22.0,68.0,22.0
ITEM-0004297,ORD-002437,306,1,32.5,10.0,32.5,10.0
ITEM-0004298,ORD-002438,304,1,39.99,14.0,39.99,14.0
ITEM-0004299,ORD-002439,307,1,29.99,8.0,29.99,8.0
ITEM-0004300,ORD-002439,202,1,68.0,22.0,68.0,22.0
ITEM-0004301,ORD-002440,304,1,39.99,14.0,39.99,14.0
ITEM-0004302,ORD-002441,505,3,75.0,24.0,225.0,72.0
ITEM-0004303,ORD-002441,105,1,39.99,12.0,39.99,12.0
ITEM-0004304,ORD-002441,203,2,120.0,42.0,240.0,84.0
ITEM-0004305,ORD-002442,204,1,24.0,6.0,24.0,6.0
ITEM-0004306,ORD-002443,205,1,54.0,16.0,54.0,16.0
ITEM-0004307,ORD-002443,306,1,32.5,10.0,32.5,10.0
ITEM-0004308,ORD-002443,502,2,22.99,5.5,45.98,11.0
ITEM-0004309,ORD-002444,106,1,179.99,70.0,179.99,70.0
ITEM-0004310,ORD-002445,101,1,199.99,85.0,199.99,85.0
ITEM-0004311,ORD-002445,107,2,59.99,22.0,119.98,44.0
ITEM-0004312,ORD-002446,102,2,49.99,18.0,99.98,36.0
ITEM-0004313,ORD-002446,306,1,32.5,10.0,32.5,10.0
ITEM-0004314,ORD-002447,204,1,24.0,6.0,24.0,6.0
ITEM-0004315,ORD-002448,502,1,22.99,5.5,22.99,5.5
ITEM-0004316,ORD-002448,405,1,18.0,4.0,18.0,4.0
ITEM-0004317,ORD-002448,206,1,45.0,11.0,45.0,11.0
ITEM-0004318,ORD-002448,107,1,59.99,22.0,59.99,22.0
ITEM-0004319,ORD-002449,307,1,29.99,8.0,29.99,8.0
ITEM-0004320,ORD-002450,503,1,48.0,15.0,48.0,15.0
ITEM-0004321,ORD-002450,501,1,42.0,13.0,42.0,13.0
ITEM-0004322,ORD-002451,103,1,89.99,36.0,89.99,36.0
ITEM-0004323,ORD-002451,306,1,32.5,10.0,32.5,10.0
ITEM-0004324,ORD-002452,107,1,59.99,22.0,59.99,22.0
ITEM-0004325,ORD-002452,306,2,32.5,10.0,65.0,20.0
ITEM-0004326,ORD-002452,403,1,22.0,5.2,22.0,5.2
ITEM-0004327,ORD-002453,504,1,16.99,4.2,16.99,4.2
ITEM-0004328,ORD-002454,102,1,49.99,18.0,49.99,18.0
ITEM-0004329,ORD-002454,305,1,59.99,20.0,59.99,20.0
ITEM-0004330,ORD-002455,107,1,59.99,22.0,59.99,22.0
ITEM-0004331,ORD-002455,103,1,89.99,36.0,89.99,36.0
ITEM-0004332,ORD-002456,306,2,32.5,10.0,65.0,20.0
ITEM-0004333,ORD-002456,205,1,54.0,16.0,54.0,16.0
ITEM-0004334,ORD-002456,206,1,45.0,11.0,45.0,11.0
ITEM-0004335,ORD-002456,203,1,120.0,42.0,120.0,42.0
ITEM-0004336,ORD-002457,405,1,18.0,4.0,18.0,4.0
ITEM-0004337,ORD-002457,101,1,199.99,85.0,199.99,85.0
ITEM-0004338,ORD-002458,306,1,32.5,10.0,32.5,10.0
ITEM-0004339,ORD-002459,102,1,49.99,18.0,49.99,18.0
ITEM-0004340,ORD-002460,107,1,59.99,22.0,59.99,22.0
ITEM-0004341,ORD-002460,105,1,39.99,12.0,39.99,12.0
ITEM-0004342,ORD-002461,101,1,199.99,85.0,199.99,85.0
ITEM-0004343,ORD-002462,201,1,28.0,8.5,28.0,8.5
ITEM-0004344,ORD-002462,405,1,18.0,4.0,18.0,4.0
ITEM-0004345,ORD-002462,107,1,59.99,22.0,59.99,22.0
ITEM-0004346,ORD-002463,401,1,26.0,6.0,26.0,6.0
ITEM-0004347,ORD-002463,402,1,34.0,8.5,34.0,8.5
ITEM-0004348,ORD-002464,305,1,59.99,20.0,59.99,20.0
ITEM-0004349,ORD-002465,302,1,45.0,15.0,45.0,15.0
ITEM-0004350,ORD-002465,101,1,199.99,85.0,199.99,85.0
ITEM-0004351,ORD-002465,201,2,28.0,8.5,56.0,17.0
ITEM-0004352,ORD-002466,305,1,59.99,20.0,59.99,20.0
ITEM-0004353,ORD-002467,101,1,199.99,85.0,199.99,85.0
ITEM-0004354,ORD-002468,107,1,59.99,22.0,59.99,22.0
ITEM-0004355,ORD-002468,401,1,26.0,6.0,26.0,6.0
ITEM-0004356,ORD-002469,202,1,68.0,22.0,68.0,22.0
ITEM-0004357,ORD-002470,301,1,289.0,130.0,289.0,130.0
ITEM-0004358,ORD-002470,302,1,45.0,15.0,45.0,15.0
ITEM-0004359,ORD-002471,301,1,289.0,130.0,289.0,130.0
ITEM-0004360,ORD-002472,306,1,32.5,10.0,32.5,10.0
ITEM-0004361,ORD-002472,301,3,289.0,130.0,867.0,390.0
ITEM-0004362,ORD-002473,304,1,39.99,14.0,39.99,14.0
ITEM-0004363,ORD-002473,301,1,289.0,130.0,289.0,130.0
ITEM-0004364,ORD-002474,206,1,45.0,11.0,45.0,11.0
ITEM-0004365,ORD-002475,403,2,22.0,5.2,44.0,10.4
ITEM-0004366,ORD-002476,307,1,29.99,8.0,29.99,8.0
ITEM-0004367,ORD-002477,202,1,68.0,22.0,68.0,22.0
ITEM-0004368,ORD-002477,204,1,24.0,6.0,24.0,6.0
ITEM-0004369,ORD-002478,104,1,349.99,175.0,349.99,175.0
ITEM-0004370,ORD-002478,105,1,39.99,12.0,39.99,12.0
ITEM-0004371,ORD-002478,303,1,24.99,7.5,24.99,7.5
ITEM-0004372,ORD-002479,201,1,28.0,8.5,28.0,8.5
ITEM-0004373,ORD-002479,105,1,39.99,12.0,39.99,12.0
ITEM-0004374,ORD-002479,103,1,89.99,36.0,89.99,36.0
ITEM-0004375,ORD-002480,304,1,39.99,14.0,39.99,14.0
ITEM-0004376,ORD-002481,307,1,29.99,8.0,29.99,8.0
ITEM-0004377,ORD-002481,107,1,59.99,22.0,59.99,22.0
ITEM-0004378,ORD-002481,104,2,349.99,175.0,699.98,350.0
ITEM-0004379,ORD-002482,201,1,28.0,8.5,28.0,8.5
ITEM-0004380,ORD-002483,204,1,24.0,6.0,24.0,6.0
ITEM-0004381,ORD-002484,203,1,120.0,42.0,120.0,42.0
ITEM-0004382,ORD-002484,304,1,39.99,14.0,39.99,14.0
ITEM-0004383,ORD-002484,502,1,22.99,5.5,22.99,5.5
ITEM-0004384,ORD-002485,105,1,39.99,12.0,39.99,12.0
ITEM-0004385,ORD-002485,302,1,45.0,15.0,45.0,15.0
ITEM-0004386,ORD-002485,403,1,22.0,5.2,22.0,5.2
ITEM-0004387,ORD-002486,306,2,32.5,10.0,65.0,20.0
ITEM-0004388,ORD-002486,504,1,16.99,4.2,16.99,4.2
ITEM-0004389,ORD-002486,307,1,29.99,8.0,29.99,8.0
ITEM-0004390,ORD-002487,405,1,18.0,4.0,18.0,4.0
ITEM-0004391,ORD-002487,206,1,45.0,11.0,45.0,11.0
ITEM-0004392,ORD-002488,203,1,120.0,42.0,120.0,42.0
ITEM-0004393,ORD-002488,404,1,64.99,21.0,64.99,21.0
ITEM-0004394,ORD-002489,303,1,24.99,7.5,24.99,7.5
ITEM-0004395,ORD-002490,304,1,39.99,14.0,39.99,14.0
ITEM-0004396,ORD-002491,402,1,34.0,8.5,34.0,8.5
ITEM-0004397,ORD-002491,108,1,29.99,9.5,29.99,9.5
ITEM-0004398,ORD-002492,101,1,199.99,85.0,199.99,85.0
ITEM-0004399,ORD-002492,108,3,29.99,9.5,89.97,28.5
ITEM-0004400,ORD-002493,301,1,289.0,130.0,289.0,130.0
ITEM-0004401,ORD-002493,305,1,59.99,20.0,59.99,20.0
ITEM-0004402,ORD-002493,505,1,75.0,24.0,75.0,24.0
ITEM-0004403,ORD-002494,104,1,349.99,175.0,349.99,175.0
ITEM-0004404,ORD-002494,105,1,39.99,12.0,39.99,12.0
ITEM-0004405,ORD-002495,301,1,289.0,130.0,289.0,130.0
ITEM-0004406,ORD-002495,302,2,45.0,15.0,90.0,30.0
ITEM-0004407,ORD-002496,302,1,45.0,15.0,45.0,15.0
ITEM-0004408,ORD-002496,502,1,22.99,5.5,22.99,5.5
ITEM-0004409,ORD-002496,305,1,59.99,20.0,59.99,20.0
ITEM-0004410,ORD-002497,106,2,179.99,70.0,359.98,140.0
ITEM-0004411,ORD-002498,306,1,32.5,10.0,32.5,10.0
ITEM-0004412,ORD-002498,105,2,39.99,12.0,79.98,24.0
ITEM-0004413,ORD-002498,205,1,54.0,16.0,54.0,16.0
ITEM-0004414,ORD-002498,402,1,34.0,8.5,34.0,8.5
ITEM-0004415,ORD-002499,103,1,89.99,36.0,89.99,36.0
ITEM-0004416,ORD-002500,206,1,45.0,11.0,45.0,11.0
ITEM-0004417,ORD-002500,102,1,49.99,18.0,49.99,18.0
ITEM-0004418,ORD-002501,502,1,22.99,5.5,22.99,5.5
ITEM-0004419,ORD-002502,503,1,48.0,15.0,48.0,15.0
ITEM-0004420,ORD-002502,202,3,68.0,22.0,204.0,66.0
ITEM-0004421,ORD-002502,401,2,26.0,6.0,52.0,12.0
ITEM-0004422,ORD-002502,108,1,29.99,9.5,29.99,9.5
ITEM-0004423,ORD-002503,505,1,75.0,24.0,75.0,24.0
ITEM-0004424,ORD-002503,107,2,59.99,22.0,119.98,44.0
ITEM-0004425,ORD-002503,504,2,16.99,4.2,33.98,8.4
ITEM-0004426,ORD-002504,503,1,48.0,15.0,48.0,15.0
ITEM-0004427,ORD-002504,107,1,59.99,22.0,59.99,22.0
ITEM-0004428,ORD-002504,502,1,22.99,5.5,22.99,5.5
ITEM-0004429,ORD-002505,303,1,24.99,7.5,24.99,7.5
ITEM-0004430,ORD-002505,301,1,289.0,130.0,289.0,130.0
ITEM-0004431,ORD-002505,108,1,29.99,9.5,29.99,9.5
ITEM-0004432,ORD-002505,403,1,22.0,5.2,22.0,5.2
ITEM-0004433,ORD-002506,102,3,49.99,18.0,149.97,54.0
ITEM-0004434,ORD-002506,205,1,54.0,16.0,54.0,16.0
ITEM-0004435,ORD-002506,405,1,18.0,4.0,18.0,4.0
ITEM-0004436,ORD-002507,403,1,22.0,5.2,22.0,5.2
ITEM-0004437,ORD-002508,505,2,75.0,24.0,150.0,48.0
ITEM-0004438,ORD-002509,505,1,75.0,24.0,75.0,24.0
ITEM-0004439,ORD-002510,202,1,68.0,22.0,68.0,22.0
ITEM-0004440,ORD-002510,102,1,49.99,18.0,49.99,18.0
ITEM-0004441,ORD-002511,101,2,199.99,85.0,399.98,170.0
ITEM-0004442,ORD-002511,107,1,59.99,22.0,59.99,22.0
ITEM-0004443,ORD-002512,104,1,349.99,175.0,349.99,175.0
ITEM-0004444,ORD-002513,401,1,26.0,6.0,26.0,6.0
ITEM-0004445,ORD-002514,105,1,39.99,12.0,39.99,12.0
ITEM-0004446,ORD-002514,206,1,45.0,11.0,45.0,11.0
ITEM-0004447,ORD-002514,203,1,120.0,42.0,120.0,42.0
ITEM-0004448,ORD-002514,401,1,26.0,6.0,26.0,6.0
ITEM-0004449,ORD-002515,401,1,26.0,6.0,26.0,6.0
ITEM-0004450,ORD-002516,304,1,39.99,14.0,39.99,14.0
ITEM-0004451,ORD-002517,301,1,289.0,130.0,289.0,130.0
ITEM-0004452,ORD-002518,306,1,32.5,10.0,32.5,10.0
ITEM-0004453,ORD-002519,103,2,89.99,36.0,179.98,72.0
ITEM-0004454,ORD-002519,404,1,64.99,21.0,64.99,21.0
ITEM-0004455,ORD-002520,204,1,24.0,6.0,24.0,6.0
ITEM-0004456,ORD-002520,203,1,120.0,42.0,120.0,42.0
ITEM-0004457,ORD-002521,502,1,22.99,5.5,22.99,5.5
ITEM-0004458,ORD-002521,206,1,45.0,11.0,45.0,11.0
ITEM-0004459,ORD-002522,503,1,48.0,15.0,48.0,15.0
ITEM-0004460,ORD-002523,106,3,179.99,70.0,539.97,210.0
ITEM-0004461,ORD-002524,205,1,54.0,16.0,54.0,16.0
ITEM-0004462,ORD-002525,405,1,18.0,4.0,18.0,4.0
ITEM-0004463,ORD-002526,104,1,349.99,175.0,349.99,175.0
ITEM-0004464,ORD-002527,403,1,22.0,5.2,22.0,5.2
ITEM-0004465,ORD-002527,201,1,28.0,8.5,28.0,8.5
ITEM-0004466,ORD-002528,206,1,45.0,11.0,45.0,11.0
ITEM-0004467,ORD-002529,505,1,75.0,24.0,75.0,24.0
ITEM-0004468,ORD-002530,103,1,89.99,36.0,89.99,36.0
ITEM-0004469,ORD-002530,501,1,42.0,13.0,42.0,13.0
ITEM-0004470,ORD-002531,405,2,18.0,4.0,36.0,8.0
ITEM-0004471,ORD-002532,505,2,75.0,24.0,150.0,48.0
ITEM-0004472,ORD-002533,103,1,89.99,36.0,89.99,36.0
ITEM-0004473,ORD-002534,302,1,45.0,15.0,45.0,15.0
ITEM-0004474,ORD-002535,403,1,22.0,5.2,22.0,5.2
ITEM-0004475,ORD-002535,305,1,59.99,20.0,59.99,20.0
ITEM-0004476,ORD-002535,201,2,28.0,8.5,56.0,17.0
ITEM-0004477,ORD-002536,101,1,199.99,85.0,199.99,85.0
ITEM-0004478,ORD-002537,502,1,22.99,5.5,22.99,5.5
ITEM-0004479,ORD-002537,204,1,24.0,6.0,24.0,6.0
ITEM-0004480,ORD-002538,104,1,349.99,175.0,349.99,175.0
ITEM-0004481,ORD-002538,102,1,49.99,18.0,49.99,18.0
ITEM-0004482,ORD-002539,105,1,39.99,12.0,39.99,12.0
ITEM-0004483,ORD-002540,504,1,16.99,4.2,16.99,4.2
ITEM-0004484,ORD-002541,505,1,75.0,24.0,75.0,24.0
ITEM-0004485,ORD-002541,205,2,54.0,16.0,108.0,32.0
ITEM-0004486,ORD-002542,206,2,45.0,11.0,90.0,22.0
ITEM-0004487,ORD-002543,302,2,45.0,15.0,90.0,30.0
ITEM-0004488,ORD-002543,305,1,59.99,20.0,59.99,20.0
ITEM-0004489,ORD-002543,403,1,22.0,5.2,22.0,5.2
ITEM-0004490,ORD-002544,107,1,59.99,22.0,59.99,22.0
ITEM-0004491,ORD-002545,205,1,54.0,16.0,54.0,16.0
ITEM-0004492,ORD-002545,501,1,42.0,13.0,42.0,13.0
ITEM-0004493,ORD-002545,201,1,28.0,8.5,28.0,8.5
ITEM-0004494,ORD-002545,103,1,89.99,36.0,89.99,36.0
ITEM-0004495,ORD-002546,401,2,26.0,6.0,52.0,12.0
ITEM-0004496,ORD-002547,302,1,45.0,15.0,45.0,15.0
ITEM-0004497,ORD-002547,403,1,22.0,5.2,22.0,5.2
ITEM-0004498,ORD-002548,104,1,349.99,175.0,349.99,175.0
ITEM-0004499,ORD-002549,504,1,16.99,4.2,16.99,4.2
ITEM-0004500,ORD-002549,201,1,28.0,8.5,28.0,8.5
ITEM-0004501,ORD-002550,501,1,42.0,13.0,42.0,13.0
ITEM-0004502,ORD-002550,307,1,29.99,8.0,29.99,8.0
ITEM-0004503,ORD-002551,307,1,29.99,8.0,29.99,8.0
ITEM-0004504,ORD-002551,303,1,24.99,7.5,24.99,7.5
ITEM-0004505,ORD-002552,301,1,289.0,130.0,289.0,130.0
ITEM-0004506,ORD-002552,303,1,24.99,7.5,24.99,7.5
ITEM-0004507,ORD-002552,403,1,22.0,5.2,22.0,5.2
ITEM-0004508,ORD-002552,205,1,54.0,16.0,54.0,16.0
ITEM-0004509,ORD-002553,304,1,39.99,14.0,39.99,14.0
ITEM-0004510,ORD-002553,303,1,24.99,7.5,24.99,7.5
ITEM-0004511,ORD-002554,302,1,45.0,15.0,45.0,15.0
ITEM-0004512,ORD-002554,108,1,29.99,9.5,29.99,9.5
ITEM-0004513,ORD-002554,404,1,64.99,21.0,64.99,21.0
ITEM-0004514,ORD-002554,503,1,48.0,15.0,48.0,15.0
ITEM-0004515,ORD-002555,202,1,68.0,22.0,68.0,22.0
ITEM-0004516,ORD-002555,307,1,29.99,8.0,29.99,8.0
ITEM-0004517,ORD-002555,302,1,45.0,15.0,45.0,15.0
ITEM-0004518,ORD-002555,102,1,49.99,18.0,49.99,18.0
ITEM-0004519,ORD-002556,402,2,34.0,8.5,68.0,17.0
ITEM-0004520,ORD-002556,206,2,45.0,11.0,90.0,22.0
ITEM-0004521,ORD-002557,405,1,18.0,4.0,18.0,4.0
ITEM-0004522,ORD-002558,206,1,45.0,11.0,45.0,11.0
ITEM-0004523,ORD-002558,503,1,48.0,15.0,48.0,15.0
ITEM-0004524,ORD-002559,301,1,289.0,130.0,289.0,130.0
ITEM-0004525,ORD-002559,302,1,45.0,15.0,45.0,15.0
ITEM-0004526,ORD-002560,106,1,179.99,70.0,179.99,70.0
ITEM-0004527,ORD-002560,101,1,199.99,85.0,199.99,85.0
ITEM-0004528,ORD-002560,302,3,45.0,15.0,135.0,45.0
ITEM-0004529,ORD-002561,106,1,179.99,70.0,179.99,70.0
ITEM-0004530,ORD-002561,307,1,29.99,8.0,29.99,8.0
ITEM-0004531,ORD-002562,301,1,289.0,130.0,289.0,130.0
ITEM-0004532,ORD-002563,404,1,64.99,21.0,64.99,21.0
ITEM-0004533,ORD-002563,202,1,68.0,22.0,68.0,22.0
ITEM-0004534,ORD-002563,204,3,24.0,6.0,72.0,18.0
ITEM-0004535,ORD-002564,402,1,34.0,8.5,34.0,8.5
ITEM-0004536,ORD-002564,303,1,24.99,7.5,24.99,7.5
ITEM-0004537,ORD-002565,201,1,28.0,8.5,28.0,8.5
ITEM-0004538,ORD-002565,106,1,179.99,70.0,179.99,70.0
ITEM-0004539,ORD-002566,106,1,179.99,70.0,179.99,70.0
ITEM-0004540,ORD-002566,303,1,24.99,7.5,24.99,7.5
ITEM-0004541,ORD-002567,103,1,89.99,36.0,89.99,36.0
ITEM-0004542,ORD-002567,301,1,289.0,130.0,289.0,130.0
ITEM-0004543,ORD-002568,405,1,18.0,4.0,18.0,4.0
ITEM-0004544,ORD-002568,101,1,199.99,85.0,199.99,85.0
ITEM-0004545,ORD-002569,402,1,34.0,8.5,34.0,8.5
ITEM-0004546,ORD-002570,405,2,18.0,4.0,36.0,8.0
ITEM-0004547,ORD-002571,205,1,54.0,16.0,54.0,16.0
ITEM-0004548,ORD-002571,405,1,18.0,4.0,18.0,4.0
ITEM-0004549,ORD-002572,203,1,120.0,42.0,120.0,42.0
ITEM-0004550,ORD-002572,503,1,48.0,15.0,48.0,15.0
ITEM-0004551,ORD-002573,101,2,199.99,85.0,399.98,170.0
ITEM-0004552,ORD-002574,403,1,22.0,5.2,22.0,5.2
ITEM-0004553,ORD-002574,205,1,54.0,16.0,54.0,16.0
ITEM-0004554,ORD-002575,307,1,29.99,8.0,29.99,8.0
ITEM-0004555,ORD-002575,404,1,64.99,21.0,64.99,21.0
ITEM-0004556,ORD-002576,401,1,26.0,6.0,26.0,6.0
ITEM-0004557,ORD-002577,505,1,75.0,24.0,75.0,24.0
ITEM-0004558,ORD-002578,307,1,29.99,8.0,29.99,8.0
ITEM-0004559,ORD-002578,404,1,64.99,21.0,64.99,21.0
ITEM-0004560,ORD-002578,501,1,42.0,13.0,42.0,13.0
ITEM-0004561,ORD-002578,103,2,89.99,36.0,179.98,72.0
ITEM-0004562,ORD-002579,201,1,28.0,8.5,28.0,8.5
ITEM-0004563,ORD-002580,201,1,28.0,8.5,28.0,8.5
ITEM-0004564,ORD-002581,402,1,34.0,8.5,34.0,8.5
ITEM-0004565,ORD-002581,206,1,45.0,11.0,45.0,11.0
ITEM-0004566,ORD-002581,204,1,24.0,6.0,24.0,6.0
ITEM-0004567,ORD-002582,504,1,16.99,4.2,16.99,4.2
ITEM-0004568,ORD-002583,306,1,32.5,10.0,32.5,10.0
ITEM-0004569,ORD-002584,301,1,289.0,130.0,289.0,130.0
ITEM-0004570,ORD-002584,302,1,45.0,15.0,45.0,15.0
ITEM-0004571,ORD-002585,302,1,45.0,15.0,45.0,15.0
ITEM-0004572,ORD-002586,106,1,179.99,70.0,179.99,70.0
ITEM-0004573,ORD-002587,206,2,45.0,11.0,90.0,22.0
ITEM-0004574,ORD-002588,403,1,22.0,5.2,22.0,5.2
ITEM-0004575,ORD-002588,405,1,18.0,4.0,18.0,4.0
ITEM-0004576,ORD-002589,402,2,34.0,8.5,68.0,17.0
ITEM-0004577,ORD-002590,108,1,29.99,9.5,29.99,9.5
ITEM-0004578,ORD-002591,203,1,120.0,42.0,120.0,42.0
ITEM-0004579,ORD-002591,101,1,199.99,85.0,199.99,85.0
ITEM-0004580,ORD-002591,401,1,26.0,6.0,26.0,6.0
ITEM-0004581,ORD-002591,303,1,24.99,7.5,24.99,7.5
ITEM-0004582,ORD-002592,105,1,39.99,12.0,39.99,12.0
ITEM-0004583,ORD-002593,503,1,48.0,15.0,48.0,15.0
ITEM-0004584,ORD-002593,303,1,24.99,7.5,24.99,7.5
ITEM-0004585,ORD-002594,107,1,59.99,22.0,59.99,22.0
ITEM-0004586,ORD-002594,205,1,54.0,16.0,54.0,16.0
ITEM-0004587,ORD-002595,301,2,289.0,130.0,578.0,260.0
ITEM-0004588,ORD-002596,305,1,59.99,20.0,59.99,20.0
ITEM-0004589,ORD-002596,304,1,39.99,14.0,39.99,14.0
ITEM-0004590,ORD-002597,505,1,75.0,24.0,75.0,24.0
ITEM-0004591,ORD-002597,307,1,29.99,8.0,29.99,8.0
ITEM-0004592,ORD-002597,202,1,68.0,22.0,68.0,22.0
ITEM-0004593,ORD-002598,306,1,32.5,10.0,32.5,10.0
ITEM-0004594,ORD-002599,202,1,68.0,22.0,68.0,22.0
ITEM-0004595,ORD-002600,204,1,24.0,6.0,24.0,6.0
ITEM-0004596,ORD-002601,301,2,289.0,130.0,578.0,260.0
ITEM-0004597,ORD-002601,401,1,26.0,6.0,26.0,6.0
ITEM-0004598,ORD-002602,108,1,29.99,9.5,29.99,9.5
ITEM-0004599,ORD-002603,402,1,34.0,8.5,34.0,8.5
ITEM-0004600,ORD-002604,201,1,28.0,8.5,28.0,8.5
ITEM-0004601,ORD-002604,302,1,45.0,15.0,45.0,15.0
ITEM-0004602,ORD-002605,202,1,68.0,22.0,68.0,22.0
ITEM-0004603,ORD-002605,206,2,45.0,11.0,90.0,22.0
ITEM-0004604,ORD-002605,305,1,59.99,20.0,59.99,20.0
ITEM-0004605,ORD-002605,303,1,24.99,7.5,24.99,7.5
ITEM-0004606,ORD-002606,403,1,22.0,5.2,22.0,5.2
ITEM-0004607,ORD-002606,303,1,24.99,7.5,24.99,7.5
ITEM-0004608,ORD-002607,304,1,39.99,14.0,39.99,14.0
ITEM-0004609,ORD-002607,108,1,29.99,9.5,29.99,9.5
ITEM-0004610,ORD-002608,405,1,18.0,4.0,18.0,4.0
ITEM-0004611,ORD-002608,401,3,26.0,6.0,78.0,18.0
ITEM-0004612,ORD-002609,405,1,18.0,4.0,18.0,4.0
ITEM-0004613,ORD-002610,504,1,16.99,4.2,16.99,4.2
ITEM-0004614,ORD-002610,505,1,75.0,24.0,75.0,24.0
ITEM-0004615,ORD-002610,501,1,42.0,13.0,42.0,13.0
ITEM-0004616,ORD-002611,402,1,34.0,8.5,34.0,8.5
ITEM-0004617,ORD-002611,106,1,179.99,70.0,179.99,70.0
ITEM-0004618,ORD-002612,302,1,45.0,15.0,45.0,15.0
ITEM-0004619,ORD-002612,404,1,64.99,21.0,64.99,21.0
ITEM-0004620,ORD-002613,404,1,64.99,21.0,64.99,21.0
ITEM-0004621,ORD-002614,404,1,64.99,21.0,64.99,21.0
ITEM-0004622,ORD-002615,302,1,45.0,15.0,45.0,15.0
ITEM-0004623,ORD-002616,405,1,18.0,4.0,18.0,4.0
ITEM-0004624,ORD-002617,105,1,39.99,12.0,39.99,12.0
ITEM-0004625,ORD-002617,301,1,289.0,130.0,289.0,130.0
ITEM-0004626,ORD-002617,203,2,120.0,42.0,240.0,84.0
ITEM-0004627,ORD-002618,401,1,26.0,6.0,26.0,6.0
ITEM-0004628,ORD-002619,402,1,34.0,8.5,34.0,8.5
ITEM-0004629,ORD-002620,301,2,289.0,130.0,578.0,260.0
ITEM-0004630,ORD-002621,503,2,48.0,15.0,96.0,30.0
ITEM-0004631,ORD-002621,104,2,349.99,175.0,699.98,350.0
ITEM-0004632,ORD-002621,107,2,59.99,22.0,119.98,44.0
ITEM-0004633,ORD-002621,401,1,26.0,6.0,26.0,6.0
ITEM-0004634,ORD-002622,401,1,26.0,6.0,26.0,6.0
ITEM-0004635,ORD-002622,403,1,22.0,5.2,22.0,5.2
ITEM-0004636,ORD-002623,501,1,42.0,13.0,42.0,13.0
ITEM-0004637,ORD-002623,307,1,29.99,8.0,29.99,8.0
ITEM-0004638,ORD-002624,305,1,59.99,20.0,59.99,20.0
ITEM-0004639,ORD-002624,504,1,16.99,4.2,16.99,4.2
ITEM-0004640,ORD-002625,201,1,28.0,8.5,28.0,8.5
ITEM-0004641,ORD-002626,205,2,54.0,16.0,108.0,32.0
ITEM-0004642,ORD-002627,503,1,48.0,15.0,48.0,15.0
ITEM-0004643,ORD-002628,401,1,26.0,6.0,26.0,6.0
ITEM-0004644,ORD-002629,401,1,26.0,6.0,26.0,6.0
ITEM-0004645,ORD-002629,402,1,34.0,8.5,34.0,8.5
ITEM-0004646,ORD-002630,307,1,29.99,8.0,29.99,8.0
ITEM-0004647,ORD-002630,103,1,89.99,36.0,89.99,36.0
ITEM-0004648,ORD-002631,404,1,64.99,21.0,64.99,21.0
ITEM-0004649,ORD-002632,302,1,45.0,15.0,45.0,15.0
ITEM-0004650,ORD-002633,401,1,26.0,6.0,26.0,6.0
ITEM-0004651,ORD-002634,104,1,349.99,175.0,349.99,175.0
ITEM-0004652,ORD-002634,102,1,49.99,18.0,49.99,18.0
ITEM-0004653,ORD-002635,503,1,48.0,15.0,48.0,15.0
ITEM-0004654,ORD-002636,206,1,45.0,11.0,45.0,11.0
ITEM-0004655,ORD-002636,306,1,32.5,10.0,32.5,10.0
ITEM-0004656,ORD-002637,401,1,26.0,6.0,26.0,6.0
ITEM-0004657,ORD-002638,105,1,39.99,12.0,39.99,12.0
ITEM-0004658,ORD-002639,504,1,16.99,4.2,16.99,4.2
ITEM-0004659,ORD-002640,102,2,49.99,18.0,99.98,36.0
ITEM-0004660,ORD-002641,106,1,179.99,70.0,179.99,70.0
ITEM-0004661,ORD-002642,101,1,199.99,85.0,199.99,85.0
ITEM-0004662,ORD-002642,108,1,29.99,9.5,29.99,9.5
ITEM-0004663,ORD-002643,503,1,48.0,15.0,48.0,15.0
ITEM-0004664,ORD-002643,106,1,179.99,70.0,179.99,70.0
ITEM-0004665,ORD-002644,206,1,45.0,11.0,45.0,11.0
ITEM-0004666,ORD-002644,106,1,179.99,70.0,179.99,70.0
ITEM-0004667,ORD-002644,306,1,32.5,10.0,32.5,10.0
ITEM-0004668,ORD-002644,302,1,45.0,15.0,45.0,15.0
ITEM-0004669,ORD-002645,202,1,68.0,22.0,68.0,22.0
ITEM-0004670,ORD-002645,305,1,59.99,20.0,59.99,20.0
ITEM-0004671,ORD-002646,108,1,29.99,9.5,29.99,9.5
ITEM-0004672,ORD-002647,206,1,45.0,11.0,45.0,11.0
ITEM-0004673,ORD-002647,404,1,64.99,21.0,64.99,21.0
ITEM-0004674,ORD-002648,105,1,39.99,12.0,39.99,12.0
ITEM-0004675,ORD-002649,405,1,18.0,4.0,18.0,4.0
ITEM-0004676,ORD-002650,108,1,29.99,9.5,29.99,9.5
ITEM-0004677,ORD-002651,306,1,32.5,10.0,32.5,10.0
ITEM-0004678,ORD-002652,503,1,48.0,15.0,48.0,15.0
ITEM-0004679,ORD-002652,502,1,22.99,5.5,22.99,5.5
ITEM-0004680,ORD-002653,105,1,39.99,12.0,39.99,12.0
ITEM-0004681,ORD-002653,302,1,45.0,15.0,45.0,15.0
ITEM-0004682,ORD-002654,304,1,39.99,14.0,39.99,14.0
ITEM-0004683,ORD-002654,403,1,22.0,5.2,22.0,5.2
ITEM-0004684,ORD-002654,307,1,29.99,8.0,29.99,8.0
ITEM-0004685,ORD-002655,405,1,18.0,4.0,18.0,4.0
ITEM-0004686,ORD-002655,502,1,22.99,5.5,22.99,5.5
ITEM-0004687,ORD-002656,102,1,49.99,18.0,49.99,18.0
ITEM-0004688,ORD-002656,302,1,45.0,15.0,45.0,15.0
ITEM-0004689,ORD-002657,305,1,59.99,20.0,59.99,20.0
ITEM-0004690,ORD-002657,103,2,89.99,36.0,179.98,72.0
ITEM-0004691,ORD-002658,101,1,199.99,85.0,199.99,85.0
ITEM-0004692,ORD-002658,107,3,59.99,22.0,179.97,66.0
ITEM-0004693,ORD-002659,306,1,32.5,10.0,32.5,10.0
ITEM-0004694,ORD-002659,307,1,29.99,8.0,29.99,8.0
ITEM-0004695,ORD-002660,202,1,68.0,22.0,68.0,22.0
ITEM-0004696,ORD-002661,105,1,39.99,12.0,39.99,12.0
ITEM-0004697,ORD-002661,405,1,18.0,4.0,18.0,4.0
ITEM-0004698,ORD-002661,303,1,24.99,7.5,24.99,7.5
ITEM-0004699,ORD-002661,101,1,199.99,85.0,199.99,85.0
ITEM-0004700,ORD-002662,401,2,26.0,6.0,52.0,12.0
ITEM-0004701,ORD-002662,402,1,34.0,8.5,34.0,8.5
ITEM-0004702,ORD-002663,305,1,59.99,20.0,59.99,20.0
ITEM-0004703,ORD-002663,502,1,22.99,5.5,22.99,5.5
ITEM-0004704,ORD-002663,402,1,34.0,8.5,34.0,8.5
ITEM-0004705,ORD-002664,402,1,34.0,8.5,34.0,8.5
ITEM-0004706,ORD-002664,405,3,18.0,4.0,54.0,12.0
ITEM-0004707,ORD-002664,204,1,24.0,6.0,24.0,6.0
ITEM-0004708,ORD-002664,307,1,29.99,8.0,29.99,8.0
ITEM-0004709,ORD-002665,405,2,18.0,4.0,36.0,8.0
ITEM-0004710,ORD-002666,108,2,29.99,9.5,59.98,19.0
ITEM-0004711,ORD-002666,101,1,199.99,85.0,199.99,85.0
ITEM-0004712,ORD-002667,505,1,75.0,24.0,75.0,24.0
ITEM-0004713,ORD-002668,106,3,179.99,70.0,539.97,210.0
ITEM-0004714,ORD-002668,102,2,49.99,18.0,99.98,36.0
ITEM-0004715,ORD-002669,404,1,64.99,21.0,64.99,21.0
ITEM-0004716,ORD-002670,402,3,34.0,8.5,102.0,25.5
ITEM-0004717,ORD-002670,108,1,29.99,9.5,29.99,9.5
ITEM-0004718,ORD-002671,402,1,34.0,8.5,34.0,8.5
ITEM-0004719,ORD-002671,206,3,45.0,11.0,135.0,33.0
ITEM-0004720,ORD-002672,108,2,29.99,9.5,59.98,19.0
ITEM-0004721,ORD-002673,108,1,29.99,9.5,29.99,9.5
ITEM-0004722,ORD-002674,305,1,59.99,20.0,59.99,20.0
ITEM-0004723,ORD-002675,307,1,29.99,8.0,29.99,8.0
ITEM-0004724,ORD-002675,203,1,120.0,42.0,120.0,42.0
ITEM-0004725,ORD-002675,502,1,22.99,5.5,22.99,5.5
ITEM-0004726,ORD-002676,307,1,29.99,8.0,29.99,8.0
ITEM-0004727,ORD-002676,305,2,59.99,20.0,119.98,40.0
ITEM-0004728,ORD-002677,301,1,289.0,130.0,289.0,130.0
ITEM-0004729,ORD-002677,302,1,45.0,15.0,45.0,15.0
ITEM-0004730,ORD-002677,108,1,29.99,9.5,29.99,9.5
ITEM-0004731,ORD-002678,302,1,45.0,15.0,45.0,15.0
ITEM-0004732,ORD-002678,102,1,49.99,18.0,49.99,18.0
ITEM-0004733,ORD-002678,402,1,34.0,8.5,34.0,8.5
ITEM-0004734,ORD-002679,404,1,64.99,21.0,64.99,21.0
ITEM-0004735,ORD-002679,108,1,29.99,9.5,29.99,9.5
ITEM-0004736,ORD-002680,205,1,54.0,16.0,54.0,16.0
ITEM-0004737,ORD-002680,201,1,28.0,8.5,28.0,8.5
ITEM-0004738,ORD-002681,302,2,45.0,15.0,90.0,30.0
ITEM-0004739,ORD-002682,401,1,26.0,6.0,26.0,6.0
ITEM-0004740,ORD-002683,108,1,29.99,9.5,29.99,9.5
ITEM-0004741,ORD-002683,401,1,26.0,6.0,26.0,6.0
ITEM-0004742,ORD-002684,105,1,39.99,12.0,39.99,12.0
ITEM-0004743,ORD-002685,304,1,39.99,14.0,39.99,14.0
ITEM-0004744,ORD-002685,503,1,48.0,15.0,48.0,15.0
ITEM-0004745,ORD-002685,401,1,26.0,6.0,26.0,6.0
ITEM-0004746,ORD-002686,501,1,42.0,13.0,42.0,13.0
ITEM-0004747,ORD-002686,405,2,18.0,4.0,36.0,8.0
ITEM-0004748,ORD-002686,104,1,349.99,175.0,349.99,175.0
ITEM-0004749,ORD-002687,302,2,45.0,15.0,90.0,30.0
ITEM-0004750,ORD-002687,306,1,32.5,10.0,32.5,10.0
ITEM-0004751,ORD-002688,503,1,48.0,15.0,48.0,15.0
ITEM-0004752,ORD-002689,303,1,24.99,7.5,24.99,7.5
ITEM-0004753,ORD-002689,505,1,75.0,24.0,75.0,24.0
ITEM-0004754,ORD-002689,402,1,34.0,8.5,34.0,8.5
ITEM-0004755,ORD-002690,203,1,120.0,42.0,120.0,42.0
ITEM-0004756,ORD-002690,107,1,59.99,22.0,59.99,22.0
ITEM-0004757,ORD-002691,103,1,89.99,36.0,89.99,36.0
ITEM-0004758,ORD-002692,503,1,48.0,15.0,48.0,15.0
ITEM-0004759,ORD-002693,303,1,24.99,7.5,24.99,7.5
ITEM-0004760,ORD-002694,405,1,18.0,4.0,18.0,4.0
ITEM-0004761,ORD-002695,303,1,24.99,7.5,24.99,7.5
ITEM-0004762,ORD-002696,203,1,120.0,42.0,120.0,42.0
ITEM-0004763,ORD-002696,201,1,28.0,8.5,28.0,8.5
ITEM-0004764,ORD-002697,106,1,179.99,70.0,179.99,70.0
ITEM-0004765,ORD-002698,404,1,64.99,21.0,64.99,21.0
ITEM-0004766,ORD-002698,303,1,24.99,7.5,24.99,7.5
ITEM-0004767,ORD-002699,305,2,59.99,20.0,119.98,40.0
ITEM-0004768,ORD-002700,301,1,289.0,130.0,289.0,130.0
ITEM-0004769,ORD-002700,302,1,45.0,15.0,45.0,15.0
ITEM-0004770,ORD-002700,206,1,45.0,11.0,45.0,11.0
ITEM-0004771,ORD-002701,103,1,89.99,36.0,89.99,36.0
ITEM-0004772,ORD-002701,303,1,24.99,7.5,24.99,7.5
ITEM-0004773,ORD-002702,405,3,18.0,4.0,54.0,12.0
ITEM-0004774,ORD-002703,201,1,28.0,8.5,28.0,8.5
ITEM-0004775,ORD-002703,204,1,24.0,6.0,24.0,6.0
ITEM-0004776,ORD-002704,403,2,22.0,5.2,44.0,10.4
ITEM-0004777,ORD-002705,304,1,39.99,14.0,39.99,14.0
ITEM-0004778,ORD-002705,302,1,45.0,15.0,45.0,15.0
ITEM-0004779,ORD-002705,101,1,199.99,85.0,199.99,85.0
ITEM-0004780,ORD-002706,107,1,59.99,22.0,59.99,22.0
ITEM-0004781,ORD-002706,505,1,75.0,24.0,75.0,24.0
ITEM-0004782,ORD-002706,501,1,42.0,13.0,42.0,13.0
ITEM-0004783,ORD-002707,306,2,32.5,10.0,65.0,20.0
ITEM-0004784,ORD-002708,505,1,75.0,24.0,75.0,24.0
ITEM-0004785,ORD-002709,505,1,75.0,24.0,75.0,24.0
ITEM-0004786,ORD-002709,404,2,64.99,21.0,129.98,42.0
ITEM-0004787,ORD-002710,403,2,22.0,5.2,44.0,10.4
ITEM-0004788,ORD-002710,401,1,26.0,6.0,26.0,6.0
ITEM-0004789,ORD-002710,106,1,179.99,70.0,179.99,70.0
ITEM-0004790,ORD-002711,403,1,22.0,5.2,22.0,5.2
ITEM-0004791,ORD-002711,201,1,28.0,8.5,28.0,8.5
ITEM-0004792,ORD-002712,206,1,45.0,11.0,45.0,11.0
ITEM-0004793,ORD-002712,102,1,49.99,18.0,49.99,18.0
ITEM-0004794,ORD-002713,306,2,32.5,10.0,65.0,20.0
ITEM-0004795,ORD-002713,402,1,34.0,8.5,34.0,8.5
ITEM-0004796,ORD-002714,306,3,32.5,10.0,97.5,30.0
ITEM-0004797,ORD-002715,103,1,89.99,36.0,89.99,36.0
ITEM-0004798,ORD-002715,201,1,28.0,8.5,28.0,8.5
ITEM-0004799,ORD-002715,405,1,18.0,4.0,18.0,4.0
ITEM-0004800,ORD-002716,504,1,16.99,4.2,16.99,4.2
ITEM-0004801,ORD-002716,501,1,42.0,13.0,42.0,13.0
ITEM-0004802,ORD-002717,301,1,289.0,130.0,289.0,130.0
ITEM-0004803,ORD-002717,302,1,45.0,15.0,45.0,15.0
ITEM-0004804,ORD-002718,305,1,59.99,20.0,59.99,20.0
ITEM-0004805,ORD-002718,105,1,39.99,12.0,39.99,12.0
ITEM-0004806,ORD-002718,103,1,89.99,36.0,89.99,36.0
ITEM-0004807,ORD-002719,103,1,89.99,36.0,89.99,36.0
ITEM-0004808,ORD-002720,503,1,48.0,15.0,48.0,15.0
ITEM-0004809,ORD-002720,304,1,39.99,14.0,39.99,14.0
ITEM-0004810,ORD-002721,404,1,64.99,21.0,64.99,21.0
ITEM-0004811,ORD-002721,301,1,289.0,130.0,289.0,130.0
ITEM-0004812,ORD-002722,504,1,16.99,4.2,16.99,4.2
ITEM-0004813,ORD-002723,107,1,59.99,22.0,59.99,22.0
ITEM-0004814,ORD-002723,205,1,54.0,16.0,54.0,16.0
ITEM-0004815,ORD-002723,102,1,49.99,18.0,49.99,18.0
ITEM-0004816,ORD-002724,206,1,45.0,11.0,45.0,11.0
ITEM-0004817,ORD-002724,403,1,22.0,5.2,22.0,5.2
ITEM-0004818,ORD-002724,401,2,26.0,6.0,52.0,12.0
ITEM-0004819,ORD-002724,106,3,179.99,70.0,539.97,210.0
ITEM-0004820,ORD-002725,403,1,22.0,5.2,22.0,5.2
ITEM-0004821,ORD-002725,104,1,349.99,175.0,349.99,175.0
ITEM-0004822,ORD-002725,201,1,28.0,8.5,28.0,8.5
ITEM-0004823,ORD-002726,402,1,34.0,8.5,34.0,8.5
ITEM-0004824,ORD-002726,203,2,120.0,42.0,240.0,84.0
ITEM-0004825,ORD-002727,302,1,45.0,15.0,45.0,15.0
ITEM-0004826,ORD-002727,301,1,289.0,130.0,289.0,130.0
ITEM-0004827,ORD-002727,401,1,26.0,6.0,26.0,6.0
ITEM-0004828,ORD-002728,105,1,39.99,12.0,39.99,12.0
ITEM-0004829,ORD-002728,302,1,45.0,15.0,45.0,15.0
ITEM-0004830,ORD-002729,106,1,179.99,70.0,179.99,70.0
ITEM-0004831,ORD-002730,203,1,120.0,42.0,120.0,42.0
ITEM-0004832,ORD-002731,503,1,48.0,15.0,48.0,15.0
ITEM-0004833,ORD-002732,304,1,39.99,14.0,39.99,14.0
ITEM-0004834,ORD-002732,501,1,42.0,13.0,42.0,13.0
ITEM-0004835,ORD-002732,307,1,29.99,8.0,29.99,8.0
ITEM-0004836,ORD-002733,205,1,54.0,16.0,54.0,16.0
ITEM-0004837,ORD-002733,503,1,48.0,15.0,48.0,15.0
ITEM-0004838,ORD-002734,405,1,18.0,4.0,18.0,4.0
ITEM-0004839,ORD-002734,102,1,49.99,18.0,49.99,18.0
ITEM-0004840,ORD-002735,306,1,32.5,10.0,32.5,10.0
ITEM-0004841,ORD-002736,505,2,75.0,24.0,150.0,48.0
ITEM-0004842,ORD-002736,205,1,54.0,16.0,54.0,16.0
ITEM-0004843,ORD-002737,105,1,39.99,12.0,39.99,12.0
ITEM-0004844,ORD-002737,302,1,45.0,15.0,45.0,15.0
ITEM-0004845,ORD-002737,304,1,39.99,14.0,39.99,14.0
ITEM-0004846,ORD-002738,106,1,179.99,70.0,179.99,70.0
ITEM-0004847,ORD-002739,403,2,22.0,5.2,44.0,10.4
ITEM-0004848,ORD-002739,104,2,349.99,175.0,699.98,350.0
ITEM-0004849,ORD-002739,108,1,29.99,9.5,29.99,9.5
ITEM-0004850,ORD-002739,204,1,24.0,6.0,24.0,6.0
ITEM-0004851,ORD-002740,404,1,64.99,21.0,64.99,21.0
ITEM-0004852,ORD-002741,402,1,34.0,8.5,34.0,8.5
ITEM-0004853,ORD-002741,503,1,48.0,15.0,48.0,15.0
ITEM-0004854,ORD-002741,306,1,32.5,10.0,32.5,10.0
ITEM-0004855,ORD-002742,502,1,22.99,5.5,22.99,5.5
ITEM-0004856,ORD-002743,204,1,24.0,6.0,24.0,6.0
ITEM-0004857,ORD-002744,202,1,68.0,22.0,68.0,22.0
ITEM-0004858,ORD-002744,304,1,39.99,14.0,39.99,14.0
ITEM-0004859,ORD-002745,305,1,59.99,20.0,59.99,20.0
ITEM-0004860,ORD-002745,303,1,24.99,7.5,24.99,7.5
ITEM-0004861,ORD-002746,305,1,59.99,20.0,59.99,20.0
ITEM-0004862,ORD-002747,306,1,32.5,10.0,32.5,10.0
ITEM-0004863,ORD-002748,301,1,289.0,130.0,289.0,130.0
ITEM-0004864,ORD-002748,302,1,45.0,15.0,45.0,15.0
ITEM-0004865,ORD-002748,402,1,34.0,8.5,34.0,8.5
ITEM-0004866,ORD-002748,305,1,59.99,20.0,59.99,20.0
ITEM-0004867,ORD-002749,106,1,179.99,70.0,179.99,70.0
ITEM-0004868,ORD-002749,103,1,89.99,36.0,89.99,36.0
ITEM-0004869,ORD-002749,401,1,26.0,6.0,26.0,6.0
ITEM-0004870,ORD-002749,203,1,120.0,42.0,120.0,42.0
ITEM-0004871,ORD-002750,105,1,39.99,12.0,39.99,12.0
ITEM-0004872,ORD-002751,202,1,68.0,22.0,68.0,22.0
ITEM-0004873,ORD-002752,204,1,24.0,6.0,24.0,6.0
ITEM-0004874,ORD-002753,501,1,42.0,13.0,42.0,13.0
ITEM-0004875,ORD-002753,502,1,22.99,5.5,22.99,5.5
ITEM-0004876,ORD-002754,205,1,54.0,16.0,54.0,16.0
ITEM-0004877,ORD-002754,101,1,199.99,85.0,199.99,85.0
ITEM-0004878,ORD-002755,106,1,179.99,70.0,179.99,70.0
ITEM-0004879,ORD-002755,504,1,16.99,4.2,16.99,4.2
ITEM-0004880,ORD-002756,305,1,59.99,20.0,59.99,20.0
ITEM-0004881,ORD-002757,304,3,39.99,14.0,119.97,42.0
ITEM-0004882,ORD-002757,503,1,48.0,15.0,48.0,15.0
ITEM-0004883,ORD-002757,307,1,29.99,8.0,29.99,8.0
ITEM-0004884,ORD-002757,204,1,24.0,6.0,24.0,6.0
ITEM-0004885,ORD-002758,102,2,49.99,18.0,99.98,36.0
ITEM-0004886,ORD-002759,301,1,289.0,130.0,289.0,130.0
ITEM-0004887,ORD-002760,204,1,24.0,6.0,24.0,6.0
ITEM-0004888,ORD-002760,303,2,24.99,7.5,49.98,15.0
ITEM-0004889,ORD-002760,402,1,34.0,8.5,34.0,8.5
ITEM-0004890,ORD-002760,301,1,289.0,130.0,289.0,130.0
ITEM-0004891,ORD-002761,301,1,289.0,130.0,289.0,130.0
ITEM-0004892,ORD-002762,402,2,34.0,8.5,68.0,17.0
ITEM-0004893,ORD-002762,201,1,28.0,8.5,28.0,8.5
ITEM-0004894,ORD-002762,505,1,75.0,24.0,75.0,24.0
ITEM-0004895,ORD-002763,302,1,45.0,15.0,45.0,15.0
ITEM-0004896,ORD-002764,404,1,64.99,21.0,64.99,21.0
ITEM-0004897,ORD-002764,102,1,49.99,18.0,49.99,18.0
ITEM-0004898,ORD-002764,402,2,34.0,8.5,68.0,17.0
ITEM-0004899,ORD-002765,204,1,24.0,6.0,24.0,6.0
ITEM-0004900,ORD-002765,303,1,24.99,7.5,24.99,7.5
ITEM-0004901,ORD-002765,404,1,64.99,21.0,64.99,21.0
ITEM-0004902,ORD-002766,402,1,34.0,8.5,34.0,8.5
ITEM-0004903,ORD-002766,102,3,49.99,18.0,149.97,54.0
ITEM-0004904,ORD-002767,401,1,26.0,6.0,26.0,6.0
ITEM-0004905,ORD-002768,404,1,64.99,21.0,64.99,21.0
ITEM-0004906,ORD-002768,105,1,39.99,12.0,39.99,12.0
ITEM-0004907,ORD-002769,502,1,22.99,5.5,22.99,5.5
ITEM-0004908,ORD-002769,501,1,42.0,13.0,42.0,13.0
ITEM-0004909,ORD-002770,205,1,54.0,16.0,54.0,16.0
ITEM-0004910,ORD-002770,502,1,22.99,5.5,22.99,5.5
ITEM-0004911,ORD-002770,305,1,59.99,20.0,59.99,20.0
ITEM-0004912,ORD-002771,101,1,199.99,85.0,199.99,85.0
ITEM-0004913,ORD-002771,108,1,29.99,9.5,29.99,9.5
ITEM-0004914,ORD-002772,202,3,68.0,22.0,204.0,66.0
ITEM-0004915,ORD-002773,405,3,18.0,4.0,54.0,12.0
ITEM-0004916,ORD-002774,205,1,54.0,16.0,54.0,16.0
ITEM-0004917,ORD-002774,108,1,29.99,9.5,29.99,9.5
ITEM-0004918,ORD-002775,203,1,120.0,42.0,120.0,42.0
ITEM-0004919,ORD-002775,403,1,22.0,5.2,22.0,5.2
ITEM-0004920,ORD-002775,502,1,22.99,5.5,22.99,5.5
ITEM-0004921,ORD-002776,302,1,45.0,15.0,45.0,15.0
ITEM-0004922,ORD-002777,102,1,49.99,18.0,49.99,18.0
ITEM-0004923,ORD-002777,306,1,32.5,10.0,32.5,10.0
ITEM-0004924,ORD-002777,504,2,16.99,4.2,33.98,8.4
ITEM-0004925,ORD-002777,503,1,48.0,15.0,48.0,15.0
ITEM-0004926,ORD-002778,307,1,29.99,8.0,29.99,8.0
ITEM-0004927,ORD-002779,202,1,68.0,22.0,68.0,22.0
ITEM-0004928,ORD-002779,301,3,289.0,130.0,867.0,390.0
ITEM-0004929,ORD-002780,101,1,199.99,85.0,199.99,85.0
ITEM-0004930,ORD-002781,402,1,34.0,8.5,34.0,8.5
ITEM-0004931,ORD-002781,304,2,39.99,14.0,79.98,28.0
ITEM-0004932,ORD-002782,402,1,34.0,8.5,34.0,8.5
ITEM-0004933,ORD-002783,305,1,59.99,20.0,59.99,20.0
ITEM-0004934,ORD-002784,404,1,64.99,21.0,64.99,21.0
ITEM-0004935,ORD-002784,401,1,26.0,6.0,26.0,6.0
ITEM-0004936,ORD-002785,307,1,29.99,8.0,29.99,8.0
ITEM-0004937,ORD-002785,202,1,68.0,22.0,68.0,22.0
ITEM-0004938,ORD-002785,102,1,49.99,18.0,49.99,18.0
ITEM-0004939,ORD-002785,306,1,32.5,10.0,32.5,10.0
ITEM-0004940,ORD-002786,306,2,32.5,10.0,65.0,20.0
ITEM-0004941,ORD-002786,302,1,45.0,15.0,45.0,15.0
ITEM-0004942,ORD-002786,206,1,45.0,11.0,45.0,11.0
ITEM-0004943,ORD-002787,307,1,29.99,8.0,29.99,8.0
ITEM-0004944,ORD-002787,203,1,120.0,42.0,120.0,42.0
ITEM-0004945,ORD-002787,501,1,42.0,13.0,42.0,13.0
ITEM-0004946,ORD-002788,503,1,48.0,15.0,48.0,15.0
ITEM-0004947,ORD-002789,505,1,75.0,24.0,75.0,24.0
ITEM-0004948,ORD-002790,401,1,26.0,6.0,26.0,6.0
ITEM-0004949,ORD-002791,405,1,18.0,4.0,18.0,4.0
ITEM-0004950,ORD-002792,103,1,89.99,36.0,89.99,36.0
ITEM-0004951,ORD-002792,403,1,22.0,5.2,22.0,5.2
ITEM-0004952,ORD-002792,206,1,45.0,11.0,45.0,11.0
ITEM-0004953,ORD-002792,204,1,24.0,6.0,24.0,6.0
ITEM-0004954,ORD-002793,201,2,28.0,8.5,56.0,17.0
ITEM-0004955,ORD-002793,203,1,120.0,42.0,120.0,42.0
ITEM-0004956,ORD-002793,204,1,24.0,6.0,24.0,6.0
ITEM-0004957,ORD-002793,105,3,39.99,12.0,119.97,36.0
ITEM-0004958,ORD-002794,102,1,49.99,18.0,49.99,18.0
ITEM-0004959,ORD-002794,203,1,120.0,42.0,120.0,42.0
ITEM-0004960,ORD-002794,402,2,34.0,8.5,68.0,17.0
ITEM-0004961,ORD-002795,206,1,45.0,11.0,45.0,11.0
ITEM-0004962,ORD-002795,103,2,89.99,36.0,179.98,72.0
ITEM-0004963,ORD-002796,103,2,89.99,36.0,179.98,72.0
ITEM-0004964,ORD-002797,103,1,89.99,36.0,89.99,36.0
ITEM-0004965,ORD-002797,504,1,16.99,4.2,16.99,4.2
ITEM-0004966,ORD-002798,107,1,59.99,22.0,59.99,22.0
ITEM-0004967,ORD-002798,404,2,64.99,21.0,129.98,42.0
ITEM-0004968,ORD-002798,106,1,179.99,70.0,179.99,70.0
ITEM-0004969,ORD-002799,305,1,59.99,20.0,59.99,20.0
ITEM-0004970,ORD-002800,306,1,32.5,10.0,32.5,10.0
ITEM-0004971,ORD-002800,301,2,289.0,130.0,578.0,260.0
ITEM-0004972,ORD-002801,401,1,26.0,6.0,26.0,6.0
ITEM-0004973,ORD-002801,402,1,34.0,8.5,34.0,8.5
ITEM-0004974,ORD-002802,302,1,45.0,15.0,45.0,15.0
ITEM-0004975,ORD-002802,404,1,64.99,21.0,64.99,21.0
ITEM-0004976,ORD-002802,305,1,59.99,20.0,59.99,20.0
ITEM-0004977,ORD-002803,302,1,45.0,15.0,45.0,15.0
ITEM-0004978,ORD-002804,505,1,75.0,24.0,75.0,24.0
ITEM-0004979,ORD-002805,205,2,54.0,16.0,108.0,32.0
ITEM-0004980,ORD-002806,106,1,179.99,70.0,179.99,70.0
ITEM-0004981,ORD-002806,306,1,32.5,10.0,32.5,10.0
ITEM-0004982,ORD-002807,201,1,28.0,8.5,28.0,8.5
ITEM-0004983,ORD-002807,106,1,179.99,70.0,179.99,70.0
ITEM-0004984,ORD-002807,102,1,49.99,18.0,49.99,18.0
ITEM-0004985,ORD-002808,106,1,179.99,70.0,179.99,70.0
ITEM-0004986,ORD-002808,303,3,24.99,7.5,74.97,22.5
ITEM-0004987,ORD-002808,205,1,54.0,16.0,54.0,16.0
ITEM-0004988,ORD-002808,304,2,39.99,14.0,79.98,28.0
ITEM-0004989,ORD-002809,108,1,29.99,9.5,29.99,9.5
ITEM-0004990,ORD-002810,107,3,59.99,22.0,179.97,66.0
ITEM-0004991,ORD-002810,104,1,349.99,175.0,349.99,175.0
ITEM-0004992,ORD-002810,501,1,42.0,13.0,42.0,13.0
ITEM-0004993,ORD-002811,206,1,45.0,11.0,45.0,11.0
ITEM-0004994,ORD-002811,107,1,59.99,22.0,59.99,22.0
ITEM-0004995,ORD-002811,304,2,39.99,14.0,79.98,28.0
ITEM-0004996,ORD-002812,104,1,349.99,175.0,349.99,175.0
ITEM-0004997,ORD-002812,103,1,89.99,36.0,89.99,36.0
ITEM-0004998,ORD-002812,105,3,39.99,12.0,119.97,36.0
ITEM-0004999,ORD-002812,501,1,42.0,13.0,42.0,13.0
ITEM-0005000,ORD-002813,404,2,64.99,21.0,129.98,42.0
ITEM-0005001,ORD-002813,205,1,54.0,16.0,54.0,16.0
ITEM-0005002,ORD-002814,102,1,49.99,18.0,49.99,18.0
ITEM-0005003,ORD-002814,402,1,34.0,8.5,34.0,8.5
ITEM-0005004,ORD-002815,204,1,24.0,6.0,24.0,6.0
ITEM-0005005,ORD-002816,306,1,32.5,10.0,32.5,10.0
ITEM-0005006,ORD-002817,501,1,42.0,13.0,42.0,13.0
ITEM-0005007,ORD-002817,307,1,29.99,8.0,29.99,8.0
ITEM-0005008,ORD-002818,202,1,68.0,22.0,68.0,22.0
ITEM-0005009,ORD-002819,107,1,59.99,22.0,59.99,22.0
ITEM-0005010,ORD-002819,307,1,29.99,8.0,29.99,8.0
ITEM-0005011,ORD-002819,503,1,48.0,15.0,48.0,15.0
ITEM-0005012,ORD-002820,503,1,48.0,15.0,48.0,15.0
ITEM-0005013,ORD-002820,306,1,32.5,10.0,32.5,10.0
ITEM-0005014,ORD-002820,206,2,45.0,11.0,90.0,22.0
ITEM-0005015,ORD-002821,106,1,179.99,70.0,179.99,70.0
ITEM-0005016,ORD-002821,108,1,29.99,9.5,29.99,9.5
ITEM-0005017,ORD-002821,202,1,68.0,22.0,68.0,22.0
ITEM-0005018,ORD-002822,307,1,29.99,8.0,29.99,8.0
ITEM-0005019,ORD-002822,401,1,26.0,6.0,26.0,6.0
ITEM-0005020,ORD-002823,106,2,179.99,70.0,359.98,140.0
ITEM-0005021,ORD-002824,203,1,120.0,42.0,120.0,42.0
ITEM-0005022,ORD-002824,205,2,54.0,16.0,108.0,32.0
ITEM-0005023,ORD-002824,402,1,34.0,8.5,34.0,8.5
ITEM-0005024,ORD-002824,101,3,199.99,85.0,599.97,255.0
ITEM-0005025,ORD-002825,501,2,42.0,13.0,84.0,26.0
ITEM-0005026,ORD-002826,403,1,22.0,5.2,22.0,5.2
ITEM-0005027,ORD-002827,504,1,16.99,4.2,16.99,4.2
ITEM-0005028,ORD-002827,102,1,49.99,18.0,49.99,18.0
ITEM-0005029,ORD-002828,306,1,32.5,10.0,32.5,10.0
ITEM-0005030,ORD-002828,304,1,39.99,14.0,39.99,14.0
ITEM-0005031,ORD-002829,105,1,39.99,12.0,39.99,12.0
ITEM-0005032,ORD-002829,402,1,34.0,8.5,34.0,8.5
ITEM-0005033,ORD-002830,101,1,199.99,85.0,199.99,85.0
ITEM-0005034,ORD-002831,102,1,49.99,18.0,49.99,18.0
ITEM-0005035,ORD-002832,301,1,289.0,130.0,289.0,130.0
ITEM-0005036,ORD-002833,503,1,48.0,15.0,48.0,15.0
ITEM-0005037,ORD-002834,106,1,179.99,70.0,179.99,70.0
ITEM-0005038,ORD-002835,206,1,45.0,11.0,45.0,11.0
ITEM-0005039,ORD-002835,305,1,59.99,20.0,59.99,20.0
ITEM-0005040,ORD-002836,107,1,59.99,22.0,59.99,22.0
ITEM-0005041,ORD-002836,404,1,64.99,21.0,64.99,21.0
ITEM-0005042,ORD-002836,303,1,24.99,7.5,24.99,7.5
ITEM-0005043,ORD-002836,205,1,54.0,16.0,54.0,16.0
ITEM-0005044,ORD-002837,106,1,179.99,70.0,179.99,70.0
ITEM-0005045,ORD-002837,502,1,22.99,5.5,22.99,5.5
ITEM-0005046,ORD-002837,505,1,75.0,24.0,75.0,24.0
ITEM-0005047,ORD-002838,401,1,26.0,6.0,26.0,6.0
ITEM-0005048,ORD-002839,107,1,59.99,22.0,59.99,22.0
ITEM-0005049,ORD-002839,404,1,64.99,21.0,64.99,21.0
ITEM-0005050,ORD-002840,106,1,179.99,70.0,179.99,70.0
ITEM-0005051,ORD-002840,304,1,39.99,14.0,39.99,14.0
ITEM-0005052,ORD-002841,306,2,32.5,10.0,65.0,20.0
ITEM-0005053,ORD-002842,107,1,59.99,22.0,59.99,22.0
ITEM-0005054,ORD-002842,104,2,349.99,175.0,699.98,350.0
ITEM-0005055,ORD-002842,102,1,49.99,18.0,49.99,18.0
ITEM-0005056,ORD-002843,502,1,22.99,5.5,22.99,5.5
ITEM-0005057,ORD-002844,404,1,64.99,21.0,64.99,21.0
ITEM-0005058,ORD-002845,307,1,29.99,8.0,29.99,8.0
ITEM-0005059,ORD-002846,501,1,42.0,13.0,42.0,13.0
ITEM-0005060,ORD-002846,502,2,22.99,5.5,45.98,11.0
ITEM-0005061,ORD-002846,307,1,29.99,8.0,29.99,8.0
ITEM-0005062,ORD-002847,303,1,24.99,7.5,24.99,7.5
ITEM-0005063,ORD-002848,204,1,24.0,6.0,24.0,6.0
ITEM-0005064,ORD-002849,505,1,75.0,24.0,75.0,24.0
ITEM-0005065,ORD-002850,505,1,75.0,24.0,75.0,24.0
ITEM-0005066,ORD-002850,307,1,29.99,8.0,29.99,8.0
ITEM-0005067,ORD-002851,404,1,64.99,21.0,64.99,21.0
ITEM-0005068,ORD-002851,206,1,45.0,11.0,45.0,11.0
ITEM-0005069,ORD-002852,102,2,49.99,18.0,99.98,36.0
ITEM-0005070,ORD-002853,403,1,22.0,5.2,22.0,5.2
ITEM-0005071,ORD-002853,102,2,49.99,18.0,99.98,36.0
ITEM-0005072,ORD-002854,302,1,45.0,15.0,45.0,15.0
ITEM-0005073,ORD-002854,206,2,45.0,11.0,90.0,22.0
ITEM-0005074,ORD-002855,301,1,289.0,130.0,289.0,130.0
ITEM-0005075,ORD-002856,301,1,289.0,130.0,289.0,130.0
ITEM-0005076,ORD-002857,206,1,45.0,11.0,45.0,11.0
ITEM-0005077,ORD-002857,103,2,89.99,36.0,179.98,72.0
ITEM-0005078,ORD-002857,502,1,22.99,5.5,22.99,5.5
ITEM-0005079,ORD-002858,204,1,24.0,6.0,24.0,6.0
ITEM-0005080,ORD-002858,105,1,39.99,12.0,39.99,12.0
ITEM-0005081,ORD-002859,504,1,16.99,4.2,16.99,4.2
ITEM-0005082,ORD-002860,404,1,64.99,21.0,64.99,21.0
ITEM-0005083,ORD-002861,302,2,45.0,15.0,90.0,30.0
ITEM-0005084,ORD-002861,403,1,22.0,5.2,22.0,5.2
ITEM-0005085,ORD-002862,401,1,26.0,6.0,26.0,6.0
ITEM-0005086,ORD-002863,301,3,289.0,130.0,867.0,390.0
ITEM-0005087,ORD-002864,201,1,28.0,8.5,28.0,8.5
ITEM-0005088,ORD-002865,202,1,68.0,22.0,68.0,22.0
ITEM-0005089,ORD-002866,303,1,24.99,7.5,24.99,7.5
ITEM-0005090,ORD-002867,502,1,22.99,5.5,22.99,5.5
ITEM-0005091,ORD-002868,503,1,48.0,15.0,48.0,15.0
ITEM-0005092,ORD-002868,307,1,29.99,8.0,29.99,8.0
ITEM-0005093,ORD-002868,504,1,16.99,4.2,16.99,4.2
ITEM-0005094,ORD-002869,201,1,28.0,8.5,28.0,8.5
ITEM-0005095,ORD-002869,301,1,289.0,130.0,289.0,130.0
ITEM-0005096,ORD-002869,505,1,75.0,24.0,75.0,24.0
ITEM-0005097,ORD-002869,404,1,64.99,21.0,64.99,21.0
ITEM-0005098,ORD-002870,304,1,39.99,14.0,39.99,14.0
ITEM-0005099,ORD-002870,203,1,120.0,42.0,120.0,42.0
ITEM-0005100,ORD-002871,106,1,179.99,70.0,179.99,70.0
ITEM-0005101,ORD-002872,108,1,29.99,9.5,29.99,9.5
ITEM-0005102,ORD-002872,205,1,54.0,16.0,54.0,16.0
ITEM-0005103,ORD-002873,404,1,64.99,21.0,64.99,21.0
ITEM-0005104,ORD-002874,205,1,54.0,16.0,54.0,16.0
ITEM-0005105,ORD-002875,501,1,42.0,13.0,42.0,13.0
ITEM-0005106,ORD-002875,502,1,22.99,5.5,22.99,5.5
ITEM-0005107,ORD-002876,401,1,26.0,6.0,26.0,6.0
ITEM-0005108,ORD-002876,402,1,34.0,8.5,34.0,8.5
ITEM-0005109,ORD-002876,403,1,22.0,5.2,22.0,5.2
ITEM-0005110,ORD-002877,305,1,59.99,20.0,59.99,20.0
ITEM-0005111,ORD-002878,206,2,45.0,11.0,90.0,22.0
ITEM-0005112,ORD-002878,301,1,289.0,130.0,289.0,130.0
ITEM-0005113,ORD-002879,101,1,199.99,85.0,199.99,85.0
ITEM-0005114,ORD-002880,305,2,59.99,20.0,119.98,40.0
ITEM-0005115,ORD-002880,108,1,29.99,9.5,29.99,9.5
ITEM-0005116,ORD-002881,104,3,349.99,175.0,1049.97,525.0
ITEM-0005117,ORD-002882,108,1,29.99,9.5,29.99,9.5
ITEM-0005118,ORD-002883,102,1,49.99,18.0,49.99,18.0
ITEM-0005119,ORD-002884,305,1,59.99,20.0,59.99,20.0
ITEM-0005120,ORD-002884,505,1,75.0,24.0,75.0,24.0
ITEM-0005121,ORD-002884,502,1,22.99,5.5,22.99,5.5
ITEM-0005122,ORD-002884,403,1,22.0,5.2,22.0,5.2
ITEM-0005123,ORD-002885,502,1,22.99,5.5,22.99,5.5
ITEM-0005124,ORD-002885,304,1,39.99,14.0,39.99,14.0
ITEM-0005125,ORD-002886,104,1,349.99,175.0,349.99,175.0
ITEM-0005126,ORD-002887,302,1,45.0,15.0,45.0,15.0
ITEM-0005127,ORD-002887,307,1,29.99,8.0,29.99,8.0
ITEM-0005128,ORD-002888,504,1,16.99,4.2,16.99,4.2
ITEM-0005129,ORD-002888,105,1,39.99,12.0,39.99,12.0
ITEM-0005130,ORD-002888,103,1,89.99,36.0,89.99,36.0
ITEM-0005131,ORD-002889,201,1,28.0,8.5,28.0,8.5
ITEM-0005132,ORD-002889,104,1,349.99,175.0,349.99,175.0
ITEM-0005133,ORD-002890,305,1,59.99,20.0,59.99,20.0
ITEM-0005134,ORD-002891,108,1,29.99,9.5,29.99,9.5
ITEM-0005135,ORD-002892,404,1,64.99,21.0,64.99,21.0
ITEM-0005136,ORD-002893,307,1,29.99,8.0,29.99,8.0
ITEM-0005137,ORD-002893,206,1,45.0,11.0,45.0,11.0
ITEM-0005138,ORD-002894,303,2,24.99,7.5,49.98,15.0
ITEM-0005139,ORD-002895,105,1,39.99,12.0,39.99,12.0
ITEM-0005140,ORD-002895,201,1,28.0,8.5,28.0,8.5
ITEM-0005141,ORD-002896,405,1,18.0,4.0,18.0,4.0
ITEM-0005142,ORD-002897,505,1,75.0,24.0,75.0,24.0
ITEM-0005143,ORD-002898,203,1,120.0,42.0,120.0,42.0
ITEM-0005144,ORD-002899,503,1,48.0,15.0,48.0,15.0
ITEM-0005145,ORD-002899,203,1,120.0,42.0,120.0,42.0
ITEM-0005146,ORD-002899,303,1,24.99,7.5,24.99,7.5
ITEM-0005147,ORD-002900,505,1,75.0,24.0,75.0,24.0
ITEM-0005148,ORD-002901,501,2,42.0,13.0,84.0,26.0
ITEM-0005149,ORD-002902,401,1,26.0,6.0,26.0,6.0
ITEM-0005150,ORD-002903,305,1,59.99,20.0,59.99,20.0
ITEM-0005151,ORD-002904,403,3,22.0,5.2,66.0,15.6
ITEM-0005152,ORD-002905,205,1,54.0,16.0,54.0,16.0
ITEM-0005153,ORD-002905,201,1,28.0,8.5,28.0,8.5
ITEM-0005154,ORD-002906,203,1,120.0,42.0,120.0,42.0
ITEM-0005155,ORD-002907,205,1,54.0,16.0,54.0,16.0
ITEM-0005156,ORD-002908,405,1,18.0,4.0,18.0,4.0
ITEM-0005157,ORD-002908,304,1,39.99,14.0,39.99,14.0
ITEM-0005158,ORD-002908,302,1,45.0,15.0,45.0,15.0
ITEM-0005159,ORD-002909,307,2,29.99,8.0,59.98,16.0
ITEM-0005160,ORD-002909,106,1,179.99,70.0,179.99,70.0
ITEM-0005161,ORD-002910,302,1,45.0,15.0,45.0,15.0
ITEM-0005162,ORD-002910,306,1,32.5,10.0,32.5,10.0
ITEM-0005163,ORD-002910,102,1,49.99,18.0,49.99,18.0
ITEM-0005164,ORD-002911,202,1,68.0,22.0,68.0,22.0
ITEM-0005165,ORD-002911,105,1,39.99,12.0,39.99,12.0
ITEM-0005166,ORD-002912,103,2,89.99,36.0,179.98,72.0
ITEM-0005167,ORD-002912,306,1,32.5,10.0,32.5,10.0
ITEM-0005168,ORD-002913,306,1,32.5,10.0,32.5,10.0
ITEM-0005169,ORD-002913,106,1,179.99,70.0,179.99,70.0
ITEM-0005170,ORD-002913,303,1,24.99,7.5,24.99,7.5
ITEM-0005171,ORD-002914,503,1,48.0,15.0,48.0,15.0
ITEM-0005172,ORD-002915,401,1,26.0,6.0,26.0,6.0
ITEM-0005173,ORD-002916,105,1,39.99,12.0,39.99,12.0
ITEM-0005174,ORD-002916,405,1,18.0,4.0,18.0,4.0
ITEM-0005175,ORD-002917,503,1,48.0,15.0,48.0,15.0
ITEM-0005176,ORD-002917,303,1,24.99,7.5,24.99,7.5
ITEM-0005177,ORD-002918,305,1,59.99,20.0,59.99,20.0
ITEM-0005178,ORD-002918,102,1,49.99,18.0,49.99,18.0
ITEM-0005179,ORD-002919,304,1,39.99,14.0,39.99,14.0
ITEM-0005180,ORD-002920,103,1,89.99,36.0,89.99,36.0
ITEM-0005181,ORD-002920,503,1,48.0,15.0,48.0,15.0
ITEM-0005182,ORD-002920,302,1,45.0,15.0,45.0,15.0
ITEM-0005183,ORD-002921,302,2,45.0,15.0,90.0,30.0
ITEM-0005184,ORD-002921,502,1,22.99,5.5,22.99,5.5
ITEM-0005185,ORD-002921,501,1,42.0,13.0,42.0,13.0
ITEM-0005186,ORD-002922,501,1,42.0,13.0,42.0,13.0
ITEM-0005187,ORD-002922,502,1,22.99,5.5,22.99,5.5
ITEM-0005188,ORD-002922,307,1,29.99,8.0,29.99,8.0
ITEM-0005189,ORD-002923,504,1,16.99,4.2,16.99,4.2
ITEM-0005190,ORD-002924,505,1,75.0,24.0,75.0,24.0
ITEM-0005191,ORD-002924,307,1,29.99,8.0,29.99,8.0
ITEM-0005192,ORD-002925,305,1,59.99,20.0,59.99,20.0
ITEM-0005193,ORD-002926,202,1,68.0,22.0,68.0,22.0
ITEM-0005194,ORD-002927,201,1,28.0,8.5,28.0,8.5
ITEM-0005195,ORD-002927,107,1,59.99,22.0,59.99,22.0
ITEM-0005196,ORD-002928,305,1,59.99,20.0,59.99,20.0
ITEM-0005197,ORD-002929,306,1,32.5,10.0,32.5,10.0
ITEM-0005198,ORD-002929,201,3,28.0,8.5,84.0,25.5
ITEM-0005199,ORD-002929,301,1,289.0,130.0,289.0,130.0
ITEM-0005200,ORD-002930,302,1,45.0,15.0,45.0,15.0
ITEM-0005201,ORD-002931,504,1,16.99,4.2,16.99,4.2
ITEM-0005202,ORD-002931,108,1,29.99,9.5,29.99,9.5
ITEM-0005203,ORD-002932,505,1,75.0,24.0,75.0,24.0
ITEM-0005204,ORD-002933,108,1,29.99,9.5,29.99,9.5
ITEM-0005205,ORD-002933,402,1,34.0,8.5,34.0,8.5
ITEM-0005206,ORD-002934,302,1,45.0,15.0,45.0,15.0
ITEM-0005207,ORD-002935,205,1,54.0,16.0,54.0,16.0
ITEM-0005208,ORD-002936,505,1,75.0,24.0,75.0,24.0
ITEM-0005209,ORD-002937,103,1,89.99,36.0,89.99,36.0
ITEM-0005210,ORD-002938,205,1,54.0,16.0,54.0,16.0
ITEM-0005211,ORD-002938,105,1,39.99,12.0,39.99,12.0
ITEM-0005212,ORD-002939,201,2,28.0,8.5,56.0,17.0
ITEM-0005213,ORD-002940,504,1,16.99,4.2,16.99,4.2
ITEM-0005214,ORD-002940,104,1,349.99,175.0,349.99,175.0
ITEM-0005215,ORD-002941,503,1,48.0,15.0,48.0,15.0
ITEM-0005216,ORD-002941,204,1,24.0,6.0,24.0,6.0
ITEM-0005217,ORD-002941,104,1,349.99,175.0,349.99,175.0
ITEM-0005218,ORD-002942,306,1,32.5,10.0,32.5,10.0
ITEM-0005219,ORD-002942,204,1,24.0,6.0,24.0,6.0
ITEM-0005220,ORD-002942,108,2,29.99,9.5,59.98,19.0
ITEM-0005221,ORD-002943,103,1,89.99,36.0,89.99,36.0
ITEM-0005222,ORD-002944,403,1,22.0,5.2,22.0,5.2
ITEM-0005223,ORD-002945,502,1,22.99,5.5,22.99,5.5
ITEM-0005224,ORD-002946,108,1,29.99,9.5,29.99,9.5
ITEM-0005225,ORD-002947,203,2,120.0,42.0,240.0,84.0
ITEM-0005226,ORD-002948,203,2,120.0,42.0,240.0,84.0
ITEM-0005227,ORD-002949,504,1,16.99,4.2,16.99,4.2
ITEM-0005228,ORD-002949,501,1,42.0,13.0,42.0,13.0
ITEM-0005229,ORD-002950,403,1,22.0,5.2,22.0,5.2
ITEM-0005230,ORD-002951,505,2,75.0,24.0,150.0,48.0
ITEM-0005231,ORD-002952,304,2,39.99,14.0,79.98,28.0
ITEM-0005232,ORD-002953,307,1,29.99,8.0,29.99,8.0
ITEM-0005233,ORD-002954,305,2,59.99,20.0,119.98,40.0
ITEM-0005234,ORD-002954,503,1,48.0,15.0,48.0,15.0
ITEM-0005235,ORD-002955,106,2,179.99,70.0,359.98,140.0
ITEM-0005236,ORD-002955,102,1,49.99,18.0,49.99,18.0
ITEM-0005237,ORD-002955,502,1,22.99,5.5,22.99,5.5
ITEM-0005238,ORD-002956,503,1,48.0,15.0,48.0,15.0
ITEM-0005239,ORD-002957,108,1,29.99,9.5,29.99,9.5
ITEM-0005240,ORD-002958,305,1,59.99,20.0,59.99,20.0
ITEM-0005241,ORD-002959,301,1,289.0,130.0,289.0,130.0
ITEM-0005242,ORD-002960,504,1,16.99,4.2,16.99,4.2
ITEM-0005243,ORD-002960,106,1,179.99,70.0,179.99,70.0
ITEM-0005244,ORD-002960,204,1,24.0,6.0,24.0,6.0
ITEM-0005245,ORD-002961,306,2,32.5,10.0,65.0,20.0
ITEM-0005246,ORD-002962,206,1,45.0,11.0,45.0,11.0
ITEM-0005247,ORD-002963,505,1,75.0,24.0,75.0,24.0
ITEM-0005248,ORD-002964,102,1,49.99,18.0,49.99,18.0
ITEM-0005249,ORD-002964,201,1,28.0,8.5,28.0,8.5
ITEM-0005250,ORD-002965,103,1,89.99,36.0,89.99,36.0
ITEM-0005251,ORD-002965,405,1,18.0,4.0,18.0,4.0
ITEM-0005252,ORD-002965,206,1,45.0,11.0,45.0,11.0
ITEM-0005253,ORD-002966,401,1,26.0,6.0,26.0,6.0
ITEM-0005254,ORD-002967,302,1,45.0,15.0,45.0,15.0
ITEM-0005255,ORD-002968,306,1,32.5,10.0,32.5,10.0
ITEM-0005256,ORD-002969,103,1,89.99,36.0,89.99,36.0
ITEM-0005257,ORD-002970,102,1,49.99,18.0,49.99,18.0
ITEM-0005258,ORD-002971,108,1,29.99,9.5,29.99,9.5
ITEM-0005259,ORD-002971,205,1,54.0,16.0,54.0,16.0
ITEM-0005260,ORD-002971,307,1,29.99,8.0,29.99,8.0
ITEM-0005261,ORD-002971,405,1,18.0,4.0,18.0,4.0
ITEM-0005262,ORD-002972,405,1,18.0,4.0,18.0,4.0
ITEM-0005263,ORD-002973,201,1,28.0,8.5,28.0,8.5
ITEM-0005264,ORD-002974,202,1,68.0,22.0,68.0,22.0
ITEM-0005265,ORD-002974,201,1,28.0,8.5,28.0,8.5
ITEM-0005266,ORD-002975,107,1,59.99,22.0,59.99,22.0
ITEM-0005267,ORD-002975,204,1,24.0,6.0,24.0,6.0
ITEM-0005268,ORD-002976,503,1,48.0,15.0,48.0,15.0
ITEM-0005269,ORD-002976,504,1,16.99,4.2,16.99,4.2
ITEM-0005270,ORD-002976,106,1,179.99,70.0,179.99,70.0
ITEM-0005271,ORD-002977,301,1,289.0,130.0,289.0,130.0
ITEM-0005272,ORD-002978,303,2,24.99,7.5,49.98,15.0
ITEM-0005273,ORD-002978,107,2,59.99,22.0,119.98,44.0
ITEM-0005274,ORD-002979,101,1,199.99,85.0,199.99,85.0
ITEM-0005275,ORD-002980,206,1,45.0,11.0,45.0,11.0
ITEM-0005276,ORD-002981,203,1,120.0,42.0,120.0,42.0
ITEM-0005277,ORD-002982,401,1,26.0,6.0,26.0,6.0
ITEM-0005278,ORD-002982,403,1,22.0,5.2,22.0,5.2
ITEM-0005279,ORD-002983,304,1,39.99,14.0,39.99,14.0
ITEM-0005280,ORD-002984,203,1,120.0,42.0,120.0,42.0
ITEM-0005281,ORD-002984,101,1,199.99,85.0,199.99,85.0
ITEM-0005282,ORD-002985,102,1,49.99,18.0,49.99,18.0
ITEM-0005283,ORD-002985,502,1,22.99,5.5,22.99,5.5
ITEM-0005284,ORD-002985,405,1,18.0,4.0,18.0,4.0
ITEM-0005285,ORD-002986,103,1,89.99,36.0,89.99,36.0
ITEM-0005286,ORD-002986,106,1,179.99,70.0,179.99,70.0
ITEM-0005287,ORD-002986,402,1,34.0,8.5,34.0,8.5
ITEM-0005288,ORD-002987,403,1,22.0,5.2,22.0,5.2
ITEM-0005289,ORD-002988,505,1,75.0,24.0,75.0,24.0
ITEM-0005290,ORD-002989,102,1,49.99,18.0,49.99,18.0
ITEM-0005291,ORD-002990,305,1,59.99,20.0,59.99,20.0
ITEM-0005292,ORD-002991,502,2,22.99,5.5,45.98,11.0
ITEM-0005293,ORD-002992,103,1,89.99,36.0,89.99,36.0
ITEM-0005294,ORD-002993,403,1,22.0,5.2,22.0,5.2
ITEM-0005295,ORD-002993,306,1,32.5,10.0,32.5,10.0
ITEM-0005296,ORD-002994,206,1,45.0,11.0,45.0,11.0
ITEM-0005297,ORD-002995,105,1,39.99,12.0,39.99,12.0
ITEM-0005298,ORD-002996,401,1,26.0,6.0,26.0,6.0
ITEM-0005299,ORD-002997,505,1,75.0,24.0,75.0,24.0
ITEM-0005300,ORD-002997,201,1,28.0,8.5,28.0,8.5
ITEM-0005301,ORD-002998,301,1,289.0,130.0,289.0,130.0
ITEM-0005302,ORD-002999,503,2,48.0,15.0,96.0,30.0
ITEM-0005303,ORD-003000,204,1,24.0,6.0,24.0,6.0
ITEM-0005304,ORD-003001,105,1,39.99,12.0,39.99,12.0
ITEM-0005305,ORD-003001,206,1,45.0,11.0,45.0,11.0
ITEM-0005306,ORD-003002,307,1,29.99,8.0,29.99,8.0
ITEM-0005307,ORD-003003,102,1,49.99,18.0,49.99,18.0
ITEM-0005308,ORD-003004,108,1,29.99,9.5,29.99,9.5
ITEM-0005309,ORD-003005,205,2,54.0,16.0,108.0,32.0
ITEM-0005310,ORD-003005,402,2,34.0,8.5,68.0,17.0
ITEM-0005311,ORD-003006,204,1,24.0,6.0,24.0,6.0
ITEM-0005312,ORD-003006,404,1,64.99,21.0,64.99,21.0
ITEM-0005313,ORD-003006,306,1,32.5,10.0,32.5,10.0
ITEM-0005314,ORD-003006,402,1,34.0,8.5,34.0,8.5
ITEM-0005315,ORD-003007,303,1,24.99,7.5,24.99,7.5
ITEM-0005316,ORD-003008,405,1,18.0,4.0,18.0,4.0
ITEM-0005317,ORD-003008,106,1,179.99,70.0,179.99,70.0
ITEM-0005318,ORD-003009,505,1,75.0,24.0,75.0,24.0
ITEM-0005319,ORD-003009,203,1,120.0,42.0,120.0,42.0
ITEM-0005320,ORD-003010,502,1,22.99,5.5,22.99,5.5
ITEM-0005321,ORD-003011,502,1,22.99,5.5,22.99,5.5
ITEM-0005322,ORD-003012,503,1,48.0,15.0,48.0,15.0
ITEM-0005323,ORD-003012,101,1,199.99,85.0,199.99,85.0
ITEM-0005324,ORD-003013,306,1,32.5,10.0,32.5,10.0
ITEM-0005325,ORD-003014,505,1,75.0,24.0,75.0,24.0
ITEM-0005326,ORD-003014,103,1,89.99,36.0,89.99,36.0
ITEM-0005327,ORD-003015,304,1,39.99,14.0,39.99,14.0
ITEM-0005328,ORD-003015,104,1,349.99,175.0,349.99,175.0
ITEM-0005329,ORD-003016,503,1,48.0,15.0,48.0,15.0
ITEM-0005330,ORD-003017,402,1,34.0,8.5,34.0,8.5
ITEM-0005331,ORD-003018,505,2,75.0,24.0,150.0,48.0
ITEM-0005332,ORD-003018,101,1,199.99,85.0,199.99,85.0
ITEM-0005333,ORD-003019,202,1,68.0,22.0,68.0,22.0
ITEM-0005334,ORD-003020,103,1,89.99,36.0,89.99,36.0
ITEM-0005335,ORD-003020,401,1,26.0,6.0,26.0,6.0
ITEM-0005336,ORD-003020,104,1,349.99,175.0,349.99,175.0
ITEM-0005337,ORD-003021,301,1,289.0,130.0,289.0,130.0
ITEM-0005338,ORD-003021,302,1,45.0,15.0,45.0,15.0
ITEM-0005339,ORD-003022,306,1,32.5,10.0,32.5,10.0
ITEM-0005340,ORD-003022,107,1,59.99,22.0,59.99,22.0
ITEM-0005341,ORD-003022,403,1,22.0,5.2,22.0,5.2
ITEM-0005342,ORD-003022,405,3,18.0,4.0,54.0,12.0
ITEM-0005343,ORD-003023,303,1,24.99,7.5,24.99,7.5
ITEM-0005344,ORD-003023,504,1,16.99,4.2,16.99,4.2
ITEM-0005345,ORD-003023,404,1,64.99,21.0,64.99,21.0
ITEM-0005346,ORD-003023,205,1,54.0,16.0,54.0,16.0
ITEM-0005347,ORD-003024,502,1,22.99,5.5,22.99,5.5
ITEM-0005348,ORD-003024,404,1,64.99,21.0,64.99,21.0
ITEM-0005349,ORD-003025,205,1,54.0,16.0,54.0,16.0
ITEM-0005350,ORD-003025,204,1,24.0,6.0,24.0,6.0
ITEM-0005351,ORD-003026,304,1,39.99,14.0,39.99,14.0
ITEM-0005352,ORD-003026,503,1,48.0,15.0,48.0,15.0
ITEM-0005353,ORD-003027,107,1,59.99,22.0,59.99,22.0
ITEM-0005354,ORD-003028,106,1,179.99,70.0,179.99,70.0
ITEM-0005355,ORD-003028,101,1,199.99,85.0,199.99,85.0
ITEM-0005356,ORD-003029,203,1,120.0,42.0,120.0,42.0
ITEM-0005357,ORD-003029,303,1,24.99,7.5,24.99,7.5
ITEM-0005358,ORD-003030,306,1,32.5,10.0,32.5,10.0
ITEM-0005359,ORD-003031,107,1,59.99,22.0,59.99,22.0
ITEM-0005360,ORD-003032,203,1,120.0,42.0,120.0,42.0
ITEM-0005361,ORD-003032,502,1,22.99,5.5,22.99,5.5
ITEM-0005362,ORD-003033,403,1,22.0,5.2,22.0,5.2
ITEM-0005363,ORD-003034,304,1,39.99,14.0,39.99,14.0
ITEM-0005364,ORD-003034,501,1,42.0,13.0,42.0,13.0
ITEM-0005365,ORD-003034,101,1,199.99,85.0,199.99,85.0
ITEM-0005366,ORD-003035,402,1,34.0,8.5,34.0,8.5
ITEM-0005367,ORD-003035,102,1,49.99,18.0,49.99,18.0
ITEM-0005368,ORD-003035,104,1,349.99,175.0,349.99,175.0
ITEM-0005369,ORD-003036,307,1,29.99,8.0,29.99,8.0
ITEM-0005370,ORD-003036,105,1,39.99,12.0,39.99,12.0
ITEM-0005371,ORD-003037,502,1,22.99,5.5,22.99,5.5
ITEM-0005372,ORD-003038,403,1,22.0,5.2,22.0,5.2
ITEM-0005373,ORD-003039,205,1,54.0,16.0,54.0,16.0
ITEM-0005374,ORD-003039,306,1,32.5,10.0,32.5,10.0
ITEM-0005375,ORD-003039,303,1,24.99,7.5,24.99,7.5
ITEM-0005376,ORD-003040,202,1,68.0,22.0,68.0,22.0
ITEM-0005377,ORD-003041,204,1,24.0,6.0,24.0,6.0
ITEM-0005378,ORD-003042,403,1,22.0,5.2,22.0,5.2
ITEM-0005379,ORD-003042,201,2,28.0,8.5,56.0,17.0
ITEM-0005380,ORD-003042,304,1,39.99,14.0,39.99,14.0
ITEM-0005381,ORD-003043,405,1,18.0,4.0,18.0,4.0
ITEM-0005382,ORD-003043,205,1,54.0,16.0,54.0,16.0
ITEM-0005383,ORD-003044,304,1,39.99,14.0,39.99,14.0
ITEM-0005384,ORD-003045,206,2,45.0,11.0,90.0,22.0
ITEM-0005385,ORD-003046,405,2,18.0,4.0,36.0,8.0
ITEM-0005386,ORD-003047,306,1,32.5,10.0,32.5,10.0
ITEM-0005387,ORD-003047,203,2,120.0,42.0,240.0,84.0
ITEM-0005388,ORD-003048,301,3,289.0,130.0,867.0,390.0
ITEM-0005389,ORD-003048,302,1,45.0,15.0,45.0,15.0
ITEM-0005390,ORD-003049,402,2,34.0,8.5,68.0,17.0
ITEM-0005391,ORD-003050,301,1,289.0,130.0,289.0,130.0
ITEM-0005392,ORD-003050,302,1,45.0,15.0,45.0,15.0
ITEM-0005393,ORD-003051,304,1,39.99,14.0,39.99,14.0
ITEM-0005394,ORD-003052,306,1,32.5,10.0,32.5,10.0
ITEM-0005395,ORD-003053,307,1,29.99,8.0,29.99,8.0
ITEM-0005396,ORD-003053,107,1,59.99,22.0,59.99,22.0
ITEM-0005397,ORD-003054,302,1,45.0,15.0,45.0,15.0
ITEM-0005398,ORD-003055,105,2,39.99,12.0,79.98,24.0
ITEM-0005399,ORD-003056,206,1,45.0,11.0,45.0,11.0
ITEM-0005400,ORD-003056,304,1,39.99,14.0,39.99,14.0
ITEM-0005401,ORD-003056,107,2,59.99,22.0,119.98,44.0
ITEM-0005402,ORD-003056,306,1,32.5,10.0,32.5,10.0
ITEM-0005403,ORD-003057,204,1,24.0,6.0,24.0,6.0
ITEM-0005404,ORD-003057,302,1,45.0,15.0,45.0,15.0
ITEM-0005405,ORD-003058,205,2,54.0,16.0,108.0,32.0
ITEM-0005406,ORD-003058,403,1,22.0,5.2,22.0,5.2
ITEM-0005407,ORD-003058,504,1,16.99,4.2,16.99,4.2
ITEM-0005408,ORD-003059,402,1,34.0,8.5,34.0,8.5
ITEM-0005409,ORD-003059,401,1,26.0,6.0,26.0,6.0
ITEM-0005410,ORD-003060,303,1,24.99,7.5,24.99,7.5
ITEM-0005411,ORD-003061,105,1,39.99,12.0,39.99,12.0
ITEM-0005412,ORD-003061,504,1,16.99,4.2,16.99,4.2
ITEM-0005413,ORD-003062,404,1,64.99,21.0,64.99,21.0
ITEM-0005414,ORD-003062,101,3,199.99,85.0,599.97,255.0
ITEM-0005415,ORD-003063,307,1,29.99,8.0,29.99,8.0
ITEM-0005416,ORD-003063,202,1,68.0,22.0,68.0,22.0
ITEM-0005417,ORD-003064,302,1,45.0,15.0,45.0,15.0
ITEM-0005418,ORD-003065,304,1,39.99,14.0,39.99,14.0
ITEM-0005419,ORD-003066,106,1,179.99,70.0,179.99,70.0
ITEM-0005420,ORD-003066,302,1,45.0,15.0,45.0,15.0
ITEM-0005421,ORD-003067,104,1,349.99,175.0,349.99,175.0
ITEM-0005422,ORD-003067,102,2,49.99,18.0,99.98,36.0
ITEM-0005423,ORD-003068,205,1,54.0,16.0,54.0,16.0
ITEM-0005424,ORD-003068,101,1,199.99,85.0,199.99,85.0
ITEM-0005425,ORD-003069,304,1,39.99,14.0,39.99,14.0
ITEM-0005426,ORD-003069,204,2,24.0,6.0,48.0,12.0
ITEM-0005427,ORD-003069,405,1,18.0,4.0,18.0,4.0
ITEM-0005428,ORD-003070,501,1,42.0,13.0,42.0,13.0
ITEM-0005429,ORD-003071,405,1,18.0,4.0,18.0,4.0
ITEM-0005430,ORD-003071,104,1,349.99,175.0,349.99,175.0
ITEM-0005431,ORD-003072,503,1,48.0,15.0,48.0,15.0
ITEM-0005432,ORD-003072,404,3,64.99,21.0,194.97,63.0
ITEM-0005433,ORD-003072,304,1,39.99,14.0,39.99,14.0
ITEM-0005434,ORD-003073,201,2,28.0,8.5,56.0,17.0
ITEM-0005435,ORD-003073,306,1,32.5,10.0,32.5,10.0
ITEM-0005436,ORD-003074,305,1,59.99,20.0,59.99,20.0
ITEM-0005437,ORD-003075,202,2,68.0,22.0,136.0,44.0
ITEM-0005438,ORD-003076,502,1,22.99,5.5,22.99,5.5
ITEM-0005439,ORD-003077,204,2,24.0,6.0,48.0,12.0
ITEM-0005440,ORD-003077,405,1,18.0,4.0,18.0,4.0
ITEM-0005441,ORD-003077,401,1,26.0,6.0,26.0,6.0
ITEM-0005442,ORD-003078,502,2,22.99,5.5,45.98,11.0
ITEM-0005443,ORD-003078,101,1,199.99,85.0,199.99,85.0
ITEM-0005444,ORD-003079,504,1,16.99,4.2,16.99,4.2
ITEM-0005445,ORD-003079,401,1,26.0,6.0,26.0,6.0
ITEM-0005446,ORD-003080,501,1,42.0,13.0,42.0,13.0
ITEM-0005447,ORD-003080,502,2,22.99,5.5,45.98,11.0
ITEM-0005448,ORD-003081,404,2,64.99,21.0,129.98,42.0
ITEM-0005449,ORD-003081,505,1,75.0,24.0,75.0,24.0
ITEM-0005450,ORD-003082,304,2,39.99,14.0,79.98,28.0
ITEM-0005451,ORD-003082,502,1,22.99,5.5,22.99,5.5
ITEM-0005452,ORD-003083,401,1,26.0,6.0,26.0,6.0
ITEM-0005453,ORD-003084,405,1,18.0,4.0,18.0,4.0
ITEM-0005454,ORD-003085,501,1,42.0,13.0,42.0,13.0
ITEM-0005455,ORD-003085,303,1,24.99,7.5,24.99,7.5
ITEM-0005456,ORD-003085,505,1,75.0,24.0,75.0,24.0
ITEM-0005457,ORD-003086,404,1,64.99,21.0,64.99,21.0
ITEM-0005458,ORD-003087,201,1,28.0,8.5,28.0,8.5
ITEM-0005459,ORD-003087,501,1,42.0,13.0,42.0,13.0
ITEM-0005460,ORD-003088,305,1,59.99,20.0,59.99,20.0
ITEM-0005461,ORD-003088,307,1,29.99,8.0,29.99,8.0
ITEM-0005462,ORD-003088,306,1,32.5,10.0,32.5,10.0
ITEM-0005463,ORD-003089,108,2,29.99,9.5,59.98,19.0
ITEM-0005464,ORD-003089,303,1,24.99,7.5,24.99,7.5
ITEM-0005465,ORD-003089,403,2,22.0,5.2,44.0,10.4
ITEM-0005466,ORD-003090,303,1,24.99,7.5,24.99,7.5
ITEM-0005467,ORD-003090,105,1,39.99,12.0,39.99,12.0
ITEM-0005468,ORD-003091,301,1,289.0,130.0,289.0,130.0
ITEM-0005469,ORD-003092,105,1,39.99,12.0,39.99,12.0
ITEM-0005470,ORD-003093,201,1,28.0,8.5,28.0,8.5
ITEM-0005471,ORD-003093,206,2,45.0,11.0,90.0,22.0
ITEM-0005472,ORD-003093,205,1,54.0,16.0,54.0,16.0
ITEM-0005473,ORD-003094,203,1,120.0,42.0,120.0,42.0
ITEM-0005474,ORD-003094,503,1,48.0,15.0,48.0,15.0
ITEM-0005475,ORD-003095,301,1,289.0,130.0,289.0,130.0
ITEM-0005476,ORD-003095,302,1,45.0,15.0,45.0,15.0
ITEM-0005477,ORD-003096,103,1,89.99,36.0,89.99,36.0
ITEM-0005478,ORD-003097,203,1,120.0,42.0,120.0,42.0
ITEM-0005479,ORD-003097,304,1,39.99,14.0,39.99,14.0
ITEM-0005480,ORD-003097,306,1,32.5,10.0,32.5,10.0
ITEM-0005481,ORD-003098,206,1,45.0,11.0,45.0,11.0
ITEM-0005482,ORD-003098,401,1,26.0,6.0,26.0,6.0
ITEM-0005483,ORD-003099,302,1,45.0,15.0,45.0,15.0
ITEM-0005484,ORD-003100,403,2,22.0,5.2,44.0,10.4
ITEM-0005485,ORD-003101,202,1,68.0,22.0,68.0,22.0
ITEM-0005486,ORD-003101,103,2,89.99,36.0,179.98,72.0
ITEM-0005487,ORD-003102,403,3,22.0,5.2,66.0,15.6
ITEM-0005488,ORD-003102,405,2,18.0,4.0,36.0,8.0
ITEM-0005489,ORD-003102,108,1,29.99,9.5,29.99,9.5
ITEM-0005490,ORD-003103,302,1,45.0,15.0,45.0,15.0
ITEM-0005491,ORD-003103,204,1,24.0,6.0,24.0,6.0
ITEM-0005492,ORD-003104,206,2,45.0,11.0,90.0,22.0
ITEM-0005493,ORD-003104,505,1,75.0,24.0,75.0,24.0
ITEM-0005494,ORD-003105,102,1,49.99,18.0,49.99,18.0
ITEM-0005495,ORD-003105,203,1,120.0,42.0,120.0,42.0
ITEM-0005496,ORD-003105,106,1,179.99,70.0,179.99,70.0
ITEM-0005497,ORD-003106,301,1,289.0,130.0,289.0,130.0
ITEM-0005498,ORD-003106,303,1,24.99,7.5,24.99,7.5
ITEM-0005499,ORD-003107,107,1,59.99,22.0,59.99,22.0
ITEM-0005500,ORD-003107,501,1,42.0,13.0,42.0,13.0
ITEM-0005501,ORD-003108,102,1,49.99,18.0,49.99,18.0
ITEM-0005502,ORD-003109,108,1,29.99,9.5,29.99,9.5
ITEM-0005503,ORD-003110,404,1,64.99,21.0,64.99,21.0
ITEM-0005504,ORD-003110,203,1,120.0,42.0,120.0,42.0
ITEM-0005505,ORD-003110,303,1,24.99,7.5,24.99,7.5
ITEM-0005506,ORD-003110,104,2,349.99,175.0,699.98,350.0
ITEM-0005507,ORD-003111,201,1,28.0,8.5,28.0,8.5
ITEM-0005508,ORD-003111,405,1,18.0,4.0,18.0,4.0
ITEM-0005509,ORD-003112,106,1,179.99,70.0,179.99,70.0
ITEM-0005510,ORD-003113,401,1,26.0,6.0,26.0,6.0
ITEM-0005511,ORD-003114,402,1,34.0,8.5,34.0,8.5
ITEM-0005512,ORD-003115,204,1,24.0,6.0,24.0,6.0
ITEM-0005513,ORD-003116,106,1,179.99,70.0,179.99,70.0
ITEM-0005514,ORD-003116,105,1,39.99,12.0,39.99,12.0
ITEM-0005515,ORD-003117,203,1,120.0,42.0,120.0,42.0
ITEM-0005516,ORD-003117,202,1,68.0,22.0,68.0,22.0
ITEM-0005517,ORD-003118,101,1,199.99,85.0,199.99,85.0
ITEM-0005518,ORD-003118,108,2,29.99,9.5,59.98,19.0
ITEM-0005519,ORD-003118,107,1,59.99,22.0,59.99,22.0
ITEM-0005520,ORD-003119,504,1,16.99,4.2,16.99,4.2
ITEM-0005521,ORD-003120,106,1,179.99,70.0,179.99,70.0
ITEM-0005522,ORD-003120,503,1,48.0,15.0,48.0,15.0
ITEM-0005523,ORD-003120,105,1,39.99,12.0,39.99,12.0
ITEM-0005524,ORD-003121,201,1,28.0,8.5,28.0,8.5
ITEM-0005525,ORD-003121,405,1,18.0,4.0,18.0,4.0
ITEM-0005526,ORD-003122,305,1,59.99,20.0,59.99,20.0
ITEM-0005527,ORD-003123,201,1,28.0,8.5,28.0,8.5
ITEM-0005528,ORD-003124,303,1,24.99,7.5,24.99,7.5
ITEM-0005529,ORD-003125,504,1,16.99,4.2,16.99,4.2
ITEM-0005530,ORD-003126,401,1,26.0,6.0,26.0,6.0
ITEM-0005531,ORD-003126,402,1,34.0,8.5,34.0,8.5
ITEM-0005532,ORD-003127,105,1,39.99,12.0,39.99,12.0
ITEM-0005533,ORD-003128,206,1,45.0,11.0,45.0,11.0
ITEM-0005534,ORD-003128,301,1,289.0,130.0,289.0,130.0
ITEM-0005535,ORD-003128,401,1,26.0,6.0,26.0,6.0
ITEM-0005536,ORD-003129,107,1,59.99,22.0,59.99,22.0
ITEM-0005537,ORD-003130,108,1,29.99,9.5,29.99,9.5
ITEM-0005538,ORD-003131,304,1,39.99,14.0,39.99,14.0
ITEM-0005539,ORD-003131,501,1,42.0,13.0,42.0,13.0
ITEM-0005540,ORD-003131,504,1,16.99,4.2,16.99,4.2
ITEM-0005541,ORD-003132,404,2,64.99,21.0,129.98,42.0
ITEM-0005542,ORD-003132,203,1,120.0,42.0,120.0,42.0
ITEM-0005543,ORD-003132,402,2,34.0,8.5,68.0,17.0
ITEM-0005544,ORD-003132,105,1,39.99,12.0,39.99,12.0
ITEM-0005545,ORD-003133,201,1,28.0,8.5,28.0,8.5
ITEM-0005546,ORD-003133,305,1,59.99,20.0,59.99,20.0
ITEM-0005547,ORD-003134,205,1,54.0,16.0,54.0,16.0
ITEM-0005548,ORD-003134,303,1,24.99,7.5,24.99,7.5
ITEM-0005549,ORD-003135,306,1,32.5,10.0,32.5,10.0
ITEM-0005550,ORD-003136,206,1,45.0,11.0,45.0,11.0
ITEM-0005551,ORD-003136,502,1,22.99,5.5,22.99,5.5
ITEM-0005552,ORD-003137,201,1,28.0,8.5,28.0,8.5
ITEM-0005553,ORD-003138,302,1,45.0,15.0,45.0,15.0
ITEM-0005554,ORD-003139,502,1,22.99,5.5,22.99,5.5
ITEM-0005555,ORD-003140,101,1,199.99,85.0,199.99,85.0
ITEM-0005556,ORD-003140,204,1,24.0,6.0,24.0,6.0
ITEM-0005557,ORD-003141,302,1,45.0,15.0,45.0,15.0
ITEM-0005558,ORD-003142,503,1,48.0,15.0,48.0,15.0
ITEM-0005559,ORD-003142,301,1,289.0,130.0,289.0,130.0
ITEM-0005560,ORD-003143,204,2,24.0,6.0,48.0,12.0
ITEM-0005561,ORD-003143,405,1,18.0,4.0,18.0,4.0
ITEM-0005562,ORD-003144,301,1,289.0,130.0,289.0,130.0
ITEM-0005563,ORD-003145,403,1,22.0,5.2,22.0,5.2
ITEM-0005564,ORD-003146,307,1,29.99,8.0,29.99,8.0
ITEM-0005565,ORD-003146,107,1,59.99,22.0,59.99,22.0
ITEM-0005566,ORD-003147,303,1,24.99,7.5,24.99,7.5
ITEM-0005567,ORD-003147,206,2,45.0,11.0,90.0,22.0
ITEM-0005568,ORD-003147,107,1,59.99,22.0,59.99,22.0
ITEM-0005569,ORD-003148,302,1,45.0,15.0,45.0,15.0
ITEM-0005570,ORD-003149,107,1,59.99,22.0,59.99,22.0
ITEM-0005571,ORD-003149,306,1,32.5,10.0,32.5,10.0
ITEM-0005572,ORD-003150,305,2,59.99,20.0,119.98,40.0
ITEM-0005573,ORD-003150,501,1,42.0,13.0,42.0,13.0
ITEM-0005574,ORD-003151,201,1,28.0,8.5,28.0,8.5
ITEM-0005575,ORD-003151,304,1,39.99,14.0,39.99,14.0
ITEM-0005576,ORD-003152,203,1,120.0,42.0,120.0,42.0
ITEM-0005577,ORD-003152,501,2,42.0,13.0,84.0,26.0
ITEM-0005578,ORD-003152,505,2,75.0,24.0,150.0,48.0
ITEM-0005579,ORD-003153,105,2,39.99,12.0,79.98,24.0
ITEM-0005580,ORD-003154,205,1,54.0,16.0,54.0,16.0
ITEM-0005581,ORD-003155,105,1,39.99,12.0,39.99,12.0
ITEM-0005582,ORD-003156,502,1,22.99,5.5,22.99,5.5
ITEM-0005583,ORD-003156,404,1,64.99,21.0,64.99,21.0
ITEM-0005584,ORD-003157,302,1,45.0,15.0,45.0,15.0
ITEM-0005585,ORD-003158,305,3,59.99,20.0,179.97,60.0
ITEM-0005586,ORD-003158,101,1,199.99,85.0,199.99,85.0
ITEM-0005587,ORD-003159,204,1,24.0,6.0,24.0,6.0
ITEM-0005588,ORD-003159,107,1,59.99,22.0,59.99,22.0
ITEM-0005589,ORD-003160,101,1,199.99,85.0,199.99,85.0
ITEM-0005590,ORD-003160,108,1,29.99,9.5,29.99,9.5
ITEM-0005591,ORD-003160,107,1,59.99,22.0,59.99,22.0
ITEM-0005592,ORD-003161,302,1,45.0,15.0,45.0,15.0
ITEM-0005593,ORD-003161,108,1,29.99,9.5,29.99,9.5
ITEM-0005594,ORD-003161,304,2,39.99,14.0,79.98,28.0
ITEM-0005595,ORD-003162,107,2,59.99,22.0,119.98,44.0
ITEM-0005596,ORD-003163,403,1,22.0,5.2,22.0,5.2
ITEM-0005597,ORD-003164,502,1,22.99,5.5,22.99,5.5
ITEM-0005598,ORD-003164,107,1,59.99,22.0,59.99,22.0
ITEM-0005599,ORD-003165,401,1,26.0,6.0,26.0,6.0
ITEM-0005600,ORD-003165,404,1,64.99,21.0,64.99,21.0
ITEM-0005601,ORD-003165,202,1,68.0,22.0,68.0,22.0
ITEM-0005602,ORD-003166,302,1,45.0,15.0,45.0,15.0
ITEM-0005603,ORD-003167,104,1,349.99,175.0,349.99,175.0
ITEM-0005604,ORD-003168,302,1,45.0,15.0,45.0,15.0
ITEM-0005605,ORD-003169,302,1,45.0,15.0,45.0,15.0
ITEM-0005606,ORD-003170,106,1,179.99,70.0,179.99,70.0
ITEM-0005607,ORD-003171,205,1,54.0,16.0,54.0,16.0
ITEM-0005608,ORD-003171,302,1,45.0,15.0,45.0,15.0
ITEM-0005609,ORD-003171,505,1,75.0,24.0,75.0,24.0
ITEM-0005610,ORD-003172,306,1,32.5,10.0,32.5,10.0
ITEM-0005611,ORD-003172,405,1,18.0,4.0,18.0,4.0
ITEM-0005612,ORD-003172,206,1,45.0,11.0,45.0,11.0
ITEM-0005613,ORD-003173,404,1,64.99,21.0,64.99,21.0
ITEM-0005614,ORD-003174,203,2,120.0,42.0,240.0,84.0
ITEM-0005615,ORD-003174,403,1,22.0,5.2,22.0,5.2
ITEM-0005616,ORD-003174,306,1,32.5,10.0,32.5,10.0
ITEM-0005617,ORD-003174,503,1,48.0,15.0,48.0,15.0
ITEM-0005618,ORD-003175,106,2,179.99,70.0,359.98,140.0
ITEM-0005619,ORD-003175,102,1,49.99,18.0,49.99,18.0
ITEM-0005620,ORD-003176,203,1,120.0,42.0,120.0,42.0
ITEM-0005621,ORD-003177,107,2,59.99,22.0,119.98,44.0
ITEM-0005622,ORD-003177,505,1,75.0,24.0,75.0,24.0
ITEM-0005623,ORD-003177,504,1,16.99,4.2,16.99,4.2
ITEM-0005624,ORD-003178,304,1,39.99,14.0,39.99,14.0
ITEM-0005625,ORD-003178,307,1,29.99,8.0,29.99,8.0
ITEM-0005626,ORD-003179,104,1,349.99,175.0,349.99,175.0
ITEM-0005627,ORD-003180,205,1,54.0,16.0,54.0,16.0
ITEM-0005628,ORD-003180,504,1,16.99,4.2,16.99,4.2
ITEM-0005629,ORD-003180,304,1,39.99,14.0,39.99,14.0
ITEM-0005630,ORD-003181,202,1,68.0,22.0,68.0,22.0
ITEM-0005631,ORD-003181,106,1,179.99,70.0,179.99,70.0
ITEM-0005632,ORD-003181,505,1,75.0,24.0,75.0,24.0
ITEM-0005633,ORD-003181,201,1,28.0,8.5,28.0,8.5
ITEM-0005634,ORD-003182,305,1,59.99,20.0,59.99,20.0
ITEM-0005635,ORD-003183,405,1,18.0,4.0,18.0,4.0
ITEM-0005636,ORD-003183,101,1,199.99,85.0,199.99,85.0
ITEM-0005637,ORD-003184,503,2,48.0,15.0,96.0,30.0
ITEM-0005638,ORD-003185,401,2,26.0,6.0,52.0,12.0
ITEM-0005639,ORD-003186,104,1,349.99,175.0,349.99,175.0
ITEM-0005640,ORD-003187,102,1,49.99,18.0,49.99,18.0
ITEM-0005641,ORD-003187,104,1,349.99,175.0,349.99,175.0
ITEM-0005642,ORD-003187,502,1,22.99,5.5,22.99,5.5
ITEM-0005643,ORD-003188,201,2,28.0,8.5,56.0,17.0
ITEM-0005644,ORD-003188,105,1,39.99,12.0,39.99,12.0
ITEM-0005645,ORD-003188,504,1,16.99,4.2,16.99,4.2
ITEM-0005646,ORD-003189,203,1,120.0,42.0,120.0,42.0
ITEM-0005647,ORD-003189,307,1,29.99,8.0,29.99,8.0
ITEM-0005648,ORD-003190,405,1,18.0,4.0,18.0,4.0
ITEM-0005649,ORD-003190,402,1,34.0,8.5,34.0,8.5
ITEM-0005650,ORD-003190,304,1,39.99,14.0,39.99,14.0
ITEM-0005651,ORD-003191,405,1,18.0,4.0,18.0,4.0
ITEM-0005652,ORD-003191,306,1,32.5,10.0,32.5,10.0
ITEM-0005653,ORD-003191,108,1,29.99,9.5,29.99,9.5
ITEM-0005654,ORD-003192,103,1,89.99,36.0,89.99,36.0
ITEM-0005655,ORD-003192,401,1,26.0,6.0,26.0,6.0
ITEM-0005656,ORD-003193,307,1,29.99,8.0,29.99,8.0
ITEM-0005657,ORD-003193,201,1,28.0,8.5,28.0,8.5
ITEM-0005658,ORD-003194,306,1,32.5,10.0,32.5,10.0
ITEM-0005659,ORD-003195,401,1,26.0,6.0,26.0,6.0
ITEM-0005660,ORD-003195,402,1,34.0,8.5,34.0,8.5
ITEM-0005661,ORD-003195,403,1,22.0,5.2,22.0,5.2
ITEM-0005662,ORD-003196,301,1,289.0,130.0,289.0,130.0
ITEM-0005663,ORD-003196,302,2,45.0,15.0,90.0,30.0
ITEM-0005664,ORD-003196,303,1,24.99,7.5,24.99,7.5
ITEM-0005665,ORD-003197,107,3,59.99,22.0,179.97,66.0
ITEM-0005666,ORD-003197,501,1,42.0,13.0,42.0,13.0
ITEM-0005667,ORD-003197,503,3,48.0,15.0,144.0,45.0
ITEM-0005668,ORD-003197,402,1,34.0,8.5,34.0,8.5
ITEM-0005669,ORD-003198,505,1,75.0,24.0,75.0,24.0
ITEM-0005670,ORD-003199,503,1,48.0,15.0,48.0,15.0
ITEM-0005671,ORD-003200,504,1,16.99,4.2,16.99,4.2
ITEM-0005672,ORD-003200,204,1,24.0,6.0,24.0,6.0
ITEM-0005673,ORD-003201,501,1,42.0,13.0,42.0,13.0
ITEM-0005674,ORD-003202,403,1,22.0,5.2,22.0,5.2
ITEM-0005675,ORD-003202,105,1,39.99,12.0,39.99,12.0
ITEM-0005676,ORD-003202,104,1,349.99,175.0,349.99,175.0
ITEM-0005677,ORD-003203,108,2,29.99,9.5,59.98,19.0
ITEM-0005678,ORD-003203,201,1,28.0,8.5,28.0,8.5
ITEM-0005679,ORD-003203,106,1,179.99,70.0,179.99,70.0
ITEM-0005680,ORD-003204,302,1,45.0,15.0,45.0,15.0
ITEM-0005681,ORD-003204,402,1,34.0,8.5,34.0,8.5
ITEM-0005682,ORD-003204,105,1,39.99,12.0,39.99,12.0
ITEM-0005683,ORD-003204,301,1,289.0,130.0,289.0,130.0
ITEM-0005684,ORD-003205,303,1,24.99,7.5,24.99,7.5
ITEM-0005685,ORD-003205,305,2,59.99,20.0,119.98,40.0
ITEM-0005686,ORD-003205,404,2,64.99,21.0,129.98,42.0
ITEM-0005687,ORD-003206,107,1,59.99,22.0,59.99,22.0
ITEM-0005688,ORD-003207,103,1,89.99,36.0,89.99,36.0
ITEM-0005689,ORD-003207,106,1,179.99,70.0,179.99,70.0
ITEM-0005690,ORD-003208,404,1,64.99,21.0,64.99,21.0
ITEM-0005691,ORD-003208,103,1,89.99,36.0,89.99,36.0
ITEM-0005692,ORD-003208,501,1,42.0,13.0,42.0,13.0
ITEM-0005693,ORD-003209,306,1,32.5,10.0,32.5,10.0
ITEM-0005694,ORD-003209,503,1,48.0,15.0,48.0,15.0
ITEM-0005695,ORD-003209,206,1,45.0,11.0,45.0,11.0
ITEM-0005696,ORD-003210,305,3,59.99,20.0,179.97,60.0
ITEM-0005697,ORD-003211,401,1,26.0,6.0,26.0,6.0
ITEM-0005698,ORD-003211,402,1,34.0,8.5,34.0,8.5
ITEM-0005699,ORD-003212,202,1,68.0,22.0,68.0,22.0
ITEM-0005700,ORD-003213,106,1,179.99,70.0,179.99,70.0
ITEM-0005701,ORD-003213,504,1,16.99,4.2,16.99,4.2
ITEM-0005702,ORD-003214,404,1,64.99,21.0,64.99,21.0
ITEM-0005703,ORD-003214,301,1,289.0,130.0,289.0,130.0
ITEM-0005704,ORD-003214,306,1,32.5,10.0,32.5,10.0
ITEM-0005705,ORD-003215,104,1,349.99,175.0,349.99,175.0
ITEM-0005706,ORD-003215,103,1,89.99,36.0,89.99,36.0
ITEM-0005707,ORD-003216,103,2,89.99,36.0,179.98,72.0
ITEM-0005708,ORD-003216,307,1,29.99,8.0,29.99,8.0
ITEM-0005709,ORD-003217,504,1,16.99,4.2,16.99,4.2
ITEM-0005710,ORD-003217,404,1,64.99,21.0,64.99,21.0
ITEM-0005711,ORD-003218,307,1,29.99,8.0,29.99,8.0
ITEM-0005712,ORD-003219,101,1,199.99,85.0,199.99,85.0
ITEM-0005713,ORD-003219,108,1,29.99,9.5,29.99,9.5
ITEM-0005714,ORD-003220,101,1,199.99,85.0,199.99,85.0
ITEM-0005715,ORD-003220,108,1,29.99,9.5,29.99,9.5
ITEM-0005716,ORD-003221,304,1,39.99,14.0,39.99,14.0
ITEM-0005717,ORD-003221,206,1,45.0,11.0,45.0,11.0
ITEM-0005718,ORD-003222,403,2,22.0,5.2,44.0,10.4
ITEM-0005719,ORD-003223,404,1,64.99,21.0,64.99,21.0
ITEM-0005720,ORD-003224,405,1,18.0,4.0,18.0,4.0
ITEM-0005721,ORD-003224,305,1,59.99,20.0,59.99,20.0
ITEM-0005722,ORD-003225,307,2,29.99,8.0,59.98,16.0
ITEM-0005723,ORD-003225,502,1,22.99,5.5,22.99,5.5
ITEM-0005724,ORD-003225,107,1,59.99,22.0,59.99,22.0
ITEM-0005725,ORD-003226,501,1,42.0,13.0,42.0,13.0
ITEM-0005726,ORD-003227,101,1,199.99,85.0,199.99,85.0
ITEM-0005727,ORD-003228,203,2,120.0,42.0,240.0,84.0
ITEM-0005728,ORD-003229,503,2,48.0,15.0,96.0,30.0
ITEM-0005729,ORD-003229,108,1,29.99,9.5,29.99,9.5
ITEM-0005730,ORD-003229,201,1,28.0,8.5,28.0,8.5
ITEM-0005731,ORD-003230,206,3,45.0,11.0,135.0,33.0
ITEM-0005732,ORD-003230,108,1,29.99,9.5,29.99,9.5
ITEM-0005733,ORD-003230,101,1,199.99,85.0,199.99,85.0
ITEM-0005734,ORD-003231,303,1,24.99,7.5,24.99,7.5
ITEM-0005735,ORD-003232,501,1,42.0,13.0,42.0,13.0
ITEM-0005736,ORD-003232,307,3,29.99,8.0,89.97,24.0
ITEM-0005737,ORD-003232,302,1,45.0,15.0,45.0,15.0
ITEM-0005738,ORD-003233,405,1,18.0,4.0,18.0,4.0
ITEM-0005739,ORD-003234,105,3,39.99,12.0,119.97,36.0
ITEM-0005740,ORD-003235,201,1,28.0,8.5,28.0,8.5
ITEM-0005741,ORD-003235,501,1,42.0,13.0,42.0,13.0
ITEM-0005742,ORD-003236,105,1,39.99,12.0,39.99,12.0
ITEM-0005743,ORD-003237,204,1,24.0,6.0,24.0,6.0
ITEM-0005744,ORD-003238,206,1,45.0,11.0,45.0,11.0
ITEM-0005745,ORD-003238,102,1,49.99,18.0,49.99,18.0
ITEM-0005746,ORD-003239,504,1,16.99,4.2,16.99,4.2
ITEM-0005747,ORD-003239,102,1,49.99,18.0,49.99,18.0
ITEM-0005748,ORD-003240,201,1,28.0,8.5,28.0,8.5
ITEM-0005749,ORD-003241,203,1,120.0,42.0,120.0,42.0
ITEM-0005750,ORD-003242,106,1,179.99,70.0,179.99,70.0
ITEM-0005751,ORD-003243,502,1,22.99,5.5,22.99,5.5
ITEM-0005752,ORD-003243,504,1,16.99,4.2,16.99,4.2
ITEM-0005753,ORD-003243,405,1,18.0,4.0,18.0,4.0
ITEM-0005754,ORD-003244,202,2,68.0,22.0,136.0,44.0
ITEM-0005755,ORD-003244,404,1,64.99,21.0,64.99,21.0
ITEM-0005756,ORD-003244,101,1,199.99,85.0,199.99,85.0
ITEM-0005757,ORD-003245,105,1,39.99,12.0,39.99,12.0
ITEM-0005758,ORD-003245,306,3,32.5,10.0,97.5,30.0
ITEM-0005759,ORD-003245,104,1,349.99,175.0,349.99,175.0
ITEM-0005760,ORD-003245,205,1,54.0,16.0,54.0,16.0
ITEM-0005761,ORD-003246,307,1,29.99,8.0,29.99,8.0
ITEM-0005762,ORD-003246,205,1,54.0,16.0,54.0,16.0
ITEM-0005763,ORD-003247,403,1,22.0,5.2,22.0,5.2
ITEM-0005764,ORD-003247,307,1,29.99,8.0,29.99,8.0
ITEM-0005765,ORD-003247,401,1,26.0,6.0,26.0,6.0
ITEM-0005766,ORD-003248,205,1,54.0,16.0,54.0,16.0
ITEM-0005767,ORD-003249,102,1,49.99,18.0,49.99,18.0
ITEM-0005768,ORD-003249,303,1,24.99,7.5,24.99,7.5
ITEM-0005769,ORD-003249,301,2,289.0,130.0,578.0,260.0
ITEM-0005770,ORD-003250,305,1,59.99,20.0,59.99,20.0
ITEM-0005771,ORD-003251,202,3,68.0,22.0,204.0,66.0
ITEM-0005772,ORD-003251,505,2,75.0,24.0,150.0,48.0
ITEM-0005773,ORD-003252,302,1,45.0,15.0,45.0,15.0
ITEM-0005774,ORD-003252,505,1,75.0,24.0,75.0,24.0
ITEM-0005775,ORD-003253,204,1,24.0,6.0,24.0,6.0
ITEM-0005776,ORD-003253,307,1,29.99,8.0,29.99,8.0
ITEM-0005777,ORD-003253,105,1,39.99,12.0,39.99,12.0
ITEM-0005778,ORD-003254,505,1,75.0,24.0,75.0,24.0
ITEM-0005779,ORD-003255,102,2,49.99,18.0,99.98,36.0
ITEM-0005780,ORD-003255,101,1,199.99,85.0,199.99,85.0
ITEM-0005781,ORD-003256,405,2,18.0,4.0,36.0,8.0
ITEM-0005782,ORD-003257,401,2,26.0,6.0,52.0,12.0
ITEM-0005783,ORD-003258,505,1,75.0,24.0,75.0,24.0
ITEM-0005784,ORD-003258,106,1,179.99,70.0,179.99,70.0
ITEM-0005785,ORD-003259,201,1,28.0,8.5,28.0,8.5
ITEM-0005786,ORD-003260,402,1,34.0,8.5,34.0,8.5
ITEM-0005787,ORD-003260,204,1,24.0,6.0,24.0,6.0
ITEM-0005788,ORD-003260,305,1,59.99,20.0,59.99,20.0
ITEM-0005789,ORD-003261,302,1,45.0,15.0,45.0,15.0
ITEM-0005790,ORD-003262,108,1,29.99,9.5,29.99,9.5
ITEM-0005791,ORD-003262,204,1,24.0,6.0,24.0,6.0
ITEM-0005792,ORD-003263,104,1,349.99,175.0,349.99,175.0
ITEM-0005793,ORD-003263,103,1,89.99,36.0,89.99,36.0
ITEM-0005794,ORD-003264,105,1,39.99,12.0,39.99,12.0
ITEM-0005795,ORD-003265,108,1,29.99,9.5,29.99,9.5
ITEM-0005796,ORD-003265,504,1,16.99,4.2,16.99,4.2
ITEM-0005797,ORD-003266,303,1,24.99,7.5,24.99,7.5
ITEM-0005798,ORD-003267,202,2,68.0,22.0,136.0,44.0
ITEM-0005799,ORD-003268,106,2,179.99,70.0,359.98,140.0
ITEM-0005800,ORD-003268,107,1,59.99,22.0,59.99,22.0
ITEM-0005801,ORD-003268,302,1,45.0,15.0,45.0,15.0
ITEM-0005802,ORD-003269,402,2,34.0,8.5,68.0,17.0
ITEM-0005803,ORD-003269,301,1,289.0,130.0,289.0,130.0
ITEM-0005804,ORD-003270,403,1,22.0,5.2,22.0,5.2
ITEM-0005805,ORD-003270,102,1,49.99,18.0,49.99,18.0
ITEM-0005806,ORD-003271,501,1,42.0,13.0,42.0,13.0
ITEM-0005807,ORD-003272,401,3,26.0,6.0,78.0,18.0
ITEM-0005808,ORD-003273,505,1,75.0,24.0,75.0,24.0
ITEM-0005809,ORD-003274,307,2,29.99,8.0,59.98,16.0
ITEM-0005810,ORD-003274,303,1,24.99,7.5,24.99,7.5
ITEM-0005811,ORD-003275,307,1,29.99,8.0,29.99,8.0
ITEM-0005812,ORD-003275,405,1,18.0,4.0,18.0,4.0
ITEM-0005813,ORD-003275,201,1,28.0,8.5,28.0,8.5
ITEM-0005814,ORD-003276,503,1,48.0,15.0,48.0,15.0
ITEM-0005815,ORD-003276,405,1,18.0,4.0,18.0,4.0
ITEM-0005816,ORD-003276,505,1,75.0,24.0,75.0,24.0
ITEM-0005817,ORD-003276,304,1,39.99,14.0,39.99,14.0
ITEM-0005818,ORD-003277,504,1,16.99,4.2,16.99,4.2
ITEM-0005819,ORD-003277,505,1,75.0,24.0,75.0,24.0
ITEM-0005820,ORD-003278,505,1,75.0,24.0,75.0,24.0
ITEM-0005821,ORD-003278,305,1,59.99,20.0,59.99,20.0
ITEM-0005822,ORD-003278,301,1,289.0,130.0,289.0,130.0
ITEM-0005823,ORD-003279,304,1,39.99,14.0,39.99,14.0
ITEM-0005824,ORD-003280,203,1,120.0,42.0,120.0,42.0
ITEM-0005825,ORD-003281,104,1,349.99,175.0,349.99,175.0
ITEM-0005826,ORD-003282,505,3,75.0,24.0,225.0,72.0
ITEM-0005827,ORD-003283,103,1,89.99,36.0,89.99,36.0
ITEM-0005828,ORD-003283,105,1,39.99,12.0,39.99,12.0
ITEM-0005829,ORD-003284,202,1,68.0,22.0,68.0,22.0
ITEM-0005830,ORD-003285,305,1,59.99,20.0,59.99,20.0
ITEM-0005831,ORD-003286,101,1,199.99,85.0,199.99,85.0
ITEM-0005832,ORD-003286,108,1,29.99,9.5,29.99,9.5
ITEM-0005833,ORD-003286,107,1,59.99,22.0,59.99,22.0
ITEM-0005834,ORD-003287,302,1,45.0,15.0,45.0,15.0
ITEM-0005835,ORD-003288,202,1,68.0,22.0,68.0,22.0
ITEM-0005836,ORD-003289,307,1,29.99,8.0,29.99,8.0
ITEM-0005837,ORD-003290,404,1,64.99,21.0,64.99,21.0
ITEM-0005838,ORD-003291,402,1,34.0,8.5,34.0,8.5
ITEM-0005839,ORD-003291,305,1,59.99,20.0,59.99,20.0
ITEM-0005840,ORD-003292,101,1,199.99,85.0,199.99,85.0
ITEM-0005841,ORD-003293,105,3,39.99,12.0,119.97,36.0
ITEM-0005842,ORD-003293,302,1,45.0,15.0,45.0,15.0
ITEM-0005843,ORD-003293,502,1,22.99,5.5,22.99,5.5
ITEM-0005844,ORD-003293,504,1,16.99,4.2,16.99,4.2
ITEM-0005845,ORD-003294,303,1,24.99,7.5,24.99,7.5
ITEM-0005846,ORD-003294,103,2,89.99,36.0,179.98,72.0
ITEM-0005847,ORD-003294,301,1,289.0,130.0,289.0,130.0
ITEM-0005848,ORD-003295,106,1,179.99,70.0,179.99,70.0
ITEM-0005849,ORD-003295,105,1,39.99,12.0,39.99,12.0
ITEM-0005850,ORD-003296,305,1,59.99,20.0,59.99,20.0
ITEM-0005851,ORD-003296,403,1,22.0,5.2,22.0,5.2
ITEM-0005852,ORD-003297,405,1,18.0,4.0,18.0,4.0
ITEM-0005853,ORD-003298,107,1,59.99,22.0,59.99,22.0
ITEM-0005854,ORD-003298,203,3,120.0,42.0,360.0,126.0
ITEM-0005855,ORD-003299,401,1,26.0,6.0,26.0,6.0
ITEM-0005856,ORD-003299,402,1,34.0,8.5,34.0,8.5
ITEM-0005857,ORD-003300,204,1,24.0,6.0,24.0,6.0
ITEM-0005858,ORD-003300,405,1,18.0,4.0,18.0,4.0
ITEM-0005859,ORD-003301,304,1,39.99,14.0,39.99,14.0
ITEM-0005860,ORD-003301,301,1,289.0,130.0,289.0,130.0
ITEM-0005861,ORD-003302,101,2,199.99,85.0,399.98,170.0
ITEM-0005862,ORD-003303,307,1,29.99,8.0,29.99,8.0
ITEM-0005863,ORD-003304,304,1,39.99,14.0,39.99,14.0
ITEM-0005864,ORD-003305,304,1,39.99,14.0,39.99,14.0
ITEM-0005865,ORD-003306,108,1,29.99,9.5,29.99,9.5
ITEM-0005866,ORD-003306,403,1,22.0,5.2,22.0,5.2
ITEM-0005867,ORD-003306,504,1,16.99,4.2,16.99,4.2
ITEM-0005868,ORD-003307,305,1,59.99,20.0,59.99,20.0
ITEM-0005869,ORD-003308,101,1,199.99,85.0,199.99,85.0
ITEM-0005870,ORD-003309,303,3,24.99,7.5,74.97,22.5
ITEM-0005871,ORD-003309,108,1,29.99,9.5,29.99,9.5
ITEM-0005872,ORD-003309,205,3,54.0,16.0,162.0,48.0
ITEM-0005873,ORD-003310,103,1,89.99,36.0,89.99,36.0
ITEM-0005874,ORD-003310,204,1,24.0,6.0,24.0,6.0
ITEM-0005875,ORD-003310,303,1,24.99,7.5,24.99,7.5
ITEM-0005876,ORD-003311,108,1,29.99,9.5,29.99,9.5
ITEM-0005877,ORD-003311,105,1,39.99,12.0,39.99,12.0
ITEM-0005878,ORD-003312,108,1,29.99,9.5,29.99,9.5
ITEM-0005879,ORD-003312,102,3,49.99,18.0,149.97,54.0
ITEM-0005880,ORD-003313,501,1,42.0,13.0,42.0,13.0
ITEM-0005881,ORD-003313,502,2,22.99,5.5,45.98,11.0
ITEM-0005882,ORD-003313,307,1,29.99,8.0,29.99,8.0
ITEM-0005883,ORD-003313,102,2,49.99,18.0,99.98,36.0
ITEM-0005884,ORD-003314,303,3,24.99,7.5,74.97,22.5
ITEM-0005885,ORD-003314,206,1,45.0,11.0,45.0,11.0
ITEM-0005886,ORD-003315,501,1,42.0,13.0,42.0,13.0
ITEM-0005887,ORD-003316,103,1,89.99,36.0,89.99,36.0
ITEM-0005888,ORD-003316,202,1,68.0,22.0,68.0,22.0
ITEM-0005889,ORD-003317,103,2,89.99,36.0,179.98,72.0
ITEM-0005890,ORD-003317,205,1,54.0,16.0,54.0,16.0
ITEM-0005891,ORD-003318,108,1,29.99,9.5,29.99,9.5
ITEM-0005892,ORD-003319,501,1,42.0,13.0,42.0,13.0
ITEM-0005893,ORD-003319,502,1,22.99,5.5,22.99,5.5
ITEM-0005894,ORD-003319,307,1,29.99,8.0,29.99,8.0
ITEM-0005895,ORD-003320,303,1,24.99,7.5,24.99,7.5
ITEM-0005896,ORD-003320,201,1,28.0,8.5,28.0,8.5
ITEM-0005897,ORD-003321,405,1,18.0,4.0,18.0,4.0
ITEM-0005898,ORD-003322,106,1,179.99,70.0,179.99,70.0
ITEM-0005899,ORD-003323,205,1,54.0,16.0,54.0,16.0
ITEM-0005900,ORD-003324,301,2,289.0,130.0,578.0,260.0
ITEM-0005901,ORD-003325,306,1,32.5,10.0,32.5,10.0
ITEM-0005902,ORD-003325,302,3,45.0,15.0,135.0,45.0
ITEM-0005903,ORD-003326,108,1,29.99,9.5,29.99,9.5
ITEM-0005904,ORD-003327,501,1,42.0,13.0,42.0,13.0
ITEM-0005905,ORD-003328,101,2,199.99,85.0,399.98,170.0
ITEM-0005906,ORD-003328,108,1,29.99,9.5,29.99,9.5
ITEM-0005907,ORD-003328,107,1,59.99,22.0,59.99,22.0
ITEM-0005908,ORD-003329,401,1,26.0,6.0,26.0,6.0
ITEM-0005909,ORD-003330,403,2,22.0,5.2,44.0,10.4
ITEM-0005910,ORD-003331,504,1,16.99,4.2,16.99,4.2
ITEM-0005911,ORD-003331,301,1,289.0,130.0,289.0,130.0
ITEM-0005912,ORD-003332,501,1,42.0,13.0,42.0,13.0
ITEM-0005913,ORD-003333,204,1,24.0,6.0,24.0,6.0
ITEM-0005914,ORD-003333,108,1,29.99,9.5,29.99,9.5
ITEM-0005915,ORD-003333,503,1,48.0,15.0,48.0,15.0
ITEM-0005916,ORD-003333,304,1,39.99,14.0,39.99,14.0
ITEM-0005917,ORD-003334,202,1,68.0,22.0,68.0,22.0
ITEM-0005918,ORD-003334,501,1,42.0,13.0,42.0,13.0
ITEM-0005919,ORD-003334,505,1,75.0,24.0,75.0,24.0
ITEM-0005920,ORD-003335,104,1,349.99,175.0,349.99,175.0
ITEM-0005921,ORD-003336,505,1,75.0,24.0,75.0,24.0
ITEM-0005922,ORD-003337,401,1,26.0,6.0,26.0,6.0
ITEM-0005923,ORD-003337,402,1,34.0,8.5,34.0,8.5
ITEM-0005924,ORD-003338,505,1,75.0,24.0,75.0,24.0
ITEM-0005925,ORD-003338,401,1,26.0,6.0,26.0,6.0
ITEM-0005926,ORD-003339,206,2,45.0,11.0,90.0,22.0
ITEM-0005927,ORD-003340,404,1,64.99,21.0,64.99,21.0
ITEM-0005928,ORD-003341,102,1,49.99,18.0,49.99,18.0
ITEM-0005929,ORD-003341,405,1,18.0,4.0,18.0,4.0
ITEM-0005930,ORD-003341,501,1,42.0,13.0,42.0,13.0
ITEM-0005931,ORD-003342,401,1,26.0,6.0,26.0,6.0
ITEM-0005932,ORD-003343,106,1,179.99,70.0,179.99,70.0
ITEM-0005933,ORD-003344,304,1,39.99,14.0,39.99,14.0
ITEM-0005934,ORD-003345,102,1,49.99,18.0,49.99,18.0
ITEM-0005935,ORD-003346,303,1,24.99,7.5,24.99,7.5
ITEM-0005936,ORD-003346,203,1,120.0,42.0,120.0,42.0
ITEM-0005937,ORD-003347,401,1,26.0,6.0,26.0,6.0
ITEM-0005938,ORD-003348,404,1,64.99,21.0,64.99,21.0
ITEM-0005939,ORD-003348,307,1,29.99,8.0,29.99,8.0
ITEM-0005940,ORD-003348,402,1,34.0,8.5,34.0,8.5
ITEM-0005941,ORD-003349,301,1,289.0,130.0,289.0,130.0
ITEM-0005942,ORD-003350,402,1,34.0,8.5,34.0,8.5
ITEM-0005943,ORD-003351,202,3,68.0,22.0,204.0,66.0
ITEM-0005944,ORD-003351,106,1,179.99,70.0,179.99,70.0
ITEM-0005945,ORD-003351,104,1,349.99,175.0,349.99,175.0
ITEM-0005946,ORD-003352,405,2,18.0,4.0,36.0,8.0
ITEM-0005947,ORD-003353,502,1,22.99,5.5,22.99,5.5
ITEM-0005948,ORD-003354,402,1,34.0,8.5,34.0,8.5
ITEM-0005949,ORD-003354,503,1,48.0,15.0,48.0,15.0
ITEM-0005950,ORD-003355,104,1,349.99,175.0,349.99,175.0
ITEM-0005951,ORD-003356,205,1,54.0,16.0,54.0,16.0
ITEM-0005952,ORD-003356,202,1,68.0,22.0,68.0,22.0
ITEM-0005953,ORD-003357,105,3,39.99,12.0,119.97,36.0
ITEM-0005954,ORD-003357,104,1,349.99,175.0,349.99,175.0
ITEM-0005955,ORD-003357,302,1,45.0,15.0,45.0,15.0
ITEM-0005956,ORD-003358,204,1,24.0,6.0,24.0,6.0
ITEM-0005957,ORD-003358,303,1,24.99,7.5,24.99,7.5
ITEM-0005958,ORD-003358,301,1,289.0,130.0,289.0,130.0
ITEM-0005959,ORD-003358,402,1,34.0,8.5,34.0,8.5
ITEM-0005960,ORD-003359,504,2,16.99,4.2,33.98,8.4
ITEM-0005961,ORD-003360,401,1,26.0,6.0,26.0,6.0
ITEM-0005962,ORD-003360,402,1,34.0,8.5,34.0,8.5
ITEM-0005963,ORD-003361,505,1,75.0,24.0,75.0,24.0
ITEM-0005964,ORD-003361,103,1,89.99,36.0,89.99,36.0
ITEM-0005965,ORD-003361,302,1,45.0,15.0,45.0,15.0
ITEM-0005966,ORD-003362,201,1,28.0,8.5,28.0,8.5
ITEM-0005967,ORD-003363,303,2,24.99,7.5,49.98,15.0
ITEM-0005968,ORD-003364,204,1,24.0,6.0,24.0,6.0
ITEM-0005969,ORD-003365,201,1,28.0,8.5,28.0,8.5
ITEM-0005970,ORD-003366,403,1,22.0,5.2,22.0,5.2
ITEM-0005971,ORD-003366,502,1,22.99,5.5,22.99,5.5
ITEM-0005972,ORD-003367,203,1,120.0,42.0,120.0,42.0
ITEM-0005973,ORD-003368,302,1,45.0,15.0,45.0,15.0
ITEM-0005974,ORD-003368,404,1,64.99,21.0,64.99,21.0
ITEM-0005975,ORD-003369,302,1,45.0,15.0,45.0,15.0
ITEM-0005976,ORD-003369,103,1,89.99,36.0,89.99,36.0
ITEM-0005977,ORD-003369,505,1,75.0,24.0,75.0,24.0
ITEM-0005978,ORD-003369,504,1,16.99,4.2,16.99,4.2
ITEM-0005979,ORD-003370,107,2,59.99,22.0,119.98,44.0
ITEM-0005980,ORD-003371,307,2,29.99,8.0,59.98,16.0
ITEM-0005981,ORD-003372,505,1,75.0,24.0,75.0,24.0
ITEM-0005982,ORD-003373,402,1,34.0,8.5,34.0,8.5
ITEM-0005983,ORD-003374,104,1,349.99,175.0,349.99,175.0
ITEM-0005984,ORD-003374,103,1,89.99,36.0,89.99,36.0
ITEM-0005985,ORD-003374,108,2,29.99,9.5,59.98,19.0
ITEM-0005986,ORD-003375,107,1,59.99,22.0,59.99,22.0
ITEM-0005987,ORD-003375,105,1,39.99,12.0,39.99,12.0
ITEM-0005988,ORD-003375,201,1,28.0,8.5,28.0,8.5
ITEM-0005989,ORD-003376,402,2,34.0,8.5,68.0,17.0
ITEM-0005990,ORD-003376,503,1,48.0,15.0,48.0,15.0
ITEM-0005991,ORD-003376,202,1,68.0,22.0,68.0,22.0
ITEM-0005992,ORD-003376,305,1,59.99,20.0,59.99,20.0
ITEM-0005993,ORD-003377,306,2,32.5,10.0,65.0,20.0
ITEM-0005994,ORD-003377,104,1,349.99,175.0,349.99,175.0
ITEM-0005995,ORD-003378,105,1,39.99,12.0,39.99,12.0
ITEM-0005996,ORD-003378,201,1,28.0,8.5,28.0,8.5
ITEM-0005997,ORD-003378,307,1,29.99,8.0,29.99,8.0
ITEM-0005998,ORD-003379,306,1,32.5,10.0,32.5,10.0
ITEM-0005999,ORD-003380,501,1,42.0,13.0,42.0,13.0
ITEM-0006000,ORD-003380,206,1,45.0,11.0,45.0,11.0
ITEM-0006001,ORD-003381,307,1,29.99,8.0,29.99,8.0
ITEM-0006002,ORD-003381,103,1,89.99,36.0,89.99,36.0
ITEM-0006003,ORD-003382,402,1,34.0,8.5,34.0,8.5
ITEM-0006004,ORD-003383,501,2,42.0,13.0,84.0,26.0
ITEM-0006005,ORD-003383,502,2,22.99,5.5,45.98,11.0
ITEM-0006006,ORD-003384,105,1,39.99,12.0,39.99,12.0
ITEM-0006007,ORD-003385,103,1,89.99,36.0,89.99,36.0
ITEM-0006008,ORD-003385,107,1,59.99,22.0,59.99,22.0
ITEM-0006009,ORD-003386,501,1,42.0,13.0,42.0,13.0
ITEM-0006010,ORD-003386,502,2,22.99,5.5,45.98,11.0
ITEM-0006011,ORD-003386,307,1,29.99,8.0,29.99,8.0
ITEM-0006012,ORD-003387,105,3,39.99,12.0,119.97,36.0
ITEM-0006013,ORD-003387,201,1,28.0,8.5,28.0,8.5
ITEM-0006014,ORD-003388,302,1,45.0,15.0,45.0,15.0
ITEM-0006015,ORD-003388,103,1,89.99,36.0,89.99,36.0
ITEM-0006016,ORD-003388,304,1,39.99,14.0,39.99,14.0
ITEM-0006017,ORD-003389,502,1,22.99,5.5,22.99,5.5
ITEM-0006018,ORD-003390,306,1,32.5,10.0,32.5,10.0
ITEM-0006019,ORD-003390,302,1,45.0,15.0,45.0,15.0
ITEM-0006020,ORD-003390,205,1,54.0,16.0,54.0,16.0
ITEM-0006021,ORD-003391,106,1,179.99,70.0,179.99,70.0
ITEM-0006022,ORD-003391,305,2,59.99,20.0,119.98,40.0
ITEM-0006023,ORD-003391,401,1,26.0,6.0,26.0,6.0
ITEM-0006024,ORD-003392,102,2,49.99,18.0,99.98,36.0
ITEM-0006025,ORD-003392,105,1,39.99,12.0,39.99,12.0
ITEM-0006026,ORD-003393,103,1,89.99,36.0,89.99,36.0
ITEM-0006027,ORD-003394,401,3,26.0,6.0,78.0,18.0
ITEM-0006028,ORD-003394,402,1,34.0,8.5,34.0,8.5
ITEM-0006029,ORD-003394,403,1,22.0,5.2,22.0,5.2
ITEM-0006030,ORD-003395,501,1,42.0,13.0,42.0,13.0
ITEM-0006031,ORD-003395,307,1,29.99,8.0,29.99,8.0
ITEM-0006032,ORD-003395,105,1,39.99,12.0,39.99,12.0
ITEM-0006033,ORD-003396,104,1,349.99,175.0,349.99,175.0
ITEM-0006034,ORD-003396,103,1,89.99,36.0,89.99,36.0
ITEM-0006035,ORD-003397,504,1,16.99,4.2,16.99,4.2
ITEM-0006036,ORD-003397,303,1,24.99,7.5,24.99,7.5
ITEM-0006037,ORD-003397,502,1,22.99,5.5,22.99,5.5
ITEM-0006038,ORD-003398,201,1,28.0,8.5,28.0,8.5
ITEM-0006039,ORD-003399,101,1,199.99,85.0,199.99,85.0
ITEM-0006040,ORD-003399,107,2,59.99,22.0,119.98,44.0
ITEM-0006041,ORD-003400,401,1,26.0,6.0,26.0,6.0
ITEM-0006042,ORD-003401,405,1,18.0,4.0,18.0,4.0
ITEM-0006043,ORD-003401,501,1,42.0,13.0,42.0,13.0
ITEM-0006044,ORD-003401,502,1,22.99,5.5,22.99,5.5
ITEM-0006045,ORD-003402,107,3,59.99,22.0,179.97,66.0
ITEM-0006046,ORD-003403,204,1,24.0,6.0,24.0,6.0
ITEM-0006047,ORD-003404,402,1,34.0,8.5,34.0,8.5
ITEM-0006048,ORD-003405,305,1,59.99,20.0,59.99,20.0
ITEM-0006049,ORD-003406,502,1,22.99,5.5,22.99,5.5
ITEM-0006050,ORD-003407,107,1,59.99,22.0,59.99,22.0
ITEM-0006051,ORD-003407,306,1,32.5,10.0,32.5,10.0
ITEM-0006052,ORD-003407,202,1,68.0,22.0,68.0,22.0
ITEM-0006053,ORD-003408,107,1,59.99,22.0,59.99,22.0
ITEM-0006054,ORD-003408,401,3,26.0,6.0,78.0,18.0
ITEM-0006055,ORD-003408,503,1,48.0,15.0,48.0,15.0
ITEM-0006056,ORD-003409,101,1,199.99,85.0,199.99,85.0
ITEM-0006057,ORD-003410,204,1,24.0,6.0,24.0,6.0
ITEM-0006058,ORD-003411,502,1,22.99,5.5,22.99,5.5
ITEM-0006059,ORD-003412,301,1,289.0,130.0,289.0,130.0
ITEM-0006060,ORD-003412,302,2,45.0,15.0,90.0,30.0
ITEM-0006061,ORD-003413,505,3,75.0,24.0,225.0,72.0
ITEM-0006062,ORD-003414,404,2,64.99,21.0,129.98,42.0
ITEM-0006063,ORD-003414,405,1,18.0,4.0,18.0,4.0
ITEM-0006064,ORD-003415,501,1,42.0,13.0,42.0,13.0
ITEM-0006065,ORD-003415,307,3,29.99,8.0,89.97,24.0
ITEM-0006066,ORD-003416,307,2,29.99,8.0,59.98,16.0
ITEM-0006067,ORD-003417,102,2,49.99,18.0,99.98,36.0
ITEM-0006068,ORD-003417,403,1,22.0,5.2,22.0,5.2
ITEM-0006069,ORD-003417,302,1,45.0,15.0,45.0,15.0
ITEM-0006070,ORD-003418,306,1,32.5,10.0,32.5,10.0
ITEM-0006071,ORD-003418,303,1,24.99,7.5,24.99,7.5
ITEM-0006072,ORD-003419,102,2,49.99,18.0,99.98,36.0
ITEM-0006073,ORD-003420,203,1,120.0,42.0,120.0,42.0
ITEM-0006074,ORD-003420,503,1,48.0,15.0,48.0,15.0
ITEM-0006075,ORD-003421,403,1,22.0,5.2,22.0,5.2
ITEM-0006076,ORD-003422,301,1,289.0,130.0,289.0,130.0
ITEM-0006077,ORD-003423,103,1,89.99,36.0,89.99,36.0
ITEM-0006078,ORD-003423,204,1,24.0,6.0,24.0,6.0
ITEM-0006079,ORD-003424,202,1,68.0,22.0,68.0,22.0
ITEM-0006080,ORD-003425,105,1,39.99,12.0,39.99,12.0
ITEM-0006081,ORD-003425,201,1,28.0,8.5,28.0,8.5
ITEM-0006082,ORD-003425,204,2,24.0,6.0,48.0,12.0
ITEM-0006083,ORD-003426,106,1,179.99,70.0,179.99,70.0
ITEM-0006084,ORD-003427,505,1,75.0,24.0,75.0,24.0
ITEM-0006085,ORD-003428,202,1,68.0,22.0,68.0,22.0
ITEM-0006086,ORD-003429,306,1,32.5,10.0,32.5,10.0
ITEM-0006087,ORD-003430,205,1,54.0,16.0,54.0,16.0
ITEM-0006088,ORD-003431,305,2,59.99,20.0,119.98,40.0
ITEM-0006089,ORD-003432,106,1,179.99,70.0,179.99,70.0
ITEM-0006090,ORD-003433,505,2,75.0,24.0,150.0,48.0
ITEM-0006091,ORD-003434,106,1,179.99,70.0,179.99,70.0
ITEM-0006092,ORD-003435,108,1,29.99,9.5,29.99,9.5
ITEM-0006093,ORD-003436,503,1,48.0,15.0,48.0,15.0
ITEM-0006094,ORD-003436,203,1,120.0,42.0,120.0,42.0
ITEM-0006095,ORD-003437,206,1,45.0,11.0,45.0,11.0
ITEM-0006096,ORD-003437,405,1,18.0,4.0,18.0,4.0
ITEM-0006097,ORD-003437,504,1,16.99,4.2,16.99,4.2
ITEM-0006098,ORD-003438,205,1,54.0,16.0,54.0,16.0
ITEM-0006099,ORD-003439,505,1,75.0,24.0,75.0,24.0
ITEM-0006100,ORD-003439,103,1,89.99,36.0,89.99,36.0
ITEM-0006101,ORD-003440,306,3,32.5,10.0,97.5,30.0
ITEM-0006102,ORD-003441,301,1,289.0,130.0,289.0,130.0
ITEM-0006103,ORD-003442,205,1,54.0,16.0,54.0,16.0
ITEM-0006104,ORD-003442,104,1,349.99,175.0,349.99,175.0
ITEM-0006105,ORD-003443,302,1,45.0,15.0,45.0,15.0
ITEM-0006106,ORD-003443,104,1,349.99,175.0,349.99,175.0
ITEM-0006107,ORD-003443,405,1,18.0,4.0,18.0,4.0
ITEM-0006108,ORD-003444,302,2,45.0,15.0,90.0,30.0
ITEM-0006109,ORD-003445,204,2,24.0,6.0,48.0,12.0
ITEM-0006110,ORD-003445,302,1,45.0,15.0,45.0,15.0
ITEM-0006111,ORD-003445,102,1,49.99,18.0,49.99,18.0
ITEM-0006112,ORD-003446,104,1,349.99,175.0,349.99,175.0
ITEM-0006113,ORD-003446,102,1,49.99,18.0,49.99,18.0
ITEM-0006114,ORD-003447,107,1,59.99,22.0,59.99,22.0
ITEM-0006115,ORD-003447,102,1,49.99,18.0,49.99,18.0
ITEM-0006116,ORD-003447,303,1,24.99,7.5,24.99,7.5
ITEM-0006117,ORD-003448,301,2,289.0,130.0,578.0,260.0
ITEM-0006118,ORD-003449,108,1,29.99,9.5,29.99,9.5
ITEM-0006119,ORD-003449,503,1,48.0,15.0,48.0,15.0
ITEM-0006120,ORD-003450,403,1,22.0,5.2,22.0,5.2
ITEM-0006121,ORD-003450,307,1,29.99,8.0,29.99,8.0
ITEM-0006122,ORD-003451,107,1,59.99,22.0,59.99,22.0
ITEM-0006123,ORD-003451,504,2,16.99,4.2,33.98,8.4
ITEM-0006124,ORD-003451,302,1,45.0,15.0,45.0,15.0
ITEM-0006125,ORD-003452,108,1,29.99,9.5,29.99,9.5
ITEM-0006126,ORD-003452,202,1,68.0,22.0,68.0,22.0
ITEM-0006127,ORD-003453,405,3,18.0,4.0,54.0,12.0
ITEM-0006128,ORD-003453,503,1,48.0,15.0,48.0,15.0
ITEM-0006129,ORD-003454,402,1,34.0,8.5,34.0,8.5
ITEM-0006130,ORD-003454,304,1,39.99,14.0,39.99,14.0
ITEM-0006131,ORD-003455,106,2,179.99,70.0,359.98,140.0
ITEM-0006132,ORD-003455,107,1,59.99,22.0,59.99,22.0
ITEM-0006133,ORD-003456,105,1,39.99,12.0,39.99,12.0
ITEM-0006134,ORD-003456,108,1,29.99,9.5,29.99,9.5
ITEM-0006135,ORD-003457,502,1,22.99,5.5,22.99,5.5
ITEM-0006136,ORD-003458,302,1,45.0,15.0,45.0,15.0
ITEM-0006137,ORD-003459,102,1,49.99,18.0,49.99,18.0
ITEM-0006138,ORD-003460,205,1,54.0,16.0,54.0,16.0
ITEM-0006139,ORD-003460,502,1,22.99,5.5,22.99,5.5
ITEM-0006140,ORD-003460,301,1,289.0,130.0,289.0,130.0
ITEM-0006141,ORD-003460,203,1,120.0,42.0,120.0,42.0
ITEM-0006142,ORD-003461,201,1,28.0,8.5,28.0,8.5
ITEM-0006143,ORD-003462,404,1,64.99,21.0,64.99,21.0
ITEM-0006144,ORD-003462,401,1,26.0,6.0,26.0,6.0
ITEM-0006145,ORD-003463,501,1,42.0,13.0,42.0,13.0
ITEM-0006146,ORD-003464,302,1,45.0,15.0,45.0,15.0
ITEM-0006147,ORD-003465,306,1,32.5,10.0,32.5,10.0
ITEM-0006148,ORD-003465,206,1,45.0,11.0,45.0,11.0
ITEM-0006149,ORD-003466,106,1,179.99,70.0,179.99,70.0
ITEM-0006150,ORD-003467,503,1,48.0,15.0,48.0,15.0
ITEM-0006151,ORD-003467,302,1,45.0,15.0,45.0,15.0
ITEM-0006152,ORD-003467,403,1,22.0,5.2,22.0,5.2
ITEM-0006153,ORD-003467,206,1,45.0,11.0,45.0,11.0
ITEM-0006154,ORD-003468,401,1,26.0,6.0,26.0,6.0
ITEM-0006155,ORD-003469,501,1,42.0,13.0,42.0,13.0
ITEM-0006156,ORD-003469,502,1,22.99,5.5,22.99,5.5
ITEM-0006157,ORD-003470,106,1,179.99,70.0,179.99,70.0
ITEM-0006158,ORD-003471,405,2,18.0,4.0,36.0,8.0
ITEM-0006159,ORD-003471,403,1,22.0,5.2,22.0,5.2
ITEM-0006160,ORD-003472,301,1,289.0,130.0,289.0,130.0
ITEM-0006161,ORD-003472,105,1,39.99,12.0,39.99,12.0
ITEM-0006162,ORD-003473,107,1,59.99,22.0,59.99,22.0
ITEM-0006163,ORD-003474,504,1,16.99,4.2,16.99,4.2
ITEM-0006164,ORD-003474,401,1,26.0,6.0,26.0,6.0
ITEM-0006165,ORD-003474,305,1,59.99,20.0,59.99,20.0
ITEM-0006166,ORD-003475,104,1,349.99,175.0,349.99,175.0
ITEM-0006167,ORD-003475,102,1,49.99,18.0,49.99,18.0
ITEM-0006168,ORD-003476,203,1,120.0,42.0,120.0,42.0
ITEM-0006169,ORD-003477,107,2,59.99,22.0,119.98,44.0
ITEM-0006170,ORD-003478,108,1,29.99,9.5,29.99,9.5
ITEM-0006171,ORD-003478,303,1,24.99,7.5,24.99,7.5
ITEM-0006172,ORD-003478,307,1,29.99,8.0,29.99,8.0
ITEM-0006173,ORD-003479,501,1,42.0,13.0,42.0,13.0
ITEM-0006174,ORD-003480,401,1,26.0,6.0,26.0,6.0
ITEM-0006175,ORD-003481,502,1,22.99,5.5,22.99,5.5
ITEM-0006176,ORD-003481,203,3,120.0,42.0,360.0,126.0
ITEM-0006177,ORD-003482,305,2,59.99,20.0,119.98,40.0
ITEM-0006178,ORD-003482,504,1,16.99,4.2,16.99,4.2
ITEM-0006179,ORD-003483,304,1,39.99,14.0,39.99,14.0
ITEM-0006180,ORD-003483,105,2,39.99,12.0,79.98,24.0
ITEM-0006181,ORD-003483,405,1,18.0,4.0,18.0,4.0
ITEM-0006182,ORD-003483,102,1,49.99,18.0,49.99,18.0
ITEM-0006183,ORD-003484,201,2,28.0,8.5,56.0,17.0
ITEM-0006184,ORD-003485,103,1,89.99,36.0,89.99,36.0
ITEM-0006185,ORD-003485,201,1,28.0,8.5,28.0,8.5
ITEM-0006186,ORD-003485,307,1,29.99,8.0,29.99,8.0
ITEM-0006187,ORD-003486,205,1,54.0,16.0,54.0,16.0
ITEM-0006188,ORD-003486,402,1,34.0,8.5,34.0,8.5
ITEM-0006189,ORD-003486,502,1,22.99,5.5,22.99,5.5
ITEM-0006190,ORD-003487,403,1,22.0,5.2,22.0,5.2
ITEM-0006191,ORD-003488,102,1,49.99,18.0,49.99,18.0
ITEM-0006192,ORD-003488,501,1,42.0,13.0,42.0,13.0
ITEM-0006193,ORD-003489,403,1,22.0,5.2,22.0,5.2
ITEM-0006194,ORD-003489,101,1,199.99,85.0,199.99,85.0
ITEM-0006195,ORD-003490,107,1,59.99,22.0,59.99,22.0
ITEM-0006196,ORD-003491,303,1,24.99,7.5,24.99,7.5
ITEM-0006197,ORD-003492,301,3,289.0,130.0,867.0,390.0
ITEM-0006198,ORD-003493,206,1,45.0,11.0,45.0,11.0
ITEM-0006199,ORD-003494,108,1,29.99,9.5,29.99,9.5
ITEM-0006200,ORD-003494,303,1,24.99,7.5,24.99,7.5
ITEM-0006201,ORD-003495,102,2,49.99,18.0,99.98,36.0
ITEM-0006202,ORD-003496,403,1,22.0,5.2,22.0,5.2
ITEM-0006203,ORD-003497,505,1,75.0,24.0,75.0,24.0
ITEM-0006204,ORD-003498,404,1,64.99,21.0,64.99,21.0
ITEM-0006205,ORD-003498,203,2,120.0,42.0,240.0,84.0
ITEM-0006206,ORD-003499,102,1,49.99,18.0,49.99,18.0
ITEM-0006207,ORD-003500,101,1,199.99,85.0,199.99,85.0
ITEM-0006208,ORD-003501,206,2,45.0,11.0,90.0,22.0
ITEM-0006209,ORD-003501,303,1,24.99,7.5,24.99,7.5
ITEM-0006210,ORD-003502,103,1,89.99,36.0,89.99,36.0
ITEM-0006211,ORD-003503,405,2,18.0,4.0,36.0,8.0
ITEM-0006212,ORD-003504,105,1,39.99,12.0,39.99,12.0
ITEM-0006213,ORD-003504,504,1,16.99,4.2,16.99,4.2
ITEM-0006214,ORD-003504,108,1,29.99,9.5,29.99,9.5
ITEM-0006215,ORD-003504,102,2,49.99,18.0,99.98,36.0
ITEM-0006216,ORD-003505,102,1,49.99,18.0,49.99,18.0
ITEM-0006217,ORD-003505,502,1,22.99,5.5,22.99,5.5
ITEM-0006218,ORD-003505,105,1,39.99,12.0,39.99,12.0
ITEM-0006219,ORD-003505,302,1,45.0,15.0,45.0,15.0
ITEM-0006220,ORD-003506,205,1,54.0,16.0,54.0,16.0
ITEM-0006221,ORD-003507,106,2,179.99,70.0,359.98,140.0
ITEM-0006222,ORD-003508,402,1,34.0,8.5,34.0,8.5
ITEM-0006223,ORD-003508,206,1,45.0,11.0,45.0,11.0
ITEM-0006224,ORD-003508,501,1,42.0,13.0,42.0,13.0
ITEM-0006225,ORD-003509,205,1,54.0,16.0,54.0,16.0
ITEM-0006226,ORD-003509,104,1,349.99,175.0,349.99,175.0
ITEM-0006227,ORD-003509,202,1,68.0,22.0,68.0,22.0
ITEM-0006228,ORD-003510,107,1,59.99,22.0,59.99,22.0
ITEM-0006229,ORD-003511,108,1,29.99,9.5,29.99,9.5
ITEM-0006230,ORD-003512,203,1,120.0,42.0,120.0,42.0
ITEM-0006231,ORD-003512,505,1,75.0,24.0,75.0,24.0
ITEM-0006232,ORD-003513,501,1,42.0,13.0,42.0,13.0
ITEM-0006233,ORD-003514,101,3,199.99,85.0,599.97,255.0
ITEM-0006234,ORD-003514,108,1,29.99,9.5,29.99,9.5
ITEM-0006235,ORD-003514,107,1,59.99,22.0,59.99,22.0
ITEM-0006236,ORD-003515,404,1,64.99,21.0,64.99,21.0
ITEM-0006237,ORD-003515,304,1,39.99,14.0,39.99,14.0
ITEM-0006238,ORD-003516,403,1,22.0,5.2,22.0,5.2
ITEM-0006239,ORD-003516,206,1,45.0,11.0,45.0,11.0
ITEM-0006240,ORD-003516,307,1,29.99,8.0,29.99,8.0
ITEM-0006241,ORD-003517,103,3,89.99,36.0,269.97,108.0
ITEM-0006242,ORD-003518,102,1,49.99,18.0,49.99,18.0
ITEM-0006243,ORD-003518,502,1,22.99,5.5,22.99,5.5
ITEM-0006244,ORD-003518,108,2,29.99,9.5,59.98,19.0
ITEM-0006245,ORD-003519,205,1,54.0,16.0,54.0,16.0
ITEM-0006246,ORD-003520,503,1,48.0,15.0,48.0,15.0
ITEM-0006247,ORD-003521,105,1,39.99,12.0,39.99,12.0
ITEM-0006248,ORD-003521,106,1,179.99,70.0,179.99,70.0
ITEM-0006249,ORD-003522,503,1,48.0,15.0,48.0,15.0
ITEM-0006250,ORD-003523,404,1,64.99,21.0,64.99,21.0
ITEM-0006251,ORD-003523,102,1,49.99,18.0,49.99,18.0
ITEM-0006252,ORD-003523,502,1,22.99,5.5,22.99,5.5
ITEM-0006253,ORD-003524,104,2,349.99,175.0,699.98,350.0
ITEM-0006254,ORD-003525,105,1,39.99,12.0,39.99,12.0
ITEM-0006255,ORD-003526,107,1,59.99,22.0,59.99,22.0
ITEM-0006256,ORD-003527,106,1,179.99,70.0,179.99,70.0
ITEM-0006257,ORD-003528,504,1,16.99,4.2,16.99,4.2
ITEM-0006258,ORD-003528,305,1,59.99,20.0,59.99,20.0
ITEM-0006259,ORD-003528,502,1,22.99,5.5,22.99,5.5
ITEM-0006260,ORD-003529,101,1,199.99,85.0,199.99,85.0
ITEM-0006261,ORD-003530,202,1,68.0,22.0,68.0,22.0
ITEM-0006262,ORD-003531,203,1,120.0,42.0,120.0,42.0
ITEM-0006263,ORD-003532,305,1,59.99,20.0,59.99,20.0
ITEM-0006264,ORD-003533,108,1,29.99,9.5,29.99,9.5
ITEM-0006265,ORD-003534,305,1,59.99,20.0,59.99,20.0
ITEM-0006266,ORD-003534,205,1,54.0,16.0,54.0,16.0
ITEM-0006267,ORD-003535,502,1,22.99,5.5,22.99,5.5
ITEM-0006268,ORD-003535,106,2,179.99,70.0,359.98,140.0
ITEM-0006269,ORD-003536,105,1,39.99,12.0,39.99,12.0
ITEM-0006270,ORD-003536,301,1,289.0,130.0,289.0,130.0
ITEM-0006271,ORD-003537,301,1,289.0,130.0,289.0,130.0
ITEM-0006272,ORD-003537,302,2,45.0,15.0,90.0,30.0
ITEM-0006273,ORD-003538,404,1,64.99,21.0,64.99,21.0
ITEM-0006274,ORD-003539,306,1,32.5,10.0,32.5,10.0
ITEM-0006275,ORD-003540,402,1,34.0,8.5,34.0,8.5
ITEM-0006276,ORD-003541,405,1,18.0,4.0,18.0,4.0
ITEM-0006277,ORD-003542,105,2,39.99,12.0,79.98,24.0
ITEM-0006278,ORD-003543,503,1,48.0,15.0,48.0,15.0
ITEM-0006279,ORD-003544,106,1,179.99,70.0,179.99,70.0
ITEM-0006280,ORD-003544,202,1,68.0,22.0,68.0,22.0
ITEM-0006281,ORD-003544,102,1,49.99,18.0,49.99,18.0
ITEM-0006282,ORD-003544,402,1,34.0,8.5,34.0,8.5
ITEM-0006283,ORD-003545,202,1,68.0,22.0,68.0,22.0
ITEM-0006284,ORD-003546,504,1,16.99,4.2,16.99,4.2
ITEM-0006285,ORD-003546,405,3,18.0,4.0,54.0,12.0
ITEM-0006286,ORD-003547,401,1,26.0,6.0,26.0,6.0
ITEM-0006287,ORD-003548,202,1,68.0,22.0,68.0,22.0
ITEM-0006288,ORD-003548,305,1,59.99,20.0,59.99,20.0
ITEM-0006289,ORD-003548,106,1,179.99,70.0,179.99,70.0
ITEM-0006290,ORD-003549,102,1,49.99,18.0,49.99,18.0
ITEM-0006291,ORD-003550,503,2,48.0,15.0,96.0,30.0
ITEM-0006292,ORD-003551,304,1,39.99,14.0,39.99,14.0
ITEM-0006293,ORD-003552,204,1,24.0,6.0,24.0,6.0
ITEM-0006294,ORD-003552,202,1,68.0,22.0,68.0,22.0
ITEM-0006295,ORD-003552,305,2,59.99,20.0,119.98,40.0
ITEM-0006296,ORD-003553,401,1,26.0,6.0,26.0,6.0
ITEM-0006297,ORD-003553,403,1,22.0,5.2,22.0,5.2
ITEM-0006298,ORD-003553,205,2,54.0,16.0,108.0,32.0
ITEM-0006299,ORD-003554,201,1,28.0,8.5,28.0,8.5
ITEM-0006300,ORD-003555,503,1,48.0,15.0,48.0,15.0
ITEM-0006301,ORD-003556,504,1,16.99,4.2,16.99,4.2
ITEM-0006302,ORD-003556,107,2,59.99,22.0,119.98,44.0
ITEM-0006303,ORD-003556,104,1,349.99,175.0,349.99,175.0
ITEM-0006304,ORD-003557,404,1,64.99,21.0,64.99,21.0
ITEM-0006305,ORD-003558,401,1,26.0,6.0,26.0,6.0
ITEM-0006306,ORD-003558,403,2,22.0,5.2,44.0,10.4
ITEM-0006307,ORD-003559,303,1,24.99,7.5,24.99,7.5
ITEM-0006308,ORD-003560,505,1,75.0,24.0,75.0,24.0
ITEM-0006309,ORD-003560,403,1,22.0,5.2,22.0,5.2
ITEM-0006310,ORD-003561,404,1,64.99,21.0,64.99,21.0
ITEM-0006311,ORD-003561,103,1,89.99,36.0,89.99,36.0
ITEM-0006312,ORD-003562,501,1,42.0,13.0,42.0,13.0
ITEM-0006313,ORD-003562,502,1,22.99,5.5,22.99,5.5
ITEM-0006314,ORD-003562,307,1,29.99,8.0,29.99,8.0
ITEM-0006315,ORD-003563,203,1,120.0,42.0,120.0,42.0
ITEM-0006316,ORD-003564,402,1,34.0,8.5,34.0,8.5
ITEM-0006317,ORD-003564,101,1,199.99,85.0,199.99,85.0
ITEM-0006318,ORD-003565,405,1,18.0,4.0,18.0,4.0
ITEM-0006319,ORD-003566,103,1,89.99,36.0,89.99,36.0
ITEM-0006320,ORD-003566,105,1,39.99,12.0,39.99,12.0
ITEM-0006321,ORD-003566,307,1,29.99,8.0,29.99,8.0
ITEM-0006322,ORD-003567,201,1,28.0,8.5,28.0,8.5
ITEM-0006323,ORD-003567,503,1,48.0,15.0,48.0,15.0
ITEM-0006324,ORD-003568,206,1,45.0,11.0,45.0,11.0
ITEM-0006325,ORD-003568,301,1,289.0,130.0,289.0,130.0
ITEM-0006326,ORD-003569,502,1,22.99,5.5,22.99,5.5
ITEM-0006327,ORD-003569,305,1,59.99,20.0,59.99,20.0
ITEM-0006328,ORD-003569,303,1,24.99,7.5,24.99,7.5
ITEM-0006329,ORD-003569,102,1,49.99,18.0,49.99,18.0
ITEM-0006330,ORD-003570,304,1,39.99,14.0,39.99,14.0
ITEM-0006331,ORD-003570,505,1,75.0,24.0,75.0,24.0
ITEM-0006332,ORD-003571,102,1,49.99,18.0,49.99,18.0
ITEM-0006333,ORD-003571,204,1,24.0,6.0,24.0,6.0
ITEM-0006334,ORD-003571,505,1,75.0,24.0,75.0,24.0
ITEM-0006335,ORD-003571,303,1,24.99,7.5,24.99,7.5
ITEM-0006336,ORD-003572,102,3,49.99,18.0,149.97,54.0
ITEM-0006337,ORD-003573,505,2,75.0,24.0,150.0,48.0
ITEM-0006338,ORD-003573,106,1,179.99,70.0,179.99,70.0
ITEM-0006339,ORD-003574,403,1,22.0,5.2,22.0,5.2
ITEM-0006340,ORD-003575,402,1,34.0,8.5,34.0,8.5
ITEM-0006341,ORD-003575,504,1,16.99,4.2,16.99,4.2
ITEM-0006342,ORD-003576,306,3,32.5,10.0,97.5,30.0
ITEM-0006343,ORD-003576,401,1,26.0,6.0,26.0,6.0
ITEM-0006344,ORD-003577,204,1,24.0,6.0,24.0,6.0
ITEM-0006345,ORD-003577,502,1,22.99,5.5,22.99,5.5
ITEM-0006346,ORD-003577,305,2,59.99,20.0,119.98,40.0
ITEM-0006347,ORD-003578,105,1,39.99,12.0,39.99,12.0
ITEM-0006348,ORD-003579,303,1,24.99,7.5,24.99,7.5
ITEM-0006349,ORD-003579,402,1,34.0,8.5,34.0,8.5
ITEM-0006350,ORD-003580,503,1,48.0,15.0,48.0,15.0
ITEM-0006351,ORD-003581,501,1,42.0,13.0,42.0,13.0
ITEM-0006352,ORD-003582,307,1,29.99,8.0,29.99,8.0
ITEM-0006353,ORD-003583,501,1,42.0,13.0,42.0,13.0
ITEM-0006354,ORD-003584,403,2,22.0,5.2,44.0,10.4
ITEM-0006355,ORD-003585,501,1,42.0,13.0,42.0,13.0
ITEM-0006356,ORD-003586,303,1,24.99,7.5,24.99,7.5
ITEM-0006357,ORD-003586,304,2,39.99,14.0,79.98,28.0
ITEM-0006358,ORD-003587,401,1,26.0,6.0,26.0,6.0
ITEM-0006359,ORD-003587,102,1,49.99,18.0,49.99,18.0
ITEM-0006360,ORD-003588,204,1,24.0,6.0,24.0,6.0
ITEM-0006361,ORD-003588,202,2,68.0,22.0,136.0,44.0
ITEM-0006362,ORD-003589,502,1,22.99,5.5,22.99,5.5
ITEM-0006363,ORD-003589,404,3,64.99,21.0,194.97,63.0
ITEM-0006364,ORD-003590,404,1,64.99,21.0,64.99,21.0
ITEM-0006365,ORD-003591,104,1,349.99,175.0,349.99,175.0
ITEM-0006366,ORD-003592,107,1,59.99,22.0,59.99,22.0
ITEM-0006367,ORD-003592,305,1,59.99,20.0,59.99,20.0
ITEM-0006368,ORD-003592,101,1,199.99,85.0,199.99,85.0
ITEM-0006369,ORD-003593,205,1,54.0,16.0,54.0,16.0
ITEM-0006370,ORD-003593,303,1,24.99,7.5,24.99,7.5
ITEM-0006371,ORD-003594,303,1,24.99,7.5,24.99,7.5
ITEM-0006372,ORD-003595,501,1,42.0,13.0,42.0,13.0
ITEM-0006373,ORD-003595,304,3,39.99,14.0,119.97,42.0
ITEM-0006374,ORD-003596,108,1,29.99,9.5,29.99,9.5
ITEM-0006375,ORD-003597,401,2,26.0,6.0,52.0,12.0
ITEM-0006376,ORD-003597,402,1,34.0,8.5,34.0,8.5
ITEM-0006377,ORD-003598,205,1,54.0,16.0,54.0,16.0
ITEM-0006378,ORD-003598,107,1,59.99,22.0,59.99,22.0
ITEM-0006379,ORD-003598,502,1,22.99,5.5,22.99,5.5
ITEM-0006380,ORD-003599,201,3,28.0,8.5,84.0,25.5
ITEM-0006381,ORD-003600,402,1,34.0,8.5,34.0,8.5
ITEM-0006382,ORD-003600,202,1,68.0,22.0,68.0,22.0
ITEM-0006383,ORD-003601,105,2,39.99,12.0,79.98,24.0
ITEM-0006384,ORD-003602,105,1,39.99,12.0,39.99,12.0
ITEM-0006385,ORD-003603,403,1,22.0,5.2,22.0,5.2
ITEM-0006386,ORD-003604,504,1,16.99,4.2,16.99,4.2
ITEM-0006387,ORD-003605,503,1,48.0,15.0,48.0,15.0
ITEM-0006388,ORD-003606,401,1,26.0,6.0,26.0,6.0
ITEM-0006389,ORD-003606,402,1,34.0,8.5,34.0,8.5
ITEM-0006390,ORD-003606,403,1,22.0,5.2,22.0,5.2
ITEM-0006391,ORD-003606,107,1,59.99,22.0,59.99,22.0
ITEM-0006392,ORD-003607,306,1,32.5,10.0,32.5,10.0
ITEM-0006393,ORD-003608,307,1,29.99,8.0,29.99,8.0
ITEM-0006394,ORD-003608,402,2,34.0,8.5,68.0,17.0
ITEM-0006395,ORD-003608,403,1,22.0,5.2,22.0,5.2
ITEM-0006396,ORD-003608,201,1,28.0,8.5,28.0,8.5
ITEM-0006397,ORD-003609,505,1,75.0,24.0,75.0,24.0
ITEM-0006398,ORD-003609,302,1,45.0,15.0,45.0,15.0
ITEM-0006399,ORD-003609,405,2,18.0,4.0,36.0,8.0
ITEM-0006400,ORD-003610,203,2,120.0,42.0,240.0,84.0
ITEM-0006401,ORD-003610,108,1,29.99,9.5,29.99,9.5
ITEM-0006402,ORD-003611,103,1,89.99,36.0,89.99,36.0
ITEM-0006403,ORD-003612,205,2,54.0,16.0,108.0,32.0
ITEM-0006404,ORD-003612,102,1,49.99,18.0,49.99,18.0
ITEM-0006405,ORD-003613,402,1,34.0,8.5,34.0,8.5
ITEM-0006406,ORD-003613,502,1,22.99,5.5,22.99,5.5
ITEM-0006407,ORD-003614,403,1,22.0,5.2,22.0,5.2
ITEM-0006408,ORD-003614,307,1,29.99,8.0,29.99,8.0
ITEM-0006409,ORD-003614,401,1,26.0,6.0,26.0,6.0
ITEM-0006410,ORD-003615,405,1,18.0,4.0,18.0,4.0
ITEM-0006411,ORD-003616,401,2,26.0,6.0,52.0,12.0
ITEM-0006412,ORD-003616,402,1,34.0,8.5,34.0,8.5
ITEM-0006413,ORD-003617,103,1,89.99,36.0,89.99,36.0
ITEM-0006414,ORD-003617,503,1,48.0,15.0,48.0,15.0
ITEM-0006415,ORD-003618,302,2,45.0,15.0,90.0,30.0
ITEM-0006416,ORD-003618,101,1,199.99,85.0,199.99,85.0
ITEM-0006417,ORD-003618,103,1,89.99,36.0,89.99,36.0
ITEM-0006418,ORD-003618,202,1,68.0,22.0,68.0,22.0
ITEM-0006419,ORD-003619,107,1,59.99,22.0,59.99,22.0
ITEM-0006420,ORD-003619,404,3,64.99,21.0,194.97,63.0
ITEM-0006421,ORD-003620,102,1,49.99,18.0,49.99,18.0
ITEM-0006422,ORD-003621,307,1,29.99,8.0,29.99,8.0
ITEM-0006423,ORD-003622,505,2,75.0,24.0,150.0,48.0
ITEM-0006424,ORD-003623,404,1,64.99,21.0,64.99,21.0
ITEM-0006425,ORD-003623,301,1,289.0,130.0,289.0,130.0
ITEM-0006426,ORD-003624,102,1,49.99,18.0,49.99,18.0
ITEM-0006427,ORD-003624,301,1,289.0,130.0,289.0,130.0
ITEM-0006428,ORD-003624,505,1,75.0,24.0,75.0,24.0
ITEM-0006429,ORD-003625,402,2,34.0,8.5,68.0,17.0
ITEM-0006430,ORD-003626,502,1,22.99,5.5,22.99,5.5
ITEM-0006431,ORD-003626,305,2,59.99,20.0,119.98,40.0
ITEM-0006432,ORD-003627,401,1,26.0,6.0,26.0,6.0
ITEM-0006433,ORD-003628,108,1,29.99,9.5,29.99,9.5
ITEM-0006434,ORD-003628,403,1,22.0,5.2,22.0,5.2
ITEM-0006435,ORD-003628,302,1,45.0,15.0,45.0,15.0
ITEM-0006436,ORD-003629,504,1,16.99,4.2,16.99,4.2
ITEM-0006437,ORD-003629,104,1,349.99,175.0,349.99,175.0
ITEM-0006438,ORD-003630,505,1,75.0,24.0,75.0,24.0
ITEM-0006439,ORD-003631,306,2,32.5,10.0,65.0,20.0
ITEM-0006440,ORD-003631,104,1,349.99,175.0,349.99,175.0
ITEM-0006441,ORD-003631,305,1,59.99,20.0,59.99,20.0
ITEM-0006442,ORD-003631,201,2,28.0,8.5,56.0,17.0
ITEM-0006443,ORD-003632,305,1,59.99,20.0,59.99,20.0
ITEM-0006444,ORD-003632,304,1,39.99,14.0,39.99,14.0
ITEM-0006445,ORD-003633,504,1,16.99,4.2,16.99,4.2
ITEM-0006446,ORD-003633,405,1,18.0,4.0,18.0,4.0
ITEM-0006447,ORD-003634,305,1,59.99,20.0,59.99,20.0
ITEM-0006448,ORD-003635,103,2,89.99,36.0,179.98,72.0
ITEM-0006449,ORD-003636,405,1,18.0,4.0,18.0,4.0
ITEM-0006450,ORD-003637,401,3,26.0,6.0,78.0,18.0
ITEM-0006451,ORD-003637,402,1,34.0,8.5,34.0,8.5
ITEM-0006452,ORD-003638,505,2,75.0,24.0,150.0,48.0
ITEM-0006453,ORD-003638,203,1,120.0,42.0,120.0,42.0
ITEM-0006454,ORD-003639,304,1,39.99,14.0,39.99,14.0
ITEM-0006455,ORD-003640,503,1,48.0,15.0,48.0,15.0
ITEM-0006456,ORD-003641,302,1,45.0,15.0,45.0,15.0
ITEM-0006457,ORD-003642,203,1,120.0,42.0,120.0,42.0
ITEM-0006458,ORD-003643,304,1,39.99,14.0,39.99,14.0
ITEM-0006459,ORD-003643,305,1,59.99,20.0,59.99,20.0
ITEM-0006460,ORD-003644,101,1,199.99,85.0,199.99,85.0
ITEM-0006461,ORD-003645,108,1,29.99,9.5,29.99,9.5
ITEM-0006462,ORD-003646,505,1,75.0,24.0,75.0,24.0
ITEM-0006463,ORD-003646,205,2,54.0,16.0,108.0,32.0
ITEM-0006464,ORD-003647,201,1,28.0,8.5,28.0,8.5
ITEM-0006465,ORD-003648,504,1,16.99,4.2,16.99,4.2
ITEM-0006466,ORD-003648,107,2,59.99,22.0,119.98,44.0
ITEM-0006467,ORD-003649,304,1,39.99,14.0,39.99,14.0
ITEM-0006468,ORD-003650,306,1,32.5,10.0,32.5,10.0
ITEM-0006469,ORD-003650,204,2,24.0,6.0,48.0,12.0
ITEM-0006470,ORD-003651,502,1,22.99,5.5,22.99,5.5
ITEM-0006471,ORD-003651,307,1,29.99,8.0,29.99,8.0
ITEM-0006472,ORD-003652,102,2,49.99,18.0,99.98,36.0
ITEM-0006473,ORD-003653,201,1,28.0,8.5,28.0,8.5
ITEM-0006474,ORD-003654,204,1,24.0,6.0,24.0,6.0
ITEM-0006475,ORD-003654,403,1,22.0,5.2,22.0,5.2
ITEM-0006476,ORD-003655,304,2,39.99,14.0,79.98,28.0
ITEM-0006477,ORD-003655,305,2,59.99,20.0,119.98,40.0
ITEM-0006478,ORD-003656,402,1,34.0,8.5,34.0,8.5
ITEM-0006479,ORD-003656,304,1,39.99,14.0,39.99,14.0
ITEM-0006480,ORD-003656,403,1,22.0,5.2,22.0,5.2
ITEM-0006481,ORD-003657,102,1,49.99,18.0,49.99,18.0
ITEM-0006482,ORD-003658,101,1,199.99,85.0,199.99,85.0
ITEM-0006483,ORD-003659,504,1,16.99,4.2,16.99,4.2
ITEM-0006484,ORD-003660,102,1,49.99,18.0,49.99,18.0
ITEM-0006485,ORD-003661,504,1,16.99,4.2,16.99,4.2
ITEM-0006486,ORD-003662,503,1,48.0,15.0,48.0,15.0
ITEM-0006487,ORD-003663,105,1,39.99,12.0,39.99,12.0
ITEM-0006488,ORD-003663,206,2,45.0,11.0,90.0,22.0
ITEM-0006489,ORD-003663,305,1,59.99,20.0,59.99,20.0
ITEM-0006490,ORD-003663,202,1,68.0,22.0,68.0,22.0
ITEM-0006491,ORD-003664,303,1,24.99,7.5,24.99,7.5
ITEM-0006492,ORD-003664,304,3,39.99,14.0,119.97,42.0
ITEM-0006493,ORD-003665,304,2,39.99,14.0,79.98,28.0
ITEM-0006494,ORD-003666,503,1,48.0,15.0,48.0,15.0
ITEM-0006495,ORD-003667,202,2,68.0,22.0,136.0,44.0
ITEM-0006496,ORD-003668,306,1,32.5,10.0,32.5,10.0
ITEM-0006497,ORD-003669,303,2,24.99,7.5,49.98,15.0
ITEM-0006498,ORD-003670,303,1,24.99,7.5,24.99,7.5
ITEM-0006499,ORD-003670,105,1,39.99,12.0,39.99,12.0
ITEM-0006500,ORD-003671,306,1,32.5,10.0,32.5,10.0
ITEM-0006501,ORD-003672,304,1,39.99,14.0,39.99,14.0
ITEM-0006502,ORD-003672,505,1,75.0,24.0,75.0,24.0
ITEM-0006503,ORD-003672,403,1,22.0,5.2,22.0,5.2
ITEM-0006504,ORD-003673,503,1,48.0,15.0,48.0,15.0
ITEM-0006505,ORD-003673,106,1,179.99,70.0,179.99,70.0
ITEM-0006506,ORD-003673,401,1,26.0,6.0,26.0,6.0
ITEM-0006507,ORD-003674,505,1,75.0,24.0,75.0,24.0
ITEM-0006508,ORD-003674,304,1,39.99,14.0,39.99,14.0
ITEM-0006509,ORD-003674,405,1,18.0,4.0,18.0,4.0
ITEM-0006510,ORD-003675,105,1,39.99,12.0,39.99,12.0
ITEM-0006511,ORD-003676,307,1,29.99,8.0,29.99,8.0
ITEM-0006512,ORD-003676,204,1,24.0,6.0,24.0,6.0
ITEM-0006513,ORD-003677,205,1,54.0,16.0,54.0,16.0
ITEM-0006514,ORD-003677,104,1,349.99,175.0,349.99,175.0
ITEM-0006515,ORD-003678,402,3,34.0,8.5,102.0,25.5
ITEM-0006516,ORD-003678,503,1,48.0,15.0,48.0,15.0
ITEM-0006517,ORD-003679,204,1,24.0,6.0,24.0,6.0
ITEM-0006518,ORD-003680,205,1,54.0,16.0,54.0,16.0
ITEM-0006519,ORD-003680,303,1,24.99,7.5,24.99,7.5
ITEM-0006520,ORD-003681,101,1,199.99,85.0,199.99,85.0
ITEM-0006521,ORD-003681,107,1,59.99,22.0,59.99,22.0
ITEM-0006522,ORD-003682,401,1,26.0,6.0,26.0,6.0
ITEM-0006523,ORD-003683,405,1,18.0,4.0,18.0,4.0
ITEM-0006524,ORD-003684,104,1,349.99,175.0,349.99,175.0
ITEM-0006525,ORD-003685,301,2,289.0,130.0,578.0,260.0
ITEM-0006526,ORD-003685,303,1,24.99,7.5,24.99,7.5
ITEM-0006527,ORD-003686,104,1,349.99,175.0,349.99,175.0
ITEM-0006528,ORD-003686,103,1,89.99,36.0,89.99,36.0
ITEM-0006529,ORD-003687,503,1,48.0,15.0,48.0,15.0
ITEM-0006530,ORD-003688,303,2,24.99,7.5,49.98,15.0
ITEM-0006531,ORD-003689,505,1,75.0,24.0,75.0,24.0
ITEM-0006532,ORD-003690,104,1,349.99,175.0,349.99,175.0
ITEM-0006533,ORD-003691,307,2,29.99,8.0,59.98,16.0
ITEM-0006534,ORD-003691,108,1,29.99,9.5,29.99,9.5
ITEM-0006535,ORD-003691,202,1,68.0,22.0,68.0,22.0
ITEM-0006536,ORD-003692,201,1,28.0,8.5,28.0,8.5
ITEM-0006537,ORD-003693,305,1,59.99,20.0,59.99,20.0
ITEM-0006538,ORD-003693,102,1,49.99,18.0,49.99,18.0
ITEM-0006539,ORD-003693,203,1,120.0,42.0,120.0,42.0
ITEM-0006540,ORD-003693,301,1,289.0,130.0,289.0,130.0
ITEM-0006541,ORD-003694,204,1,24.0,6.0,24.0,6.0
ITEM-0006542,ORD-003694,206,3,45.0,11.0,135.0,33.0
ITEM-0006543,ORD-003695,305,1,59.99,20.0,59.99,20.0
ITEM-0006544,ORD-003696,301,1,289.0,130.0,289.0,130.0
ITEM-0006545,ORD-003696,302,1,45.0,15.0,45.0,15.0
ITEM-0006546,ORD-003697,307,1,29.99,8.0,29.99,8.0
ITEM-0006547,ORD-003698,104,1,349.99,175.0,349.99,175.0
ITEM-0006548,ORD-003698,103,1,89.99,36.0,89.99,36.0
ITEM-0006549,ORD-003698,306,2,32.5,10.0,65.0,20.0
ITEM-0006550,ORD-003698,201,3,28.0,8.5,84.0,25.5
ITEM-0006551,ORD-003699,405,1,18.0,4.0,18.0,4.0
ITEM-0006552,ORD-003700,101,2,199.99,85.0,399.98,170.0
ITEM-0006553,ORD-003700,108,1,29.99,9.5,29.99,9.5
ITEM-0006554,ORD-003701,104,1,349.99,175.0,349.99,175.0
ITEM-0006555,ORD-003702,301,2,289.0,130.0,578.0,260.0
ITEM-0006556,ORD-003702,302,1,45.0,15.0,45.0,15.0
ITEM-0006557,ORD-003702,103,1,89.99,36.0,89.99,36.0
ITEM-0006558,ORD-003703,206,3,45.0,11.0,135.0,33.0
ITEM-0006559,ORD-003703,307,1,29.99,8.0,29.99,8.0
ITEM-0006560,ORD-003704,306,1,32.5,10.0,32.5,10.0
ITEM-0006561,ORD-003704,301,1,289.0,130.0,289.0,130.0
ITEM-0006562,ORD-003705,303,1,24.99,7.5,24.99,7.5
ITEM-0006563,ORD-003706,104,1,349.99,175.0,349.99,175.0
ITEM-0006564,ORD-003706,102,1,49.99,18.0,49.99,18.0
ITEM-0006565,ORD-003707,102,1,49.99,18.0,49.99,18.0
ITEM-0006566,ORD-003707,301,2,289.0,130.0,578.0,260.0
ITEM-0006567,ORD-003708,106,1,179.99,70.0,179.99,70.0
ITEM-0006568,ORD-003708,102,1,49.99,18.0,49.99,18.0
ITEM-0006569,ORD-003709,304,1,39.99,14.0,39.99,14.0
ITEM-0006570,ORD-003709,102,1,49.99,18.0,49.99,18.0
ITEM-0006571,ORD-003710,104,1,349.99,175.0,349.99,175.0
ITEM-0006572,ORD-003711,203,1,120.0,42.0,120.0,42.0
ITEM-0006573,ORD-003711,307,1,29.99,8.0,29.99,8.0
ITEM-0006574,ORD-003711,205,1,54.0,16.0,54.0,16.0
ITEM-0006575,ORD-003712,106,1,179.99,70.0,179.99,70.0
ITEM-0006576,ORD-003712,302,2,45.0,15.0,90.0,30.0
ITEM-0006577,ORD-003713,201,1,28.0,8.5,28.0,8.5
ITEM-0006578,ORD-003713,105,1,39.99,12.0,39.99,12.0
ITEM-0006579,ORD-003713,302,1,45.0,15.0,45.0,15.0
ITEM-0006580,ORD-003714,102,1,49.99,18.0,49.99,18.0
ITEM-0006581,ORD-003715,101,1,199.99,85.0,199.99,85.0
ITEM-0006582,ORD-003715,108,2,29.99,9.5,59.98,19.0
ITEM-0006583,ORD-003716,203,1,120.0,42.0,120.0,42.0
ITEM-0006584,ORD-003716,301,1,289.0,130.0,289.0,130.0
ITEM-0006585,ORD-003716,105,3,39.99,12.0,119.97,36.0
ITEM-0006586,ORD-003717,501,1,42.0,13.0,42.0,13.0
ITEM-0006587,ORD-003718,201,1,28.0,8.5,28.0,8.5
ITEM-0006588,ORD-003719,502,1,22.99,5.5,22.99,5.5
ITEM-0006589,ORD-003719,301,1,289.0,130.0,289.0,130.0
ITEM-0006590,ORD-003719,503,1,48.0,15.0,48.0,15.0
ITEM-0006591,ORD-003720,304,2,39.99,14.0,79.98,28.0
ITEM-0006592,ORD-003720,203,1,120.0,42.0,120.0,42.0
ITEM-0006593,ORD-003721,302,3,45.0,15.0,135.0,45.0
ITEM-0006594,ORD-003721,306,1,32.5,10.0,32.5,10.0
ITEM-0006595,ORD-003722,108,1,29.99,9.5,29.99,9.5
ITEM-0006596,ORD-003722,503,1,48.0,15.0,48.0,15.0
ITEM-0006597,ORD-003722,101,1,199.99,85.0,199.99,85.0
ITEM-0006598,ORD-003723,108,1,29.99,9.5,29.99,9.5
ITEM-0006599,ORD-003724,103,1,89.99,36.0,89.99,36.0
ITEM-0006600,ORD-003725,503,1,48.0,15.0,48.0,15.0
ITEM-0006601,ORD-003726,108,1,29.99,9.5,29.99,9.5
ITEM-0006602,ORD-003726,402,1,34.0,8.5,34.0,8.5
ITEM-0006603,ORD-003726,201,1,28.0,8.5,28.0,8.5
ITEM-0006604,ORD-003727,202,1,68.0,22.0,68.0,22.0
ITEM-0006605,ORD-003727,304,1,39.99,14.0,39.99,14.0
ITEM-0006606,ORD-003728,107,1,59.99,22.0,59.99,22.0
ITEM-0006607,ORD-003729,205,1,54.0,16.0,54.0,16.0
ITEM-0006608,ORD-003730,305,1,59.99,20.0,59.99,20.0
ITEM-0006609,ORD-003731,103,1,89.99,36.0,89.99,36.0
ITEM-0006610,ORD-003732,106,1,179.99,70.0,179.99,70.0
ITEM-0006611,ORD-003732,202,1,68.0,22.0,68.0,22.0
ITEM-0006612,ORD-003733,108,1,29.99,9.5,29.99,9.5
ITEM-0006613,ORD-003733,206,1,45.0,11.0,45.0,11.0
ITEM-0006614,ORD-003733,402,1,34.0,8.5,34.0,8.5
ITEM-0006615,ORD-003734,205,1,54.0,16.0,54.0,16.0
ITEM-0006616,ORD-003734,106,1,179.99,70.0,179.99,70.0
ITEM-0006617,ORD-003735,401,1,26.0,6.0,26.0,6.0
ITEM-0006618,ORD-003736,303,1,24.99,7.5,24.99,7.5
ITEM-0006619,ORD-003737,302,1,45.0,15.0,45.0,15.0
ITEM-0006620,ORD-003737,203,1,120.0,42.0,120.0,42.0
ITEM-0006621,ORD-003738,404,1,64.99,21.0,64.99,21.0
ITEM-0006622,ORD-003739,403,1,22.0,5.2,22.0,5.2
ITEM-0006623,ORD-003740,201,1,28.0,8.5,28.0,8.5
ITEM-0006624,ORD-003741,505,1,75.0,24.0,75.0,24.0
ITEM-0006625,ORD-003742,505,1,75.0,24.0,75.0,24.0
ITEM-0006626,ORD-003743,204,1,24.0,6.0,24.0,6.0
ITEM-0006627,ORD-003743,203,1,120.0,42.0,120.0,42.0
ITEM-0006628,ORD-003744,305,1,59.99,20.0,59.99,20.0
ITEM-0006629,ORD-003744,106,1,179.99,70.0,179.99,70.0
ITEM-0006630,ORD-003745,503,1,48.0,15.0,48.0,15.0
ITEM-0006631,ORD-003745,501,3,42.0,13.0,126.0,39.0
ITEM-0006632,ORD-003746,305,1,59.99,20.0,59.99,20.0
ITEM-0006633,ORD-003746,503,3,48.0,15.0,144.0,45.0
ITEM-0006634,ORD-003747,501,1,42.0,13.0,42.0,13.0
ITEM-0006635,ORD-003747,502,1,22.99,5.5,22.99,5.5
ITEM-0006636,ORD-003748,503,1,48.0,15.0,48.0,15.0
ITEM-0006637,ORD-003749,102,1,49.99,18.0,49.99,18.0
ITEM-0006638,ORD-003749,503,1,48.0,15.0,48.0,15.0
ITEM-0006639,ORD-003749,108,1,29.99,9.5,29.99,9.5
ITEM-0006640,ORD-003750,206,1,45.0,11.0,45.0,11.0
ITEM-0006641,ORD-003750,305,1,59.99,20.0,59.99,20.0
ITEM-0006642,ORD-003750,104,1,349.99,175.0,349.99,175.0
ITEM-0006643,ORD-003750,105,1,39.99,12.0,39.99,12.0
ITEM-0006644,ORD-003751,101,1,199.99,85.0,199.99,85.0
ITEM-0006645,ORD-003752,304,1,39.99,14.0,39.99,14.0
ITEM-0006646,ORD-003753,306,3,32.5,10.0,97.5,30.0
ITEM-0006647,ORD-003753,302,1,45.0,15.0,45.0,15.0
ITEM-0006648,ORD-003754,302,1,45.0,15.0,45.0,15.0
ITEM-0006649,ORD-003755,202,1,68.0,22.0,68.0,22.0
ITEM-0006650,ORD-003755,504,1,16.99,4.2,16.99,4.2
ITEM-0006651,ORD-003756,102,1,49.99,18.0,49.99,18.0
ITEM-0006652,ORD-003757,101,1,199.99,85.0,199.99,85.0
ITEM-0006653,ORD-003758,503,1,48.0,15.0,48.0,15.0
ITEM-0006654,ORD-003759,103,1,89.99,36.0,89.99,36.0
ITEM-0006655,ORD-003760,501,2,42.0,13.0,84.0,26.0
ITEM-0006656,ORD-003760,307,1,29.99,8.0,29.99,8.0
ITEM-0006657,ORD-003760,502,1,22.99,5.5,22.99,5.5
ITEM-0006658,ORD-003760,302,1,45.0,15.0,45.0,15.0
ITEM-0006659,ORD-003761,105,1,39.99,12.0,39.99,12.0
ITEM-0006660,ORD-003762,305,1,59.99,20.0,59.99,20.0
ITEM-0006661,ORD-003762,502,1,22.99,5.5,22.99,5.5
ITEM-0006662,ORD-003763,105,1,39.99,12.0,39.99,12.0
ITEM-0006663,ORD-003764,206,1,45.0,11.0,45.0,11.0
ITEM-0006664,ORD-003765,108,2,29.99,9.5,59.98,19.0
ITEM-0006665,ORD-003766,101,1,199.99,85.0,199.99,85.0
ITEM-0006666,ORD-003766,108,1,29.99,9.5,29.99,9.5
ITEM-0006667,ORD-003767,201,1,28.0,8.5,28.0,8.5
ITEM-0006668,ORD-003767,304,1,39.99,14.0,39.99,14.0
ITEM-0006669,ORD-003768,401,1,26.0,6.0,26.0,6.0
ITEM-0006670,ORD-003768,402,1,34.0,8.5,34.0,8.5
ITEM-0006671,ORD-003769,108,1,29.99,9.5,29.99,9.5
ITEM-0006672,ORD-003769,403,1,22.0,5.2,22.0,5.2
ITEM-0006673,ORD-003769,401,1,26.0,6.0,26.0,6.0
ITEM-0006674,ORD-003770,505,1,75.0,24.0,75.0,24.0
ITEM-0006675,ORD-003771,101,1,199.99,85.0,199.99,85.0
ITEM-0006676,ORD-003772,204,1,24.0,6.0,24.0,6.0
ITEM-0006677,ORD-003772,101,1,199.99,85.0,199.99,85.0
ITEM-0006678,ORD-003773,307,1,29.99,8.0,29.99,8.0
ITEM-0006679,ORD-003774,202,1,68.0,22.0,68.0,22.0
ITEM-0006680,ORD-003774,505,1,75.0,24.0,75.0,24.0
ITEM-0006681,ORD-003775,307,1,29.99,8.0,29.99,8.0
ITEM-0006682,ORD-003775,202,1,68.0,22.0,68.0,22.0
ITEM-0006683,ORD-003776,504,2,16.99,4.2,33.98,8.4
ITEM-0006684,ORD-003777,201,1,28.0,8.5,28.0,8.5
ITEM-0006685,ORD-003778,205,2,54.0,16.0,108.0,32.0
ITEM-0006686,ORD-003778,402,2,34.0,8.5,68.0,17.0
ITEM-0006687,ORD-003779,504,1,16.99,4.2,16.99,4.2
ITEM-0006688,ORD-003779,104,1,349.99,175.0,349.99,175.0
ITEM-0006689,ORD-003779,103,1,89.99,36.0,89.99,36.0
ITEM-0006690,ORD-003780,205,1,54.0,16.0,54.0,16.0
ITEM-0006691,ORD-003781,501,1,42.0,13.0,42.0,13.0
ITEM-0006692,ORD-003782,101,1,199.99,85.0,199.99,85.0
ITEM-0006693,ORD-003783,206,2,45.0,11.0,90.0,22.0
ITEM-0006694,ORD-003783,203,1,120.0,42.0,120.0,42.0
ITEM-0006695,ORD-003784,108,1,29.99,9.5,29.99,9.5
ITEM-0006696,ORD-003784,301,3,289.0,130.0,867.0,390.0
ITEM-0006697,ORD-003785,101,1,199.99,85.0,199.99,85.0
ITEM-0006698,ORD-003785,108,3,29.99,9.5,89.97,28.5
ITEM-0006699,ORD-003786,403,1,22.0,5.2,22.0,5.2
ITEM-0006700,ORD-003786,101,1,199.99,85.0,199.99,85.0
ITEM-0006701,ORD-003787,502,1,22.99,5.5,22.99,5.5
ITEM-0006702,ORD-003787,402,1,34.0,8.5,34.0,8.5
ITEM-0006703,ORD-003788,106,1,179.99,70.0,179.99,70.0
ITEM-0006704,ORD-003789,302,1,45.0,15.0,45.0,15.0
ITEM-0006705,ORD-003789,106,1,179.99,70.0,179.99,70.0
ITEM-0006706,ORD-003790,307,1,29.99,8.0,29.99,8.0
ITEM-0006707,ORD-003790,402,1,34.0,8.5,34.0,8.5
ITEM-0006708,ORD-003791,306,1,32.5,10.0,32.5,10.0
ITEM-0006709,ORD-003792,301,1,289.0,130.0,289.0,130.0
ITEM-0006710,ORD-003792,302,1,45.0,15.0,45.0,15.0
ITEM-0006711,ORD-003793,108,3,29.99,9.5,89.97,28.5
ITEM-0006712,ORD-003794,302,1,45.0,15.0,45.0,15.0
ITEM-0006713,ORD-003795,102,1,49.99,18.0,49.99,18.0
ITEM-0006714,ORD-003796,301,1,289.0,130.0,289.0,130.0
ITEM-0006715,ORD-003796,303,1,24.99,7.5,24.99,7.5
ITEM-0006716,ORD-003796,401,1,26.0,6.0,26.0,6.0
ITEM-0006717,ORD-003797,503,1,48.0,15.0,48.0,15.0
ITEM-0006718,ORD-003798,307,1,29.99,8.0,29.99,8.0
ITEM-0006719,ORD-003798,305,2,59.99,20.0,119.98,40.0
ITEM-0006720,ORD-003798,206,1,45.0,11.0,45.0,11.0
ITEM-0006721,ORD-003799,203,1,120.0,42.0,120.0,42.0
ITEM-0006722,ORD-003799,106,1,179.99,70.0,179.99,70.0
ITEM-0006723,ORD-003800,204,1,24.0,6.0,24.0,6.0
ITEM-0006724,ORD-003800,304,1,39.99,14.0,39.99,14.0
ITEM-0006725,ORD-003801,203,2,120.0,42.0,240.0,84.0
ITEM-0006726,ORD-003801,101,1,199.99,85.0,199.99,85.0
ITEM-0006727,ORD-003802,304,1,39.99,14.0,39.99,14.0
ITEM-0006728,ORD-003802,504,2,16.99,4.2,33.98,8.4
ITEM-0006729,ORD-003803,505,1,75.0,24.0,75.0,24.0
ITEM-0006730,ORD-003804,403,1,22.0,5.2,22.0,5.2
ITEM-0006731,ORD-003804,306,2,32.5,10.0,65.0,20.0
ITEM-0006732,ORD-003804,205,1,54.0,16.0,54.0,16.0
ITEM-0006733,ORD-003805,104,1,349.99,175.0,349.99,175.0
ITEM-0006734,ORD-003805,103,2,89.99,36.0,179.98,72.0
ITEM-0006735,ORD-003806,505,1,75.0,24.0,75.0,24.0
ITEM-0006736,ORD-003807,104,1,349.99,175.0,349.99,175.0
ITEM-0006737,ORD-003807,102,1,49.99,18.0,49.99,18.0
ITEM-0006738,ORD-003808,206,1,45.0,11.0,45.0,11.0
ITEM-0006739,ORD-003808,305,1,59.99,20.0,59.99,20.0
ITEM-0006740,ORD-003809,303,1,24.99,7.5,24.99,7.5
ITEM-0006741,ORD-003810,204,1,24.0,6.0,24.0,6.0
ITEM-0006742,ORD-003810,104,1,349.99,175.0,349.99,175.0
ITEM-0006743,ORD-003810,402,1,34.0,8.5,34.0,8.5
ITEM-0006744,ORD-003811,202,1,68.0,22.0,68.0,22.0
ITEM-0006745,ORD-003812,402,1,34.0,8.5,34.0,8.5
ITEM-0006746,ORD-003812,505,1,75.0,24.0,75.0,24.0
ITEM-0006747,ORD-003813,306,1,32.5,10.0,32.5,10.0
ITEM-0006748,ORD-003813,501,1,42.0,13.0,42.0,13.0
ITEM-0006749,ORD-003814,101,1,199.99,85.0,199.99,85.0
ITEM-0006750,ORD-003814,107,2,59.99,22.0,119.98,44.0
ITEM-0006751,ORD-003815,101,3,199.99,85.0,599.97,255.0
ITEM-0006752,ORD-003816,204,1,24.0,6.0,24.0,6.0
ITEM-0006753,ORD-003817,103,1,89.99,36.0,89.99,36.0
ITEM-0006754,ORD-003817,301,1,289.0,130.0,289.0,130.0
ITEM-0006755,ORD-003818,301,1,289.0,130.0,289.0,130.0
ITEM-0006756,ORD-003819,402,1,34.0,8.5,34.0,8.5
ITEM-0006757,ORD-003819,301,2,289.0,130.0,578.0,260.0
ITEM-0006758,ORD-003819,502,1,22.99,5.5,22.99,5.5
ITEM-0006759,ORD-003820,201,1,28.0,8.5,28.0,8.5
ITEM-0006760,ORD-003821,201,1,28.0,8.5,28.0,8.5
ITEM-0006761,ORD-003821,501,1,42.0,13.0,42.0,13.0
ITEM-0006762,ORD-003822,106,1,179.99,70.0,179.99,70.0
ITEM-0006763,ORD-003822,104,1,349.99,175.0,349.99,175.0
ITEM-0006764,ORD-003822,205,1,54.0,16.0,54.0,16.0
ITEM-0006765,ORD-003822,304,3,39.99,14.0,119.97,42.0
ITEM-0006766,ORD-003823,302,1,45.0,15.0,45.0,15.0
ITEM-0006767,ORD-003823,503,1,48.0,15.0,48.0,15.0
ITEM-0006768,ORD-003824,105,1,39.99,12.0,39.99,12.0
ITEM-0006769,ORD-003825,202,1,68.0,22.0,68.0,22.0
ITEM-0006770,ORD-003826,203,1,120.0,42.0,120.0,42.0
ITEM-0006771,ORD-003827,107,1,59.99,22.0,59.99,22.0
ITEM-0006772,ORD-003827,303,1,24.99,7.5,24.99,7.5
ITEM-0006773,ORD-003828,301,2,289.0,130.0,578.0,260.0
ITEM-0006774,ORD-003828,302,1,45.0,15.0,45.0,15.0
ITEM-0006775,ORD-003829,505,1,75.0,24.0,75.0,24.0
ITEM-0006776,ORD-003830,505,2,75.0,24.0,150.0,48.0
ITEM-0006777,ORD-003831,303,1,24.99,7.5,24.99,7.5
ITEM-0006778,ORD-003831,205,1,54.0,16.0,54.0,16.0
ITEM-0006779,ORD-003832,301,1,289.0,130.0,289.0,130.0
ITEM-0006780,ORD-003832,203,1,120.0,42.0,120.0,42.0
ITEM-0006781,ORD-003832,503,1,48.0,15.0,48.0,15.0
ITEM-0006782,ORD-003832,103,1,89.99,36.0,89.99,36.0
ITEM-0006783,ORD-003833,301,1,289.0,130.0,289.0,130.0
ITEM-0006784,ORD-003834,501,1,42.0,13.0,42.0,13.0
ITEM-0006785,ORD-003834,502,1,22.99,5.5,22.99,5.5
ITEM-0006786,ORD-003834,405,1,18.0,4.0,18.0,4.0
ITEM-0006787,ORD-003835,205,2,54.0,16.0,108.0,32.0
ITEM-0006788,ORD-003835,104,1,349.99,175.0,349.99,175.0
ITEM-0006789,ORD-003836,105,1,39.99,12.0,39.99,12.0
ITEM-0006790,ORD-003837,402,1,34.0,8.5,34.0,8.5
ITEM-0006791,ORD-003838,302,1,45.0,15.0,45.0,15.0
ITEM-0006792,ORD-003839,303,1,24.99,7.5,24.99,7.5
ITEM-0006793,ORD-003839,403,1,22.0,5.2,22.0,5.2
ITEM-0006794,ORD-003839,502,1,22.99,5.5,22.99,5.5
ITEM-0006795,ORD-003840,104,1,349.99,175.0,349.99,175.0
ITEM-0006796,ORD-003841,204,1,24.0,6.0,24.0,6.0
ITEM-0006797,ORD-003841,201,2,28.0,8.5,56.0,17.0
ITEM-0006798,ORD-003842,306,1,32.5,10.0,32.5,10.0
ITEM-0006799,ORD-003842,205,1,54.0,16.0,54.0,16.0
ITEM-0006800,ORD-003843,305,1,59.99,20.0,59.99,20.0
ITEM-0006801,ORD-003843,503,1,48.0,15.0,48.0,15.0
ITEM-0006802,ORD-003843,505,1,75.0,24.0,75.0,24.0
ITEM-0006803,ORD-003843,502,1,22.99,5.5,22.99,5.5
ITEM-0006804,ORD-003844,307,1,29.99,8.0,29.99,8.0
ITEM-0006805,ORD-003845,302,2,45.0,15.0,90.0,30.0
ITEM-0006806,ORD-003846,107,1,59.99,22.0,59.99,22.0
ITEM-0006807,ORD-003847,505,1,75.0,24.0,75.0,24.0
ITEM-0006808,ORD-003848,106,3,179.99,70.0,539.97,210.0
ITEM-0006809,ORD-003848,502,2,22.99,5.5,45.98,11.0
ITEM-0006810,ORD-003849,302,1,45.0,15.0,45.0,15.0
ITEM-0006811,ORD-003850,304,1,39.99,14.0,39.99,14.0
ITEM-0006812,ORD-003850,106,1,179.99,70.0,179.99,70.0
ITEM-0006813,ORD-003851,502,1,22.99,5.5,22.99,5.5
ITEM-0006814,ORD-003851,206,2,45.0,11.0,90.0,22.0
ITEM-0006815,ORD-003851,102,2,49.99,18.0,99.98,36.0
ITEM-0006816,ORD-003851,307,1,29.99,8.0,29.99,8.0
ITEM-0006817,ORD-003852,206,1,45.0,11.0,45.0,11.0
ITEM-0006818,ORD-003852,305,1,59.99,20.0,59.99,20.0
ITEM-0006819,ORD-003853,102,1,49.99,18.0,49.99,18.0
ITEM-0006820,ORD-003853,505,1,75.0,24.0,75.0,24.0
ITEM-0006821,ORD-003853,101,2,199.99,85.0,399.98,170.0
ITEM-0006822,ORD-003854,201,2,28.0,8.5,56.0,17.0
ITEM-0006823,ORD-003854,206,2,45.0,11.0,90.0,22.0
ITEM-0006824,ORD-003854,306,1,32.5,10.0,32.5,10.0
ITEM-0006825,ORD-003855,307,1,29.99,8.0,29.99,8.0
ITEM-0006826,ORD-003856,405,1,18.0,4.0,18.0,4.0
ITEM-0006827,ORD-003856,503,3,48.0,15.0,144.0,45.0
ITEM-0006828,ORD-003857,303,1,24.99,7.5,24.99,7.5
ITEM-0006829,ORD-003857,401,1,26.0,6.0,26.0,6.0
ITEM-0006830,ORD-003857,302,1,45.0,15.0,45.0,15.0
ITEM-0006831,ORD-003858,301,1,289.0,130.0,289.0,130.0
ITEM-0006832,ORD-003859,305,1,59.99,20.0,59.99,20.0
ITEM-0006833,ORD-003859,505,2,75.0,24.0,150.0,48.0
ITEM-0006834,ORD-003860,101,1,199.99,85.0,199.99,85.0
ITEM-0006835,ORD-003860,107,1,59.99,22.0,59.99,22.0
ITEM-0006836,ORD-003861,503,1,48.0,15.0,48.0,15.0
ITEM-0006837,ORD-003861,105,1,39.99,12.0,39.99,12.0
ITEM-0006838,ORD-003861,304,2,39.99,14.0,79.98,28.0
ITEM-0006839,ORD-003861,301,1,289.0,130.0,289.0,130.0
ITEM-0006840,ORD-003862,104,1,349.99,175.0,349.99,175.0
ITEM-0006841,ORD-003862,102,1,49.99,18.0,49.99,18.0
ITEM-0006842,ORD-003863,304,1,39.99,14.0,39.99,14.0
ITEM-0006843,ORD-003863,105,1,39.99,12.0,39.99,12.0
ITEM-0006844,ORD-003864,106,1,179.99,70.0,179.99,70.0
ITEM-0006845,ORD-003865,503,2,48.0,15.0,96.0,30.0
ITEM-0006846,ORD-003866,306,1,32.5,10.0,32.5,10.0
ITEM-0006847,ORD-003866,404,1,64.99,21.0,64.99,21.0
ITEM-0006848,ORD-003867,307,1,29.99,8.0,29.99,8.0
ITEM-0006849,ORD-003868,303,1,24.99,7.5,24.99,7.5
ITEM-0006850,ORD-003869,105,1,39.99,12.0,39.99,12.0
ITEM-0006851,ORD-003870,305,2,59.99,20.0,119.98,40.0
ITEM-0006852,ORD-003870,107,1,59.99,22.0,59.99,22.0
ITEM-0006853,ORD-003871,304,1,39.99,14.0,39.99,14.0
ITEM-0006854,ORD-003871,307,1,29.99,8.0,29.99,8.0
ITEM-0006855,ORD-003872,503,1,48.0,15.0,48.0,15.0
ITEM-0006856,ORD-003873,401,2,26.0,6.0,52.0,12.0
ITEM-0006857,ORD-003873,403,1,22.0,5.2,22.0,5.2
ITEM-0006858,ORD-003874,306,2,32.5,10.0,65.0,20.0
ITEM-0006859,ORD-003874,501,1,42.0,13.0,42.0,13.0
ITEM-0006860,ORD-003875,307,1,29.99,8.0,29.99,8.0
ITEM-0006861,ORD-003875,304,1,39.99,14.0,39.99,14.0
ITEM-0006862,ORD-003876,108,1,29.99,9.5,29.99,9.5
ITEM-0006863,ORD-003876,206,1,45.0,11.0,45.0,11.0
ITEM-0006864,ORD-003877,502,3,22.99,5.5,68.97,16.5
ITEM-0006865,ORD-003878,107,2,59.99,22.0,119.98,44.0
ITEM-0006866,ORD-003879,306,1,32.5,10.0,32.5,10.0
ITEM-0006867,ORD-003880,201,1,28.0,8.5,28.0,8.5
ITEM-0006868,ORD-003880,103,1,89.99,36.0,89.99,36.0
ITEM-0006869,ORD-003881,502,1,22.99,5.5,22.99,5.5
ITEM-0006870,ORD-003881,304,1,39.99,14.0,39.99,14.0
ITEM-0006871,ORD-003882,204,1,24.0,6.0,24.0,6.0
ITEM-0006872,ORD-003882,503,1,48.0,15.0,48.0,15.0
ITEM-0006873,ORD-003882,108,1,29.99,9.5,29.99,9.5
ITEM-0006874,ORD-003883,302,1,45.0,15.0,45.0,15.0
ITEM-0006875,ORD-003884,101,1,199.99,85.0,199.99,85.0
ITEM-0006876,ORD-003885,501,1,42.0,13.0,42.0,13.0
ITEM-0006877,ORD-003886,108,1,29.99,9.5,29.99,9.5
ITEM-0006878,ORD-003887,108,1,29.99,9.5,29.99,9.5
ITEM-0006879,ORD-003888,107,1,59.99,22.0,59.99,22.0
ITEM-0006880,ORD-003889,203,1,120.0,42.0,120.0,42.0
ITEM-0006881,ORD-003890,104,1,349.99,175.0,349.99,175.0
ITEM-0006882,ORD-003890,102,1,49.99,18.0,49.99,18.0
ITEM-0006883,ORD-003891,104,1,349.99,175.0,349.99,175.0
ITEM-0006884,ORD-003891,103,1,89.99,36.0,89.99,36.0
ITEM-0006885,ORD-003892,203,1,120.0,42.0,120.0,42.0
ITEM-0006886,ORD-003892,103,1,89.99,36.0,89.99,36.0
ITEM-0006887,ORD-003893,103,2,89.99,36.0,179.98,72.0
ITEM-0006888,ORD-003893,203,1,120.0,42.0,120.0,42.0
ITEM-0006889,ORD-003894,102,1,49.99,18.0,49.99,18.0
ITEM-0006890,ORD-003895,401,1,26.0,6.0,26.0,6.0
ITEM-0006891,ORD-003896,402,1,34.0,8.5,34.0,8.5
ITEM-0006892,ORD-003896,202,1,68.0,22.0,68.0,22.0
ITEM-0006893,ORD-003896,103,1,89.99,36.0,89.99,36.0
ITEM-0006894,ORD-003897,306,1,32.5,10.0,32.5,10.0
ITEM-0006895,ORD-003898,401,2,26.0,6.0,52.0,12.0
ITEM-0006896,ORD-003899,103,1,89.99,36.0,89.99,36.0
ITEM-0006897,ORD-003900,103,1,89.99,36.0,89.99,36.0
ITEM-0006898,ORD-003900,404,1,64.99,21.0,64.99,21.0
ITEM-0006899,ORD-003900,302,1,45.0,15.0,45.0,15.0
ITEM-0006900,ORD-003901,103,1,89.99,36.0,89.99,36.0
ITEM-0006901,ORD-003902,104,1,349.99,175.0,349.99,175.0
ITEM-0006902,ORD-003903,206,1,45.0,11.0,45.0,11.0
ITEM-0006903,ORD-003903,101,1,199.99,85.0,199.99,85.0
ITEM-0006904,ORD-003903,107,1,59.99,22.0,59.99,22.0
ITEM-0006905,ORD-003903,102,2,49.99,18.0,99.98,36.0
ITEM-0006906,ORD-003904,106,1,179.99,70.0,179.99,70.0
ITEM-0006907,ORD-003905,306,1,32.5,10.0,32.5,10.0
ITEM-0006908,ORD-003905,307,1,29.99,8.0,29.99,8.0
ITEM-0006909,ORD-003906,202,1,68.0,22.0,68.0,22.0
ITEM-0006910,ORD-003906,201,1,28.0,8.5,28.0,8.5
ITEM-0006911,ORD-003906,205,1,54.0,16.0,54.0,16.0
ITEM-0006912,ORD-003906,108,1,29.99,9.5,29.99,9.5
ITEM-0006913,ORD-003907,505,1,75.0,24.0,75.0,24.0
ITEM-0006914,ORD-003908,205,1,54.0,16.0,54.0,16.0
ITEM-0006915,ORD-003909,202,1,68.0,22.0,68.0,22.0
ITEM-0006916,ORD-003909,104,1,349.99,175.0,349.99,175.0
ITEM-0006917,ORD-003910,405,1,18.0,4.0,18.0,4.0
ITEM-0006918,ORD-003910,204,3,24.0,6.0,72.0,18.0
ITEM-0006919,ORD-003911,101,2,199.99,85.0,399.98,170.0
ITEM-0006920,ORD-003911,107,1,59.99,22.0,59.99,22.0
ITEM-0006921,ORD-003911,106,1,179.99,70.0,179.99,70.0
ITEM-0006922,ORD-003912,102,1,49.99,18.0,49.99,18.0
ITEM-0006923,ORD-003913,401,1,26.0,6.0,26.0,6.0
ITEM-0006924,ORD-003914,401,1,26.0,6.0,26.0,6.0
ITEM-0006925,ORD-003915,504,1,16.99,4.2,16.99,4.2
ITEM-0006926,ORD-003915,201,1,28.0,8.5,28.0,8.5
ITEM-0006927,ORD-003915,105,1,39.99,12.0,39.99,12.0
ITEM-0006928,ORD-003915,405,1,18.0,4.0,18.0,4.0
ITEM-0006929,ORD-003916,205,1,54.0,16.0,54.0,16.0
ITEM-0006930,ORD-003916,404,1,64.99,21.0,64.99,21.0
ITEM-0006931,ORD-003917,301,1,289.0,130.0,289.0,130.0
ITEM-0006932,ORD-003917,105,1,39.99,12.0,39.99,12.0
ITEM-0006933,ORD-003918,202,1,68.0,22.0,68.0,22.0
ITEM-0006934,ORD-003918,104,1,349.99,175.0,349.99,175.0
ITEM-0006935,ORD-003919,202,1,68.0,22.0,68.0,22.0
ITEM-0006936,ORD-003919,105,1,39.99,12.0,39.99,12.0
ITEM-0006937,ORD-003920,403,1,22.0,5.2,22.0,5.2
ITEM-0006938,ORD-003921,401,2,26.0,6.0,52.0,12.0
ITEM-0006939,ORD-003922,405,1,18.0,4.0,18.0,4.0
ITEM-0006940,ORD-003923,404,1,64.99,21.0,64.99,21.0
ITEM-0006941,ORD-003924,405,1,18.0,4.0,18.0,4.0
ITEM-0006942,ORD-003925,304,1,39.99,14.0,39.99,14.0
ITEM-0006943,ORD-003926,405,1,18.0,4.0,18.0,4.0
ITEM-0006944,ORD-003927,307,1,29.99,8.0,29.99,8.0
ITEM-0006945,ORD-003928,107,1,59.99,22.0,59.99,22.0
ITEM-0006946,ORD-003928,405,1,18.0,4.0,18.0,4.0
ITEM-0006947,ORD-003929,504,1,16.99,4.2,16.99,4.2
ITEM-0006948,ORD-003929,401,3,26.0,6.0,78.0,18.0
ITEM-0006949,ORD-003929,202,1,68.0,22.0,68.0,22.0
ITEM-0006950,ORD-003929,101,1,199.99,85.0,199.99,85.0
ITEM-0006951,ORD-003930,106,2,179.99,70.0,359.98,140.0
ITEM-0006952,ORD-003930,105,1,39.99,12.0,39.99,12.0
ITEM-0006953,ORD-003931,501,1,42.0,13.0,42.0,13.0
ITEM-0006954,ORD-003931,502,1,22.99,5.5,22.99,5.5
ITEM-0006955,ORD-003931,307,1,29.99,8.0,29.99,8.0
ITEM-0006956,ORD-003932,504,1,16.99,4.2,16.99,4.2
ITEM-0006957,ORD-003932,405,1,18.0,4.0,18.0,4.0
ITEM-0006958,ORD-003933,205,1,54.0,16.0,54.0,16.0
ITEM-0006959,ORD-003934,402,2,34.0,8.5,68.0,17.0
ITEM-0006960,ORD-003935,104,1,349.99,175.0,349.99,175.0
ITEM-0006961,ORD-003935,103,1,89.99,36.0,89.99,36.0
ITEM-0006962,ORD-003935,105,1,39.99,12.0,39.99,12.0
ITEM-0006963,ORD-003936,303,1,24.99,7.5,24.99,7.5
ITEM-0006964,ORD-003937,404,2,64.99,21.0,129.98,42.0
ITEM-0006965,ORD-003937,108,1,29.99,9.5,29.99,9.5
ITEM-0006966,ORD-003938,503,1,48.0,15.0,48.0,15.0
ITEM-0006967,ORD-003939,304,1,39.99,14.0,39.99,14.0
ITEM-0006968,ORD-003940,501,1,42.0,13.0,42.0,13.0
ITEM-0006969,ORD-003940,502,1,22.99,5.5,22.99,5.5
ITEM-0006970,ORD-003941,106,1,179.99,70.0,179.99,70.0
ITEM-0006971,ORD-003942,203,2,120.0,42.0,240.0,84.0
ITEM-0006972,ORD-003943,401,1,26.0,6.0,26.0,6.0
ITEM-0006973,ORD-003943,402,1,34.0,8.5,34.0,8.5
ITEM-0006974,ORD-003944,402,1,34.0,8.5,34.0,8.5
ITEM-0006975,ORD-003944,203,1,120.0,42.0,120.0,42.0
ITEM-0006976,ORD-003945,303,1,24.99,7.5,24.99,7.5
ITEM-0006977,ORD-003945,104,1,349.99,175.0,349.99,175.0
ITEM-0006978,ORD-003946,401,1,26.0,6.0,26.0,6.0
ITEM-0006979,ORD-003947,305,1,59.99,20.0,59.99,20.0
ITEM-0006980,ORD-003947,101,2,199.99,85.0,399.98,170.0
ITEM-0006981,ORD-003947,401,1,26.0,6.0,26.0,6.0
ITEM-0006982,ORD-003948,405,1,18.0,4.0,18.0,4.0
ITEM-0006983,ORD-003949,204,1,24.0,6.0,24.0,6.0
ITEM-0006984,ORD-003950,107,1,59.99,22.0,59.99,22.0
ITEM-0006985,ORD-003951,403,1,22.0,5.2,22.0,5.2
ITEM-0006986,ORD-003952,105,2,39.99,12.0,79.98,24.0
ITEM-0006987,ORD-003952,405,1,18.0,4.0,18.0,4.0
ITEM-0006988,ORD-003953,205,1,54.0,16.0,54.0,16.0
ITEM-0006989,ORD-003954,504,1,16.99,4.2,16.99,4.2
ITEM-0006990,ORD-003955,205,1,54.0,16.0,54.0,16.0
ITEM-0006991,ORD-003955,301,1,289.0,130.0,289.0,130.0
ITEM-0006992,ORD-003956,503,1,48.0,15.0,48.0,15.0
ITEM-0006993,ORD-003956,401,1,26.0,6.0,26.0,6.0
ITEM-0006994,ORD-003957,404,1,64.99,21.0,64.99,21.0
ITEM-0006995,ORD-003958,502,2,22.99,5.5,45.98,11.0
ITEM-0006996,ORD-003959,502,1,22.99,5.5,22.99,5.5
ITEM-0006997,ORD-003960,502,1,22.99,5.5,22.99,5.5
ITEM-0006998,ORD-003960,104,3,349.99,175.0,1049.97,525.0
ITEM-0006999,ORD-003961,107,1,59.99,22.0,59.99,22.0
ITEM-0007000,ORD-003961,404,2,64.99,21.0,129.98,42.0
ITEM-0007001,ORD-003961,108,1,29.99,9.5,29.99,9.5
ITEM-0007002,ORD-003962,402,1,34.0,8.5,34.0,8.5
ITEM-0007003,ORD-003962,306,2,32.5,10.0,65.0,20.0
ITEM-0007004,ORD-003962,305,1,59.99,20.0,59.99,20.0
ITEM-0007005,ORD-003962,501,1,42.0,13.0,42.0,13.0
ITEM-0007006,ORD-003963,107,1,59.99,22.0,59.99,22.0
ITEM-0007007,ORD-003964,206,1,45.0,11.0,45.0,11.0
ITEM-0007008,ORD-003964,402,1,34.0,8.5,34.0,8.5
ITEM-0007009,ORD-003965,306,1,32.5,10.0,32.5,10.0
ITEM-0007010,ORD-003965,505,1,75.0,24.0,75.0,24.0
ITEM-0007011,ORD-003966,205,1,54.0,16.0,54.0,16.0
ITEM-0007012,ORD-003966,402,1,34.0,8.5,34.0,8.5
ITEM-0007013,ORD-003967,201,1,28.0,8.5,28.0,8.5
ITEM-0007014,ORD-003968,402,3,34.0,8.5,102.0,25.5
ITEM-0007015,ORD-003968,502,1,22.99,5.5,22.99,5.5
ITEM-0007016,ORD-003969,405,1,18.0,4.0,18.0,4.0
ITEM-0007017,ORD-003970,304,1,39.99,14.0,39.99,14.0
ITEM-0007018,ORD-003971,304,1,39.99,14.0,39.99,14.0
ITEM-0007019,ORD-003971,103,1,89.99,36.0,89.99,36.0
ITEM-0007020,ORD-003971,404,1,64.99,21.0,64.99,21.0
ITEM-0007021,ORD-003972,502,1,22.99,5.5,22.99,5.5
ITEM-0007022,ORD-003973,306,1,32.5,10.0,32.5,10.0
ITEM-0007023,ORD-003974,502,1,22.99,5.5,22.99,5.5
ITEM-0007024,ORD-003975,104,1,349.99,175.0,349.99,175.0
ITEM-0007025,ORD-003975,102,2,49.99,18.0,99.98,36.0
ITEM-0007026,ORD-003976,504,1,16.99,4.2,16.99,4.2
ITEM-0007027,ORD-003976,102,1,49.99,18.0,49.99,18.0
ITEM-0007028,ORD-003977,305,2,59.99,20.0,119.98,40.0
ITEM-0007029,ORD-003977,103,1,89.99,36.0,89.99,36.0
ITEM-0007030,ORD-003978,201,1,28.0,8.5,28.0,8.5
ITEM-0007031,ORD-003979,205,1,54.0,16.0,54.0,16.0
ITEM-0007032,ORD-003980,404,1,64.99,21.0,64.99,21.0
ITEM-0007033,ORD-003981,404,1,64.99,21.0,64.99,21.0
ITEM-0007034,ORD-003981,204,1,24.0,6.0,24.0,6.0
ITEM-0007035,ORD-003982,202,1,68.0,22.0,68.0,22.0
ITEM-0007036,ORD-003982,303,1,24.99,7.5,24.99,7.5
ITEM-0007037,ORD-003982,205,1,54.0,16.0,54.0,16.0
ITEM-0007038,ORD-003983,404,1,64.99,21.0,64.99,21.0
ITEM-0007039,ORD-003984,403,1,22.0,5.2,22.0,5.2
ITEM-0007040,ORD-003984,502,1,22.99,5.5,22.99,5.5
ITEM-0007041,ORD-003985,106,1,179.99,70.0,179.99,70.0
ITEM-0007042,ORD-003986,302,2,45.0,15.0,90.0,30.0
ITEM-0007043,ORD-003986,503,1,48.0,15.0,48.0,15.0
ITEM-0007044,ORD-003987,101,1,199.99,85.0,199.99,85.0
ITEM-0007045,ORD-003987,108,2,29.99,9.5,59.98,19.0
ITEM-0007046,ORD-003988,404,1,64.99,21.0,64.99,21.0
ITEM-0007047,ORD-003988,307,1,29.99,8.0,29.99,8.0
ITEM-0007048,ORD-003989,501,1,42.0,13.0,42.0,13.0
ITEM-0007049,ORD-003990,402,1,34.0,8.5,34.0,8.5
ITEM-0007050,ORD-003991,206,1,45.0,11.0,45.0,11.0
ITEM-0007051,ORD-003992,402,1,34.0,8.5,34.0,8.5
ITEM-0007052,ORD-003992,202,1,68.0,22.0,68.0,22.0
ITEM-0007053,ORD-003992,505,1,75.0,24.0,75.0,24.0
ITEM-0007054,ORD-003992,104,2,349.99,175.0,699.98,350.0
ITEM-0007055,ORD-003993,503,3,48.0,15.0,144.0,45.0
ITEM-0007056,ORD-003993,504,1,16.99,4.2,16.99,4.2
ITEM-0007057,ORD-003993,401,1,26.0,6.0,26.0,6.0
ITEM-0007058,ORD-003994,504,1,16.99,4.2,16.99,4.2
ITEM-0007059,ORD-003994,502,3,22.99,5.5,68.97,16.5
ITEM-0007060,ORD-003995,503,1,48.0,15.0,48.0,15.0
ITEM-0007061,ORD-003996,503,1,48.0,15.0,48.0,15.0
ITEM-0007062,ORD-003996,205,1,54.0,16.0,54.0,16.0
ITEM-0007063,ORD-003997,201,1,28.0,8.5,28.0,8.5
ITEM-0007064,ORD-003997,405,1,18.0,4.0,18.0,4.0
ITEM-0007065,ORD-003998,106,1,179.99,70.0,179.99,70.0
ITEM-0007066,ORD-003999,102,1,49.99,18.0,49.99,18.0
ITEM-0007067,ORD-003999,405,2,18.0,4.0,36.0,8.0
ITEM-0007068,ORD-004000,104,1,349.99,175.0,349.99,175.0
ITEM-0007069,ORD-004000,102,1,49.99,18.0,49.99,18.0
ITEM-0007070,ORD-004000,103,1,89.99,36.0,89.99,36.0
ITEM-0007071,ORD-004001,306,1,32.5,10.0,32.5,10.0
ITEM-0007072,ORD-004002,403,1,22.0,5.2,22.0,5.2
ITEM-0007073,ORD-004002,306,1,32.5,10.0,32.5,10.0
ITEM-0007074,ORD-004003,102,1,49.99,18.0,49.99,18.0
ITEM-0007075,ORD-004004,203,1,120.0,42.0,120.0,42.0
ITEM-0007076,ORD-004005,204,1,24.0,6.0,24.0,6.0
ITEM-0007077,ORD-004005,101,1,199.99,85.0,199.99,85.0
ITEM-0007078,ORD-004006,102,1,49.99,18.0,49.99,18.0
ITEM-0007079,ORD-004007,505,1,75.0,24.0,75.0,24.0
ITEM-0007080,ORD-004007,106,1,179.99,70.0,179.99,70.0
ITEM-0007081,ORD-004008,206,1,45.0,11.0,45.0,11.0
ITEM-0007082,ORD-004008,306,2,32.5,10.0,65.0,20.0
ITEM-0007083,ORD-004009,202,1,68.0,22.0,68.0,22.0
ITEM-0007084,ORD-004010,306,1,32.5,10.0,32.5,10.0
ITEM-0007085,ORD-004010,403,2,22.0,5.2,44.0,10.4
ITEM-0007086,ORD-004010,205,1,54.0,16.0,54.0,16.0
ITEM-0007087,ORD-004011,301,1,289.0,130.0,289.0,130.0
ITEM-0007088,ORD-004012,102,1,49.99,18.0,49.99,18.0
ITEM-0007089,ORD-004012,108,1,29.99,9.5,29.99,9.5
ITEM-0007090,ORD-004012,307,1,29.99,8.0,29.99,8.0
ITEM-0007091,ORD-004012,403,1,22.0,5.2,22.0,5.2
ITEM-0007092,ORD-004013,404,1,64.99,21.0,64.99,21.0
ITEM-0007093,ORD-004013,202,1,68.0,22.0,68.0,22.0
ITEM-0007094,ORD-004013,106,1,179.99,70.0,179.99,70.0
ITEM-0007095,ORD-004014,204,1,24.0,6.0,24.0,6.0
ITEM-0007096,ORD-004015,404,1,64.99,21.0,64.99,21.0
ITEM-0007097,ORD-004015,206,1,45.0,11.0,45.0,11.0
ITEM-0007098,ORD-004016,405,1,18.0,4.0,18.0,4.0
ITEM-0007099,ORD-004017,501,1,42.0,13.0,42.0,13.0
ITEM-0007100,ORD-004018,101,1,199.99,85.0,199.99,85.0
ITEM-0007101,ORD-004019,304,1,39.99,14.0,39.99,14.0
ITEM-0007102,ORD-004020,404,1,64.99,21.0,64.99,21.0
ITEM-0007103,ORD-004021,106,1,179.99,70.0,179.99,70.0
ITEM-0007104,ORD-004022,504,1,16.99,4.2,16.99,4.2
ITEM-0007105,ORD-004022,301,1,289.0,130.0,289.0,130.0
ITEM-0007106,ORD-004023,402,2,34.0,8.5,68.0,17.0
ITEM-0007107,ORD-004023,101,1,199.99,85.0,199.99,85.0
ITEM-0007108,ORD-004023,504,1,16.99,4.2,16.99,4.2
ITEM-0007109,ORD-004024,107,1,59.99,22.0,59.99,22.0
ITEM-0007110,ORD-004024,403,1,22.0,5.2,22.0,5.2
ITEM-0007111,ORD-004024,401,1,26.0,6.0,26.0,6.0
ITEM-0007112,ORD-004025,401,1,26.0,6.0,26.0,6.0
ITEM-0007113,ORD-004026,108,1,29.99,9.5,29.99,9.5
ITEM-0007114,ORD-004026,505,1,75.0,24.0,75.0,24.0
ITEM-0007115,ORD-004027,203,1,120.0,42.0,120.0,42.0
ITEM-0007116,ORD-004027,502,1,22.99,5.5,22.99,5.5
ITEM-0007117,ORD-004028,106,1,179.99,70.0,179.99,70.0
ITEM-0007118,ORD-004029,204,1,24.0,6.0,24.0,6.0
ITEM-0007119,ORD-004029,402,1,34.0,8.5,34.0,8.5
ITEM-0007120,ORD-004030,204,2,24.0,6.0,48.0,12.0
ITEM-0007121,ORD-004031,102,2,49.99,18.0,99.98,36.0
ITEM-0007122,ORD-004032,204,1,24.0,6.0,24.0,6.0
ITEM-0007123,ORD-004032,307,1,29.99,8.0,29.99,8.0
ITEM-0007124,ORD-004033,303,1,24.99,7.5,24.99,7.5
ITEM-0007125,ORD-004033,106,1,179.99,70.0,179.99,70.0
ITEM-0007126,ORD-004033,305,1,59.99,20.0,59.99,20.0
ITEM-0007127,ORD-004034,503,1,48.0,15.0,48.0,15.0
ITEM-0007128,ORD-004035,505,1,75.0,24.0,75.0,24.0
ITEM-0007129,ORD-004036,404,1,64.99,21.0,64.99,21.0
ITEM-0007130,ORD-004036,301,1,289.0,130.0,289.0,130.0
ITEM-0007131,ORD-004037,102,2,49.99,18.0,99.98,36.0
ITEM-0007132,ORD-004038,108,1,29.99,9.5,29.99,9.5
ITEM-0007133,ORD-004038,303,1,24.99,7.5,24.99,7.5
ITEM-0007134,ORD-004039,401,1,26.0,6.0,26.0,6.0
ITEM-0007135,ORD-004040,108,3,29.99,9.5,89.97,28.5
ITEM-0007136,ORD-004041,108,1,29.99,9.5,29.99,9.5
ITEM-0007137,ORD-004042,205,1,54.0,16.0,54.0,16.0
ITEM-0007138,ORD-004042,303,3,24.99,7.5,74.97,22.5
ITEM-0007139,ORD-004042,501,2,42.0,13.0,84.0,26.0
ITEM-0007140,ORD-004043,504,1,16.99,4.2,16.99,4.2
ITEM-0007141,ORD-004043,105,1,39.99,12.0,39.99,12.0
ITEM-0007142,ORD-004043,503,1,48.0,15.0,48.0,15.0
ITEM-0007143,ORD-004044,301,2,289.0,130.0,578.0,260.0
ITEM-0007144,ORD-004044,303,1,24.99,7.5,24.99,7.5
ITEM-0007145,ORD-004045,303,1,24.99,7.5,24.99,7.5
ITEM-0007146,ORD-004045,505,1,75.0,24.0,75.0,24.0
ITEM-0007147,ORD-004046,204,1,24.0,6.0,24.0,6.0
ITEM-0007148,ORD-004047,105,1,39.99,12.0,39.99,12.0
ITEM-0007149,ORD-004047,104,1,349.99,175.0,349.99,175.0
ITEM-0007150,ORD-004047,505,1,75.0,24.0,75.0,24.0
ITEM-0007151,ORD-004047,306,1,32.5,10.0,32.5,10.0
ITEM-0007152,ORD-004048,307,1,29.99,8.0,29.99,8.0
ITEM-0007153,ORD-004049,402,1,34.0,8.5,34.0,8.5
ITEM-0007154,ORD-004049,304,1,39.99,14.0,39.99,14.0
ITEM-0007155,ORD-004050,403,1,22.0,5.2,22.0,5.2
ITEM-0007156,ORD-004051,307,1,29.99,8.0,29.99,8.0
ITEM-0007157,ORD-004052,307,1,29.99,8.0,29.99,8.0
ITEM-0007158,ORD-004052,203,1,120.0,42.0,120.0,42.0
ITEM-0007159,ORD-004053,104,1,349.99,175.0,349.99,175.0
ITEM-0007160,ORD-004053,105,1,39.99,12.0,39.99,12.0
ITEM-0007161,ORD-004054,307,1,29.99,8.0,29.99,8.0
ITEM-0007162,ORD-004054,401,1,26.0,6.0,26.0,6.0
ITEM-0007163,ORD-004055,303,1,24.99,7.5,24.99,7.5
ITEM-0007164,ORD-004055,102,1,49.99,18.0,49.99,18.0
ITEM-0007165,ORD-004056,303,1,24.99,7.5,24.99,7.5
ITEM-0007166,ORD-004056,101,1,199.99,85.0,199.99,85.0
ITEM-0007167,ORD-004056,306,1,32.5,10.0,32.5,10.0
ITEM-0007168,ORD-004056,205,3,54.0,16.0,162.0,48.0
ITEM-0007169,ORD-004057,103,1,89.99,36.0,89.99,36.0
ITEM-0007170,ORD-004057,108,1,29.99,9.5,29.99,9.5
ITEM-0007171,ORD-004057,504,1,16.99,4.2,16.99,4.2
ITEM-0007172,ORD-004058,101,1,199.99,85.0,199.99,85.0
ITEM-0007173,ORD-004059,306,1,32.5,10.0,32.5,10.0
ITEM-0007174,ORD-004060,305,1,59.99,20.0,59.99,20.0
ITEM-0007175,ORD-004061,401,1,26.0,6.0,26.0,6.0
ITEM-0007176,ORD-004062,203,1,120.0,42.0,120.0,42.0
ITEM-0007177,ORD-004063,205,1,54.0,16.0,54.0,16.0
ITEM-0007178,ORD-004064,504,1,16.99,4.2,16.99,4.2
ITEM-0007179,ORD-004064,503,1,48.0,15.0,48.0,15.0
ITEM-0007180,ORD-004065,503,1,48.0,15.0,48.0,15.0
ITEM-0007181,ORD-004065,105,1,39.99,12.0,39.99,12.0
ITEM-0007182,ORD-004065,102,2,49.99,18.0,99.98,36.0
ITEM-0007183,ORD-004066,108,2,29.99,9.5,59.98,19.0
ITEM-0007184,ORD-004066,502,1,22.99,5.5,22.99,5.5
ITEM-0007185,ORD-004067,206,1,45.0,11.0,45.0,11.0
ITEM-0007186,ORD-004067,302,1,45.0,15.0,45.0,15.0
ITEM-0007187,ORD-004068,502,1,22.99,5.5,22.99,5.5
ITEM-0007188,ORD-004069,502,1,22.99,5.5,22.99,5.5
ITEM-0007189,ORD-004070,104,1,349.99,175.0,349.99,175.0
ITEM-0007190,ORD-004070,102,1,49.99,18.0,49.99,18.0
ITEM-0007191,ORD-004070,103,1,89.99,36.0,89.99,36.0
ITEM-0007192,ORD-004070,105,1,39.99,12.0,39.99,12.0
ITEM-0007193,ORD-004071,101,1,199.99,85.0,199.99,85.0
ITEM-0007194,ORD-004072,504,3,16.99,4.2,50.97,12.6
ITEM-0007195,ORD-004072,105,2,39.99,12.0,79.98,24.0
ITEM-0007196,ORD-004073,301,1,289.0,130.0,289.0,130.0
ITEM-0007197,ORD-004074,108,1,29.99,9.5,29.99,9.5
ITEM-0007198,ORD-004074,401,1,26.0,6.0,26.0,6.0
ITEM-0007199,ORD-004075,403,1,22.0,5.2,22.0,5.2
ITEM-0007200,ORD-004076,505,2,75.0,24.0,150.0,48.0
ITEM-0007201,ORD-004076,206,1,45.0,11.0,45.0,11.0
ITEM-0007202,ORD-004077,402,1,34.0,8.5,34.0,8.5
ITEM-0007203,ORD-004077,103,1,89.99,36.0,89.99,36.0
ITEM-0007204,ORD-004078,107,1,59.99,22.0,59.99,22.0
ITEM-0007205,ORD-004079,307,1,29.99,8.0,29.99,8.0
ITEM-0007206,ORD-004080,302,1,45.0,15.0,45.0,15.0
ITEM-0007207,ORD-004081,503,1,48.0,15.0,48.0,15.0
ITEM-0007208,ORD-004082,101,1,199.99,85.0,199.99,85.0
ITEM-0007209,ORD-004083,102,1,49.99,18.0,49.99,18.0
ITEM-0007210,ORD-004083,103,1,89.99,36.0,89.99,36.0
ITEM-0007211,ORD-004084,401,1,26.0,6.0,26.0,6.0
ITEM-0007212,ORD-004085,301,1,289.0,130.0,289.0,130.0
ITEM-0007213,ORD-004086,105,2,39.99,12.0,79.98,24.0
ITEM-0007214,ORD-004087,105,3,39.99,12.0,119.97,36.0
ITEM-0007215,ORD-004087,307,2,29.99,8.0,59.98,16.0
ITEM-0007216,ORD-004088,204,1,24.0,6.0,24.0,6.0
ITEM-0007217,ORD-004089,304,1,39.99,14.0,39.99,14.0
ITEM-0007218,ORD-004090,307,1,29.99,8.0,29.99,8.0
ITEM-0007219,ORD-004090,103,1,89.99,36.0,89.99,36.0
ITEM-0007220,ORD-004090,106,1,179.99,70.0,179.99,70.0
ITEM-0007221,ORD-004090,402,1,34.0,8.5,34.0,8.5
ITEM-0007222,ORD-004091,403,1,22.0,5.2,22.0,5.2
ITEM-0007223,ORD-004091,104,1,349.99,175.0,349.99,175.0
ITEM-0007224,ORD-004092,502,1,22.99,5.5,22.99,5.5
ITEM-0007225,ORD-004092,205,1,54.0,16.0,54.0,16.0
ITEM-0007226,ORD-004092,501,3,42.0,13.0,126.0,39.0
ITEM-0007227,ORD-004093,107,1,59.99,22.0,59.99,22.0
ITEM-0007228,ORD-004094,204,1,24.0,6.0,24.0,6.0
ITEM-0007229,ORD-004094,205,1,54.0,16.0,54.0,16.0
ITEM-0007230,ORD-004095,402,1,34.0,8.5,34.0,8.5
ITEM-0007231,ORD-004096,203,2,120.0,42.0,240.0,84.0
ITEM-0007232,ORD-004096,102,1,49.99,18.0,49.99,18.0
ITEM-0007233,ORD-004096,104,1,349.99,175.0,349.99,175.0
ITEM-0007234,ORD-004097,501,1,42.0,13.0,42.0,13.0
ITEM-0007235,ORD-004097,502,1,22.99,5.5,22.99,5.5
ITEM-0007236,ORD-004098,303,1,24.99,7.5,24.99,7.5
ITEM-0007237,ORD-004098,401,1,26.0,6.0,26.0,6.0
ITEM-0007238,ORD-004099,404,1,64.99,21.0,64.99,21.0
ITEM-0007239,ORD-004100,105,2,39.99,12.0,79.98,24.0
ITEM-0007240,ORD-004101,101,2,199.99,85.0,399.98,170.0
ITEM-0007241,ORD-004102,103,2,89.99,36.0,179.98,72.0
ITEM-0007242,ORD-004102,501,1,42.0,13.0,42.0,13.0
ITEM-0007243,ORD-004103,302,2,45.0,15.0,90.0,30.0
ITEM-0007244,ORD-004103,503,1,48.0,15.0,48.0,15.0
ITEM-0007245,ORD-004103,107,1,59.99,22.0,59.99,22.0
ITEM-0007246,ORD-004104,502,1,22.99,5.5,22.99,5.5
ITEM-0007247,ORD-004105,202,1,68.0,22.0,68.0,22.0
ITEM-0007248,ORD-004106,201,1,28.0,8.5,28.0,8.5
ITEM-0007249,ORD-004106,304,1,39.99,14.0,39.99,14.0
ITEM-0007250,ORD-004107,504,1,16.99,4.2,16.99,4.2
ITEM-0007251,ORD-004107,305,2,59.99,20.0,119.98,40.0
ITEM-0007252,ORD-004108,504,1,16.99,4.2,16.99,4.2
ITEM-0007253,ORD-004108,107,1,59.99,22.0,59.99,22.0
ITEM-0007254,ORD-004108,105,1,39.99,12.0,39.99,12.0
ITEM-0007255,ORD-004108,305,1,59.99,20.0,59.99,20.0
ITEM-0007256,ORD-004109,201,1,28.0,8.5,28.0,8.5
ITEM-0007257,ORD-004109,502,1,22.99,5.5,22.99,5.5
ITEM-0007258,ORD-004110,502,1,22.99,5.5,22.99,5.5
ITEM-0007259,ORD-004111,504,1,16.99,4.2,16.99,4.2
ITEM-0007260,ORD-004111,101,1,199.99,85.0,199.99,85.0
ITEM-0007261,ORD-004112,301,1,289.0,130.0,289.0,130.0
ITEM-0007262,ORD-004113,202,1,68.0,22.0,68.0,22.0
ITEM-0007263,ORD-004113,306,1,32.5,10.0,32.5,10.0
ITEM-0007264,ORD-004114,301,1,289.0,130.0,289.0,130.0
ITEM-0007265,ORD-004114,302,1,45.0,15.0,45.0,15.0
ITEM-0007266,ORD-004115,302,2,45.0,15.0,90.0,30.0
ITEM-0007267,ORD-004115,502,1,22.99,5.5,22.99,5.5
ITEM-0007268,ORD-004116,202,1,68.0,22.0,68.0,22.0
ITEM-0007269,ORD-004117,505,1,75.0,24.0,75.0,24.0
ITEM-0007270,ORD-004117,403,1,22.0,5.2,22.0,5.2
ITEM-0007271,ORD-004118,503,1,48.0,15.0,48.0,15.0
ITEM-0007272,ORD-004119,206,1,45.0,11.0,45.0,11.0
ITEM-0007273,ORD-004120,501,1,42.0,13.0,42.0,13.0
ITEM-0007274,ORD-004121,505,1,75.0,24.0,75.0,24.0
ITEM-0007275,ORD-004122,203,1,120.0,42.0,120.0,42.0
ITEM-0007276,ORD-004122,505,1,75.0,24.0,75.0,24.0
ITEM-0007277,ORD-004122,205,1,54.0,16.0,54.0,16.0
ITEM-0007278,ORD-004123,504,1,16.99,4.2,16.99,4.2
ITEM-0007279,ORD-004123,307,3,29.99,8.0,89.97,24.0
ITEM-0007280,ORD-004124,403,1,22.0,5.2,22.0,5.2
ITEM-0007281,ORD-004124,102,3,49.99,18.0,149.97,54.0
ITEM-0007282,ORD-004125,104,1,349.99,175.0,349.99,175.0
ITEM-0007283,ORD-004125,103,1,89.99,36.0,89.99,36.0
ITEM-0007284,ORD-004126,502,1,22.99,5.5,22.99,5.5
ITEM-0007285,ORD-004126,204,1,24.0,6.0,24.0,6.0
ITEM-0007286,ORD-004126,504,3,16.99,4.2,50.97,12.6
ITEM-0007287,ORD-004127,304,1,39.99,14.0,39.99,14.0
ITEM-0007288,ORD-004127,501,1,42.0,13.0,42.0,13.0
ITEM-0007289,ORD-004127,201,1,28.0,8.5,28.0,8.5
ITEM-0007290,ORD-004128,201,1,28.0,8.5,28.0,8.5
ITEM-0007291,ORD-004128,105,1,39.99,12.0,39.99,12.0
ITEM-0007292,ORD-004129,405,1,18.0,4.0,18.0,4.0
ITEM-0007293,ORD-004129,305,1,59.99,20.0,59.99,20.0
ITEM-0007294,ORD-004130,501,1,42.0,13.0,42.0,13.0
ITEM-0007295,ORD-004131,404,1,64.99,21.0,64.99,21.0
ITEM-0007296,ORD-004131,401,1,26.0,6.0,26.0,6.0
ITEM-0007297,ORD-004131,201,1,28.0,8.5,28.0,8.5
ITEM-0007298,ORD-004131,307,1,29.99,8.0,29.99,8.0
ITEM-0007299,ORD-004132,301,1,289.0,130.0,289.0,130.0
ITEM-0007300,ORD-004133,405,2,18.0,4.0,36.0,8.0
ITEM-0007301,ORD-004134,301,1,289.0,130.0,289.0,130.0
ITEM-0007302,ORD-004135,303,2,24.99,7.5,49.98,15.0
ITEM-0007303,ORD-004136,107,1,59.99,22.0,59.99,22.0
ITEM-0007304,ORD-004136,103,1,89.99,36.0,89.99,36.0
ITEM-0007305,ORD-004136,206,1,45.0,11.0,45.0,11.0
ITEM-0007306,ORD-004137,206,1,45.0,11.0,45.0,11.0
ITEM-0007307,ORD-004138,303,1,24.99,7.5,24.99,7.5
ITEM-0007308,ORD-004139,203,2,120.0,42.0,240.0,84.0
ITEM-0007309,ORD-004140,304,1,39.99,14.0,39.99,14.0
ITEM-0007310,ORD-004141,106,1,179.99,70.0,179.99,70.0
ITEM-0007311,ORD-004141,206,1,45.0,11.0,45.0,11.0
ITEM-0007312,ORD-004141,202,1,68.0,22.0,68.0,22.0
ITEM-0007313,ORD-004142,101,1,199.99,85.0,199.99,85.0
ITEM-0007314,ORD-004142,107,1,59.99,22.0,59.99,22.0
ITEM-0007315,ORD-004142,104,1,349.99,175.0,349.99,175.0
ITEM-0007316,ORD-004143,502,1,22.99,5.5,22.99,5.5
ITEM-0007317,ORD-004143,404,2,64.99,21.0,129.98,42.0
ITEM-0007318,ORD-004144,105,1,39.99,12.0,39.99,12.0
ITEM-0007319,ORD-004144,403,1,22.0,5.2,22.0,5.2
ITEM-0007320,ORD-004145,206,1,45.0,11.0,45.0,11.0
ITEM-0007321,ORD-004146,103,1,89.99,36.0,89.99,36.0
ITEM-0007322,ORD-004146,306,1,32.5,10.0,32.5,10.0
ITEM-0007323,ORD-004146,305,1,59.99,20.0,59.99,20.0
ITEM-0007324,ORD-004147,404,1,64.99,21.0,64.99,21.0
ITEM-0007325,ORD-004148,205,1,54.0,16.0,54.0,16.0
ITEM-0007326,ORD-004148,302,1,45.0,15.0,45.0,15.0
ITEM-0007327,ORD-004149,106,1,179.99,70.0,179.99,70.0
ITEM-0007328,ORD-004149,502,1,22.99,5.5,22.99,5.5
ITEM-0007329,ORD-004150,303,1,24.99,7.5,24.99,7.5
ITEM-0007330,ORD-004150,101,1,199.99,85.0,199.99,85.0
ITEM-0007331,ORD-004151,401,1,26.0,6.0,26.0,6.0
ITEM-0007332,ORD-004152,101,2,199.99,85.0,399.98,170.0
ITEM-0007333,ORD-004152,107,1,59.99,22.0,59.99,22.0
ITEM-0007334,ORD-004153,402,1,34.0,8.5,34.0,8.5
ITEM-0007335,ORD-004154,305,1,59.99,20.0,59.99,20.0
ITEM-0007336,ORD-004155,305,1,59.99,20.0,59.99,20.0
ITEM-0007337,ORD-004155,106,1,179.99,70.0,179.99,70.0
ITEM-0007338,ORD-004156,402,3,34.0,8.5,102.0,25.5
ITEM-0007339,ORD-004157,402,1,34.0,8.5,34.0,8.5
ITEM-0007340,ORD-004158,302,1,45.0,15.0,45.0,15.0
ITEM-0007341,ORD-004159,502,1,22.99,5.5,22.99,5.5
ITEM-0007342,ORD-004159,402,1,34.0,8.5,34.0,8.5
ITEM-0007343,ORD-004159,108,2,29.99,9.5,59.98,19.0
ITEM-0007344,ORD-004160,201,1,28.0,8.5,28.0,8.5
ITEM-0007345,ORD-004160,206,1,45.0,11.0,45.0,11.0
ITEM-0007346,ORD-004161,301,2,289.0,130.0,578.0,260.0
ITEM-0007347,ORD-004162,205,1,54.0,16.0,54.0,16.0
ITEM-0007348,ORD-004162,107,1,59.99,22.0,59.99,22.0
ITEM-0007349,ORD-004162,501,2,42.0,13.0,84.0,26.0
ITEM-0007350,ORD-004163,305,1,59.99,20.0,59.99,20.0
ITEM-0007351,ORD-004163,404,1,64.99,21.0,64.99,21.0
ITEM-0007352,ORD-004163,205,1,54.0,16.0,54.0,16.0
ITEM-0007353,ORD-004164,106,2,179.99,70.0,359.98,140.0
ITEM-0007354,ORD-004165,503,1,48.0,15.0,48.0,15.0
ITEM-0007355,ORD-004165,202,1,68.0,22.0,68.0,22.0
ITEM-0007356,ORD-004166,202,1,68.0,22.0,68.0,22.0
ITEM-0007357,ORD-004167,301,1,289.0,130.0,289.0,130.0
ITEM-0007358,ORD-004168,205,1,54.0,16.0,54.0,16.0
ITEM-0007359,ORD-004169,304,1,39.99,14.0,39.99,14.0
ITEM-0007360,ORD-004170,108,1,29.99,9.5,29.99,9.5
ITEM-0007361,ORD-004170,105,1,39.99,12.0,39.99,12.0
ITEM-0007362,ORD-004171,403,1,22.0,5.2,22.0,5.2
ITEM-0007363,ORD-004172,107,1,59.99,22.0,59.99,22.0
ITEM-0007364,ORD-004172,302,1,45.0,15.0,45.0,15.0
ITEM-0007365,ORD-004173,204,1,24.0,6.0,24.0,6.0
ITEM-0007366,ORD-004173,102,1,49.99,18.0,49.99,18.0
ITEM-0007367,ORD-004173,307,1,29.99,8.0,29.99,8.0
ITEM-0007368,ORD-004173,107,1,59.99,22.0,59.99,22.0
ITEM-0007369,ORD-004174,302,1,45.0,15.0,45.0,15.0
ITEM-0007370,ORD-004175,203,1,120.0,42.0,120.0,42.0
ITEM-0007371,ORD-004175,105,1,39.99,12.0,39.99,12.0
ITEM-0007372,ORD-004176,402,1,34.0,8.5,34.0,8.5
ITEM-0007373,ORD-004177,204,1,24.0,6.0,24.0,6.0
ITEM-0007374,ORD-004177,301,1,289.0,130.0,289.0,130.0
ITEM-0007375,ORD-004178,104,1,349.99,175.0,349.99,175.0
ITEM-0007376,ORD-004178,102,1,49.99,18.0,49.99,18.0
ITEM-0007377,ORD-004179,306,1,32.5,10.0,32.5,10.0
ITEM-0007378,ORD-004179,206,1,45.0,11.0,45.0,11.0
ITEM-0007379,ORD-004179,303,2,24.99,7.5,49.98,15.0
ITEM-0007380,ORD-004179,402,1,34.0,8.5,34.0,8.5
ITEM-0007381,ORD-004180,504,1,16.99,4.2,16.99,4.2
ITEM-0007382,ORD-004180,102,1,49.99,18.0,49.99,18.0
ITEM-0007383,ORD-004180,501,1,42.0,13.0,42.0,13.0
ITEM-0007384,ORD-004180,105,1,39.99,12.0,39.99,12.0
ITEM-0007385,ORD-004181,403,1,22.0,5.2,22.0,5.2
ITEM-0007386,ORD-004182,202,1,68.0,22.0,68.0,22.0
ITEM-0007387,ORD-004183,203,1,120.0,42.0,120.0,42.0
ITEM-0007388,ORD-004183,402,1,34.0,8.5,34.0,8.5
ITEM-0007389,ORD-004184,306,1,32.5,10.0,32.5,10.0
ITEM-0007390,ORD-004184,502,1,22.99,5.5,22.99,5.5
ITEM-0007391,ORD-004185,106,1,179.99,70.0,179.99,70.0
ITEM-0007392,ORD-004186,403,1,22.0,5.2,22.0,5.2
ITEM-0007393,ORD-004186,303,1,24.99,7.5,24.99,7.5
ITEM-0007394,ORD-004187,307,1,29.99,8.0,29.99,8.0
ITEM-0007395,ORD-004187,501,1,42.0,13.0,42.0,13.0
ITEM-0007396,ORD-004188,103,1,89.99,36.0,89.99,36.0
ITEM-0007397,ORD-004189,405,1,18.0,4.0,18.0,4.0
ITEM-0007398,ORD-004189,301,2,289.0,130.0,578.0,260.0
ITEM-0007399,ORD-004190,106,1,179.99,70.0,179.99,70.0
ITEM-0007400,ORD-004190,101,1,199.99,85.0,199.99,85.0
ITEM-0007401,ORD-004190,401,1,26.0,6.0,26.0,6.0
ITEM-0007402,ORD-004191,206,1,45.0,11.0,45.0,11.0
ITEM-0007403,ORD-004192,302,1,45.0,15.0,45.0,15.0
ITEM-0007404,ORD-004192,201,2,28.0,8.5,56.0,17.0
ITEM-0007405,ORD-004192,403,1,22.0,5.2,22.0,5.2
ITEM-0007406,ORD-004192,106,1,179.99,70.0,179.99,70.0
ITEM-0007407,ORD-004193,503,1,48.0,15.0,48.0,15.0
ITEM-0007408,ORD-004193,108,1,29.99,9.5,29.99,9.5
ITEM-0007409,ORD-004194,505,1,75.0,24.0,75.0,24.0
ITEM-0007410,ORD-004194,201,1,28.0,8.5,28.0,8.5
ITEM-0007411,ORD-004195,306,1,32.5,10.0,32.5,10.0
ITEM-0007412,ORD-004196,104,1,349.99,175.0,349.99,175.0
ITEM-0007413,ORD-004196,102,1,49.99,18.0,49.99,18.0
ITEM-0007414,ORD-004197,503,1,48.0,15.0,48.0,15.0
ITEM-0007415,ORD-004198,204,1,24.0,6.0,24.0,6.0
ITEM-0007416,ORD-004199,301,1,289.0,130.0,289.0,130.0
ITEM-0007417,ORD-004200,205,1,54.0,16.0,54.0,16.0
ITEM-0007418,ORD-004200,501,1,42.0,13.0,42.0,13.0
ITEM-0007419,ORD-004201,206,2,45.0,11.0,90.0,22.0
ITEM-0007420,ORD-004201,401,1,26.0,6.0,26.0,6.0
ITEM-0007421,ORD-004202,108,1,29.99,9.5,29.99,9.5
ITEM-0007422,ORD-004202,107,1,59.99,22.0,59.99,22.0
ITEM-0007423,ORD-004202,504,1,16.99,4.2,16.99,4.2
ITEM-0007424,ORD-004202,306,1,32.5,10.0,32.5,10.0
ITEM-0007425,ORD-004203,105,1,39.99,12.0,39.99,12.0
ITEM-0007426,ORD-004203,501,1,42.0,13.0,42.0,13.0
ITEM-0007427,ORD-004204,401,1,26.0,6.0,26.0,6.0
ITEM-0007428,ORD-004205,304,1,39.99,14.0,39.99,14.0
ITEM-0007429,ORD-004206,102,1,49.99,18.0,49.99,18.0
ITEM-0007430,ORD-004206,204,1,24.0,6.0,24.0,6.0
ITEM-0007431,ORD-004207,101,1,199.99,85.0,199.99,85.0
ITEM-0007432,ORD-004207,108,1,29.99,9.5,29.99,9.5
ITEM-0007433,ORD-004207,306,1,32.5,10.0,32.5,10.0
ITEM-0007434,ORD-004208,503,1,48.0,15.0,48.0,15.0
ITEM-0007435,ORD-004208,306,1,32.5,10.0,32.5,10.0
ITEM-0007436,ORD-004208,404,1,64.99,21.0,64.99,21.0
ITEM-0007437,ORD-004209,106,1,179.99,70.0,179.99,70.0
ITEM-0007438,ORD-004209,203,1,120.0,42.0,120.0,42.0
ITEM-0007439,ORD-004210,303,1,24.99,7.5,24.99,7.5
ITEM-0007440,ORD-004210,401,1,26.0,6.0,26.0,6.0
ITEM-0007441,ORD-004210,402,1,34.0,8.5,34.0,8.5
ITEM-0007442,ORD-004211,107,1,59.99,22.0,59.99,22.0
ITEM-0007443,ORD-004212,108,1,29.99,9.5,29.99,9.5
ITEM-0007444,ORD-004212,504,1,16.99,4.2,16.99,4.2
ITEM-0007445,ORD-004212,404,1,64.99,21.0,64.99,21.0
ITEM-0007446,ORD-004213,104,1,349.99,175.0,349.99,175.0
ITEM-0007447,ORD-004213,103,1,89.99,36.0,89.99,36.0
ITEM-0007448,ORD-004213,105,1,39.99,12.0,39.99,12.0
ITEM-0007449,ORD-004214,201,1,28.0,8.5,28.0,8.5
ITEM-0007450,ORD-004215,204,1,24.0,6.0,24.0,6.0
ITEM-0007451,ORD-004216,501,1,42.0,13.0,42.0,13.0
ITEM-0007452,ORD-004217,104,1,349.99,175.0,349.99,175.0
ITEM-0007453,ORD-004217,102,1,49.99,18.0,49.99,18.0
ITEM-0007454,ORD-004218,102,1,49.99,18.0,49.99,18.0
ITEM-0007455,ORD-004219,103,1,89.99,36.0,89.99,36.0
ITEM-0007456,ORD-004220,102,1,49.99,18.0,49.99,18.0
ITEM-0007457,ORD-004221,305,3,59.99,20.0,179.97,60.0
ITEM-0007458,ORD-004222,405,1,18.0,4.0,18.0,4.0
ITEM-0007459,ORD-004222,202,1,68.0,22.0,68.0,22.0
ITEM-0007460,ORD-004223,303,1,24.99,7.5,24.99,7.5
ITEM-0007461,ORD-004223,203,1,120.0,42.0,120.0,42.0
ITEM-0007462,ORD-004224,401,1,26.0,6.0,26.0,6.0
ITEM-0007463,ORD-004225,504,1,16.99,4.2,16.99,4.2
ITEM-0007464,ORD-004226,107,1,59.99,22.0,59.99,22.0
ITEM-0007465,ORD-004226,504,1,16.99,4.2,16.99,4.2
ITEM-0007466,ORD-004226,302,1,45.0,15.0,45.0,15.0
ITEM-0007467,ORD-004227,204,1,24.0,6.0,24.0,6.0
ITEM-0007468,ORD-004227,107,1,59.99,22.0,59.99,22.0
ITEM-0007469,ORD-004228,403,1,22.0,5.2,22.0,5.2
ITEM-0007470,ORD-004228,206,1,45.0,11.0,45.0,11.0
ITEM-0007471,ORD-004229,306,1,32.5,10.0,32.5,10.0
ITEM-0007472,ORD-004230,108,1,29.99,9.5,29.99,9.5
ITEM-0007473,ORD-004230,405,1,18.0,4.0,18.0,4.0
ITEM-0007474,ORD-004231,504,1,16.99,4.2,16.99,4.2
ITEM-0007475,ORD-004232,302,1,45.0,15.0,45.0,15.0
ITEM-0007476,ORD-004232,206,1,45.0,11.0,45.0,11.0
ITEM-0007477,ORD-004233,504,2,16.99,4.2,33.98,8.4
ITEM-0007478,ORD-004233,306,1,32.5,10.0,32.5,10.0
ITEM-0007479,ORD-004234,404,1,64.99,21.0,64.99,21.0
ITEM-0007480,ORD-004235,403,1,22.0,5.2,22.0,5.2
ITEM-0007481,ORD-004235,405,1,18.0,4.0,18.0,4.0
ITEM-0007482,ORD-004236,404,1,64.99,21.0,64.99,21.0
ITEM-0007483,ORD-004236,504,1,16.99,4.2,16.99,4.2
ITEM-0007484,ORD-004236,501,1,42.0,13.0,42.0,13.0
ITEM-0007485,ORD-004237,307,1,29.99,8.0,29.99,8.0
ITEM-0007486,ORD-004237,504,1,16.99,4.2,16.99,4.2
ITEM-0007487,ORD-004238,204,1,24.0,6.0,24.0,6.0
ITEM-0007488,ORD-004238,202,2,68.0,22.0,136.0,44.0
ITEM-0007489,ORD-004238,306,2,32.5,10.0,65.0,20.0
ITEM-0007490,ORD-004239,301,1,289.0,130.0,289.0,130.0
ITEM-0007491,ORD-004240,505,1,75.0,24.0,75.0,24.0
ITEM-0007492,ORD-004241,405,1,18.0,4.0,18.0,4.0
ITEM-0007493,ORD-004242,304,1,39.99,14.0,39.99,14.0
ITEM-0007494,ORD-004242,103,2,89.99,36.0,179.98,72.0
ITEM-0007495,ORD-004243,304,1,39.99,14.0,39.99,14.0
ITEM-0007496,ORD-004244,501,1,42.0,13.0,42.0,13.0
ITEM-0007497,ORD-004245,206,1,45.0,11.0,45.0,11.0
ITEM-0007498,ORD-004245,101,2,199.99,85.0,399.98,170.0
ITEM-0007499,ORD-004246,203,1,120.0,42.0,120.0,42.0
ITEM-0007500,ORD-004247,105,1,39.99,12.0,39.99,12.0
ITEM-0007501,ORD-004248,201,1,28.0,8.5,28.0,8.5
ITEM-0007502,ORD-004248,405,1,18.0,4.0,18.0,4.0
ITEM-0007503,ORD-004248,205,1,54.0,16.0,54.0,16.0
ITEM-0007504,ORD-004249,303,1,24.99,7.5,24.99,7.5
ITEM-0007505,ORD-004249,206,2,45.0,11.0,90.0,22.0
ITEM-0007506,ORD-004249,203,1,120.0,42.0,120.0,42.0
ITEM-0007507,ORD-004249,106,1,179.99,70.0,179.99,70.0
ITEM-0007508,ORD-004250,104,1,349.99,175.0,349.99,175.0
ITEM-0007509,ORD-004250,102,1,49.99,18.0,49.99,18.0
ITEM-0007510,ORD-004250,103,1,89.99,36.0,89.99,36.0
ITEM-0007511,ORD-004251,401,1,26.0,6.0,26.0,6.0
ITEM-0007512,ORD-004251,403,1,22.0,5.2,22.0,5.2
ITEM-0007513,ORD-004252,104,1,349.99,175.0,349.99,175.0
ITEM-0007514,ORD-004253,202,1,68.0,22.0,68.0,22.0
ITEM-0007515,ORD-004254,205,1,54.0,16.0,54.0,16.0
ITEM-0007516,ORD-004254,302,1,45.0,15.0,45.0,15.0
ITEM-0007517,ORD-004255,105,1,39.99,12.0,39.99,12.0
ITEM-0007518,ORD-004255,203,1,120.0,42.0,120.0,42.0
ITEM-0007519,ORD-004256,304,1,39.99,14.0,39.99,14.0
ITEM-0007520,ORD-004257,107,1,59.99,22.0,59.99,22.0
ITEM-0007521,ORD-004257,401,2,26.0,6.0,52.0,12.0
ITEM-0007522,ORD-004258,401,1,26.0,6.0,26.0,6.0
ITEM-0007523,ORD-004259,301,1,289.0,130.0,289.0,130.0
ITEM-0007524,ORD-004260,405,1,18.0,4.0,18.0,4.0
ITEM-0007525,ORD-004261,101,2,199.99,85.0,399.98,170.0
ITEM-0007526,ORD-004262,505,1,75.0,24.0,75.0,24.0
ITEM-0007527,ORD-004263,404,1,64.99,21.0,64.99,21.0
ITEM-0007528,ORD-004264,108,1,29.99,9.5,29.99,9.5
ITEM-0007529,ORD-004264,204,3,24.0,6.0,72.0,18.0
ITEM-0007530,ORD-004265,108,2,29.99,9.5,59.98,19.0
ITEM-0007531,ORD-004265,302,1,45.0,15.0,45.0,15.0
ITEM-0007532,ORD-004266,402,1,34.0,8.5,34.0,8.5
ITEM-0007533,ORD-004267,401,1,26.0,6.0,26.0,6.0
ITEM-0007534,ORD-004268,404,1,64.99,21.0,64.99,21.0
ITEM-0007535,ORD-004269,104,1,349.99,175.0,349.99,175.0
ITEM-0007536,ORD-004269,105,1,39.99,12.0,39.99,12.0
ITEM-0007537,ORD-004269,101,1,199.99,85.0,199.99,85.0
ITEM-0007538,ORD-004270,201,1,28.0,8.5,28.0,8.5
ITEM-0007539,ORD-004270,501,1,42.0,13.0,42.0,13.0
ITEM-0007540,ORD-004270,405,2,18.0,4.0,36.0,8.0
ITEM-0007541,ORD-004270,404,3,64.99,21.0,194.97,63.0
ITEM-0007542,ORD-004271,405,1,18.0,4.0,18.0,4.0
ITEM-0007543,ORD-004272,108,1,29.99,9.5,29.99,9.5
ITEM-0007544,ORD-004273,303,1,24.99,7.5,24.99,7.5
ITEM-0007545,ORD-004274,401,1,26.0,6.0,26.0,6.0
ITEM-0007546,ORD-004275,303,2,24.99,7.5,49.98,15.0
ITEM-0007547,ORD-004275,302,1,45.0,15.0,45.0,15.0
ITEM-0007548,ORD-004276,201,1,28.0,8.5,28.0,8.5
ITEM-0007549,ORD-004276,203,1,120.0,42.0,120.0,42.0
ITEM-0007550,ORD-004277,401,1,26.0,6.0,26.0,6.0
ITEM-0007551,ORD-004278,107,1,59.99,22.0,59.99,22.0
ITEM-0007552,ORD-004278,405,2,18.0,4.0,36.0,8.0
ITEM-0007553,ORD-004278,105,1,39.99,12.0,39.99,12.0
ITEM-0007554,ORD-004278,302,2,45.0,15.0,90.0,30.0
ITEM-0007555,ORD-004279,307,1,29.99,8.0,29.99,8.0
ITEM-0007556,ORD-004280,102,1,49.99,18.0,49.99,18.0
ITEM-0007557,ORD-004281,205,1,54.0,16.0,54.0,16.0
ITEM-0007558,ORD-004281,102,1,49.99,18.0,49.99,18.0
ITEM-0007559,ORD-004281,501,1,42.0,13.0,42.0,13.0
ITEM-0007560,ORD-004282,107,1,59.99,22.0,59.99,22.0
ITEM-0007561,ORD-004283,104,1,349.99,175.0,349.99,175.0
ITEM-0007562,ORD-004284,502,1,22.99,5.5,22.99,5.5
ITEM-0007563,ORD-004285,103,1,89.99,36.0,89.99,36.0
ITEM-0007564,ORD-004285,202,3,68.0,22.0,204.0,66.0
ITEM-0007565,ORD-004285,108,3,29.99,9.5,89.97,28.5
ITEM-0007566,ORD-004286,305,1,59.99,20.0,59.99,20.0
ITEM-0007567,ORD-004286,505,1,75.0,24.0,75.0,24.0
ITEM-0007568,ORD-004287,206,1,45.0,11.0,45.0,11.0
ITEM-0007569,ORD-004287,401,2,26.0,6.0,52.0,12.0
ITEM-0007570,ORD-004287,403,1,22.0,5.2,22.0,5.2
ITEM-0007571,ORD-004288,306,1,32.5,10.0,32.5,10.0
ITEM-0007572,ORD-004289,304,1,39.99,14.0,39.99,14.0
ITEM-0007573,ORD-004290,403,1,22.0,5.2,22.0,5.2
ITEM-0007574,ORD-004291,401,1,26.0,6.0,26.0,6.0
ITEM-0007575,ORD-004292,304,1,39.99,14.0,39.99,14.0
ITEM-0007576,ORD-004293,104,2,349.99,175.0,699.98,350.0
ITEM-0007577,ORD-004294,403,3,22.0,5.2,66.0,15.6
ITEM-0007578,ORD-004294,505,1,75.0,24.0,75.0,24.0
ITEM-0007579,ORD-004294,402,1,34.0,8.5,34.0,8.5
ITEM-0007580,ORD-004294,404,1,64.99,21.0,64.99,21.0
ITEM-0007581,ORD-004295,502,1,22.99,5.5,22.99,5.5
ITEM-0007582,ORD-004295,505,1,75.0,24.0,75.0,24.0
ITEM-0007583,ORD-004296,104,1,349.99,175.0,349.99,175.0
ITEM-0007584,ORD-004296,102,1,49.99,18.0,49.99,18.0
ITEM-0007585,ORD-004296,103,1,89.99,36.0,89.99,36.0
ITEM-0007586,ORD-004297,305,1,59.99,20.0,59.99,20.0
ITEM-0007587,ORD-004298,206,1,45.0,11.0,45.0,11.0
ITEM-0007588,ORD-004299,405,1,18.0,4.0,18.0,4.0
ITEM-0007589,ORD-004300,302,1,45.0,15.0,45.0,15.0
ITEM-0007590,ORD-004300,401,2,26.0,6.0,52.0,12.0
ITEM-0007591,ORD-004301,102,1,49.99,18.0,49.99,18.0
ITEM-0007592,ORD-004301,305,1,59.99,20.0,59.99,20.0
ITEM-0007593,ORD-004302,403,1,22.0,5.2,22.0,5.2
ITEM-0007594,ORD-004303,203,1,120.0,42.0,120.0,42.0
ITEM-0007595,ORD-004304,105,1,39.99,12.0,39.99,12.0
ITEM-0007596,ORD-004304,201,1,28.0,8.5,28.0,8.5
ITEM-0007597,ORD-004304,505,1,75.0,24.0,75.0,24.0
ITEM-0007598,ORD-004305,305,1,59.99,20.0,59.99,20.0
ITEM-0007599,ORD-004305,503,1,48.0,15.0,48.0,15.0
ITEM-0007600,ORD-004306,204,1,24.0,6.0,24.0,6.0
ITEM-0007601,ORD-004307,304,1,39.99,14.0,39.99,14.0
ITEM-0007602,ORD-004307,106,1,179.99,70.0,179.99,70.0
ITEM-0007603,ORD-004308,203,1,120.0,42.0,120.0,42.0
ITEM-0007604,ORD-004308,104,1,349.99,175.0,349.99,175.0
ITEM-0007605,ORD-004309,103,1,89.99,36.0,89.99,36.0
ITEM-0007606,ORD-004309,302,1,45.0,15.0,45.0,15.0
ITEM-0007607,ORD-004309,203,1,120.0,42.0,120.0,42.0
ITEM-0007608,ORD-004310,501,1,42.0,13.0,42.0,13.0
ITEM-0007609,ORD-004311,106,2,179.99,70.0,359.98,140.0
ITEM-0007610,ORD-004311,505,1,75.0,24.0,75.0,24.0
ITEM-0007611,ORD-004312,502,1,22.99,5.5,22.99,5.5
ITEM-0007612,ORD-004313,205,1,54.0,16.0,54.0,16.0
ITEM-0007613,ORD-004313,501,1,42.0,13.0,42.0,13.0
ITEM-0007614,ORD-004314,502,1,22.99,5.5,22.99,5.5
ITEM-0007615,ORD-004315,402,1,34.0,8.5,34.0,8.5
ITEM-0007616,ORD-004316,201,1,28.0,8.5,28.0,8.5
ITEM-0007617,ORD-004316,505,1,75.0,24.0,75.0,24.0
ITEM-0007618,ORD-004317,103,1,89.99,36.0,89.99,36.0
ITEM-0007619,ORD-004317,402,2,34.0,8.5,68.0,17.0
ITEM-0007620,ORD-004318,105,1,39.99,12.0,39.99,12.0
ITEM-0007621,ORD-004318,307,2,29.99,8.0,59.98,16.0
ITEM-0007622,ORD-004319,107,1,59.99,22.0,59.99,22.0
ITEM-0007623,ORD-004320,303,1,24.99,7.5,24.99,7.5
ITEM-0007624,ORD-004320,504,2,16.99,4.2,33.98,8.4
ITEM-0007625,ORD-004321,103,2,89.99,36.0,179.98,72.0
ITEM-0007626,ORD-004322,502,2,22.99,5.5,45.98,11.0
ITEM-0007627,ORD-004323,206,1,45.0,11.0,45.0,11.0
ITEM-0007628,ORD-004323,305,1,59.99,20.0,59.99,20.0
ITEM-0007629,ORD-004324,201,1,28.0,8.5,28.0,8.5
ITEM-0007630,ORD-004325,301,1,289.0,130.0,289.0,130.0
ITEM-0007631,ORD-004326,201,1,28.0,8.5,28.0,8.5
ITEM-0007632,ORD-004327,503,1,48.0,15.0,48.0,15.0
ITEM-0007633,ORD-004327,102,1,49.99,18.0,49.99,18.0
ITEM-0007634,ORD-004328,105,1,39.99,12.0,39.99,12.0
ITEM-0007635,ORD-004328,301,1,289.0,130.0,289.0,130.0
ITEM-0007636,ORD-004329,302,1,45.0,15.0,45.0,15.0
ITEM-0007637,ORD-004330,105,1,39.99,12.0,39.99,12.0
ITEM-0007638,ORD-004331,302,1,45.0,15.0,45.0,15.0
ITEM-0007639,ORD-004331,502,1,22.99,5.5,22.99,5.5
ITEM-0007640,ORD-004331,505,1,75.0,24.0,75.0,24.0
ITEM-0007641,ORD-004331,504,1,16.99,4.2,16.99,4.2
ITEM-0007642,ORD-004332,305,2,59.99,20.0,119.98,40.0
ITEM-0007643,ORD-004332,106,2,179.99,70.0,359.98,140.0
ITEM-0007644,ORD-004333,102,1,49.99,18.0,49.99,18.0
ITEM-0007645,ORD-004333,206,1,45.0,11.0,45.0,11.0
ITEM-0007646,ORD-004334,405,1,18.0,4.0,18.0,4.0
ITEM-0007647,ORD-004335,201,1,28.0,8.5,28.0,8.5
ITEM-0007648,ORD-004335,206,1,45.0,11.0,45.0,11.0
ITEM-0007649,ORD-004336,401,1,26.0,6.0,26.0,6.0
ITEM-0007650,ORD-004337,106,1,179.99,70.0,179.99,70.0
ITEM-0007651,ORD-004338,505,1,75.0,24.0,75.0,24.0
ITEM-0007652,ORD-004339,206,1,45.0,11.0,45.0,11.0
ITEM-0007653,ORD-004339,504,2,16.99,4.2,33.98,8.4
ITEM-0007654,ORD-004340,305,1,59.99,20.0,59.99,20.0
ITEM-0007655,ORD-004340,405,1,18.0,4.0,18.0,4.0
ITEM-0007656,ORD-004340,105,1,39.99,12.0,39.99,12.0
ITEM-0007657,ORD-004341,102,1,49.99,18.0,49.99,18.0
ITEM-0007658,ORD-004342,106,1,179.99,70.0,179.99,70.0
ITEM-0007659,ORD-004343,504,1,16.99,4.2,16.99,4.2
ITEM-0007660,ORD-004343,502,1,22.99,5.5,22.99,5.5
ITEM-0007661,ORD-004344,401,1,26.0,6.0,26.0,6.0
ITEM-0007662,ORD-004344,403,1,22.0,5.2,22.0,5.2
ITEM-0007663,ORD-004344,301,1,289.0,130.0,289.0,130.0
ITEM-0007664,ORD-004345,206,1,45.0,11.0,45.0,11.0
ITEM-0007665,ORD-004345,302,1,45.0,15.0,45.0,15.0
ITEM-0007666,ORD-004345,503,1,48.0,15.0,48.0,15.0
ITEM-0007667,ORD-004346,401,2,26.0,6.0,52.0,12.0
ITEM-0007668,ORD-004346,402,1,34.0,8.5,34.0,8.5
ITEM-0007669,ORD-004347,105,1,39.99,12.0,39.99,12.0
ITEM-0007670,ORD-004347,306,1,32.5,10.0,32.5,10.0
ITEM-0007671,ORD-004348,206,1,45.0,11.0,45.0,11.0
ITEM-0007672,ORD-004349,105,1,39.99,12.0,39.99,12.0
ITEM-0007673,ORD-004350,102,1,49.99,18.0,49.99,18.0
ITEM-0007674,ORD-004350,202,2,68.0,22.0,136.0,44.0
ITEM-0007675,ORD-004351,403,1,22.0,5.2,22.0,5.2
ITEM-0007676,ORD-004351,504,2,16.99,4.2,33.98,8.4
ITEM-0007677,ORD-004352,303,1,24.99,7.5,24.99,7.5
ITEM-0007678,ORD-004353,405,1,18.0,4.0,18.0,4.0
ITEM-0007679,ORD-004354,301,1,289.0,130.0,289.0,130.0
ITEM-0007680,ORD-004354,303,2,24.99,7.5,49.98,15.0
ITEM-0007681,ORD-004355,502,1,22.99,5.5,22.99,5.5
ITEM-0007682,ORD-004356,401,1,26.0,6.0,26.0,6.0
ITEM-0007683,ORD-004356,402,1,34.0,8.5,34.0,8.5
ITEM-0007684,ORD-004357,306,2,32.5,10.0,65.0,20.0
ITEM-0007685,ORD-004357,201,1,28.0,8.5,28.0,8.5
ITEM-0007686,ORD-004358,502,3,22.99,5.5,68.97,16.5
ITEM-0007687,ORD-004358,402,1,34.0,8.5,34.0,8.5
ITEM-0007688,ORD-004358,504,2,16.99,4.2,33.98,8.4
ITEM-0007689,ORD-004359,203,1,120.0,42.0,120.0,42.0
ITEM-0007690,ORD-004359,306,3,32.5,10.0,97.5,30.0
ITEM-0007691,ORD-004360,401,1,26.0,6.0,26.0,6.0
ITEM-0007692,ORD-004361,201,1,28.0,8.5,28.0,8.5
ITEM-0007693,ORD-004362,502,2,22.99,5.5,45.98,11.0
ITEM-0007694,ORD-004363,204,1,24.0,6.0,24.0,6.0
ITEM-0007695,ORD-004364,303,1,24.99,7.5,24.99,7.5
ITEM-0007696,ORD-004364,504,1,16.99,4.2,16.99,4.2
ITEM-0007697,ORD-004365,501,1,42.0,13.0,42.0,13.0
ITEM-0007698,ORD-004365,502,1,22.99,5.5,22.99,5.5
ITEM-0007699,ORD-004366,305,1,59.99,20.0,59.99,20.0
ITEM-0007700,ORD-004367,101,1,199.99,85.0,199.99,85.0
ITEM-0007701,ORD-004367,301,1,289.0,130.0,289.0,130.0
ITEM-0007702,ORD-004368,502,1,22.99,5.5,22.99,5.5
ITEM-0007703,ORD-004369,105,1,39.99,12.0,39.99,12.0
ITEM-0007704,ORD-004369,104,1,349.99,175.0,349.99,175.0
ITEM-0007705,ORD-004370,205,1,54.0,16.0,54.0,16.0
ITEM-0007706,ORD-004371,104,1,349.99,175.0,349.99,175.0
ITEM-0007707,ORD-004372,202,1,68.0,22.0,68.0,22.0
ITEM-0007708,ORD-004372,303,1,24.99,7.5,24.99,7.5
ITEM-0007709,ORD-004373,505,1,75.0,24.0,75.0,24.0
ITEM-0007710,ORD-004374,402,1,34.0,8.5,34.0,8.5
ITEM-0007711,ORD-004375,108,1,29.99,9.5,29.99,9.5
ITEM-0007712,ORD-004375,501,1,42.0,13.0,42.0,13.0
ITEM-0007713,ORD-004375,401,1,26.0,6.0,26.0,6.0
ITEM-0007714,ORD-004376,404,1,64.99,21.0,64.99,21.0
ITEM-0007715,ORD-004377,303,2,24.99,7.5,49.98,15.0
ITEM-0007716,ORD-004377,103,1,89.99,36.0,89.99,36.0
ITEM-0007717,ORD-004378,102,1,49.99,18.0,49.99,18.0
ITEM-0007718,ORD-004378,504,1,16.99,4.2,16.99,4.2
ITEM-0007719,ORD-004379,101,2,199.99,85.0,399.98,170.0
ITEM-0007720,ORD-004380,106,2,179.99,70.0,359.98,140.0
ITEM-0007721,ORD-004380,503,2,48.0,15.0,96.0,30.0
ITEM-0007722,ORD-004380,205,1,54.0,16.0,54.0,16.0
ITEM-0007723,ORD-004381,401,1,26.0,6.0,26.0,6.0
ITEM-0007724,ORD-004381,402,1,34.0,8.5,34.0,8.5
ITEM-0007725,ORD-004382,205,1,54.0,16.0,54.0,16.0
ITEM-0007726,ORD-004382,501,1,42.0,13.0,42.0,13.0
ITEM-0007727,ORD-004382,105,1,39.99,12.0,39.99,12.0
ITEM-0007728,ORD-004383,501,1,42.0,13.0,42.0,13.0
ITEM-0007729,ORD-004383,307,1,29.99,8.0,29.99,8.0
ITEM-0007730,ORD-004384,107,2,59.99,22.0,119.98,44.0
ITEM-0007731,ORD-004385,504,1,16.99,4.2,16.99,4.2
ITEM-0007732,ORD-004385,103,1,89.99,36.0,89.99,36.0
ITEM-0007733,ORD-004386,204,2,24.0,6.0,48.0,12.0
ITEM-0007734,ORD-004386,106,1,179.99,70.0,179.99,70.0
ITEM-0007735,ORD-004387,401,1,26.0,6.0,26.0,6.0
ITEM-0007736,ORD-004388,204,2,24.0,6.0,48.0,12.0
ITEM-0007737,ORD-004389,503,1,48.0,15.0,48.0,15.0
ITEM-0007738,ORD-004390,305,1,59.99,20.0,59.99,20.0
ITEM-0007739,ORD-004390,108,1,29.99,9.5,29.99,9.5
ITEM-0007740,ORD-004391,105,2,39.99,12.0,79.98,24.0
ITEM-0007741,ORD-004391,203,1,120.0,42.0,120.0,42.0
ITEM-0007742,ORD-004392,104,1,349.99,175.0,349.99,175.0
ITEM-0007743,ORD-004392,102,2,49.99,18.0,99.98,36.0
ITEM-0007744,ORD-004393,404,1,64.99,21.0,64.99,21.0
ITEM-0007745,ORD-004393,205,1,54.0,16.0,54.0,16.0
ITEM-0007746,ORD-004393,501,1,42.0,13.0,42.0,13.0
ITEM-0007747,ORD-004394,401,1,26.0,6.0,26.0,6.0
ITEM-0007748,ORD-004395,502,1,22.99,5.5,22.99,5.5
ITEM-0007749,ORD-004396,103,1,89.99,36.0,89.99,36.0
ITEM-0007750,ORD-004396,203,1,120.0,42.0,120.0,42.0
ITEM-0007751,ORD-004397,206,1,45.0,11.0,45.0,11.0
ITEM-0007752,ORD-004397,302,2,45.0,15.0,90.0,30.0
ITEM-0007753,ORD-004397,101,1,199.99,85.0,199.99,85.0
ITEM-0007754,ORD-004398,201,1,28.0,8.5,28.0,8.5
ITEM-0007755,ORD-004399,104,1,349.99,175.0,349.99,175.0
ITEM-0007756,ORD-004399,102,1,49.99,18.0,49.99,18.0
ITEM-0007757,ORD-004399,103,1,89.99,36.0,89.99,36.0
ITEM-0007758,ORD-004399,105,1,39.99,12.0,39.99,12.0
ITEM-0007759,ORD-004400,505,1,75.0,24.0,75.0,24.0
ITEM-0007760,ORD-004401,202,1,68.0,22.0,68.0,22.0
ITEM-0007761,ORD-004401,106,1,179.99,70.0,179.99,70.0
ITEM-0007762,ORD-004402,504,2,16.99,4.2,33.98,8.4
ITEM-0007763,ORD-004403,304,1,39.99,14.0,39.99,14.0
ITEM-0007764,ORD-004404,204,1,24.0,6.0,24.0,6.0
ITEM-0007765,ORD-004405,502,1,22.99,5.5,22.99,5.5
ITEM-0007766,ORD-004406,206,2,45.0,11.0,90.0,22.0
ITEM-0007767,ORD-004407,306,1,32.5,10.0,32.5,10.0
ITEM-0007768,ORD-004407,206,1,45.0,11.0,45.0,11.0
ITEM-0007769,ORD-004408,504,1,16.99,4.2,16.99,4.2
ITEM-0007770,ORD-004408,403,1,22.0,5.2,22.0,5.2
ITEM-0007771,ORD-004408,401,1,26.0,6.0,26.0,6.0
ITEM-0007772,ORD-004408,206,1,45.0,11.0,45.0,11.0
ITEM-0007773,ORD-004409,101,3,199.99,85.0,599.97,255.0
ITEM-0007774,ORD-004410,206,1,45.0,11.0,45.0,11.0
ITEM-0007775,ORD-004411,402,1,34.0,8.5,34.0,8.5
ITEM-0007776,ORD-004411,301,1,289.0,130.0,289.0,130.0
ITEM-0007777,ORD-004412,403,1,22.0,5.2,22.0,5.2
ITEM-0007778,ORD-004412,503,1,48.0,15.0,48.0,15.0
ITEM-0007779,ORD-004413,404,2,64.99,21.0,129.98,42.0
ITEM-0007780,ORD-004413,205,1,54.0,16.0,54.0,16.0
ITEM-0007781,ORD-004414,404,2,64.99,21.0,129.98,42.0
ITEM-0007782,ORD-004414,206,1,45.0,11.0,45.0,11.0
ITEM-0007783,ORD-004414,104,1,349.99,175.0,349.99,175.0
ITEM-0007784,ORD-004415,305,1,59.99,20.0,59.99,20.0
ITEM-0007785,ORD-004415,105,1,39.99,12.0,39.99,12.0
ITEM-0007786,ORD-004415,401,1,26.0,6.0,26.0,6.0
ITEM-0007787,ORD-004416,102,1,49.99,18.0,49.99,18.0
ITEM-0007788,ORD-004416,401,1,26.0,6.0,26.0,6.0
ITEM-0007789,ORD-004416,108,2,29.99,9.5,59.98,19.0
ITEM-0007790,ORD-004417,101,2,199.99,85.0,399.98,170.0
ITEM-0007791,ORD-004417,204,2,24.0,6.0,48.0,12.0
ITEM-0007792,ORD-004418,102,1,49.99,18.0,49.99,18.0
ITEM-0007793,ORD-004419,201,1,28.0,8.5,28.0,8.5
ITEM-0007794,ORD-004420,401,2,26.0,6.0,52.0,12.0
ITEM-0007795,ORD-004421,307,2,29.99,8.0,59.98,16.0
ITEM-0007796,ORD-004422,101,3,199.99,85.0,599.97,255.0
ITEM-0007797,ORD-004422,505,1,75.0,24.0,75.0,24.0
ITEM-0007798,ORD-004422,108,1,29.99,9.5,29.99,9.5
ITEM-0007799,ORD-004423,307,1,29.99,8.0,29.99,8.0
ITEM-0007800,ORD-004423,401,1,26.0,6.0,26.0,6.0
ITEM-0007801,ORD-004424,103,1,89.99,36.0,89.99,36.0
ITEM-0007802,ORD-004425,307,2,29.99,8.0,59.98,16.0
ITEM-0007803,ORD-004426,303,1,24.99,7.5,24.99,7.5
ITEM-0007804,ORD-004427,203,1,120.0,42.0,120.0,42.0
ITEM-0007805,ORD-004428,202,1,68.0,22.0,68.0,22.0
ITEM-0007806,ORD-004428,401,1,26.0,6.0,26.0,6.0
ITEM-0007807,ORD-004429,306,1,32.5,10.0,32.5,10.0
ITEM-0007808,ORD-004429,101,1,199.99,85.0,199.99,85.0
ITEM-0007809,ORD-004430,103,1,89.99,36.0,89.99,36.0
ITEM-0007810,ORD-004430,402,1,34.0,8.5,34.0,8.5
ITEM-0007811,ORD-004430,501,1,42.0,13.0,42.0,13.0
ITEM-0007812,ORD-004430,306,1,32.5,10.0,32.5,10.0
ITEM-0007813,ORD-004431,104,1,349.99,175.0,349.99,175.0
ITEM-0007814,ORD-004431,102,1,49.99,18.0,49.99,18.0
ITEM-0007815,ORD-004432,102,1,49.99,18.0,49.99,18.0
ITEM-0007816,ORD-004433,104,2,349.99,175.0,699.98,350.0
ITEM-0007817,ORD-004434,503,1,48.0,15.0,48.0,15.0
ITEM-0007818,ORD-004434,106,1,179.99,70.0,179.99,70.0
ITEM-0007819,ORD-004435,102,1,49.99,18.0,49.99,18.0
ITEM-0007820,ORD-004436,305,1,59.99,20.0,59.99,20.0
ITEM-0007821,ORD-004437,206,1,45.0,11.0,45.0,11.0
ITEM-0007822,ORD-004438,103,3,89.99,36.0,269.97,108.0
ITEM-0007823,ORD-004439,206,1,45.0,11.0,45.0,11.0
ITEM-0007824,ORD-004440,108,1,29.99,9.5,29.99,9.5
ITEM-0007825,ORD-004441,405,2,18.0,4.0,36.0,8.0
ITEM-0007826,ORD-004442,404,1,64.99,21.0,64.99,21.0
ITEM-0007827,ORD-004443,304,1,39.99,14.0,39.99,14.0
ITEM-0007828,ORD-004443,401,1,26.0,6.0,26.0,6.0
ITEM-0007829,ORD-004444,205,1,54.0,16.0,54.0,16.0
ITEM-0007830,ORD-004444,306,2,32.5,10.0,65.0,20.0
ITEM-0007831,ORD-004445,201,1,28.0,8.5,28.0,8.5
ITEM-0007832,ORD-004445,205,1,54.0,16.0,54.0,16.0
ITEM-0007833,ORD-004446,202,1,68.0,22.0,68.0,22.0
ITEM-0007834,ORD-004446,307,1,29.99,8.0,29.99,8.0
ITEM-0007835,ORD-004447,304,1,39.99,14.0,39.99,14.0
ITEM-0007836,ORD-004447,205,1,54.0,16.0,54.0,16.0
ITEM-0007837,ORD-004447,203,3,120.0,42.0,360.0,126.0
ITEM-0007838,ORD-004448,204,1,24.0,6.0,24.0,6.0
ITEM-0007839,ORD-004448,203,1,120.0,42.0,120.0,42.0
ITEM-0007840,ORD-004448,101,2,199.99,85.0,399.98,170.0
ITEM-0007841,ORD-004449,206,1,45.0,11.0,45.0,11.0
ITEM-0007842,ORD-004449,504,1,16.99,4.2,16.99,4.2
ITEM-0007843,ORD-004450,206,1,45.0,11.0,45.0,11.0
ITEM-0007844,ORD-004451,107,2,59.99,22.0,119.98,44.0
ITEM-0007845,ORD-004451,202,3,68.0,22.0,204.0,66.0
ITEM-0007846,ORD-004451,103,1,89.99,36.0,89.99,36.0
ITEM-0007847,ORD-004452,405,1,18.0,4.0,18.0,4.0
ITEM-0007848,ORD-004453,103,1,89.99,36.0,89.99,36.0
ITEM-0007849,ORD-004453,201,1,28.0,8.5,28.0,8.5
ITEM-0007850,ORD-004453,304,1,39.99,14.0,39.99,14.0
ITEM-0007851,ORD-004454,101,2,199.99,85.0,399.98,170.0
ITEM-0007852,ORD-004454,108,1,29.99,9.5,29.99,9.5
ITEM-0007853,ORD-004455,302,1,45.0,15.0,45.0,15.0
ITEM-0007854,ORD-004456,201,1,28.0,8.5,28.0,8.5
ITEM-0007855,ORD-004456,304,1,39.99,14.0,39.99,14.0
ITEM-0007856,ORD-004456,205,1,54.0,16.0,54.0,16.0
ITEM-0007857,ORD-004457,106,1,179.99,70.0,179.99,70.0
ITEM-0007858,ORD-004457,504,1,16.99,4.2,16.99,4.2
ITEM-0007859,ORD-004458,104,1,349.99,175.0,349.99,175.0
ITEM-0007860,ORD-004458,102,1,49.99,18.0,49.99,18.0
ITEM-0007861,ORD-004459,205,2,54.0,16.0,108.0,32.0
ITEM-0007862,ORD-004459,305,1,59.99,20.0,59.99,20.0
ITEM-0007863,ORD-004460,306,1,32.5,10.0,32.5,10.0
ITEM-0007864,ORD-004460,305,1,59.99,20.0,59.99,20.0
ITEM-0007865,ORD-004461,205,1,54.0,16.0,54.0,16.0
ITEM-0007866,ORD-004462,502,1,22.99,5.5,22.99,5.5
ITEM-0007867,ORD-004462,108,1,29.99,9.5,29.99,9.5
ITEM-0007868,ORD-004463,302,3,45.0,15.0,135.0,45.0
ITEM-0007869,ORD-004464,206,1,45.0,11.0,45.0,11.0
ITEM-0007870,ORD-004465,107,1,59.99,22.0,59.99,22.0
ITEM-0007871,ORD-004465,301,1,289.0,130.0,289.0,130.0
ITEM-0007872,ORD-004466,201,1,28.0,8.5,28.0,8.5
ITEM-0007873,ORD-004466,108,1,29.99,9.5,29.99,9.5
ITEM-0007874,ORD-004467,105,1,39.99,12.0,39.99,12.0
ITEM-0007875,ORD-004467,102,1,49.99,18.0,49.99,18.0
ITEM-0007876,ORD-004467,107,1,59.99,22.0,59.99,22.0
ITEM-0007877,ORD-004468,102,2,49.99,18.0,99.98,36.0
ITEM-0007878,ORD-004468,504,1,16.99,4.2,16.99,4.2
ITEM-0007879,ORD-004468,204,1,24.0,6.0,24.0,6.0
ITEM-0007880,ORD-004469,105,1,39.99,12.0,39.99,12.0
ITEM-0007881,ORD-004469,304,1,39.99,14.0,39.99,14.0
ITEM-0007882,ORD-004469,504,1,16.99,4.2,16.99,4.2
ITEM-0007883,ORD-004470,107,1,59.99,22.0,59.99,22.0
ITEM-0007884,ORD-004471,501,1,42.0,13.0,42.0,13.0
ITEM-0007885,ORD-004472,202,1,68.0,22.0,68.0,22.0
ITEM-0007886,ORD-004473,503,1,48.0,15.0,48.0,15.0
ITEM-0007887,ORD-004474,306,1,32.5,10.0,32.5,10.0
ITEM-0007888,ORD-004475,203,1,120.0,42.0,120.0,42.0
ITEM-0007889,ORD-004476,203,1,120.0,42.0,120.0,42.0
ITEM-0007890,ORD-004476,403,1,22.0,5.2,22.0,5.2
ITEM-0007891,ORD-004476,306,1,32.5,10.0,32.5,10.0
ITEM-0007892,ORD-004477,307,1,29.99,8.0,29.99,8.0
ITEM-0007893,ORD-004477,405,2,18.0,4.0,36.0,8.0
ITEM-0007894,ORD-004478,103,3,89.99,36.0,269.97,108.0
ITEM-0007895,ORD-004478,206,1,45.0,11.0,45.0,11.0
ITEM-0007896,ORD-004479,108,1,29.99,9.5,29.99,9.5
ITEM-0007897,ORD-004479,503,1,48.0,15.0,48.0,15.0
ITEM-0007898,ORD-004479,303,1,24.99,7.5,24.99,7.5
ITEM-0007899,ORD-004480,303,1,24.99,7.5,24.99,7.5
ITEM-0007900,ORD-004481,104,1,349.99,175.0,349.99,175.0
ITEM-0007901,ORD-004482,102,1,49.99,18.0,49.99,18.0
ITEM-0007902,ORD-004483,405,2,18.0,4.0,36.0,8.0
ITEM-0007903,ORD-004484,307,1,29.99,8.0,29.99,8.0
ITEM-0007904,ORD-004484,402,1,34.0,8.5,34.0,8.5
ITEM-0007905,ORD-004485,203,1,120.0,42.0,120.0,42.0
ITEM-0007906,ORD-004486,106,1,179.99,70.0,179.99,70.0
ITEM-0007907,ORD-004486,504,3,16.99,4.2,50.97,12.6
ITEM-0007908,ORD-004486,402,1,34.0,8.5,34.0,8.5
ITEM-0007909,ORD-004487,402,1,34.0,8.5,34.0,8.5
ITEM-0007910,ORD-004488,105,1,39.99,12.0,39.99,12.0
ITEM-0007911,ORD-004488,305,1,59.99,20.0,59.99,20.0
ITEM-0007912,ORD-004489,403,2,22.0,5.2,44.0,10.4
ITEM-0007913,ORD-004489,402,1,34.0,8.5,34.0,8.5
ITEM-0007914,ORD-004490,201,1,28.0,8.5,28.0,8.5
ITEM-0007915,ORD-004490,203,2,120.0,42.0,240.0,84.0
ITEM-0007916,ORD-004490,106,3,179.99,70.0,539.97,210.0
ITEM-0007917,ORD-004491,401,3,26.0,6.0,78.0,18.0
ITEM-0007918,ORD-004491,403,1,22.0,5.2,22.0,5.2
ITEM-0007919,ORD-004492,504,1,16.99,4.2,16.99,4.2
ITEM-0007920,ORD-004492,105,1,39.99,12.0,39.99,12.0
ITEM-0007921,ORD-004493,102,2,49.99,18.0,99.98,36.0
ITEM-0007922,ORD-004493,405,1,18.0,4.0,18.0,4.0
ITEM-0007923,ORD-004494,108,2,29.99,9.5,59.98,19.0
ITEM-0007924,ORD-004495,301,1,289.0,130.0,289.0,130.0
ITEM-0007925,ORD-004496,201,1,28.0,8.5,28.0,8.5
ITEM-0007926,ORD-004497,301,2,289.0,130.0,578.0,260.0
ITEM-0007927,ORD-004498,107,1,59.99,22.0,59.99,22.0
ITEM-0007928,ORD-004498,106,1,179.99,70.0,179.99,70.0
ITEM-0007929,ORD-004499,204,1,24.0,6.0,24.0,6.0
ITEM-0007930,ORD-004500,401,1,26.0,6.0,26.0,6.0
ITEM-0007931,ORD-004500,402,1,34.0,8.5,34.0,8.5
ITEM-0007932,ORD-004500,403,1,22.0,5.2,22.0,5.2
ITEM-0007933,ORD-004501,206,1,45.0,11.0,45.0,11.0
ITEM-0007934,ORD-004501,203,1,120.0,42.0,120.0,42.0
ITEM-0007935,ORD-004502,108,1,29.99,9.5,29.99,9.5
ITEM-0007936,ORD-004502,205,1,54.0,16.0,54.0,16.0
ITEM-0007937,ORD-004502,201,1,28.0,8.5,28.0,8.5
ITEM-0007938,ORD-004502,502,1,22.99,5.5,22.99,5.5
ITEM-0007939,ORD-004503,206,2,45.0,11.0,90.0,22.0
ITEM-0007940,ORD-004503,104,1,349.99,175.0,349.99,175.0
ITEM-0007941,ORD-004504,105,1,39.99,12.0,39.99,12.0
ITEM-0007942,ORD-004504,107,1,59.99,22.0,59.99,22.0
ITEM-0007943,ORD-004505,303,1,24.99,7.5,24.99,7.5
ITEM-0007944,ORD-004505,501,1,42.0,13.0,42.0,13.0
ITEM-0007945,ORD-004506,102,1,49.99,18.0,49.99,18.0
ITEM-0007946,ORD-004506,107,1,59.99,22.0,59.99,22.0
ITEM-0007947,ORD-004507,202,1,68.0,22.0,68.0,22.0
ITEM-0007948,ORD-004507,401,1,26.0,6.0,26.0,6.0
ITEM-0007949,ORD-004508,103,1,89.99,36.0,89.99,36.0
ITEM-0007950,ORD-004509,404,1,64.99,21.0,64.99,21.0
ITEM-0007951,ORD-004510,206,1,45.0,11.0,45.0,11.0
ITEM-0007952,ORD-004511,206,2,45.0,11.0,90.0,22.0
ITEM-0007953,ORD-004512,203,1,120.0,42.0,120.0,42.0
ITEM-0007954,ORD-004513,205,1,54.0,16.0,54.0,16.0
ITEM-0007955,ORD-004514,106,1,179.99,70.0,179.99,70.0
ITEM-0007956,ORD-004514,505,2,75.0,24.0,150.0,48.0
ITEM-0007957,ORD-004515,307,1,29.99,8.0,29.99,8.0
ITEM-0007958,ORD-004516,307,1,29.99,8.0,29.99,8.0
ITEM-0007959,ORD-004516,203,1,120.0,42.0,120.0,42.0
ITEM-0007960,ORD-004516,504,1,16.99,4.2,16.99,4.2
ITEM-0007961,ORD-004517,307,1,29.99,8.0,29.99,8.0
ITEM-0007962,ORD-004517,305,1,59.99,20.0,59.99,20.0
ITEM-0007963,ORD-004518,404,1,64.99,21.0,64.99,21.0
ITEM-0007964,ORD-004518,201,1,28.0,8.5,28.0,8.5
ITEM-0007965,ORD-004519,503,1,48.0,15.0,48.0,15.0
ITEM-0007966,ORD-004520,502,1,22.99,5.5,22.99,5.5
ITEM-0007967,ORD-004520,304,1,39.99,14.0,39.99,14.0
ITEM-0007968,ORD-004521,502,2,22.99,5.5,45.98,11.0
ITEM-0007969,ORD-004521,205,1,54.0,16.0,54.0,16.0
ITEM-0007970,ORD-004521,504,1,16.99,4.2,16.99,4.2
ITEM-0007971,ORD-004522,304,1,39.99,14.0,39.99,14.0
ITEM-0007972,ORD-004522,307,1,29.99,8.0,29.99,8.0
ITEM-0007973,ORD-004522,403,1,22.0,5.2,22.0,5.2
ITEM-0007974,ORD-004523,105,1,39.99,12.0,39.99,12.0
ITEM-0007975,ORD-004523,401,1,26.0,6.0,26.0,6.0
ITEM-0007976,ORD-004524,205,1,54.0,16.0,54.0,16.0
ITEM-0007977,ORD-004525,505,1,75.0,24.0,75.0,24.0
ITEM-0007978,ORD-004525,307,1,29.99,8.0,29.99,8.0
ITEM-0007979,ORD-004526,306,3,32.5,10.0,97.5,30.0
ITEM-0007980,ORD-004527,203,1,120.0,42.0,120.0,42.0
ITEM-0007981,ORD-004528,501,1,42.0,13.0,42.0,13.0
ITEM-0007982,ORD-004528,502,1,22.99,5.5,22.99,5.5
ITEM-0007983,ORD-004529,504,1,16.99,4.2,16.99,4.2
ITEM-0007984,ORD-004529,106,1,179.99,70.0,179.99,70.0
ITEM-0007985,ORD-004529,204,1,24.0,6.0,24.0,6.0
ITEM-0007986,ORD-004530,206,1,45.0,11.0,45.0,11.0
ITEM-0007987,ORD-004530,307,1,29.99,8.0,29.99,8.0
ITEM-0007988,ORD-004531,306,1,32.5,10.0,32.5,10.0
ITEM-0007989,ORD-004531,402,1,34.0,8.5,34.0,8.5
ITEM-0007990,ORD-004532,101,2,199.99,85.0,399.98,170.0
ITEM-0007991,ORD-004533,106,2,179.99,70.0,359.98,140.0
ITEM-0007992,ORD-004534,206,1,45.0,11.0,45.0,11.0
ITEM-0007993,ORD-004535,404,1,64.99,21.0,64.99,21.0
ITEM-0007994,ORD-004536,303,1,24.99,7.5,24.99,7.5
ITEM-0007995,ORD-004536,206,1,45.0,11.0,45.0,11.0
ITEM-0007996,ORD-004536,104,1,349.99,175.0,349.99,175.0
ITEM-0007997,ORD-004537,105,1,39.99,12.0,39.99,12.0
ITEM-0007998,ORD-004537,202,1,68.0,22.0,68.0,22.0
ITEM-0007999,ORD-004538,201,1,28.0,8.5,28.0,8.5
ITEM-0008000,ORD-004539,105,1,39.99,12.0,39.99,12.0
ITEM-0008001,ORD-004539,404,1,64.99,21.0,64.99,21.0
ITEM-0008002,ORD-004539,102,1,49.99,18.0,49.99,18.0
ITEM-0008003,ORD-004540,205,1,54.0,16.0,54.0,16.0
ITEM-0008004,ORD-004540,107,1,59.99,22.0,59.99,22.0
ITEM-0008005,ORD-004541,106,1,179.99,70.0,179.99,70.0
ITEM-0008006,ORD-004542,304,1,39.99,14.0,39.99,14.0
ITEM-0008007,ORD-004543,101,2,199.99,85.0,399.98,170.0
ITEM-0008008,ORD-004543,107,1,59.99,22.0,59.99,22.0
ITEM-0008009,ORD-004544,102,1,49.99,18.0,49.99,18.0
ITEM-0008010,ORD-004545,205,2,54.0,16.0,108.0,32.0
ITEM-0008011,ORD-004546,505,2,75.0,24.0,150.0,48.0
ITEM-0008012,ORD-004547,404,1,64.99,21.0,64.99,21.0
ITEM-0008013,ORD-004548,205,1,54.0,16.0,54.0,16.0
ITEM-0008014,ORD-004549,505,1,75.0,24.0,75.0,24.0
ITEM-0008015,ORD-004550,404,1,64.99,21.0,64.99,21.0
ITEM-0008016,ORD-004550,501,2,42.0,13.0,84.0,26.0
ITEM-0008017,ORD-004551,106,1,179.99,70.0,179.99,70.0
ITEM-0008018,ORD-004552,206,1,45.0,11.0,45.0,11.0
ITEM-0008019,ORD-004553,405,1,18.0,4.0,18.0,4.0
ITEM-0008020,ORD-004553,502,1,22.99,5.5,22.99,5.5
ITEM-0008021,ORD-004554,107,1,59.99,22.0,59.99,22.0
ITEM-0008022,ORD-004554,204,1,24.0,6.0,24.0,6.0
ITEM-0008023,ORD-004554,101,2,199.99,85.0,399.98,170.0
ITEM-0008024,ORD-004555,404,1,64.99,21.0,64.99,21.0
ITEM-0008025,ORD-004555,206,1,45.0,11.0,45.0,11.0
ITEM-0008026,ORD-004555,503,1,48.0,15.0,48.0,15.0
ITEM-0008027,ORD-004556,503,1,48.0,15.0,48.0,15.0
ITEM-0008028,ORD-004556,501,2,42.0,13.0,84.0,26.0
ITEM-0008029,ORD-004556,302,1,45.0,15.0,45.0,15.0
ITEM-0008030,ORD-004556,206,1,45.0,11.0,45.0,11.0
ITEM-0008031,ORD-004557,101,2,199.99,85.0,399.98,170.0
ITEM-0008032,ORD-004558,304,1,39.99,14.0,39.99,14.0
ITEM-0008033,ORD-004558,201,3,28.0,8.5,84.0,25.5
ITEM-0008034,ORD-004559,205,1,54.0,16.0,54.0,16.0
ITEM-0008035,ORD-004559,204,1,24.0,6.0,24.0,6.0
ITEM-0008036,ORD-004560,302,1,45.0,15.0,45.0,15.0
ITEM-0008037,ORD-004561,404,2,64.99,21.0,129.98,42.0
ITEM-0008038,ORD-004562,103,1,89.99,36.0,89.99,36.0
ITEM-0008039,ORD-004563,205,1,54.0,16.0,54.0,16.0
ITEM-0008040,ORD-004564,202,2,68.0,22.0,136.0,44.0
ITEM-0008041,ORD-004564,301,2,289.0,130.0,578.0,260.0
ITEM-0008042,ORD-004564,206,1,45.0,11.0,45.0,11.0
ITEM-0008043,ORD-004565,106,1,179.99,70.0,179.99,70.0
ITEM-0008044,ORD-004566,104,1,349.99,175.0,349.99,175.0
ITEM-0008045,ORD-004567,302,1,45.0,15.0,45.0,15.0
ITEM-0008046,ORD-004567,401,1,26.0,6.0,26.0,6.0
ITEM-0008047,ORD-004568,205,1,54.0,16.0,54.0,16.0
ITEM-0008048,ORD-004569,505,1,75.0,24.0,75.0,24.0
ITEM-0008049,ORD-004570,202,1,68.0,22.0,68.0,22.0
ITEM-0008050,ORD-004570,203,1,120.0,42.0,120.0,42.0
ITEM-0008051,ORD-004570,306,1,32.5,10.0,32.5,10.0
ITEM-0008052,ORD-004571,108,1,29.99,9.5,29.99,9.5
ITEM-0008053,ORD-004571,502,1,22.99,5.5,22.99,5.5
ITEM-0008054,ORD-004572,205,2,54.0,16.0,108.0,32.0
ITEM-0008055,ORD-004573,302,1,45.0,15.0,45.0,15.0
ITEM-0008056,ORD-004574,205,1,54.0,16.0,54.0,16.0
ITEM-0008057,ORD-004575,203,1,120.0,42.0,120.0,42.0
ITEM-0008058,ORD-004576,402,1,34.0,8.5,34.0,8.5
ITEM-0008059,ORD-004576,204,1,24.0,6.0,24.0,6.0
ITEM-0008060,ORD-004577,303,1,24.99,7.5,24.99,7.5
ITEM-0008061,ORD-004577,305,1,59.99,20.0,59.99,20.0
ITEM-0008062,ORD-004577,203,1,120.0,42.0,120.0,42.0
ITEM-0008063,ORD-004578,206,3,45.0,11.0,135.0,33.0
ITEM-0008064,ORD-004578,505,1,75.0,24.0,75.0,24.0
ITEM-0008065,ORD-004578,503,1,48.0,15.0,48.0,15.0
ITEM-0008066,ORD-004579,203,1,120.0,42.0,120.0,42.0
ITEM-0008067,ORD-004580,108,1,29.99,9.5,29.99,9.5
ITEM-0008068,ORD-004580,303,1,24.99,7.5,24.99,7.5
ITEM-0008069,ORD-004580,503,1,48.0,15.0,48.0,15.0
ITEM-0008070,ORD-004580,202,1,68.0,22.0,68.0,22.0
ITEM-0008071,ORD-004581,403,1,22.0,5.2,22.0,5.2
ITEM-0008072,ORD-004582,502,2,22.99,5.5,45.98,11.0
ITEM-0008073,ORD-004583,501,1,42.0,13.0,42.0,13.0
ITEM-0008074,ORD-004584,405,1,18.0,4.0,18.0,4.0
ITEM-0008075,ORD-004584,403,2,22.0,5.2,44.0,10.4
ITEM-0008076,ORD-004584,306,1,32.5,10.0,32.5,10.0
ITEM-0008077,ORD-004585,104,1,349.99,175.0,349.99,175.0
ITEM-0008078,ORD-004585,303,1,24.99,7.5,24.99,7.5
ITEM-0008079,ORD-004585,103,1,89.99,36.0,89.99,36.0
ITEM-0008080,ORD-004585,203,3,120.0,42.0,360.0,126.0
ITEM-0008081,ORD-004586,505,1,75.0,24.0,75.0,24.0
ITEM-0008082,ORD-004586,206,1,45.0,11.0,45.0,11.0
ITEM-0008083,ORD-004587,106,2,179.99,70.0,359.98,140.0
ITEM-0008084,ORD-004588,303,1,24.99,7.5,24.99,7.5
ITEM-0008085,ORD-004588,107,2,59.99,22.0,119.98,44.0
ITEM-0008086,ORD-004588,403,1,22.0,5.2,22.0,5.2
ITEM-0008087,ORD-004588,502,2,22.99,5.5,45.98,11.0
ITEM-0008088,ORD-004589,105,3,39.99,12.0,119.97,36.0
ITEM-0008089,ORD-004590,505,1,75.0,24.0,75.0,24.0
ITEM-0008090,ORD-004591,503,1,48.0,15.0,48.0,15.0
ITEM-0008091,ORD-004591,201,1,28.0,8.5,28.0,8.5
ITEM-0008092,ORD-004592,206,1,45.0,11.0,45.0,11.0
ITEM-0008093,ORD-004593,403,1,22.0,5.2,22.0,5.2
ITEM-0008094,ORD-004593,105,1,39.99,12.0,39.99,12.0
ITEM-0008095,ORD-004594,108,1,29.99,9.5,29.99,9.5
ITEM-0008096,ORD-004594,205,1,54.0,16.0,54.0,16.0
ITEM-0008097,ORD-004595,305,2,59.99,20.0,119.98,40.0
ITEM-0008098,ORD-004596,106,1,179.99,70.0,179.99,70.0
ITEM-0008099,ORD-004596,108,1,29.99,9.5,29.99,9.5
ITEM-0008100,ORD-004597,104,1,349.99,175.0,349.99,175.0
ITEM-0008101,ORD-004598,405,1,18.0,4.0,18.0,4.0
ITEM-0008102,ORD-004598,104,1,349.99,175.0,349.99,175.0
ITEM-0008103,ORD-004599,505,1,75.0,24.0,75.0,24.0
ITEM-0008104,ORD-004599,501,1,42.0,13.0,42.0,13.0
ITEM-0008105,ORD-004599,401,1,26.0,6.0,26.0,6.0
ITEM-0008106,ORD-004599,502,1,22.99,5.5,22.99,5.5
ITEM-0008107,ORD-004600,303,1,24.99,7.5,24.99,7.5
ITEM-0008108,ORD-004600,204,1,24.0,6.0,24.0,6.0
ITEM-0008109,ORD-004600,108,1,29.99,9.5,29.99,9.5
ITEM-0008110,ORD-004600,103,1,89.99,36.0,89.99,36.0
ITEM-0008111,ORD-004601,106,1,179.99,70.0,179.99,70.0
ITEM-0008112,ORD-004602,307,1,29.99,8.0,29.99,8.0
ITEM-0008113,ORD-004603,401,1,26.0,6.0,26.0,6.0
ITEM-0008114,ORD-004604,306,1,32.5,10.0,32.5,10.0
ITEM-0008115,ORD-004604,301,1,289.0,130.0,289.0,130.0
ITEM-0008116,ORD-004605,404,1,64.99,21.0,64.99,21.0
ITEM-0008117,ORD-004606,304,1,39.99,14.0,39.99,14.0
ITEM-0008118,ORD-004607,206,1,45.0,11.0,45.0,11.0
ITEM-0008119,ORD-004607,201,1,28.0,8.5,28.0,8.5
ITEM-0008120,ORD-004607,404,1,64.99,21.0,64.99,21.0
ITEM-0008121,ORD-004607,105,1,39.99,12.0,39.99,12.0
ITEM-0008122,ORD-004608,305,1,59.99,20.0,59.99,20.0
ITEM-0008123,ORD-004608,405,1,18.0,4.0,18.0,4.0
ITEM-0008124,ORD-004608,102,1,49.99,18.0,49.99,18.0
ITEM-0008125,ORD-004609,301,2,289.0,130.0,578.0,260.0
ITEM-0008126,ORD-004610,402,1,34.0,8.5,34.0,8.5
ITEM-0008127,ORD-004610,103,2,89.99,36.0,179.98,72.0
ITEM-0008128,ORD-004611,502,1,22.99,5.5,22.99,5.5
ITEM-0008129,ORD-004612,503,1,48.0,15.0,48.0,15.0
ITEM-0008130,ORD-004612,401,1,26.0,6.0,26.0,6.0
ITEM-0008131,ORD-004612,301,2,289.0,130.0,578.0,260.0
ITEM-0008132,ORD-004613,405,1,18.0,4.0,18.0,4.0
ITEM-0008133,ORD-004613,101,1,199.99,85.0,199.99,85.0
ITEM-0008134,ORD-004613,305,1,59.99,20.0,59.99,20.0
ITEM-0008135,ORD-004614,105,3,39.99,12.0,119.97,36.0
ITEM-0008136,ORD-004614,401,1,26.0,6.0,26.0,6.0
ITEM-0008137,ORD-004614,405,1,18.0,4.0,18.0,4.0
ITEM-0008138,ORD-004614,303,1,24.99,7.5,24.99,7.5
ITEM-0008139,ORD-004615,405,1,18.0,4.0,18.0,4.0
ITEM-0008140,ORD-004615,401,2,26.0,6.0,52.0,12.0
ITEM-0008141,ORD-004616,307,1,29.99,8.0,29.99,8.0
ITEM-0008142,ORD-004616,101,1,199.99,85.0,199.99,85.0
ITEM-0008143,ORD-004617,303,1,24.99,7.5,24.99,7.5
ITEM-0008144,ORD-004618,303,1,24.99,7.5,24.99,7.5
ITEM-0008145,ORD-004618,206,1,45.0,11.0,45.0,11.0
ITEM-0008146,ORD-004619,306,1,32.5,10.0,32.5,10.0
ITEM-0008147,ORD-004620,501,2,42.0,13.0,84.0,26.0
ITEM-0008148,ORD-004620,201,2,28.0,8.5,56.0,17.0
ITEM-0008149,ORD-004621,305,1,59.99,20.0,59.99,20.0
ITEM-0008150,ORD-004622,305,2,59.99,20.0,119.98,40.0
ITEM-0008151,ORD-004623,504,2,16.99,4.2,33.98,8.4
ITEM-0008152,ORD-004624,206,1,45.0,11.0,45.0,11.0
ITEM-0008153,ORD-004624,103,1,89.99,36.0,89.99,36.0
ITEM-0008154,ORD-004624,503,1,48.0,15.0,48.0,15.0
ITEM-0008155,ORD-004625,404,1,64.99,21.0,64.99,21.0
ITEM-0008156,ORD-004626,101,2,199.99,85.0,399.98,170.0
ITEM-0008157,ORD-004626,107,1,59.99,22.0,59.99,22.0
ITEM-0008158,ORD-004627,104,1,349.99,175.0,349.99,175.0
ITEM-0008159,ORD-004627,103,1,89.99,36.0,89.99,36.0
ITEM-0008160,ORD-004628,105,1,39.99,12.0,39.99,12.0
ITEM-0008161,ORD-004628,101,3,199.99,85.0,599.97,255.0
ITEM-0008162,ORD-004629,103,1,89.99,36.0,89.99,36.0
ITEM-0008163,ORD-004630,402,1,34.0,8.5,34.0,8.5
ITEM-0008164,ORD-004630,305,2,59.99,20.0,119.98,40.0
ITEM-0008165,ORD-004631,306,1,32.5,10.0,32.5,10.0
ITEM-0008166,ORD-004631,303,1,24.99,7.5,24.99,7.5
ITEM-0008167,ORD-004632,405,1,18.0,4.0,18.0,4.0
ITEM-0008168,ORD-004632,107,3,59.99,22.0,179.97,66.0
ITEM-0008169,ORD-004632,206,1,45.0,11.0,45.0,11.0
ITEM-0008170,ORD-004633,504,1,16.99,4.2,16.99,4.2
ITEM-0008171,ORD-004634,402,2,34.0,8.5,68.0,17.0
ITEM-0008172,ORD-004634,504,2,16.99,4.2,33.98,8.4
ITEM-0008173,ORD-004634,302,1,45.0,15.0,45.0,15.0
ITEM-0008174,ORD-004634,108,2,29.99,9.5,59.98,19.0
ITEM-0008175,ORD-004635,104,1,349.99,175.0,349.99,175.0
ITEM-0008176,ORD-004636,104,1,349.99,175.0,349.99,175.0
ITEM-0008177,ORD-004636,404,1,64.99,21.0,64.99,21.0
ITEM-0008178,ORD-004637,205,1,54.0,16.0,54.0,16.0
ITEM-0008179,ORD-004637,303,1,24.99,7.5,24.99,7.5
ITEM-0008180,ORD-004638,205,1,54.0,16.0,54.0,16.0
ITEM-0008181,ORD-004638,107,1,59.99,22.0,59.99,22.0
ITEM-0008182,ORD-004638,503,1,48.0,15.0,48.0,15.0
ITEM-0008183,ORD-004639,102,1,49.99,18.0,49.99,18.0
ITEM-0008184,ORD-004640,101,1,199.99,85.0,199.99,85.0
ITEM-0008185,ORD-004641,303,1,24.99,7.5,24.99,7.5
ITEM-0008186,ORD-004641,107,1,59.99,22.0,59.99,22.0
ITEM-0008187,ORD-004641,301,1,289.0,130.0,289.0,130.0
ITEM-0008188,ORD-004642,505,1,75.0,24.0,75.0,24.0
ITEM-0008189,ORD-004643,108,2,29.99,9.5,59.98,19.0
ITEM-0008190,ORD-004643,404,1,64.99,21.0,64.99,21.0
ITEM-0008191,ORD-004644,303,1,24.99,7.5,24.99,7.5
ITEM-0008192,ORD-004644,105,1,39.99,12.0,39.99,12.0
ITEM-0008193,ORD-004644,301,1,289.0,130.0,289.0,130.0
ITEM-0008194,ORD-004645,202,1,68.0,22.0,68.0,22.0
ITEM-0008195,ORD-004646,405,1,18.0,4.0,18.0,4.0
ITEM-0008196,ORD-004646,206,3,45.0,11.0,135.0,33.0
ITEM-0008197,ORD-004647,403,1,22.0,5.2,22.0,5.2
ITEM-0008198,ORD-004647,303,1,24.99,7.5,24.99,7.5
ITEM-0008199,ORD-004648,105,1,39.99,12.0,39.99,12.0
ITEM-0008200,ORD-004648,204,1,24.0,6.0,24.0,6.0
ITEM-0008201,ORD-004648,103,2,89.99,36.0,179.98,72.0
ITEM-0008202,ORD-004648,405,1,18.0,4.0,18.0,4.0
ITEM-0008203,ORD-004649,301,1,289.0,130.0,289.0,130.0
ITEM-0008204,ORD-004649,302,1,45.0,15.0,45.0,15.0
ITEM-0008205,ORD-004650,306,1,32.5,10.0,32.5,10.0
ITEM-0008206,ORD-004651,502,1,22.99,5.5,22.99,5.5
ITEM-0008207,ORD-004651,105,1,39.99,12.0,39.99,12.0
ITEM-0008208,ORD-004652,203,1,120.0,42.0,120.0,42.0
ITEM-0008209,ORD-004653,503,2,48.0,15.0,96.0,30.0
ITEM-0008210,ORD-004653,204,1,24.0,6.0,24.0,6.0
ITEM-0008211,ORD-004653,201,1,28.0,8.5,28.0,8.5
ITEM-0008212,ORD-004654,103,1,89.99,36.0,89.99,36.0
ITEM-0008213,ORD-004655,202,2,68.0,22.0,136.0,44.0
ITEM-0008214,ORD-004655,106,1,179.99,70.0,179.99,70.0
ITEM-0008215,ORD-004656,302,1,45.0,15.0,45.0,15.0
ITEM-0008216,ORD-004656,501,1,42.0,13.0,42.0,13.0
ITEM-0008217,ORD-004657,202,1,68.0,22.0,68.0,22.0
ITEM-0008218,ORD-004657,301,1,289.0,130.0,289.0,130.0
ITEM-0008219,ORD-004658,107,1,59.99,22.0,59.99,22.0
ITEM-0008220,ORD-004659,102,1,49.99,18.0,49.99,18.0
ITEM-0008221,ORD-004660,104,1,349.99,175.0,349.99,175.0
ITEM-0008222,ORD-004660,102,1,49.99,18.0,49.99,18.0
ITEM-0008223,ORD-004661,501,1,42.0,13.0,42.0,13.0
ITEM-0008224,ORD-004661,307,1,29.99,8.0,29.99,8.0
ITEM-0008225,ORD-004661,103,1,89.99,36.0,89.99,36.0
ITEM-0008226,ORD-004662,105,1,39.99,12.0,39.99,12.0
ITEM-0008227,ORD-004662,107,1,59.99,22.0,59.99,22.0
ITEM-0008228,ORD-004663,203,1,120.0,42.0,120.0,42.0
ITEM-0008229,ORD-004663,405,2,18.0,4.0,36.0,8.0
ITEM-0008230,ORD-004664,503,1,48.0,15.0,48.0,15.0
ITEM-0008231,ORD-004664,302,1,45.0,15.0,45.0,15.0
ITEM-0008232,ORD-004664,106,1,179.99,70.0,179.99,70.0
ITEM-0008233,ORD-004665,204,1,24.0,6.0,24.0,6.0
ITEM-0008234,ORD-004665,402,1,34.0,8.5,34.0,8.5
ITEM-0008235,ORD-004666,401,2,26.0,6.0,52.0,12.0
ITEM-0008236,ORD-004666,403,1,22.0,5.2,22.0,5.2
ITEM-0008237,ORD-004666,302,1,45.0,15.0,45.0,15.0
ITEM-0008238,ORD-004666,103,2,89.99,36.0,179.98,72.0
ITEM-0008239,ORD-004667,305,1,59.99,20.0,59.99,20.0
ITEM-0008240,ORD-004667,108,1,29.99,9.5,29.99,9.5
ITEM-0008241,ORD-004668,402,1,34.0,8.5,34.0,8.5
ITEM-0008242,ORD-004669,108,1,29.99,9.5,29.99,9.5
ITEM-0008243,ORD-004670,403,1,22.0,5.2,22.0,5.2
ITEM-0008244,ORD-004671,301,3,289.0,130.0,867.0,390.0
ITEM-0008245,ORD-004672,302,2,45.0,15.0,90.0,30.0
ITEM-0008246,ORD-004673,502,1,22.99,5.5,22.99,5.5
ITEM-0008247,ORD-004673,402,1,34.0,8.5,34.0,8.5
ITEM-0008248,ORD-004673,303,1,24.99,7.5,24.99,7.5
ITEM-0008249,ORD-004673,302,1,45.0,15.0,45.0,15.0
ITEM-0008250,ORD-004674,304,1,39.99,14.0,39.99,14.0
ITEM-0008251,ORD-004674,302,1,45.0,15.0,45.0,15.0
ITEM-0008252,ORD-004675,405,1,18.0,4.0,18.0,4.0
ITEM-0008253,ORD-004676,502,2,22.99,5.5,45.98,11.0
ITEM-0008254,ORD-004677,104,1,349.99,175.0,349.99,175.0
ITEM-0008255,ORD-004678,104,1,349.99,175.0,349.99,175.0
ITEM-0008256,ORD-004679,203,1,120.0,42.0,120.0,42.0
ITEM-0008257,ORD-004680,502,1,22.99,5.5,22.99,5.5
ITEM-0008258,ORD-004680,106,1,179.99,70.0,179.99,70.0
ITEM-0008259,ORD-004680,404,2,64.99,21.0,129.98,42.0
ITEM-0008260,ORD-004681,105,1,39.99,12.0,39.99,12.0
ITEM-0008261,ORD-004681,501,1,42.0,13.0,42.0,13.0
ITEM-0008262,ORD-004682,202,2,68.0,22.0,136.0,44.0
ITEM-0008263,ORD-004683,403,2,22.0,5.2,44.0,10.4
ITEM-0008264,ORD-004684,302,2,45.0,15.0,90.0,30.0
ITEM-0008265,ORD-004685,104,1,349.99,175.0,349.99,175.0
ITEM-0008266,ORD-004685,102,1,49.99,18.0,49.99,18.0
ITEM-0008267,ORD-004686,204,1,24.0,6.0,24.0,6.0
ITEM-0008268,ORD-004686,504,1,16.99,4.2,16.99,4.2
ITEM-0008269,ORD-004687,105,1,39.99,12.0,39.99,12.0
ITEM-0008270,ORD-004687,501,1,42.0,13.0,42.0,13.0
ITEM-0008271,ORD-004687,104,1,349.99,175.0,349.99,175.0
ITEM-0008272,ORD-004688,205,3,54.0,16.0,162.0,48.0
ITEM-0008273,ORD-004688,405,1,18.0,4.0,18.0,4.0
ITEM-0008274,ORD-004689,103,1,89.99,36.0,89.99,36.0
ITEM-0008275,ORD-004689,306,1,32.5,10.0,32.5,10.0
ITEM-0008276,ORD-004690,204,1,24.0,6.0,24.0,6.0
ITEM-0008277,ORD-004690,402,1,34.0,8.5,34.0,8.5
ITEM-0008278,ORD-004691,102,1,49.99,18.0,49.99,18.0
ITEM-0008279,ORD-004692,404,1,64.99,21.0,64.99,21.0
ITEM-0008280,ORD-004692,304,1,39.99,14.0,39.99,14.0
ITEM-0008281,ORD-004693,303,1,24.99,7.5,24.99,7.5
ITEM-0008282,ORD-004694,502,1,22.99,5.5,22.99,5.5
ITEM-0008283,ORD-004694,505,1,75.0,24.0,75.0,24.0
ITEM-0008284,ORD-004694,503,1,48.0,15.0,48.0,15.0
ITEM-0008285,ORD-004695,108,1,29.99,9.5,29.99,9.5
ITEM-0008286,ORD-004695,502,1,22.99,5.5,22.99,5.5
ITEM-0008287,ORD-004696,104,1,349.99,175.0,349.99,175.0
ITEM-0008288,ORD-004697,403,1,22.0,5.2,22.0,5.2
ITEM-0008289,ORD-004698,404,1,64.99,21.0,64.99,21.0
ITEM-0008290,ORD-004699,201,1,28.0,8.5,28.0,8.5
ITEM-0008291,ORD-004699,305,1,59.99,20.0,59.99,20.0
ITEM-0008292,ORD-004699,104,1,349.99,175.0,349.99,175.0
ITEM-0008293,ORD-004700,103,2,89.99,36.0,179.98,72.0
ITEM-0008294,ORD-004701,103,1,89.99,36.0,89.99,36.0
ITEM-0008295,ORD-004702,502,1,22.99,5.5,22.99,5.5
ITEM-0008296,ORD-004703,503,2,48.0,15.0,96.0,30.0
ITEM-0008297,ORD-004703,403,1,22.0,5.2,22.0,5.2
ITEM-0008298,ORD-004704,305,1,59.99,20.0,59.99,20.0
ITEM-0008299,ORD-004704,404,1,64.99,21.0,64.99,21.0
ITEM-0008300,ORD-004705,401,1,26.0,6.0,26.0,6.0
ITEM-0008301,ORD-004705,402,1,34.0,8.5,34.0,8.5
ITEM-0008302,ORD-004705,403,1,22.0,5.2,22.0,5.2
ITEM-0008303,ORD-004706,205,1,54.0,16.0,54.0,16.0
ITEM-0008304,ORD-004706,106,2,179.99,70.0,359.98,140.0
ITEM-0008305,ORD-004707,505,1,75.0,24.0,75.0,24.0
ITEM-0008306,ORD-004707,106,1,179.99,70.0,179.99,70.0
ITEM-0008307,ORD-004708,101,1,199.99,85.0,199.99,85.0
ITEM-0008308,ORD-004708,201,1,28.0,8.5,28.0,8.5
ITEM-0008309,ORD-004708,504,2,16.99,4.2,33.98,8.4
ITEM-0008310,ORD-004708,401,1,26.0,6.0,26.0,6.0
ITEM-0008311,ORD-004709,305,1,59.99,20.0,59.99,20.0
ITEM-0008312,ORD-004709,403,1,22.0,5.2,22.0,5.2
ITEM-0008313,ORD-004710,106,1,179.99,70.0,179.99,70.0
ITEM-0008314,ORD-004711,101,1,199.99,85.0,199.99,85.0
ITEM-0008315,ORD-004712,305,1,59.99,20.0,59.99,20.0
ITEM-0008316,ORD-004712,105,1,39.99,12.0,39.99,12.0
ITEM-0008317,ORD-004712,505,1,75.0,24.0,75.0,24.0
ITEM-0008318,ORD-004713,302,2,45.0,15.0,90.0,30.0
ITEM-0008319,ORD-004714,307,1,29.99,8.0,29.99,8.0
ITEM-0008320,ORD-004715,106,1,179.99,70.0,179.99,70.0
ITEM-0008321,ORD-004715,204,1,24.0,6.0,24.0,6.0
ITEM-0008322,ORD-004716,303,1,24.99,7.5,24.99,7.5
ITEM-0008323,ORD-004716,203,1,120.0,42.0,120.0,42.0
ITEM-0008324,ORD-004716,501,2,42.0,13.0,84.0,26.0
ITEM-0008325,ORD-004717,502,1,22.99,5.5,22.99,5.5
ITEM-0008326,ORD-004717,405,1,18.0,4.0,18.0,4.0
ITEM-0008327,ORD-004717,102,1,49.99,18.0,49.99,18.0
ITEM-0008328,ORD-004718,108,1,29.99,9.5,29.99,9.5
ITEM-0008329,ORD-004718,204,1,24.0,6.0,24.0,6.0
ITEM-0008330,ORD-004718,304,1,39.99,14.0,39.99,14.0
ITEM-0008331,ORD-004719,303,1,24.99,7.5,24.99,7.5
ITEM-0008332,ORD-004720,203,2,120.0,42.0,240.0,84.0
ITEM-0008333,ORD-004721,305,1,59.99,20.0,59.99,20.0
ITEM-0008334,ORD-004722,405,1,18.0,4.0,18.0,4.0
ITEM-0008335,ORD-004723,203,1,120.0,42.0,120.0,42.0
ITEM-0008336,ORD-004723,502,1,22.99,5.5,22.99,5.5
ITEM-0008337,ORD-004724,301,1,289.0,130.0,289.0,130.0
ITEM-0008338,ORD-004724,302,1,45.0,15.0,45.0,15.0
ITEM-0008339,ORD-004724,101,1,199.99,85.0,199.99,85.0
ITEM-0008340,ORD-004725,202,1,68.0,22.0,68.0,22.0
ITEM-0008341,ORD-004725,403,1,22.0,5.2,22.0,5.2
ITEM-0008342,ORD-004726,305,1,59.99,20.0,59.99,20.0
ITEM-0008343,ORD-004727,204,1,24.0,6.0,24.0,6.0
ITEM-0008344,ORD-004728,307,1,29.99,8.0,29.99,8.0
ITEM-0008345,ORD-004729,304,1,39.99,14.0,39.99,14.0
ITEM-0008346,ORD-004729,301,1,289.0,130.0,289.0,130.0
ITEM-0008347,ORD-004730,106,1,179.99,70.0,179.99,70.0
ITEM-0008348,ORD-004730,307,1,29.99,8.0,29.99,8.0
ITEM-0008349,ORD-004730,105,1,39.99,12.0,39.99,12.0
ITEM-0008350,ORD-004731,202,1,68.0,22.0,68.0,22.0
ITEM-0008351,ORD-004732,405,1,18.0,4.0,18.0,4.0
ITEM-0008352,ORD-004732,201,1,28.0,8.5,28.0,8.5
ITEM-0008353,ORD-004732,108,1,29.99,9.5,29.99,9.5
ITEM-0008354,ORD-004732,305,3,59.99,20.0,179.97,60.0
ITEM-0008355,ORD-004733,201,1,28.0,8.5,28.0,8.5
ITEM-0008356,ORD-004734,304,1,39.99,14.0,39.99,14.0
ITEM-0008357,ORD-004735,304,1,39.99,14.0,39.99,14.0
ITEM-0008358,ORD-004735,501,2,42.0,13.0,84.0,26.0
ITEM-0008359,ORD-004735,302,1,45.0,15.0,45.0,15.0
ITEM-0008360,ORD-004736,403,1,22.0,5.2,22.0,5.2
ITEM-0008361,ORD-004736,104,1,349.99,175.0,349.99,175.0
ITEM-0008362,ORD-004737,502,1,22.99,5.5,22.99,5.5
ITEM-0008363,ORD-004737,201,1,28.0,8.5,28.0,8.5
ITEM-0008364,ORD-004738,301,1,289.0,130.0,289.0,130.0
ITEM-0008365,ORD-004738,302,1,45.0,15.0,45.0,15.0
ITEM-0008366,ORD-004738,303,1,24.99,7.5,24.99,7.5
ITEM-0008367,ORD-004738,105,1,39.99,12.0,39.99,12.0
ITEM-0008368,ORD-004739,306,1,32.5,10.0,32.5,10.0
ITEM-0008369,ORD-004740,502,1,22.99,5.5,22.99,5.5
ITEM-0008370,ORD-004741,106,2,179.99,70.0,359.98,140.0
ITEM-0008371,ORD-004741,505,1,75.0,24.0,75.0,24.0
ITEM-0008372,ORD-004741,206,1,45.0,11.0,45.0,11.0
ITEM-0008373,ORD-004742,206,1,45.0,11.0,45.0,11.0
ITEM-0008374,ORD-004742,205,1,54.0,16.0,54.0,16.0
ITEM-0008375,ORD-004742,502,1,22.99,5.5,22.99,5.5
ITEM-0008376,ORD-004742,503,3,48.0,15.0,144.0,45.0
ITEM-0008377,ORD-004743,101,1,199.99,85.0,199.99,85.0
ITEM-0008378,ORD-004743,108,1,29.99,9.5,29.99,9.5
ITEM-0008379,ORD-004744,107,1,59.99,22.0,59.99,22.0
ITEM-0008380,ORD-004745,404,1,64.99,21.0,64.99,21.0
ITEM-0008381,ORD-004746,405,1,18.0,4.0,18.0,4.0
ITEM-0008382,ORD-004747,305,1,59.99,20.0,59.99,20.0
ITEM-0008383,ORD-004747,203,1,120.0,42.0,120.0,42.0
ITEM-0008384,ORD-004748,205,1,54.0,16.0,54.0,16.0
ITEM-0008385,ORD-004748,503,1,48.0,15.0,48.0,15.0
ITEM-0008386,ORD-004749,304,1,39.99,14.0,39.99,14.0
ITEM-0008387,ORD-004749,204,1,24.0,6.0,24.0,6.0
ITEM-0008388,ORD-004749,105,2,39.99,12.0,79.98,24.0
ITEM-0008389,ORD-004749,303,1,24.99,7.5,24.99,7.5
ITEM-0008390,ORD-004750,206,1,45.0,11.0,45.0,11.0
ITEM-0008391,ORD-004751,206,1,45.0,11.0,45.0,11.0
ITEM-0008392,ORD-004751,204,1,24.0,6.0,24.0,6.0
ITEM-0008393,ORD-004752,108,2,29.99,9.5,59.98,19.0
ITEM-0008394,ORD-004752,102,1,49.99,18.0,49.99,18.0
ITEM-0008395,ORD-004753,301,1,289.0,130.0,289.0,130.0
ITEM-0008396,ORD-004754,503,1,48.0,15.0,48.0,15.0
ITEM-0008397,ORD-004754,102,1,49.99,18.0,49.99,18.0
ITEM-0008398,ORD-004755,303,1,24.99,7.5,24.99,7.5
ITEM-0008399,ORD-004755,307,1,29.99,8.0,29.99,8.0
ITEM-0008400,ORD-004756,105,3,39.99,12.0,119.97,36.0
ITEM-0008401,ORD-004756,502,1,22.99,5.5,22.99,5.5
ITEM-0008402,ORD-004757,206,1,45.0,11.0,45.0,11.0
ITEM-0008403,ORD-004757,304,1,39.99,14.0,39.99,14.0
ITEM-0008404,ORD-004758,105,1,39.99,12.0,39.99,12.0
ITEM-0008405,ORD-004758,503,1,48.0,15.0,48.0,15.0
ITEM-0008406,ORD-004759,504,1,16.99,4.2,16.99,4.2
ITEM-0008407,ORD-004760,505,1,75.0,24.0,75.0,24.0
ITEM-0008408,ORD-004760,101,1,199.99,85.0,199.99,85.0
ITEM-0008409,ORD-004760,104,1,349.99,175.0,349.99,175.0
ITEM-0008410,ORD-004761,504,1,16.99,4.2,16.99,4.2
ITEM-0008411,ORD-004762,504,1,16.99,4.2,16.99,4.2
ITEM-0008412,ORD-004763,405,1,18.0,4.0,18.0,4.0
ITEM-0008413,ORD-004764,303,1,24.99,7.5,24.99,7.5
ITEM-0008414,ORD-004765,107,1,59.99,22.0,59.99,22.0
ITEM-0008415,ORD-004766,203,1,120.0,42.0,120.0,42.0
ITEM-0008416,ORD-004767,301,1,289.0,130.0,289.0,130.0
ITEM-0008417,ORD-004767,303,1,24.99,7.5,24.99,7.5
ITEM-0008418,ORD-004767,203,1,120.0,42.0,120.0,42.0
ITEM-0008419,ORD-004768,202,1,68.0,22.0,68.0,22.0
ITEM-0008420,ORD-004769,101,1,199.99,85.0,199.99,85.0
ITEM-0008421,ORD-004769,108,1,29.99,9.5,29.99,9.5
ITEM-0008422,ORD-004769,107,1,59.99,22.0,59.99,22.0
ITEM-0008423,ORD-004769,201,1,28.0,8.5,28.0,8.5
ITEM-0008424,ORD-004770,106,2,179.99,70.0,359.98,140.0
ITEM-0008425,ORD-004770,301,1,289.0,130.0,289.0,130.0
ITEM-0008426,ORD-004770,305,3,59.99,20.0,179.97,60.0
ITEM-0008427,ORD-004771,307,1,29.99,8.0,29.99,8.0
ITEM-0008428,ORD-004771,405,1,18.0,4.0,18.0,4.0
ITEM-0008429,ORD-004771,102,1,49.99,18.0,49.99,18.0
ITEM-0008430,ORD-004772,203,1,120.0,42.0,120.0,42.0
ITEM-0008431,ORD-004773,302,2,45.0,15.0,90.0,30.0
ITEM-0008432,ORD-004773,503,2,48.0,15.0,96.0,30.0
ITEM-0008433,ORD-004773,303,1,24.99,7.5,24.99,7.5
ITEM-0008434,ORD-004774,303,1,24.99,7.5,24.99,7.5
ITEM-0008435,ORD-004775,203,1,120.0,42.0,120.0,42.0
ITEM-0008436,ORD-004776,301,2,289.0,130.0,578.0,260.0
ITEM-0008437,ORD-004776,307,1,29.99,8.0,29.99,8.0
ITEM-0008438,ORD-004776,202,1,68.0,22.0,68.0,22.0
ITEM-0008439,ORD-004776,205,1,54.0,16.0,54.0,16.0
ITEM-0008440,ORD-004777,103,1,89.99,36.0,89.99,36.0
ITEM-0008441,ORD-004777,102,1,49.99,18.0,49.99,18.0
ITEM-0008442,ORD-004778,403,2,22.0,5.2,44.0,10.4
ITEM-0008443,ORD-004779,201,1,28.0,8.5,28.0,8.5
ITEM-0008444,ORD-004779,106,1,179.99,70.0,179.99,70.0
ITEM-0008445,ORD-004779,202,1,68.0,22.0,68.0,22.0
ITEM-0008446,ORD-004780,107,1,59.99,22.0,59.99,22.0
ITEM-0008447,ORD-004781,405,2,18.0,4.0,36.0,8.0
ITEM-0008448,ORD-004782,501,1,42.0,13.0,42.0,13.0
ITEM-0008449,ORD-004782,502,1,22.99,5.5,22.99,5.5
ITEM-0008450,ORD-004782,307,1,29.99,8.0,29.99,8.0
ITEM-0008451,ORD-004783,201,1,28.0,8.5,28.0,8.5
ITEM-0008452,ORD-004783,303,1,24.99,7.5,24.99,7.5
ITEM-0008453,ORD-004784,106,1,179.99,70.0,179.99,70.0
ITEM-0008454,ORD-004784,201,1,28.0,8.5,28.0,8.5
ITEM-0008455,ORD-004785,105,1,39.99,12.0,39.99,12.0
ITEM-0008456,ORD-004785,403,2,22.0,5.2,44.0,10.4
ITEM-0008457,ORD-004786,302,1,45.0,15.0,45.0,15.0
ITEM-0008458,ORD-004787,402,2,34.0,8.5,68.0,17.0
ITEM-0008459,ORD-004788,302,1,45.0,15.0,45.0,15.0
ITEM-0008460,ORD-004789,205,1,54.0,16.0,54.0,16.0
ITEM-0008461,ORD-004790,301,2,289.0,130.0,578.0,260.0
ITEM-0008462,ORD-004790,302,1,45.0,15.0,45.0,15.0
ITEM-0008463,ORD-004791,302,1,45.0,15.0,45.0,15.0
ITEM-0008464,ORD-004791,205,1,54.0,16.0,54.0,16.0
ITEM-0008465,ORD-004791,204,3,24.0,6.0,72.0,18.0
ITEM-0008466,ORD-004792,307,1,29.99,8.0,29.99,8.0
ITEM-0008467,ORD-004792,104,1,349.99,175.0,349.99,175.0
ITEM-0008468,ORD-004793,404,1,64.99,21.0,64.99,21.0
ITEM-0008469,ORD-004794,205,1,54.0,16.0,54.0,16.0
ITEM-0008470,ORD-004794,405,1,18.0,4.0,18.0,4.0
ITEM-0008471,ORD-004794,502,1,22.99,5.5,22.99,5.5
ITEM-0008472,ORD-004795,108,1,29.99,9.5,29.99,9.5
ITEM-0008473,ORD-004796,101,1,199.99,85.0,199.99,85.0
ITEM-0008474,ORD-004797,101,1,199.99,85.0,199.99,85.0
ITEM-0008475,ORD-004797,107,3,59.99,22.0,179.97,66.0
ITEM-0008476,ORD-004798,105,1,39.99,12.0,39.99,12.0
ITEM-0008477,ORD-004799,505,1,75.0,24.0,75.0,24.0
ITEM-0008478,ORD-004800,105,1,39.99,12.0,39.99,12.0
ITEM-0008479,ORD-004800,505,1,75.0,24.0,75.0,24.0
ITEM-0008480,ORD-004801,204,1,24.0,6.0,24.0,6.0
ITEM-0008481,ORD-004802,202,1,68.0,22.0,68.0,22.0
ITEM-0008482,ORD-004803,106,1,179.99,70.0,179.99,70.0
ITEM-0008483,ORD-004803,108,1,29.99,9.5,29.99,9.5
ITEM-0008484,ORD-004803,403,1,22.0,5.2,22.0,5.2
ITEM-0008485,ORD-004803,104,1,349.99,175.0,349.99,175.0
ITEM-0008486,ORD-004804,504,1,16.99,4.2,16.99,4.2
ITEM-0008487,ORD-004805,203,1,120.0,42.0,120.0,42.0
ITEM-0008488,ORD-004805,107,1,59.99,22.0,59.99,22.0
ITEM-0008489,ORD-004806,501,1,42.0,13.0,42.0,13.0
ITEM-0008490,ORD-004806,502,3,22.99,5.5,68.97,16.5
ITEM-0008491,ORD-004807,504,1,16.99,4.2,16.99,4.2
ITEM-0008492,ORD-004808,307,1,29.99,8.0,29.99,8.0
ITEM-0008493,ORD-004808,301,2,289.0,130.0,578.0,260.0
ITEM-0008494,ORD-004809,206,1,45.0,11.0,45.0,11.0
ITEM-0008495,ORD-004810,107,2,59.99,22.0,119.98,44.0
ITEM-0008496,ORD-004811,501,1,42.0,13.0,42.0,13.0
ITEM-0008497,ORD-004811,502,1,22.99,5.5,22.99,5.5
ITEM-0008498,ORD-004812,103,1,89.99,36.0,89.99,36.0
ITEM-0008499,ORD-004813,304,1,39.99,14.0,39.99,14.0
ITEM-0008500,ORD-004813,301,1,289.0,130.0,289.0,130.0
ITEM-0008501,ORD-004813,303,1,24.99,7.5,24.99,7.5
ITEM-0008502,ORD-004813,108,1,29.99,9.5,29.99,9.5
ITEM-0008503,ORD-004814,203,2,120.0,42.0,240.0,84.0
ITEM-0008504,ORD-004814,108,1,29.99,9.5,29.99,9.5
ITEM-0008505,ORD-004814,103,1,89.99,36.0,89.99,36.0
ITEM-0008506,ORD-004815,307,1,29.99,8.0,29.99,8.0
ITEM-0008507,ORD-004815,105,1,39.99,12.0,39.99,12.0
ITEM-0008508,ORD-004815,304,1,39.99,14.0,39.99,14.0
ITEM-0008509,ORD-004816,307,1,29.99,8.0,29.99,8.0
ITEM-0008510,ORD-004817,206,1,45.0,11.0,45.0,11.0
ITEM-0008511,ORD-004817,304,1,39.99,14.0,39.99,14.0
ITEM-0008512,ORD-004818,505,1,75.0,24.0,75.0,24.0
ITEM-0008513,ORD-004819,105,1,39.99,12.0,39.99,12.0
ITEM-0008514,ORD-004820,108,1,29.99,9.5,29.99,9.5
ITEM-0008515,ORD-004821,502,1,22.99,5.5,22.99,5.5
ITEM-0008516,ORD-004821,301,1,289.0,130.0,289.0,130.0
ITEM-0008517,ORD-004822,504,1,16.99,4.2,16.99,4.2
ITEM-0008518,ORD-004822,107,2,59.99,22.0,119.98,44.0
ITEM-0008519,ORD-004823,108,1,29.99,9.5,29.99,9.5
ITEM-0008520,ORD-004824,306,1,32.5,10.0,32.5,10.0
ITEM-0008521,ORD-004825,106,2,179.99,70.0,359.98,140.0
ITEM-0008522,ORD-004826,401,1,26.0,6.0,26.0,6.0
ITEM-0008523,ORD-004826,402,1,34.0,8.5,34.0,8.5
ITEM-0008524,ORD-004827,203,1,120.0,42.0,120.0,42.0
ITEM-0008525,ORD-004827,404,2,64.99,21.0,129.98,42.0
ITEM-0008526,ORD-004827,102,3,49.99,18.0,149.97,54.0
ITEM-0008527,ORD-004828,402,1,34.0,8.5,34.0,8.5
ITEM-0008528,ORD-004829,304,2,39.99,14.0,79.98,28.0
ITEM-0008529,ORD-004830,501,1,42.0,13.0,42.0,13.0
ITEM-0008530,ORD-004830,502,1,22.99,5.5,22.99,5.5
ITEM-0008531,ORD-004830,305,1,59.99,20.0,59.99,20.0
ITEM-0008532,ORD-004830,206,1,45.0,11.0,45.0,11.0
ITEM-0008533,ORD-004831,307,2,29.99,8.0,59.98,16.0
ITEM-0008534,ORD-004831,301,1,289.0,130.0,289.0,130.0
ITEM-0008535,ORD-004832,302,3,45.0,15.0,135.0,45.0
ITEM-0008536,ORD-004832,404,1,64.99,21.0,64.99,21.0
ITEM-0008537,ORD-004832,501,1,42.0,13.0,42.0,13.0
ITEM-0008538,ORD-004832,402,3,34.0,8.5,102.0,25.5
ITEM-0008539,ORD-004833,202,1,68.0,22.0,68.0,22.0
ITEM-0008540,ORD-004834,502,1,22.99,5.5,22.99,5.5
ITEM-0008541,ORD-004835,403,1,22.0,5.2,22.0,5.2
ITEM-0008542,ORD-004835,301,1,289.0,130.0,289.0,130.0
ITEM-0008543,ORD-004836,501,1,42.0,13.0,42.0,13.0
ITEM-0008544,ORD-004837,307,1,29.99,8.0,29.99,8.0
ITEM-0008545,ORD-004838,202,1,68.0,22.0,68.0,22.0
ITEM-0008546,ORD-004838,101,1,199.99,85.0,199.99,85.0
ITEM-0008547,ORD-004839,405,1,18.0,4.0,18.0,4.0
ITEM-0008548,ORD-004840,204,1,24.0,6.0,24.0,6.0
ITEM-0008549,ORD-004840,306,1,32.5,10.0,32.5,10.0
ITEM-0008550,ORD-004841,501,1,42.0,13.0,42.0,13.0
ITEM-0008551,ORD-004842,107,1,59.99,22.0,59.99,22.0
ITEM-0008552,ORD-004843,101,1,199.99,85.0,199.99,85.0
ITEM-0008553,ORD-004844,402,1,34.0,8.5,34.0,8.5
ITEM-0008554,ORD-004845,505,1,75.0,24.0,75.0,24.0
ITEM-0008555,ORD-004845,303,1,24.99,7.5,24.99,7.5
ITEM-0008556,ORD-004845,401,1,26.0,6.0,26.0,6.0
ITEM-0008557,ORD-004845,304,2,39.99,14.0,79.98,28.0
ITEM-0008558,ORD-004846,105,1,39.99,12.0,39.99,12.0
ITEM-0008559,ORD-004847,206,1,45.0,11.0,45.0,11.0
ITEM-0008560,ORD-004848,307,1,29.99,8.0,29.99,8.0
ITEM-0008561,ORD-004849,202,1,68.0,22.0,68.0,22.0
ITEM-0008562,ORD-004850,503,1,48.0,15.0,48.0,15.0
ITEM-0008563,ORD-004851,203,1,120.0,42.0,120.0,42.0
ITEM-0008564,ORD-004852,108,1,29.99,9.5,29.99,9.5
ITEM-0008565,ORD-004852,203,2,120.0,42.0,240.0,84.0
ITEM-0008566,ORD-004852,107,1,59.99,22.0,59.99,22.0
ITEM-0008567,ORD-004852,501,1,42.0,13.0,42.0,13.0
ITEM-0008568,ORD-004853,504,1,16.99,4.2,16.99,4.2
ITEM-0008569,ORD-004853,401,1,26.0,6.0,26.0,6.0
ITEM-0008570,ORD-004853,202,2,68.0,22.0,136.0,44.0
ITEM-0008571,ORD-004854,403,1,22.0,5.2,22.0,5.2
ITEM-0008572,ORD-004855,501,1,42.0,13.0,42.0,13.0
ITEM-0008573,ORD-004855,504,1,16.99,4.2,16.99,4.2
ITEM-0008574,ORD-004856,206,1,45.0,11.0,45.0,11.0
ITEM-0008575,ORD-004856,101,1,199.99,85.0,199.99,85.0
ITEM-0008576,ORD-004857,306,1,32.5,10.0,32.5,10.0
ITEM-0008577,ORD-004857,404,1,64.99,21.0,64.99,21.0
ITEM-0008578,ORD-004858,305,1,59.99,20.0,59.99,20.0
ITEM-0008579,ORD-004858,404,1,64.99,21.0,64.99,21.0
ITEM-0008580,ORD-004859,306,1,32.5,10.0,32.5,10.0
ITEM-0008581,ORD-004860,501,1,42.0,13.0,42.0,13.0
ITEM-0008582,ORD-004860,502,1,22.99,5.5,22.99,5.5
ITEM-0008583,ORD-004861,102,1,49.99,18.0,49.99,18.0
ITEM-0008584,ORD-004861,502,1,22.99,5.5,22.99,5.5
ITEM-0008585,ORD-004862,503,1,48.0,15.0,48.0,15.0
ITEM-0008586,ORD-004862,102,2,49.99,18.0,99.98,36.0
ITEM-0008587,ORD-004863,302,1,45.0,15.0,45.0,15.0
ITEM-0008588,ORD-004864,203,1,120.0,42.0,120.0,42.0
ITEM-0008589,ORD-004865,401,2,26.0,6.0,52.0,12.0
ITEM-0008590,ORD-004865,402,1,34.0,8.5,34.0,8.5
ITEM-0008591,ORD-004866,205,1,54.0,16.0,54.0,16.0
ITEM-0008592,ORD-004867,304,1,39.99,14.0,39.99,14.0
ITEM-0008593,ORD-004867,301,1,289.0,130.0,289.0,130.0
ITEM-0008594,ORD-004868,305,1,59.99,20.0,59.99,20.0
ITEM-0008595,ORD-004868,306,1,32.5,10.0,32.5,10.0
ITEM-0008596,ORD-004869,104,1,349.99,175.0,349.99,175.0
ITEM-0008597,ORD-004869,103,2,89.99,36.0,179.98,72.0
ITEM-0008598,ORD-004870,203,1,120.0,42.0,120.0,42.0
ITEM-0008599,ORD-004871,206,1,45.0,11.0,45.0,11.0
ITEM-0008600,ORD-004871,102,1,49.99,18.0,49.99,18.0
ITEM-0008601,ORD-004872,404,1,64.99,21.0,64.99,21.0
ITEM-0008602,ORD-004873,405,1,18.0,4.0,18.0,4.0
ITEM-0008603,ORD-004874,303,1,24.99,7.5,24.99,7.5
ITEM-0008604,ORD-004875,304,1,39.99,14.0,39.99,14.0
ITEM-0008605,ORD-004875,401,1,26.0,6.0,26.0,6.0
ITEM-0008606,ORD-004875,501,1,42.0,13.0,42.0,13.0
ITEM-0008607,ORD-004875,502,1,22.99,5.5,22.99,5.5
ITEM-0008608,ORD-004876,205,3,54.0,16.0,162.0,48.0
ITEM-0008609,ORD-004876,103,1,89.99,36.0,89.99,36.0
ITEM-0008610,ORD-004877,402,2,34.0,8.5,68.0,17.0
ITEM-0008611,ORD-004878,104,1,349.99,175.0,349.99,175.0
ITEM-0008612,ORD-004878,102,1,49.99,18.0,49.99,18.0
ITEM-0008613,ORD-004878,105,2,39.99,12.0,79.98,24.0
ITEM-0008614,ORD-004879,501,1,42.0,13.0,42.0,13.0
ITEM-0008615,ORD-004880,104,1,349.99,175.0,349.99,175.0
ITEM-0008616,ORD-004880,102,1,49.99,18.0,49.99,18.0
ITEM-0008617,ORD-004880,103,2,89.99,36.0,179.98,72.0
ITEM-0008618,ORD-004881,302,1,45.0,15.0,45.0,15.0
ITEM-0008619,ORD-004882,301,1,289.0,130.0,289.0,130.0
ITEM-0008620,ORD-004882,302,1,45.0,15.0,45.0,15.0
ITEM-0008621,ORD-004883,402,1,34.0,8.5,34.0,8.5
ITEM-0008622,ORD-004884,503,2,48.0,15.0,96.0,30.0
ITEM-0008623,ORD-004885,403,1,22.0,5.2,22.0,5.2
ITEM-0008624,ORD-004886,504,1,16.99,4.2,16.99,4.2
ITEM-0008625,ORD-004887,307,1,29.99,8.0,29.99,8.0
ITEM-0008626,ORD-004888,401,1,26.0,6.0,26.0,6.0
ITEM-0008627,ORD-004888,402,2,34.0,8.5,68.0,17.0
ITEM-0008628,ORD-004889,504,1,16.99,4.2,16.99,4.2
ITEM-0008629,ORD-004890,204,1,24.0,6.0,24.0,6.0
ITEM-0008630,ORD-004891,302,1,45.0,15.0,45.0,15.0
ITEM-0008631,ORD-004891,203,1,120.0,42.0,120.0,42.0
ITEM-0008632,ORD-004892,307,1,29.99,8.0,29.99,8.0
ITEM-0008633,ORD-004892,108,1,29.99,9.5,29.99,9.5
ITEM-0008634,ORD-004893,501,1,42.0,13.0,42.0,13.0
ITEM-0008635,ORD-004893,503,1,48.0,15.0,48.0,15.0
ITEM-0008636,ORD-004893,101,1,199.99,85.0,199.99,85.0
ITEM-0008637,ORD-004893,201,1,28.0,8.5,28.0,8.5
ITEM-0008638,ORD-004894,302,2,45.0,15.0,90.0,30.0
ITEM-0008639,ORD-004894,201,1,28.0,8.5,28.0,8.5
ITEM-0008640,ORD-004895,105,1,39.99,12.0,39.99,12.0
ITEM-0008641,ORD-004896,106,1,179.99,70.0,179.99,70.0
ITEM-0008642,ORD-004896,102,1,49.99,18.0,49.99,18.0
ITEM-0008643,ORD-004897,401,1,26.0,6.0,26.0,6.0
ITEM-0008644,ORD-004897,403,1,22.0,5.2,22.0,5.2
ITEM-0008645,ORD-004897,302,1,45.0,15.0,45.0,15.0
ITEM-0008646,ORD-004898,501,1,42.0,13.0,42.0,13.0
ITEM-0008647,ORD-004899,307,1,29.99,8.0,29.99,8.0
ITEM-0008648,ORD-004900,108,1,29.99,9.5,29.99,9.5
ITEM-0008649,ORD-004900,505,1,75.0,24.0,75.0,24.0
ITEM-0008650,ORD-004900,503,1,48.0,15.0,48.0,15.0
ITEM-0008651,ORD-004901,505,1,75.0,24.0,75.0,24.0
ITEM-0008652,ORD-004902,106,1,179.99,70.0,179.99,70.0
ITEM-0008653,ORD-004903,307,2,29.99,8.0,59.98,16.0
ITEM-0008654,ORD-004903,206,1,45.0,11.0,45.0,11.0
ITEM-0008655,ORD-004903,402,1,34.0,8.5,34.0,8.5
ITEM-0008656,ORD-004903,404,1,64.99,21.0,64.99,21.0
ITEM-0008657,ORD-004904,301,1,289.0,130.0,289.0,130.0
ITEM-0008658,ORD-004904,303,1,24.99,7.5,24.99,7.5
ITEM-0008659,ORD-004905,304,1,39.99,14.0,39.99,14.0
ITEM-0008660,ORD-004905,203,1,120.0,42.0,120.0,42.0
ITEM-0008661,ORD-004905,403,1,22.0,5.2,22.0,5.2
ITEM-0008662,ORD-004906,304,1,39.99,14.0,39.99,14.0
ITEM-0008663,ORD-004906,108,1,29.99,9.5,29.99,9.5
ITEM-0008664,ORD-004907,401,1,26.0,6.0,26.0,6.0
ITEM-0008665,ORD-004907,405,1,18.0,4.0,18.0,4.0
ITEM-0008666,ORD-004908,504,1,16.99,4.2,16.99,4.2
ITEM-0008667,ORD-004909,305,3,59.99,20.0,179.97,60.0
ITEM-0008668,ORD-004910,403,1,22.0,5.2,22.0,5.2
ITEM-0008669,ORD-004910,202,1,68.0,22.0,68.0,22.0
ITEM-0008670,ORD-004911,102,1,49.99,18.0,49.99,18.0
ITEM-0008671,ORD-004911,505,1,75.0,24.0,75.0,24.0
ITEM-0008672,ORD-004912,201,1,28.0,8.5,28.0,8.5
ITEM-0008673,ORD-004913,405,1,18.0,4.0,18.0,4.0
ITEM-0008674,ORD-004914,403,1,22.0,5.2,22.0,5.2
ITEM-0008675,ORD-004915,202,1,68.0,22.0,68.0,22.0
ITEM-0008676,ORD-004916,104,1,349.99,175.0,349.99,175.0
ITEM-0008677,ORD-004916,102,1,49.99,18.0,49.99,18.0
ITEM-0008678,ORD-004917,206,1,45.0,11.0,45.0,11.0
ITEM-0008679,ORD-004918,101,1,199.99,85.0,199.99,85.0
ITEM-0008680,ORD-004919,402,1,34.0,8.5,34.0,8.5
ITEM-0008681,ORD-004919,403,1,22.0,5.2,22.0,5.2
ITEM-0008682,ORD-004920,401,1,26.0,6.0,26.0,6.0
ITEM-0008683,ORD-004920,403,1,22.0,5.2,22.0,5.2
ITEM-0008684,ORD-004921,201,1,28.0,8.5,28.0,8.5
ITEM-0008685,ORD-004921,302,1,45.0,15.0,45.0,15.0
ITEM-0008686,ORD-004921,405,1,18.0,4.0,18.0,4.0
ITEM-0008687,ORD-004922,101,1,199.99,85.0,199.99,85.0
ITEM-0008688,ORD-004922,108,1,29.99,9.5,29.99,9.5
ITEM-0008689,ORD-004923,204,2,24.0,6.0,48.0,12.0
ITEM-0008690,ORD-004924,104,1,349.99,175.0,349.99,175.0
ITEM-0008691,ORD-004925,101,1,199.99,85.0,199.99,85.0
ITEM-0008692,ORD-004926,306,2,32.5,10.0,65.0,20.0
ITEM-0008693,ORD-004926,504,1,16.99,4.2,16.99,4.2
ITEM-0008694,ORD-004926,503,1,48.0,15.0,48.0,15.0
ITEM-0008695,ORD-004927,504,3,16.99,4.2,50.97,12.6
ITEM-0008696,ORD-004928,101,1,199.99,85.0,199.99,85.0
ITEM-0008697,ORD-004928,108,1,29.99,9.5,29.99,9.5
ITEM-0008698,ORD-004929,106,1,179.99,70.0,179.99,70.0
ITEM-0008699,ORD-004929,101,1,199.99,85.0,199.99,85.0
ITEM-0008700,ORD-004929,108,1,29.99,9.5,29.99,9.5
ITEM-0008701,ORD-004929,104,1,349.99,175.0,349.99,175.0
ITEM-0008702,ORD-004930,206,1,45.0,11.0,45.0,11.0
ITEM-0008703,ORD-004931,303,1,24.99,7.5,24.99,7.5
ITEM-0008704,ORD-004932,205,1,54.0,16.0,54.0,16.0
ITEM-0008705,ORD-004932,101,1,199.99,85.0,199.99,85.0
ITEM-0008706,ORD-004933,105,2,39.99,12.0,79.98,24.0
ITEM-0008707,ORD-004933,106,1,179.99,70.0,179.99,70.0
ITEM-0008708,ORD-004933,302,1,45.0,15.0,45.0,15.0
ITEM-0008709,ORD-004934,306,1,32.5,10.0,32.5,10.0
ITEM-0008710,ORD-004935,502,1,22.99,5.5,22.99,5.5
ITEM-0008711,ORD-004935,204,1,24.0,6.0,24.0,6.0
ITEM-0008712,ORD-004935,105,1,39.99,12.0,39.99,12.0
ITEM-0008713,ORD-004936,202,2,68.0,22.0,136.0,44.0
ITEM-0008714,ORD-004936,504,1,16.99,4.2,16.99,4.2
ITEM-0008715,ORD-004937,501,1,42.0,13.0,42.0,13.0
ITEM-0008716,ORD-004938,305,1,59.99,20.0,59.99,20.0
ITEM-0008717,ORD-004938,505,1,75.0,24.0,75.0,24.0
ITEM-0008718,ORD-004939,202,1,68.0,22.0,68.0,22.0
ITEM-0008719,ORD-004939,103,3,89.99,36.0,269.97,108.0
ITEM-0008720,ORD-004940,402,1,34.0,8.5,34.0,8.5
ITEM-0008721,ORD-004941,103,2,89.99,36.0,179.98,72.0
ITEM-0008722,ORD-004942,204,1,24.0,6.0,24.0,6.0
ITEM-0008723,ORD-004943,305,2,59.99,20.0,119.98,40.0
ITEM-0008724,ORD-004943,205,2,54.0,16.0,108.0,32.0
ITEM-0008725,ORD-004943,107,1,59.99,22.0,59.99,22.0
ITEM-0008726,ORD-004944,205,1,54.0,16.0,54.0,16.0
ITEM-0008727,ORD-004944,504,1,16.99,4.2,16.99,4.2
ITEM-0008728,ORD-004945,101,1,199.99,85.0,199.99,85.0
ITEM-0008729,ORD-004945,108,1,29.99,9.5,29.99,9.5
ITEM-0008730,ORD-004946,108,1,29.99,9.5,29.99,9.5
ITEM-0008731,ORD-004946,405,1,18.0,4.0,18.0,4.0
ITEM-0008732,ORD-004946,206,1,45.0,11.0,45.0,11.0
ITEM-0008733,ORD-004946,503,1,48.0,15.0,48.0,15.0
ITEM-0008734,ORD-004947,405,1,18.0,4.0,18.0,4.0
ITEM-0008735,ORD-004948,504,1,16.99,4.2,16.99,4.2
ITEM-0008736,ORD-004948,501,1,42.0,13.0,42.0,13.0
ITEM-0008737,ORD-004949,203,1,120.0,42.0,120.0,42.0
ITEM-0008738,ORD-004950,504,1,16.99,4.2,16.99,4.2
ITEM-0008739,ORD-004951,101,1,199.99,85.0,199.99,85.0
ITEM-0008740,ORD-004951,201,1,28.0,8.5,28.0,8.5
ITEM-0008741,ORD-004951,108,1,29.99,9.5,29.99,9.5
ITEM-0008742,ORD-004952,402,1,34.0,8.5,34.0,8.5
ITEM-0008743,ORD-004952,103,1,89.99,36.0,89.99,36.0
ITEM-0008744,ORD-004952,404,1,64.99,21.0,64.99,21.0
ITEM-0008745,ORD-004952,203,1,120.0,42.0,120.0,42.0
ITEM-0008746,ORD-004953,102,1,49.99,18.0,49.99,18.0
ITEM-0008747,ORD-004953,206,1,45.0,11.0,45.0,11.0
ITEM-0008748,ORD-004954,303,1,24.99,7.5,24.99,7.5
ITEM-0008749,ORD-004954,306,1,32.5,10.0,32.5,10.0
ITEM-0008750,ORD-004954,302,1,45.0,15.0,45.0,15.0
ITEM-0008751,ORD-004955,301,3,289.0,130.0,867.0,390.0
ITEM-0008752,ORD-004955,201,1,28.0,8.5,28.0,8.5
ITEM-0008753,ORD-004955,307,1,29.99,8.0,29.99,8.0
ITEM-0008754,ORD-004956,101,1,199.99,85.0,199.99,85.0
ITEM-0008755,ORD-004956,107,1,59.99,22.0,59.99,22.0
ITEM-0008756,ORD-004957,206,1,45.0,11.0,45.0,11.0
ITEM-0008757,ORD-004957,202,1,68.0,22.0,68.0,22.0
ITEM-0008758,ORD-004957,405,1,18.0,4.0,18.0,4.0
ITEM-0008759,ORD-004958,305,1,59.99,20.0,59.99,20.0
ITEM-0008760,ORD-004958,104,1,349.99,175.0,349.99,175.0
ITEM-0008761,ORD-004958,301,2,289.0,130.0,578.0,260.0
ITEM-0008762,ORD-004958,106,1,179.99,70.0,179.99,70.0
ITEM-0008763,ORD-004959,202,2,68.0,22.0,136.0,44.0
ITEM-0008764,ORD-004959,101,1,199.99,85.0,199.99,85.0
ITEM-0008765,ORD-004960,503,1,48.0,15.0,48.0,15.0
ITEM-0008766,ORD-004961,401,1,26.0,6.0,26.0,6.0
ITEM-0008767,ORD-004962,504,1,16.99,4.2,16.99,4.2
ITEM-0008768,ORD-004962,107,1,59.99,22.0,59.99,22.0
ITEM-0008769,ORD-004963,402,1,34.0,8.5,34.0,8.5
ITEM-0008770,ORD-004964,106,1,179.99,70.0,179.99,70.0
ITEM-0008771,ORD-004965,202,1,68.0,22.0,68.0,22.0
ITEM-0008772,ORD-004966,501,1,42.0,13.0,42.0,13.0
ITEM-0008773,ORD-004966,307,1,29.99,8.0,29.99,8.0
ITEM-0008774,ORD-004967,102,1,49.99,18.0,49.99,18.0
ITEM-0008775,ORD-004967,202,1,68.0,22.0,68.0,22.0
ITEM-0008776,ORD-004968,106,1,179.99,70.0,179.99,70.0
ITEM-0008777,ORD-004968,502,1,22.99,5.5,22.99,5.5
ITEM-0008778,ORD-004968,504,1,16.99,4.2,16.99,4.2
ITEM-0008779,ORD-004968,303,1,24.99,7.5,24.99,7.5
ITEM-0008780,ORD-004969,405,1,18.0,4.0,18.0,4.0
ITEM-0008781,ORD-004970,503,2,48.0,15.0,96.0,30.0
ITEM-0008782,ORD-004970,405,1,18.0,4.0,18.0,4.0
ITEM-0008783,ORD-004970,302,1,45.0,15.0,45.0,15.0
ITEM-0008784,ORD-004970,102,1,49.99,18.0,49.99,18.0
ITEM-0008785,ORD-004971,202,1,68.0,22.0,68.0,22.0
ITEM-0008786,ORD-004971,204,1,24.0,6.0,24.0,6.0
ITEM-0008787,ORD-004972,104,2,349.99,175.0,699.98,350.0
ITEM-0008788,ORD-004973,401,1,26.0,6.0,26.0,6.0
ITEM-0008789,ORD-004974,403,2,22.0,5.2,44.0,10.4
ITEM-0008790,ORD-004975,401,1,26.0,6.0,26.0,6.0
ITEM-0008791,ORD-004976,305,1,59.99,20.0,59.99,20.0
ITEM-0008792,ORD-004977,306,1,32.5,10.0,32.5,10.0
ITEM-0008793,ORD-004977,202,1,68.0,22.0,68.0,22.0
ITEM-0008794,ORD-004978,108,1,29.99,9.5,29.99,9.5
ITEM-0008795,ORD-004978,105,3,39.99,12.0,119.97,36.0
ITEM-0008796,ORD-004978,202,1,68.0,22.0,68.0,22.0
ITEM-0008797,ORD-004979,404,1,64.99,21.0,64.99,21.0
ITEM-0008798,ORD-004980,301,2,289.0,130.0,578.0,260.0
ITEM-0008799,ORD-004980,107,1,59.99,22.0,59.99,22.0
ITEM-0008800,ORD-004980,304,1,39.99,14.0,39.99,14.0
ITEM-0008801,ORD-004981,301,1,289.0,130.0,289.0,130.0
ITEM-0008802,ORD-004981,303,1,24.99,7.5,24.99,7.5
ITEM-0008803,ORD-004981,206,1,45.0,11.0,45.0,11.0
ITEM-0008804,ORD-004982,307,2,29.99,8.0,59.98,16.0
ITEM-0008805,ORD-004983,502,1,22.99,5.5,22.99,5.5
ITEM-0008806,ORD-004984,204,2,24.0,6.0,48.0,12.0
ITEM-0008807,ORD-004985,403,1,22.0,5.2,22.0,5.2
ITEM-0008808,ORD-004986,106,1,179.99,70.0,179.99,70.0
ITEM-0008809,ORD-004987,404,1,64.99,21.0,64.99,21.0
ITEM-0008810,ORD-004987,401,1,26.0,6.0,26.0,6.0
ITEM-0008811,ORD-004988,107,1,59.99,22.0,59.99,22.0
ITEM-0008812,ORD-004989,201,1,28.0,8.5,28.0,8.5
ITEM-0008813,ORD-004989,503,1,48.0,15.0,48.0,15.0
ITEM-0008814,ORD-004990,501,1,42.0,13.0,42.0,13.0
ITEM-0008815,ORD-004990,307,2,29.99,8.0,59.98,16.0
ITEM-0008816,ORD-004990,106,1,179.99,70.0,179.99,70.0
ITEM-0008817,ORD-004991,205,2,54.0,16.0,108.0,32.0
ITEM-0008818,ORD-004992,101,1,199.99,85.0,199.99,85.0
ITEM-0008819,ORD-004992,502,1,22.99,5.5,22.99,5.5
ITEM-0008820,ORD-004993,105,1,39.99,12.0,39.99,12.0
ITEM-0008821,ORD-004994,107,1,59.99,22.0,59.99,22.0
ITEM-0008822,ORD-004995,201,1,28.0,8.5,28.0,8.5
ITEM-0008823,ORD-004996,202,2,68.0,22.0,136.0,44.0
ITEM-0008824,ORD-004997,505,1,75.0,24.0,75.0,24.0
ITEM-0008825,ORD-004997,403,1,22.0,5.2,22.0,5.2
ITEM-0008826,ORD-004997,303,1,24.99,7.5,24.99,7.5
ITEM-0008827,ORD-004998,201,1,28.0,8.5,28.0,8.5
ITEM-0008828,ORD-004998,104,1,349.99,175.0,349.99,175.0
ITEM-0008829,ORD-004999,102,2,49.99,18.0,99.98,36.0
ITEM-0008830,ORD-005000,204,1,24.0,6.0,24.0,6.0
ITEM-0008831,ORD-005000,403,1,22.0,5.2,22.0,5.2
ITEM-0008832,ORD-005000,505,1,75.0,24.0,75.0,24.0
ITEM-0008833,ORD-005001,107,1,59.99,22.0,59.99,22.0
ITEM-0008834,ORD-005002,108,1,29.99,9.5,29.99,9.5
ITEM-0008835,ORD-005002,302,2,45.0,15.0,90.0,30.0
ITEM-0008836,ORD-005003,107,1,59.99,22.0,59.99,22.0
ITEM-0008837,ORD-005004,103,1,89.99,36.0,89.99,36.0
ITEM-0008838,ORD-005004,105,1,39.99,12.0,39.99,12.0
ITEM-0008839,ORD-005005,203,1,120.0,42.0,120.0,42.0
ITEM-0008840,ORD-005005,302,1,45.0,15.0,45.0,15.0
ITEM-0008841,ORD-005006,104,1,349.99,175.0,349.99,175.0
ITEM-0008842,ORD-005006,102,1,49.99,18.0,49.99,18.0
ITEM-0008843,ORD-005006,103,1,89.99,36.0,89.99,36.0
ITEM-0008844,ORD-005007,108,1,29.99,9.5,29.99,9.5
ITEM-0008845,ORD-005007,301,1,289.0,130.0,289.0,130.0
ITEM-0008846,ORD-005008,504,1,16.99,4.2,16.99,4.2
ITEM-0008847,ORD-005009,402,1,34.0,8.5,34.0,8.5
ITEM-0008848,ORD-005010,202,1,68.0,22.0,68.0,22.0
ITEM-0008849,ORD-005010,304,2,39.99,14.0,79.98,28.0
ITEM-0008850,ORD-005010,504,1,16.99,4.2,16.99,4.2
ITEM-0008851,ORD-005011,108,1,29.99,9.5,29.99,9.5
ITEM-0008852,ORD-005011,502,1,22.99,5.5,22.99,5.5
ITEM-0008853,ORD-005012,105,1,39.99,12.0,39.99,12.0
ITEM-0008854,ORD-005013,204,1,24.0,6.0,24.0,6.0
ITEM-0008855,ORD-005014,203,1,120.0,42.0,120.0,42.0
ITEM-0008856,ORD-005014,405,1,18.0,4.0,18.0,4.0
ITEM-0008857,ORD-005015,307,1,29.99,8.0,29.99,8.0
ITEM-0008858,ORD-005015,501,1,42.0,13.0,42.0,13.0
ITEM-0008859,ORD-005015,106,1,179.99,70.0,179.99,70.0
ITEM-0008860,ORD-005015,502,1,22.99,5.5,22.99,5.5
ITEM-0008861,ORD-005016,504,1,16.99,4.2,16.99,4.2
ITEM-0008862,ORD-005017,204,2,24.0,6.0,48.0,12.0
ITEM-0008863,ORD-005017,206,1,45.0,11.0,45.0,11.0
ITEM-0008864,ORD-005017,305,1,59.99,20.0,59.99,20.0
ITEM-0008865,ORD-005017,201,1,28.0,8.5,28.0,8.5
ITEM-0008866,ORD-005018,403,1,22.0,5.2,22.0,5.2
ITEM-0008867,ORD-005019,105,1,39.99,12.0,39.99,12.0
ITEM-0008868,ORD-005020,204,1,24.0,6.0,24.0,6.0
ITEM-0008869,ORD-005021,204,1,24.0,6.0,24.0,6.0
ITEM-0008870,ORD-005022,401,2,26.0,6.0,52.0,12.0
ITEM-0008871,ORD-005023,502,1,22.99,5.5,22.99,5.5
ITEM-0008872,ORD-005024,505,1,75.0,24.0,75.0,24.0
ITEM-0008873,ORD-005025,303,1,24.99,7.5,24.99,7.5
ITEM-0008874,ORD-005026,305,3,59.99,20.0,179.97,60.0
ITEM-0008875,ORD-005027,305,1,59.99,20.0,59.99,20.0
ITEM-0008876,ORD-005028,504,1,16.99,4.2,16.99,4.2
ITEM-0008877,ORD-005028,505,1,75.0,24.0,75.0,24.0
ITEM-0008878,ORD-005028,106,1,179.99,70.0,179.99,70.0
ITEM-0008879,ORD-005029,306,1,32.5,10.0,32.5,10.0
ITEM-0008880,ORD-005029,401,1,26.0,6.0,26.0,6.0
ITEM-0008881,ORD-005029,405,1,18.0,4.0,18.0,4.0
ITEM-0008882,ORD-005030,102,1,49.99,18.0,49.99,18.0
ITEM-0008883,ORD-005030,501,1,42.0,13.0,42.0,13.0
ITEM-0008884,ORD-005030,301,1,289.0,130.0,289.0,130.0
ITEM-0008885,ORD-005031,206,1,45.0,11.0,45.0,11.0
ITEM-0008886,ORD-005032,107,2,59.99,22.0,119.98,44.0
ITEM-0008887,ORD-005033,301,2,289.0,130.0,578.0,260.0
ITEM-0008888,ORD-005033,206,1,45.0,11.0,45.0,11.0
ITEM-0008889,ORD-005034,105,2,39.99,12.0,79.98,24.0
ITEM-0008890,ORD-005034,206,1,45.0,11.0,45.0,11.0
ITEM-0008891,ORD-005035,301,1,289.0,130.0,289.0,130.0
ITEM-0008892,ORD-005036,101,1,199.99,85.0,199.99,85.0
ITEM-0008893,ORD-005037,501,1,42.0,13.0,42.0,13.0
ITEM-0008894,ORD-005038,201,1,28.0,8.5,28.0,8.5
ITEM-0008895,ORD-005039,402,2,34.0,8.5,68.0,17.0
ITEM-0008896,ORD-005040,501,1,42.0,13.0,42.0,13.0
ITEM-0008897,ORD-005041,302,1,45.0,15.0,45.0,15.0
ITEM-0008898,ORD-005041,401,1,26.0,6.0,26.0,6.0
ITEM-0008899,ORD-005041,505,1,75.0,24.0,75.0,24.0
ITEM-0008900,ORD-005042,307,2,29.99,8.0,59.98,16.0
ITEM-0008901,ORD-005043,505,2,75.0,24.0,150.0,48.0
ITEM-0008902,ORD-005044,306,2,32.5,10.0,65.0,20.0
ITEM-0008903,ORD-005045,303,1,24.99,7.5,24.99,7.5
ITEM-0008904,ORD-005045,201,1,28.0,8.5,28.0,8.5
ITEM-0008905,ORD-005045,307,3,29.99,8.0,89.97,24.0
ITEM-0008906,ORD-005045,403,1,22.0,5.2,22.0,5.2
ITEM-0008907,ORD-005046,206,1,45.0,11.0,45.0,11.0
ITEM-0008908,ORD-005046,303,2,24.99,7.5,49.98,15.0
ITEM-0008909,ORD-005047,502,1,22.99,5.5,22.99,5.5
ITEM-0008910,ORD-005048,201,1,28.0,8.5,28.0,8.5
ITEM-0008911,ORD-005049,103,1,89.99,36.0,89.99,36.0
ITEM-0008912,ORD-005050,302,1,45.0,15.0,45.0,15.0
ITEM-0008913,ORD-005050,303,1,24.99,7.5,24.99,7.5
ITEM-0008914,ORD-005050,306,1,32.5,10.0,32.5,10.0
ITEM-0008915,ORD-005050,401,1,26.0,6.0,26.0,6.0
ITEM-0008916,ORD-005051,104,1,349.99,175.0,349.99,175.0
ITEM-0008917,ORD-005051,102,1,49.99,18.0,49.99,18.0
ITEM-0008918,ORD-005052,305,1,59.99,20.0,59.99,20.0
ITEM-0008919,ORD-005052,103,1,89.99,36.0,89.99,36.0
ITEM-0008920,ORD-005053,105,1,39.99,12.0,39.99,12.0
ITEM-0008921,ORD-005053,101,2,199.99,85.0,399.98,170.0
ITEM-0008922,ORD-005053,305,2,59.99,20.0,119.98,40.0
ITEM-0008923,ORD-005054,503,2,48.0,15.0,96.0,30.0
ITEM-0008924,ORD-005055,305,1,59.99,20.0,59.99,20.0
ITEM-0008925,ORD-005056,503,1,48.0,15.0,48.0,15.0
ITEM-0008926,ORD-005056,403,1,22.0,5.2,22.0,5.2
ITEM-0008927,ORD-005057,203,1,120.0,42.0,120.0,42.0
ITEM-0008928,ORD-005057,505,1,75.0,24.0,75.0,24.0
ITEM-0008929,ORD-005057,106,2,179.99,70.0,359.98,140.0
ITEM-0008930,ORD-005058,107,1,59.99,22.0,59.99,22.0
ITEM-0008931,ORD-005059,108,1,29.99,9.5,29.99,9.5
ITEM-0008932,ORD-005059,403,1,22.0,5.2,22.0,5.2
ITEM-0008933,ORD-005059,502,1,22.99,5.5,22.99,5.5
ITEM-0008934,ORD-005060,505,2,75.0,24.0,150.0,48.0
ITEM-0008935,ORD-005061,306,1,32.5,10.0,32.5,10.0
ITEM-0008936,ORD-005062,504,1,16.99,4.2,16.99,4.2
ITEM-0008937,ORD-005063,204,1,24.0,6.0,24.0,6.0
ITEM-0008938,ORD-005063,205,1,54.0,16.0,54.0,16.0
ITEM-0008939,ORD-005063,302,1,45.0,15.0,45.0,15.0
ITEM-0008940,ORD-005063,505,1,75.0,24.0,75.0,24.0
ITEM-0008941,ORD-005064,202,1,68.0,22.0,68.0,22.0
ITEM-0008942,ORD-005064,108,2,29.99,9.5,59.98,19.0
ITEM-0008943,ORD-005065,502,3,22.99,5.5,68.97,16.5
ITEM-0008944,ORD-005065,501,1,42.0,13.0,42.0,13.0
ITEM-0008945,ORD-005065,202,1,68.0,22.0,68.0,22.0
ITEM-0008946,ORD-005066,303,1,24.99,7.5,24.99,7.5
ITEM-0008947,ORD-005067,101,1,199.99,85.0,199.99,85.0
ITEM-0008948,ORD-005067,303,1,24.99,7.5,24.99,7.5
ITEM-0008949,ORD-005068,403,1,22.0,5.2,22.0,5.2
ITEM-0008950,ORD-005069,303,2,24.99,7.5,49.98,15.0
ITEM-0008951,ORD-005069,108,1,29.99,9.5,29.99,9.5
ITEM-0008952,ORD-005069,501,1,42.0,13.0,42.0,13.0
ITEM-0008953,ORD-005070,107,3,59.99,22.0,179.97,66.0
ITEM-0008954,ORD-005071,405,1,18.0,4.0,18.0,4.0
ITEM-0008955,ORD-005071,108,1,29.99,9.5,29.99,9.5
ITEM-0008956,ORD-005071,301,1,289.0,130.0,289.0,130.0
ITEM-0008957,ORD-005072,201,1,28.0,8.5,28.0,8.5
ITEM-0008958,ORD-005072,303,1,24.99,7.5,24.99,7.5
ITEM-0008959,ORD-005073,108,1,29.99,9.5,29.99,9.5
ITEM-0008960,ORD-005074,307,1,29.99,8.0,29.99,8.0
ITEM-0008961,ORD-005074,305,2,59.99,20.0,119.98,40.0
ITEM-0008962,ORD-005074,107,1,59.99,22.0,59.99,22.0
ITEM-0008963,ORD-005074,304,1,39.99,14.0,39.99,14.0
ITEM-0008964,ORD-005075,401,1,26.0,6.0,26.0,6.0
ITEM-0008965,ORD-005075,403,1,22.0,5.2,22.0,5.2
ITEM-0008966,ORD-005076,204,2,24.0,6.0,48.0,12.0
ITEM-0008967,ORD-005076,402,2,34.0,8.5,68.0,17.0
ITEM-0008968,ORD-005077,203,1,120.0,42.0,120.0,42.0
ITEM-0008969,ORD-005078,403,1,22.0,5.2,22.0,5.2
ITEM-0008970,ORD-005079,405,2,18.0,4.0,36.0,8.0
ITEM-0008971,ORD-005080,405,1,18.0,4.0,18.0,4.0
ITEM-0008972,ORD-005081,401,2,26.0,6.0,52.0,12.0
ITEM-0008973,ORD-005082,203,1,120.0,42.0,120.0,42.0
ITEM-0008974,ORD-005083,108,1,29.99,9.5,29.99,9.5
ITEM-0008975,ORD-005083,205,1,54.0,16.0,54.0,16.0
ITEM-0008976,ORD-005084,108,1,29.99,9.5,29.99,9.5
ITEM-0008977,ORD-005084,304,2,39.99,14.0,79.98,28.0
ITEM-0008978,ORD-005085,105,3,39.99,12.0,119.97,36.0
ITEM-0008979,ORD-005085,307,1,29.99,8.0,29.99,8.0
ITEM-0008980,ORD-005086,304,3,39.99,14.0,119.97,42.0
ITEM-0008981,ORD-005086,108,1,29.99,9.5,29.99,9.5
ITEM-0008982,ORD-005087,205,1,54.0,16.0,54.0,16.0
ITEM-0008983,ORD-005088,205,1,54.0,16.0,54.0,16.0
ITEM-0008984,ORD-005088,304,1,39.99,14.0,39.99,14.0
ITEM-0008985,ORD-005088,403,2,22.0,5.2,44.0,10.4
ITEM-0008986,ORD-005088,204,1,24.0,6.0,24.0,6.0
ITEM-0008987,ORD-005089,107,1,59.99,22.0,59.99,22.0
ITEM-0008988,ORD-005090,204,1,24.0,6.0,24.0,6.0
ITEM-0008989,ORD-005091,103,1,89.99,36.0,89.99,36.0
ITEM-0008990,ORD-005092,301,1,289.0,130.0,289.0,130.0
ITEM-0008991,ORD-005092,302,1,45.0,15.0,45.0,15.0
ITEM-0008992,ORD-005093,107,1,59.99,22.0,59.99,22.0
ITEM-0008993,ORD-005093,104,2,349.99,175.0,699.98,350.0
ITEM-0008994,ORD-005094,301,1,289.0,130.0,289.0,130.0
ITEM-0008995,ORD-005095,105,1,39.99,12.0,39.99,12.0
ITEM-0008996,ORD-005095,503,1,48.0,15.0,48.0,15.0
ITEM-0008997,ORD-005095,502,1,22.99,5.5,22.99,5.5
ITEM-0008998,ORD-005096,307,1,29.99,8.0,29.99,8.0
ITEM-0008999,ORD-005096,505,3,75.0,24.0,225.0,72.0
ITEM-0009000,ORD-005097,303,1,24.99,7.5,24.99,7.5
ITEM-0009001,ORD-005098,105,1,39.99,12.0,39.99,12.0
ITEM-0009002,ORD-005098,301,1,289.0,130.0,289.0,130.0
ITEM-0009003,ORD-005099,402,1,34.0,8.5,34.0,8.5
ITEM-0009004,ORD-005099,405,1,18.0,4.0,18.0,4.0
ITEM-0009005,ORD-005100,404,1,64.99,21.0,64.99,21.0
ITEM-0009006,ORD-005101,106,1,179.99,70.0,179.99,70.0
ITEM-0009007,ORD-005102,201,1,28.0,8.5,28.0,8.5
ITEM-0009008,ORD-005102,206,1,45.0,11.0,45.0,11.0
ITEM-0009009,ORD-005102,502,1,22.99,5.5,22.99,5.5
ITEM-0009010,ORD-005103,501,1,42.0,13.0,42.0,13.0
ITEM-0009011,ORD-005104,302,1,45.0,15.0,45.0,15.0
ITEM-0009012,ORD-005105,202,1,68.0,22.0,68.0,22.0
ITEM-0009013,ORD-005105,502,1,22.99,5.5,22.99,5.5
ITEM-0009014,ORD-005106,501,1,42.0,13.0,42.0,13.0
ITEM-0009015,ORD-005106,307,1,29.99,8.0,29.99,8.0
ITEM-0009016,ORD-005107,502,1,22.99,5.5,22.99,5.5
ITEM-0009017,ORD-005107,404,1,64.99,21.0,64.99,21.0
ITEM-0009018,ORD-005108,107,1,59.99,22.0,59.99,22.0
ITEM-0009019,ORD-005109,102,2,49.99,18.0,99.98,36.0
ITEM-0009020,ORD-005109,404,2,64.99,21.0,129.98,42.0
ITEM-0009021,ORD-005109,402,2,34.0,8.5,68.0,17.0
ITEM-0009022,ORD-005109,306,1,32.5,10.0,32.5,10.0
ITEM-0009023,ORD-005110,205,1,54.0,16.0,54.0,16.0
ITEM-0009024,ORD-005110,206,1,45.0,11.0,45.0,11.0
ITEM-0009025,ORD-005110,405,1,18.0,4.0,18.0,4.0
ITEM-0009026,ORD-005111,104,1,349.99,175.0,349.99,175.0
ITEM-0009027,ORD-005112,503,1,48.0,15.0,48.0,15.0
ITEM-0009028,ORD-005112,206,1,45.0,11.0,45.0,11.0
ITEM-0009029,ORD-005113,501,1,42.0,13.0,42.0,13.0
ITEM-0009030,ORD-005113,502,1,22.99,5.5,22.99,5.5
ITEM-0009031,ORD-005114,302,2,45.0,15.0,90.0,30.0
ITEM-0009032,ORD-005114,201,1,28.0,8.5,28.0,8.5
ITEM-0009033,ORD-005114,303,1,24.99,7.5,24.99,7.5
ITEM-0009034,ORD-005115,503,1,48.0,15.0,48.0,15.0
ITEM-0009035,ORD-005116,106,1,179.99,70.0,179.99,70.0
ITEM-0009036,ORD-005117,401,1,26.0,6.0,26.0,6.0
ITEM-0009037,ORD-005117,402,1,34.0,8.5,34.0,8.5
ITEM-0009038,ORD-005118,505,1,75.0,24.0,75.0,24.0
ITEM-0009039,ORD-005119,101,2,199.99,85.0,399.98,170.0
ITEM-0009040,ORD-005119,108,1,29.99,9.5,29.99,9.5
ITEM-0009041,ORD-005119,103,1,89.99,36.0,89.99,36.0
ITEM-0009042,ORD-005119,102,1,49.99,18.0,49.99,18.0
ITEM-0009043,ORD-005120,403,1,22.0,5.2,22.0,5.2
ITEM-0009044,ORD-005120,401,2,26.0,6.0,52.0,12.0
ITEM-0009045,ORD-005121,203,1,120.0,42.0,120.0,42.0
ITEM-0009046,ORD-005121,204,1,24.0,6.0,24.0,6.0
ITEM-0009047,ORD-005121,105,1,39.99,12.0,39.99,12.0
ITEM-0009048,ORD-005122,103,1,89.99,36.0,89.99,36.0
ITEM-0009049,ORD-005123,106,1,179.99,70.0,179.99,70.0
ITEM-0009050,ORD-005123,304,1,39.99,14.0,39.99,14.0
ITEM-0009051,ORD-005123,302,1,45.0,15.0,45.0,15.0
ITEM-0009052,ORD-005124,107,1,59.99,22.0,59.99,22.0
ITEM-0009053,ORD-005125,305,1,59.99,20.0,59.99,20.0
ITEM-0009054,ORD-005125,404,1,64.99,21.0,64.99,21.0
ITEM-0009055,ORD-005126,104,1,349.99,175.0,349.99,175.0
ITEM-0009056,ORD-005127,106,1,179.99,70.0,179.99,70.0
ITEM-0009057,ORD-005127,403,1,22.0,5.2,22.0,5.2
ITEM-0009058,ORD-005128,404,1,64.99,21.0,64.99,21.0
ITEM-0009059,ORD-005129,405,1,18.0,4.0,18.0,4.0
ITEM-0009060,ORD-005130,202,1,68.0,22.0,68.0,22.0
ITEM-0009061,ORD-005130,402,2,34.0,8.5,68.0,17.0
ITEM-0009062,ORD-005130,107,1,59.99,22.0,59.99,22.0
ITEM-0009063,ORD-005131,402,1,34.0,8.5,34.0,8.5
ITEM-0009064,ORD-005131,307,1,29.99,8.0,29.99,8.0
ITEM-0009065,ORD-005132,206,1,45.0,11.0,45.0,11.0
ITEM-0009066,ORD-005133,205,1,54.0,16.0,54.0,16.0
ITEM-0009067,ORD-005133,301,1,289.0,130.0,289.0,130.0
ITEM-0009068,ORD-005134,501,1,42.0,13.0,42.0,13.0
ITEM-0009069,ORD-005135,204,1,24.0,6.0,24.0,6.0
ITEM-0009070,ORD-005136,503,1,48.0,15.0,48.0,15.0
ITEM-0009071,ORD-005136,404,1,64.99,21.0,64.99,21.0
ITEM-0009072,ORD-005136,303,1,24.99,7.5,24.99,7.5
ITEM-0009073,ORD-005136,105,1,39.99,12.0,39.99,12.0
ITEM-0009074,ORD-005137,503,1,48.0,15.0,48.0,15.0
ITEM-0009075,ORD-005138,301,2,289.0,130.0,578.0,260.0
ITEM-0009076,ORD-005139,307,1,29.99,8.0,29.99,8.0
ITEM-0009077,ORD-005139,504,1,16.99,4.2,16.99,4.2
ITEM-0009078,ORD-005140,202,1,68.0,22.0,68.0,22.0
ITEM-0009079,ORD-005140,206,1,45.0,11.0,45.0,11.0
ITEM-0009080,ORD-005140,404,2,64.99,21.0,129.98,42.0
ITEM-0009081,ORD-005141,504,2,16.99,4.2,33.98,8.4
ITEM-0009082,ORD-005142,504,1,16.99,4.2,16.99,4.2
ITEM-0009083,ORD-005142,101,1,199.99,85.0,199.99,85.0
ITEM-0009084,ORD-005143,504,1,16.99,4.2,16.99,4.2
ITEM-0009085,ORD-005144,105,2,39.99,12.0,79.98,24.0
ITEM-0009086,ORD-005144,301,3,289.0,130.0,867.0,390.0
ITEM-0009087,ORD-005145,103,1,89.99,36.0,89.99,36.0
ITEM-0009088,ORD-005146,106,1,179.99,70.0,179.99,70.0
ITEM-0009089,ORD-005146,101,1,199.99,85.0,199.99,85.0
ITEM-0009090,ORD-005146,303,1,24.99,7.5,24.99,7.5
ITEM-0009091,ORD-005147,504,1,16.99,4.2,16.99,4.2
ITEM-0009092,ORD-005147,306,1,32.5,10.0,32.5,10.0
ITEM-0009093,ORD-005147,403,1,22.0,5.2,22.0,5.2
ITEM-0009094,ORD-005148,405,1,18.0,4.0,18.0,4.0
ITEM-0009095,ORD-005148,206,1,45.0,11.0,45.0,11.0
ITEM-0009096,ORD-005148,504,1,16.99,4.2,16.99,4.2
ITEM-0009097,ORD-005148,302,1,45.0,15.0,45.0,15.0
ITEM-0009098,ORD-005149,306,1,32.5,10.0,32.5,10.0
ITEM-0009099,ORD-005150,305,1,59.99,20.0,59.99,20.0
ITEM-0009100,ORD-005150,206,1,45.0,11.0,45.0,11.0
ITEM-0009101,ORD-005150,301,1,289.0,130.0,289.0,130.0
ITEM-0009102,ORD-005151,401,2,26.0,6.0,52.0,12.0
ITEM-0009103,ORD-005151,403,1,22.0,5.2,22.0,5.2
ITEM-0009104,ORD-005152,303,1,24.99,7.5,24.99,7.5
ITEM-0009105,ORD-005153,101,2,199.99,85.0,399.98,170.0
ITEM-0009106,ORD-005153,108,1,29.99,9.5,29.99,9.5
ITEM-0009107,ORD-005154,503,1,48.0,15.0,48.0,15.0
ITEM-0009108,ORD-005155,205,2,54.0,16.0,108.0,32.0
ITEM-0009109,ORD-005155,107,1,59.99,22.0,59.99,22.0
ITEM-0009110,ORD-005156,102,1,49.99,18.0,49.99,18.0
ITEM-0009111,ORD-005156,204,1,24.0,6.0,24.0,6.0
ITEM-0009112,ORD-005156,206,2,45.0,11.0,90.0,22.0
ITEM-0009113,ORD-005157,503,1,48.0,15.0,48.0,15.0
ITEM-0009114,ORD-005158,402,1,34.0,8.5,34.0,8.5
ITEM-0009115,ORD-005158,401,1,26.0,6.0,26.0,6.0
ITEM-0009116,ORD-005159,302,1,45.0,15.0,45.0,15.0
ITEM-0009117,ORD-005159,401,1,26.0,6.0,26.0,6.0
ITEM-0009118,ORD-005159,305,1,59.99,20.0,59.99,20.0
ITEM-0009119,ORD-005159,307,2,29.99,8.0,59.98,16.0
ITEM-0009120,ORD-005160,405,1,18.0,4.0,18.0,4.0
ITEM-0009121,ORD-005160,101,1,199.99,85.0,199.99,85.0
ITEM-0009122,ORD-005161,301,1,289.0,130.0,289.0,130.0
ITEM-0009123,ORD-005162,203,1,120.0,42.0,120.0,42.0
ITEM-0009124,ORD-005163,504,1,16.99,4.2,16.99,4.2
ITEM-0009125,ORD-005164,205,1,54.0,16.0,54.0,16.0
ITEM-0009126,ORD-005165,107,3,59.99,22.0,179.97,66.0
ITEM-0009127,ORD-005166,402,1,34.0,8.5,34.0,8.5
ITEM-0009128,ORD-005167,403,1,22.0,5.2,22.0,5.2
ITEM-0009129,ORD-005167,306,2,32.5,10.0,65.0,20.0
ITEM-0009130,ORD-005168,301,1,289.0,130.0,289.0,130.0
ITEM-0009131,ORD-005169,106,1,179.99,70.0,179.99,70.0
ITEM-0009132,ORD-005170,501,1,42.0,13.0,42.0,13.0
ITEM-0009133,ORD-005171,103,1,89.99,36.0,89.99,36.0
ITEM-0009134,ORD-005172,501,2,42.0,13.0,84.0,26.0
ITEM-0009135,ORD-005173,107,1,59.99,22.0,59.99,22.0
ITEM-0009136,ORD-005173,305,2,59.99,20.0,119.98,40.0
ITEM-0009137,ORD-005173,504,1,16.99,4.2,16.99,4.2
ITEM-0009138,ORD-005174,302,1,45.0,15.0,45.0,15.0
ITEM-0009139,ORD-005174,201,1,28.0,8.5,28.0,8.5
ITEM-0009140,ORD-005174,402,1,34.0,8.5,34.0,8.5
ITEM-0009141,ORD-005175,201,1,28.0,8.5,28.0,8.5
ITEM-0009142,ORD-005175,102,3,49.99,18.0,149.97,54.0
ITEM-0009143,ORD-005176,303,1,24.99,7.5,24.99,7.5
ITEM-0009144,ORD-005177,402,1,34.0,8.5,34.0,8.5
ITEM-0009145,ORD-005177,503,1,48.0,15.0,48.0,15.0
ITEM-0009146,ORD-005178,405,1,18.0,4.0,18.0,4.0
ITEM-0009147,ORD-005178,502,1,22.99,5.5,22.99,5.5
ITEM-0009148,ORD-005179,405,1,18.0,4.0,18.0,4.0
ITEM-0009149,ORD-005179,503,1,48.0,15.0,48.0,15.0
ITEM-0009150,ORD-005180,505,2,75.0,24.0,150.0,48.0
ITEM-0009151,ORD-005180,105,1,39.99,12.0,39.99,12.0
ITEM-0009152,ORD-005180,302,1,45.0,15.0,45.0,15.0
ITEM-0009153,ORD-005180,405,1,18.0,4.0,18.0,4.0
ITEM-0009154,ORD-005181,306,2,32.5,10.0,65.0,20.0
ITEM-0009155,ORD-005181,504,1,16.99,4.2,16.99,4.2
ITEM-0009156,ORD-005182,502,1,22.99,5.5,22.99,5.5
ITEM-0009157,ORD-005182,205,1,54.0,16.0,54.0,16.0
ITEM-0009158,ORD-005182,304,1,39.99,14.0,39.99,14.0
ITEM-0009159,ORD-005183,108,1,29.99,9.5,29.99,9.5
ITEM-0009160,ORD-005184,102,1,49.99,18.0,49.99,18.0
ITEM-0009161,ORD-005184,306,1,32.5,10.0,32.5,10.0
ITEM-0009162,ORD-005184,203,1,120.0,42.0,120.0,42.0
ITEM-0009163,ORD-005185,206,2,45.0,11.0,90.0,22.0
ITEM-0009164,ORD-005185,205,1,54.0,16.0,54.0,16.0
ITEM-0009165,ORD-005185,307,2,29.99,8.0,59.98,16.0
ITEM-0009166,ORD-005186,303,1,24.99,7.5,24.99,7.5
ITEM-0009167,ORD-005187,503,1,48.0,15.0,48.0,15.0
ITEM-0009168,ORD-005188,203,1,120.0,42.0,120.0,42.0
ITEM-0009169,ORD-005189,303,1,24.99,7.5,24.99,7.5
ITEM-0009170,ORD-005189,202,1,68.0,22.0,68.0,22.0
ITEM-0009171,ORD-005189,402,1,34.0,8.5,34.0,8.5
ITEM-0009172,ORD-005190,403,1,22.0,5.2,22.0,5.2
ITEM-0009173,ORD-005190,202,1,68.0,22.0,68.0,22.0
ITEM-0009174,ORD-005190,304,1,39.99,14.0,39.99,14.0
ITEM-0009175,ORD-005190,101,1,199.99,85.0,199.99,85.0
ITEM-0009176,ORD-005191,205,1,54.0,16.0,54.0,16.0
ITEM-0009177,ORD-005191,303,3,24.99,7.5,74.97,22.5
ITEM-0009178,ORD-005191,501,1,42.0,13.0,42.0,13.0
ITEM-0009179,ORD-005191,307,1,29.99,8.0,29.99,8.0
ITEM-0009180,ORD-005192,302,1,45.0,15.0,45.0,15.0
ITEM-0009181,ORD-005192,303,1,24.99,7.5,24.99,7.5
ITEM-0009182,ORD-005193,102,1,49.99,18.0,49.99,18.0
ITEM-0009183,ORD-005193,307,2,29.99,8.0,59.98,16.0
ITEM-0009184,ORD-005194,105,2,39.99,12.0,79.98,24.0
ITEM-0009185,ORD-005194,204,1,24.0,6.0,24.0,6.0
ITEM-0009186,ORD-005195,203,1,120.0,42.0,120.0,42.0
ITEM-0009187,ORD-005196,503,1,48.0,15.0,48.0,15.0
ITEM-0009188,ORD-005196,405,1,18.0,4.0,18.0,4.0
ITEM-0009189,ORD-005197,302,1,45.0,15.0,45.0,15.0
ITEM-0009190,ORD-005197,402,1,34.0,8.5,34.0,8.5
ITEM-0009191,ORD-005197,103,1,89.99,36.0,89.99,36.0
ITEM-0009192,ORD-005198,502,1,22.99,5.5,22.99,5.5
ITEM-0009193,ORD-005199,505,1,75.0,24.0,75.0,24.0
ITEM-0009194,ORD-005199,404,1,64.99,21.0,64.99,21.0
ITEM-0009195,ORD-005199,104,1,349.99,175.0,349.99,175.0
ITEM-0009196,ORD-005200,105,1,39.99,12.0,39.99,12.0
ITEM-0009197,ORD-005201,302,1,45.0,15.0,45.0,15.0
ITEM-0009198,ORD-005201,405,1,18.0,4.0,18.0,4.0
ITEM-0009199,ORD-005202,203,1,120.0,42.0,120.0,42.0
ITEM-0009200,ORD-005203,307,2,29.99,8.0,59.98,16.0
ITEM-0009201,ORD-005203,106,3,179.99,70.0,539.97,210.0
ITEM-0009202,ORD-005203,402,2,34.0,8.5,68.0,17.0
ITEM-0009203,ORD-005204,403,1,22.0,5.2,22.0,5.2
ITEM-0009204,ORD-005205,203,1,120.0,42.0,120.0,42.0
ITEM-0009205,ORD-005205,306,1,32.5,10.0,32.5,10.0
ITEM-0009206,ORD-005205,103,2,89.99,36.0,179.98,72.0
ITEM-0009207,ORD-005206,405,1,18.0,4.0,18.0,4.0
ITEM-0009208,ORD-005207,504,1,16.99,4.2,16.99,4.2
ITEM-0009209,ORD-005208,203,1,120.0,42.0,120.0,42.0
ITEM-0009210,ORD-005208,108,2,29.99,9.5,59.98,19.0
ITEM-0009211,ORD-005209,103,1,89.99,36.0,89.99,36.0
ITEM-0009212,ORD-005209,403,1,22.0,5.2,22.0,5.2
ITEM-0009213,ORD-005210,101,2,199.99,85.0,399.98,170.0
ITEM-0009214,ORD-005211,106,3,179.99,70.0,539.97,210.0
ITEM-0009215,ORD-005211,502,1,22.99,5.5,22.99,5.5
ITEM-0009216,ORD-005211,107,3,59.99,22.0,179.97,66.0
ITEM-0009217,ORD-005211,503,1,48.0,15.0,48.0,15.0
ITEM-0009218,ORD-005212,501,1,42.0,13.0,42.0,13.0
ITEM-0009219,ORD-005213,305,2,59.99,20.0,119.98,40.0
ITEM-0009220,ORD-005213,105,1,39.99,12.0,39.99,12.0
ITEM-0009221,ORD-005214,505,3,75.0,24.0,225.0,72.0
ITEM-0009222,ORD-005215,103,1,89.99,36.0,89.99,36.0
ITEM-0009223,ORD-005215,204,1,24.0,6.0,24.0,6.0
ITEM-0009224,ORD-005215,202,1,68.0,22.0,68.0,22.0
ITEM-0009225,ORD-005215,402,1,34.0,8.5,34.0,8.5
ITEM-0009226,ORD-005216,505,1,75.0,24.0,75.0,24.0
ITEM-0009227,ORD-005217,403,1,22.0,5.2,22.0,5.2
ITEM-0009228,ORD-005218,203,1,120.0,42.0,120.0,42.0
ITEM-0009229,ORD-005218,205,1,54.0,16.0,54.0,16.0
ITEM-0009230,ORD-005219,201,1,28.0,8.5,28.0,8.5
ITEM-0009231,ORD-005220,403,1,22.0,5.2,22.0,5.2
ITEM-0009232,ORD-005221,106,1,179.99,70.0,179.99,70.0
ITEM-0009233,ORD-005222,306,1,32.5,10.0,32.5,10.0
ITEM-0009234,ORD-005223,103,1,89.99,36.0,89.99,36.0
ITEM-0009235,ORD-005224,306,1,32.5,10.0,32.5,10.0
ITEM-0009236,ORD-005225,302,1,45.0,15.0,45.0,15.0
ITEM-0009237,ORD-005225,104,1,349.99,175.0,349.99,175.0
ITEM-0009238,ORD-005226,404,1,64.99,21.0,64.99,21.0
ITEM-0009239,ORD-005227,302,1,45.0,15.0,45.0,15.0
ITEM-0009240,ORD-005227,105,1,39.99,12.0,39.99,12.0
ITEM-0009241,ORD-005227,503,1,48.0,15.0,48.0,15.0
ITEM-0009242,ORD-005227,108,1,29.99,9.5,29.99,9.5
ITEM-0009243,ORD-005228,101,1,199.99,85.0,199.99,85.0
ITEM-0009244,ORD-005228,306,1,32.5,10.0,32.5,10.0
ITEM-0009245,ORD-005228,304,1,39.99,14.0,39.99,14.0
ITEM-0009246,ORD-005229,301,1,289.0,130.0,289.0,130.0
ITEM-0009247,ORD-005230,301,1,289.0,130.0,289.0,130.0
ITEM-0009248,ORD-005230,303,1,24.99,7.5,24.99,7.5
ITEM-0009249,ORD-005230,205,3,54.0,16.0,162.0,48.0
ITEM-0009250,ORD-005231,503,1,48.0,15.0,48.0,15.0
ITEM-0009251,ORD-005231,305,1,59.99,20.0,59.99,20.0
ITEM-0009252,ORD-005232,101,1,199.99,85.0,199.99,85.0
ITEM-0009253,ORD-005232,107,1,59.99,22.0,59.99,22.0
ITEM-0009254,ORD-005232,402,1,34.0,8.5,34.0,8.5
ITEM-0009255,ORD-005233,501,1,42.0,13.0,42.0,13.0
ITEM-0009256,ORD-005233,502,1,22.99,5.5,22.99,5.5
ITEM-0009257,ORD-005234,404,1,64.99,21.0,64.99,21.0
ITEM-0009258,ORD-005234,102,1,49.99,18.0,49.99,18.0
ITEM-0009259,ORD-005235,405,1,18.0,4.0,18.0,4.0
ITEM-0009260,ORD-005235,107,1,59.99,22.0,59.99,22.0
ITEM-0009261,ORD-005235,502,2,22.99,5.5,45.98,11.0
ITEM-0009262,ORD-005236,205,1,54.0,16.0,54.0,16.0
ITEM-0009263,ORD-005236,303,1,24.99,7.5,24.99,7.5
ITEM-0009264,ORD-005236,304,1,39.99,14.0,39.99,14.0
ITEM-0009265,ORD-005236,404,1,64.99,21.0,64.99,21.0
ITEM-0009266,ORD-005237,501,2,42.0,13.0,84.0,26.0
ITEM-0009267,ORD-005237,505,1,75.0,24.0,75.0,24.0
ITEM-0009268,ORD-005237,104,1,349.99,175.0,349.99,175.0
ITEM-0009269,ORD-005238,505,1,75.0,24.0,75.0,24.0
ITEM-0009270,ORD-005238,404,1,64.99,21.0,64.99,21.0
ITEM-0009271,ORD-005239,505,1,75.0,24.0,75.0,24.0
ITEM-0009272,ORD-005240,402,1,34.0,8.5,34.0,8.5
ITEM-0009273,ORD-005240,405,1,18.0,4.0,18.0,4.0
ITEM-0009274,ORD-005241,303,2,24.99,7.5,49.98,15.0
ITEM-0009275,ORD-005242,302,1,45.0,15.0,45.0,15.0
ITEM-0009276,ORD-005242,505,2,75.0,24.0,150.0,48.0
ITEM-0009277,ORD-005243,402,2,34.0,8.5,68.0,17.0
ITEM-0009278,ORD-005243,501,1,42.0,13.0,42.0,13.0
ITEM-0009279,ORD-005244,502,2,22.99,5.5,45.98,11.0
ITEM-0009280,ORD-005245,307,1,29.99,8.0,29.99,8.0
ITEM-0009281,ORD-005245,402,1,34.0,8.5,34.0,8.5
ITEM-0009282,ORD-005245,106,1,179.99,70.0,179.99,70.0
ITEM-0009283,ORD-005245,405,1,18.0,4.0,18.0,4.0
ITEM-0009284,ORD-005246,505,2,75.0,24.0,150.0,48.0
ITEM-0009285,ORD-005246,307,1,29.99,8.0,29.99,8.0
ITEM-0009286,ORD-005247,102,2,49.99,18.0,99.98,36.0
ITEM-0009287,ORD-005247,403,1,22.0,5.2,22.0,5.2
ITEM-0009288,ORD-005247,206,1,45.0,11.0,45.0,11.0
ITEM-0009289,ORD-005248,405,2,18.0,4.0,36.0,8.0
ITEM-0009290,ORD-005249,405,1,18.0,4.0,18.0,4.0
ITEM-0009291,ORD-005249,401,1,26.0,6.0,26.0,6.0
ITEM-0009292,ORD-005250,304,1,39.99,14.0,39.99,14.0
ITEM-0009293,ORD-005250,501,1,42.0,13.0,42.0,13.0
ITEM-0009294,ORD-005250,201,1,28.0,8.5,28.0,8.5
ITEM-0009295,ORD-005251,101,1,199.99,85.0,199.99,85.0
ITEM-0009296,ORD-005252,307,1,29.99,8.0,29.99,8.0
ITEM-0009297,ORD-005252,503,1,48.0,15.0,48.0,15.0
ITEM-0009298,ORD-005253,302,1,45.0,15.0,45.0,15.0
ITEM-0009299,ORD-005254,305,1,59.99,20.0,59.99,20.0
ITEM-0009300,ORD-005254,405,1,18.0,4.0,18.0,4.0
ITEM-0009301,ORD-005254,306,1,32.5,10.0,32.5,10.0
ITEM-0009302,ORD-005255,302,1,45.0,15.0,45.0,15.0
ITEM-0009303,ORD-005255,204,1,24.0,6.0,24.0,6.0
ITEM-0009304,ORD-005256,201,1,28.0,8.5,28.0,8.5
ITEM-0009305,ORD-005257,104,1,349.99,175.0,349.99,175.0
ITEM-0009306,ORD-005258,101,1,199.99,85.0,199.99,85.0
ITEM-0009307,ORD-005259,505,1,75.0,24.0,75.0,24.0
ITEM-0009308,ORD-005259,403,1,22.0,5.2,22.0,5.2
ITEM-0009309,ORD-005260,401,2,26.0,6.0,52.0,12.0
ITEM-0009310,ORD-005261,108,1,29.99,9.5,29.99,9.5
ITEM-0009311,ORD-005261,206,1,45.0,11.0,45.0,11.0
ITEM-0009312,ORD-005262,306,2,32.5,10.0,65.0,20.0
ITEM-0009313,ORD-005262,204,2,24.0,6.0,48.0,12.0
ITEM-0009314,ORD-005262,505,1,75.0,24.0,75.0,24.0
ITEM-0009315,ORD-005263,306,1,32.5,10.0,32.5,10.0
ITEM-0009316,ORD-005263,504,2,16.99,4.2,33.98,8.4
ITEM-0009317,ORD-005264,103,1,89.99,36.0,89.99,36.0
ITEM-0009318,ORD-005264,305,1,59.99,20.0,59.99,20.0
ITEM-0009319,ORD-005265,206,1,45.0,11.0,45.0,11.0
ITEM-0009320,ORD-005265,202,1,68.0,22.0,68.0,22.0
ITEM-0009321,ORD-005266,405,1,18.0,4.0,18.0,4.0
ITEM-0009322,ORD-005267,206,1,45.0,11.0,45.0,11.0
ITEM-0009323,ORD-005268,204,1,24.0,6.0,24.0,6.0
ITEM-0009324,ORD-005269,403,1,22.0,5.2,22.0,5.2
ITEM-0009325,ORD-005269,101,1,199.99,85.0,199.99,85.0
ITEM-0009326,ORD-005270,502,1,22.99,5.5,22.99,5.5
ITEM-0009327,ORD-005271,203,2,120.0,42.0,240.0,84.0
ITEM-0009328,ORD-005272,405,1,18.0,4.0,18.0,4.0
ITEM-0009329,ORD-005273,403,1,22.0,5.2,22.0,5.2
ITEM-0009330,ORD-005274,204,1,24.0,6.0,24.0,6.0
ITEM-0009331,ORD-005274,405,1,18.0,4.0,18.0,4.0
ITEM-0009332,ORD-005274,106,1,179.99,70.0,179.99,70.0
ITEM-0009333,ORD-005275,201,1,28.0,8.5,28.0,8.5
ITEM-0009334,ORD-005275,107,1,59.99,22.0,59.99,22.0
ITEM-0009335,ORD-005275,102,3,49.99,18.0,149.97,54.0
ITEM-0009336,ORD-005275,104,1,349.99,175.0,349.99,175.0
ITEM-0009337,ORD-005276,504,1,16.99,4.2,16.99,4.2
ITEM-0009338,ORD-005276,108,1,29.99,9.5,29.99,9.5
ITEM-0009339,ORD-005276,107,1,59.99,22.0,59.99,22.0
ITEM-0009340,ORD-005277,203,1,120.0,42.0,120.0,42.0
ITEM-0009341,ORD-005277,105,1,39.99,12.0,39.99,12.0
ITEM-0009342,ORD-005278,101,1,199.99,85.0,199.99,85.0
ITEM-0009343,ORD-005278,108,1,29.99,9.5,29.99,9.5
ITEM-0009344,ORD-005279,202,3,68.0,22.0,204.0,66.0
ITEM-0009345,ORD-005279,302,1,45.0,15.0,45.0,15.0
ITEM-0009346,ORD-005280,504,1,16.99,4.2,16.99,4.2
ITEM-0009347,ORD-005280,403,2,22.0,5.2,44.0,10.4
ITEM-0009348,ORD-005280,202,1,68.0,22.0,68.0,22.0
ITEM-0009349,ORD-005280,501,1,42.0,13.0,42.0,13.0
ITEM-0009350,ORD-005281,102,2,49.99,18.0,99.98,36.0
ITEM-0009351,ORD-005282,106,3,179.99,70.0,539.97,210.0
ITEM-0009352,ORD-005283,102,1,49.99,18.0,49.99,18.0
ITEM-0009353,ORD-005283,108,2,29.99,9.5,59.98,19.0
ITEM-0009354,ORD-005284,205,1,54.0,16.0,54.0,16.0
ITEM-0009355,ORD-005284,108,1,29.99,9.5,29.99,9.5
ITEM-0009356,ORD-005285,102,1,49.99,18.0,49.99,18.0
ITEM-0009357,ORD-005285,106,1,179.99,70.0,179.99,70.0
ITEM-0009358,ORD-005286,206,2,45.0,11.0,90.0,22.0
ITEM-0009359,ORD-005286,301,1,289.0,130.0,289.0,130.0
ITEM-0009360,ORD-005286,106,2,179.99,70.0,359.98,140.0
ITEM-0009361,ORD-005286,304,1,39.99,14.0,39.99,14.0
ITEM-0009362,ORD-005287,206,1,45.0,11.0,45.0,11.0
ITEM-0009363,ORD-005287,405,1,18.0,4.0,18.0,4.0
ITEM-0009364,ORD-005288,204,1,24.0,6.0,24.0,6.0
ITEM-0009365,ORD-005288,405,1,18.0,4.0,18.0,4.0
ITEM-0009366,ORD-005289,505,2,75.0,24.0,150.0,48.0
ITEM-0009367,ORD-005290,203,1,120.0,42.0,120.0,42.0
ITEM-0009368,ORD-005290,202,1,68.0,22.0,68.0,22.0
ITEM-0009369,ORD-005290,107,2,59.99,22.0,119.98,44.0
ITEM-0009370,ORD-005291,304,1,39.99,14.0,39.99,14.0
ITEM-0009371,ORD-005291,203,1,120.0,42.0,120.0,42.0
ITEM-0009372,ORD-005292,202,1,68.0,22.0,68.0,22.0
ITEM-0009373,ORD-005293,106,3,179.99,70.0,539.97,210.0
ITEM-0009374,ORD-005293,503,1,48.0,15.0,48.0,15.0
ITEM-0009375,ORD-005293,102,1,49.99,18.0,49.99,18.0
ITEM-0009376,ORD-005294,108,1,29.99,9.5,29.99,9.5
ITEM-0009377,ORD-005294,405,2,18.0,4.0,36.0,8.0
ITEM-0009378,ORD-005295,105,1,39.99,12.0,39.99,12.0
ITEM-0009379,ORD-005296,403,1,22.0,5.2,22.0,5.2
ITEM-0009380,ORD-005297,203,1,120.0,42.0,120.0,42.0
ITEM-0009381,ORD-005297,107,1,59.99,22.0,59.99,22.0
ITEM-0009382,ORD-005298,304,1,39.99,14.0,39.99,14.0
ITEM-0009383,ORD-005299,307,1,29.99,8.0,29.99,8.0
ITEM-0009384,ORD-005300,403,1,22.0,5.2,22.0,5.2
ITEM-0009385,ORD-005300,401,1,26.0,6.0,26.0,6.0
ITEM-0009386,ORD-005301,304,1,39.99,14.0,39.99,14.0
ITEM-0009387,ORD-005302,304,1,39.99,14.0,39.99,14.0
ITEM-0009388,ORD-005303,206,1,45.0,11.0,45.0,11.0
ITEM-0009389,ORD-005303,307,2,29.99,8.0,59.98,16.0
ITEM-0009390,ORD-005303,103,3,89.99,36.0,269.97,108.0
ITEM-0009391,ORD-005304,304,1,39.99,14.0,39.99,14.0
ITEM-0009392,ORD-005304,205,1,54.0,16.0,54.0,16.0
ITEM-0009393,ORD-005304,103,1,89.99,36.0,89.99,36.0
ITEM-0009394,ORD-005305,303,1,24.99,7.5,24.99,7.5
ITEM-0009395,ORD-005305,202,1,68.0,22.0,68.0,22.0
ITEM-0009396,ORD-005305,106,1,179.99,70.0,179.99,70.0
ITEM-0009397,ORD-005305,305,1,59.99,20.0,59.99,20.0
ITEM-0009398,ORD-005306,505,1,75.0,24.0,75.0,24.0
ITEM-0009399,ORD-005307,306,2,32.5,10.0,65.0,20.0
ITEM-0009400,ORD-005307,101,1,199.99,85.0,199.99,85.0
ITEM-0009401,ORD-005307,503,1,48.0,15.0,48.0,15.0
ITEM-0009402,ORD-005308,301,1,289.0,130.0,289.0,130.0
ITEM-0009403,ORD-005309,105,2,39.99,12.0,79.98,24.0
ITEM-0009404,ORD-005309,307,1,29.99,8.0,29.99,8.0
ITEM-0009405,ORD-005310,501,1,42.0,13.0,42.0,13.0
ITEM-0009406,ORD-005311,302,1,45.0,15.0,45.0,15.0
ITEM-0009407,ORD-005311,301,1,289.0,130.0,289.0,130.0
ITEM-0009408,ORD-005312,107,2,59.99,22.0,119.98,44.0
ITEM-0009409,ORD-005312,201,1,28.0,8.5,28.0,8.5
ITEM-0009410,ORD-005312,503,1,48.0,15.0,48.0,15.0
ITEM-0009411,ORD-005313,206,2,45.0,11.0,90.0,22.0
ITEM-0009412,ORD-005314,102,1,49.99,18.0,49.99,18.0
ITEM-0009413,ORD-005315,102,1,49.99,18.0,49.99,18.0
ITEM-0009414,ORD-005315,405,2,18.0,4.0,36.0,8.0
ITEM-0009415,ORD-005316,301,1,289.0,130.0,289.0,130.0
ITEM-0009416,ORD-005317,304,1,39.99,14.0,39.99,14.0
ITEM-0009417,ORD-005317,306,1,32.5,10.0,32.5,10.0
ITEM-0009418,ORD-005317,101,1,199.99,85.0,199.99,85.0
ITEM-0009419,ORD-005318,401,3,26.0,6.0,78.0,18.0
ITEM-0009420,ORD-005319,107,1,59.99,22.0,59.99,22.0
ITEM-0009421,ORD-005320,107,1,59.99,22.0,59.99,22.0
ITEM-0009422,ORD-005320,505,1,75.0,24.0,75.0,24.0
ITEM-0009423,ORD-005321,501,1,42.0,13.0,42.0,13.0
ITEM-0009424,ORD-005321,502,1,22.99,5.5,22.99,5.5
ITEM-0009425,ORD-005322,202,1,68.0,22.0,68.0,22.0
ITEM-0009426,ORD-005323,505,1,75.0,24.0,75.0,24.0
ITEM-0009427,ORD-005324,302,1,45.0,15.0,45.0,15.0
ITEM-0009428,ORD-005324,103,1,89.99,36.0,89.99,36.0
ITEM-0009429,ORD-005325,501,1,42.0,13.0,42.0,13.0
ITEM-0009430,ORD-005325,502,2,22.99,5.5,45.98,11.0
ITEM-0009431,ORD-005326,307,2,29.99,8.0,59.98,16.0
ITEM-0009432,ORD-005327,502,2,22.99,5.5,45.98,11.0
ITEM-0009433,ORD-005328,303,1,24.99,7.5,24.99,7.5
ITEM-0009434,ORD-005329,301,1,289.0,130.0,289.0,130.0
ITEM-0009435,ORD-005329,302,1,45.0,15.0,45.0,15.0
ITEM-0009436,ORD-005330,104,1,349.99,175.0,349.99,175.0
ITEM-0009437,ORD-005330,102,1,49.99,18.0,49.99,18.0
ITEM-0009438,ORD-005330,503,1,48.0,15.0,48.0,15.0
ITEM-0009439,ORD-005330,501,1,42.0,13.0,42.0,13.0
ITEM-0009440,ORD-005331,501,1,42.0,13.0,42.0,13.0
ITEM-0009441,ORD-005331,502,1,22.99,5.5,22.99,5.5
ITEM-0009442,ORD-005331,307,1,29.99,8.0,29.99,8.0
ITEM-0009443,ORD-005332,304,1,39.99,14.0,39.99,14.0
ITEM-0009444,ORD-005332,103,1,89.99,36.0,89.99,36.0
ITEM-0009445,ORD-005333,102,2,49.99,18.0,99.98,36.0
ITEM-0009446,ORD-005333,103,3,89.99,36.0,269.97,108.0
ITEM-0009447,ORD-005333,206,1,45.0,11.0,45.0,11.0
ITEM-0009448,ORD-005334,503,1,48.0,15.0,48.0,15.0
ITEM-0009449,ORD-005334,304,2,39.99,14.0,79.98,28.0
ITEM-0009450,ORD-005334,307,3,29.99,8.0,89.97,24.0
ITEM-0009451,ORD-005334,404,1,64.99,21.0,64.99,21.0
ITEM-0009452,ORD-005335,401,1,26.0,6.0,26.0,6.0
ITEM-0009453,ORD-005335,402,1,34.0,8.5,34.0,8.5
ITEM-0009454,ORD-005336,106,1,179.99,70.0,179.99,70.0
ITEM-0009455,ORD-005336,303,3,24.99,7.5,74.97,22.5
ITEM-0009456,ORD-005336,304,1,39.99,14.0,39.99,14.0
ITEM-0009457,ORD-005337,402,1,34.0,8.5,34.0,8.5
ITEM-0009458,ORD-005337,504,1,16.99,4.2,16.99,4.2
ITEM-0009459,ORD-005338,206,2,45.0,11.0,90.0,22.0
ITEM-0009460,ORD-005338,305,1,59.99,20.0,59.99,20.0
ITEM-0009461,ORD-005338,101,1,199.99,85.0,199.99,85.0
ITEM-0009462,ORD-005339,402,1,34.0,8.5,34.0,8.5
ITEM-0009463,ORD-005340,202,1,68.0,22.0,68.0,22.0
ITEM-0009464,ORD-005340,108,1,29.99,9.5,29.99,9.5
ITEM-0009465,ORD-005340,504,1,16.99,4.2,16.99,4.2
ITEM-0009466,ORD-005341,401,1,26.0,6.0,26.0,6.0
ITEM-0009467,ORD-005341,402,1,34.0,8.5,34.0,8.5
ITEM-0009468,ORD-005342,405,1,18.0,4.0,18.0,4.0
ITEM-0009469,ORD-005343,501,1,42.0,13.0,42.0,13.0
ITEM-0009470,ORD-005344,306,1,32.5,10.0,32.5,10.0
ITEM-0009471,ORD-005344,303,2,24.99,7.5,49.98,15.0
ITEM-0009472,ORD-005345,203,1,120.0,42.0,120.0,42.0
ITEM-0009473,ORD-005345,303,1,24.99,7.5,24.99,7.5
ITEM-0009474,ORD-005346,202,1,68.0,22.0,68.0,22.0
ITEM-0009475,ORD-005346,104,1,349.99,175.0,349.99,175.0
ITEM-0009476,ORD-005346,402,1,34.0,8.5,34.0,8.5
ITEM-0009477,ORD-005346,103,3,89.99,36.0,269.97,108.0
ITEM-0009478,ORD-005347,404,1,64.99,21.0,64.99,21.0
ITEM-0009479,ORD-005348,302,1,45.0,15.0,45.0,15.0
ITEM-0009480,ORD-005349,206,1,45.0,11.0,45.0,11.0
ITEM-0009481,ORD-005349,402,1,34.0,8.5,34.0,8.5
ITEM-0009482,ORD-005349,306,1,32.5,10.0,32.5,10.0
ITEM-0009483,ORD-005350,201,1,28.0,8.5,28.0,8.5
ITEM-0009484,ORD-005350,307,1,29.99,8.0,29.99,8.0
ITEM-0009485,ORD-005351,404,1,64.99,21.0,64.99,21.0
ITEM-0009486,ORD-005351,303,1,24.99,7.5,24.99,7.5
ITEM-0009487,ORD-005352,101,2,199.99,85.0,399.98,170.0
ITEM-0009488,ORD-005353,103,1,89.99,36.0,89.99,36.0
ITEM-0009489,ORD-005353,505,1,75.0,24.0,75.0,24.0
ITEM-0009490,ORD-005353,501,1,42.0,13.0,42.0,13.0
ITEM-0009491,ORD-005354,504,1,16.99,4.2,16.99,4.2
ITEM-0009492,ORD-005355,104,1,349.99,175.0,349.99,175.0
ITEM-0009493,ORD-005356,501,3,42.0,13.0,126.0,39.0
ITEM-0009494,ORD-005356,502,1,22.99,5.5,22.99,5.5
ITEM-0009495,ORD-005357,201,1,28.0,8.5,28.0,8.5
ITEM-0009496,ORD-005357,503,1,48.0,15.0,48.0,15.0
ITEM-0009497,ORD-005357,405,1,18.0,4.0,18.0,4.0
ITEM-0009498,ORD-005357,101,1,199.99,85.0,199.99,85.0
ITEM-0009499,ORD-005358,103,1,89.99,36.0,89.99,36.0
ITEM-0009500,ORD-005359,401,1,26.0,6.0,26.0,6.0
ITEM-0009501,ORD-005360,102,1,49.99,18.0,49.99,18.0
ITEM-0009502,ORD-005360,301,1,289.0,130.0,289.0,130.0
ITEM-0009503,ORD-005361,101,1,199.99,85.0,199.99,85.0
ITEM-0009504,ORD-005362,101,1,199.99,85.0,199.99,85.0
ITEM-0009505,ORD-005362,108,1,29.99,9.5,29.99,9.5
ITEM-0009506,ORD-005362,107,1,59.99,22.0,59.99,22.0
ITEM-0009507,ORD-005363,205,1,54.0,16.0,54.0,16.0
ITEM-0009508,ORD-005364,401,1,26.0,6.0,26.0,6.0
ITEM-0009509,ORD-005365,301,1,289.0,130.0,289.0,130.0
ITEM-0009510,ORD-005365,303,1,24.99,7.5,24.99,7.5
ITEM-0009511,ORD-005365,307,1,29.99,8.0,29.99,8.0
ITEM-0009512,ORD-005365,103,1,89.99,36.0,89.99,36.0
ITEM-0009513,ORD-005366,107,1,59.99,22.0,59.99,22.0
ITEM-0009514,ORD-005366,405,1,18.0,4.0,18.0,4.0
ITEM-0009515,ORD-005367,401,1,26.0,6.0,26.0,6.0
ITEM-0009516,ORD-005368,103,1,89.99,36.0,89.99,36.0
ITEM-0009517,ORD-005369,405,1,18.0,4.0,18.0,4.0
ITEM-0009518,ORD-005370,104,1,349.99,175.0,349.99,175.0
ITEM-0009519,ORD-005370,102,1,49.99,18.0,49.99,18.0
ITEM-0009520,ORD-005371,204,1,24.0,6.0,24.0,6.0
ITEM-0009521,ORD-005371,405,1,18.0,4.0,18.0,4.0
ITEM-0009522,ORD-005372,108,1,29.99,9.5,29.99,9.5
ITEM-0009523,ORD-005372,305,1,59.99,20.0,59.99,20.0
ITEM-0009524,ORD-005372,205,1,54.0,16.0,54.0,16.0
ITEM-0009525,ORD-005373,205,1,54.0,16.0,54.0,16.0
ITEM-0009526,ORD-005373,201,1,28.0,8.5,28.0,8.5
ITEM-0009527,ORD-005373,104,1,349.99,175.0,349.99,175.0
ITEM-0009528,ORD-005373,301,1,289.0,130.0,289.0,130.0
ITEM-0009529,ORD-005374,202,1,68.0,22.0,68.0,22.0
ITEM-0009530,ORD-005374,107,1,59.99,22.0,59.99,22.0
ITEM-0009531,ORD-005374,505,1,75.0,24.0,75.0,24.0
ITEM-0009532,ORD-005374,306,1,32.5,10.0,32.5,10.0
ITEM-0009533,ORD-005375,305,1,59.99,20.0,59.99,20.0
ITEM-0009534,ORD-005376,202,1,68.0,22.0,68.0,22.0
ITEM-0009535,ORD-005376,405,1,18.0,4.0,18.0,4.0
ITEM-0009536,ORD-005377,401,1,26.0,6.0,26.0,6.0
ITEM-0009537,ORD-005377,201,1,28.0,8.5,28.0,8.5
ITEM-0009538,ORD-005378,301,1,289.0,130.0,289.0,130.0
ITEM-0009539,ORD-005379,404,1,64.99,21.0,64.99,21.0
ITEM-0009540,ORD-005379,303,1,24.99,7.5,24.99,7.5
ITEM-0009541,ORD-005380,307,1,29.99,8.0,29.99,8.0
ITEM-0009542,ORD-005380,104,3,349.99,175.0,1049.97,525.0
ITEM-0009543,ORD-005381,301,1,289.0,130.0,289.0,130.0
ITEM-0009544,ORD-005381,302,1,45.0,15.0,45.0,15.0
ITEM-0009545,ORD-005382,202,1,68.0,22.0,68.0,22.0
ITEM-0009546,ORD-005383,401,1,26.0,6.0,26.0,6.0
ITEM-0009547,ORD-005384,401,1,26.0,6.0,26.0,6.0
ITEM-0009548,ORD-005384,403,1,22.0,5.2,22.0,5.2
ITEM-0009549,ORD-005385,202,2,68.0,22.0,136.0,44.0
ITEM-0009550,ORD-005386,403,1,22.0,5.2,22.0,5.2
ITEM-0009551,ORD-005387,502,1,22.99,5.5,22.99,5.5
ITEM-0009552,ORD-005387,203,1,120.0,42.0,120.0,42.0
ITEM-0009553,ORD-005388,104,1,349.99,175.0,349.99,175.0
ITEM-0009554,ORD-005389,301,2,289.0,130.0,578.0,260.0
ITEM-0009555,ORD-005389,302,1,45.0,15.0,45.0,15.0
ITEM-0009556,ORD-005389,303,1,24.99,7.5,24.99,7.5
ITEM-0009557,ORD-005390,305,1,59.99,20.0,59.99,20.0
ITEM-0009558,ORD-005391,101,1,199.99,85.0,199.99,85.0
ITEM-0009559,ORD-005391,108,1,29.99,9.5,29.99,9.5
ITEM-0009560,ORD-005392,203,1,120.0,42.0,120.0,42.0
ITEM-0009561,ORD-005392,202,1,68.0,22.0,68.0,22.0
ITEM-0009562,ORD-005393,401,2,26.0,6.0,52.0,12.0
ITEM-0009563,ORD-005393,402,2,34.0,8.5,68.0,17.0
ITEM-0009564,ORD-005393,403,1,22.0,5.2,22.0,5.2
ITEM-0009565,ORD-005394,103,3,89.99,36.0,269.97,108.0
ITEM-0009566,ORD-005394,107,1,59.99,22.0,59.99,22.0
ITEM-0009567,ORD-005395,303,1,24.99,7.5,24.99,7.5
ITEM-0009568,ORD-005396,303,1,24.99,7.5,24.99,7.5
ITEM-0009569,ORD-005397,104,1,349.99,175.0,349.99,175.0
ITEM-0009570,ORD-005397,102,1,49.99,18.0,49.99,18.0
ITEM-0009571,ORD-005397,103,1,89.99,36.0,89.99,36.0
ITEM-0009572,ORD-005398,505,1,75.0,24.0,75.0,24.0
ITEM-0009573,ORD-005398,404,2,64.99,21.0,129.98,42.0
ITEM-0009574,ORD-005399,502,1,22.99,5.5,22.99,5.5
ITEM-0009575,ORD-005399,504,1,16.99,4.2,16.99,4.2
ITEM-0009576,ORD-005399,306,1,32.5,10.0,32.5,10.0
ITEM-0009577,ORD-005400,105,1,39.99,12.0,39.99,12.0
ITEM-0009578,ORD-005401,501,1,42.0,13.0,42.0,13.0
ITEM-0009579,ORD-005401,502,1,22.99,5.5,22.99,5.5
ITEM-0009580,ORD-005401,102,2,49.99,18.0,99.98,36.0
ITEM-0009581,ORD-005401,505,1,75.0,24.0,75.0,24.0
ITEM-0009582,ORD-005402,103,1,89.99,36.0,89.99,36.0
ITEM-0009583,ORD-005403,102,2,49.99,18.0,99.98,36.0
ITEM-0009584,ORD-005404,108,1,29.99,9.5,29.99,9.5
ITEM-0009585,ORD-005404,203,1,120.0,42.0,120.0,42.0
ITEM-0009586,ORD-005405,108,1,29.99,9.5,29.99,9.5
ITEM-0009587,ORD-005405,106,1,179.99,70.0,179.99,70.0
ITEM-0009588,ORD-005405,502,1,22.99,5.5,22.99,5.5
ITEM-0009589,ORD-005405,402,2,34.0,8.5,68.0,17.0
ITEM-0009590,ORD-005406,204,1,24.0,6.0,24.0,6.0
ITEM-0009591,ORD-005406,104,1,349.99,175.0,349.99,175.0
ITEM-0009592,ORD-005406,106,1,179.99,70.0,179.99,70.0
ITEM-0009593,ORD-005407,404,2,64.99,21.0,129.98,42.0
ITEM-0009594,ORD-005408,404,1,64.99,21.0,64.99,21.0
ITEM-0009595,ORD-005409,404,1,64.99,21.0,64.99,21.0
ITEM-0009596,ORD-005409,505,1,75.0,24.0,75.0,24.0
ITEM-0009597,ORD-005410,204,1,24.0,6.0,24.0,6.0
ITEM-0009598,ORD-005411,206,1,45.0,11.0,45.0,11.0
ITEM-0009599,ORD-005412,103,1,89.99,36.0,89.99,36.0
ITEM-0009600,ORD-005413,502,1,22.99,5.5,22.99,5.5
ITEM-0009601,ORD-005413,303,1,24.99,7.5,24.99,7.5
ITEM-0009602,ORD-005414,205,1,54.0,16.0,54.0,16.0
ITEM-0009603,ORD-005415,501,3,42.0,13.0,126.0,39.0
ITEM-0009604,ORD-005415,502,1,22.99,5.5,22.99,5.5
ITEM-0009605,ORD-005416,106,1,179.99,70.0,179.99,70.0
ITEM-0009606,ORD-005417,504,3,16.99,4.2,50.97,12.6
ITEM-0009607,ORD-005417,101,1,199.99,85.0,199.99,85.0
ITEM-0009608,ORD-005417,302,1,45.0,15.0,45.0,15.0
ITEM-0009609,ORD-005418,108,1,29.99,9.5,29.99,9.5
ITEM-0009610,ORD-005418,303,2,24.99,7.5,49.98,15.0
ITEM-0009611,ORD-005418,504,1,16.99,4.2,16.99,4.2
ITEM-0009612,ORD-005418,401,1,26.0,6.0,26.0,6.0
ITEM-0009613,ORD-005419,205,2,54.0,16.0,108.0,32.0
ITEM-0009614,ORD-005420,503,1,48.0,15.0,48.0,15.0
ITEM-0009615,ORD-005420,405,1,18.0,4.0,18.0,4.0
ITEM-0009616,ORD-005421,405,1,18.0,4.0,18.0,4.0
ITEM-0009617,ORD-005422,203,2,120.0,42.0,240.0,84.0
ITEM-0009618,ORD-005423,108,1,29.99,9.5,29.99,9.5
ITEM-0009619,ORD-005424,307,2,29.99,8.0,59.98,16.0
ITEM-0009620,ORD-005424,504,1,16.99,4.2,16.99,4.2
ITEM-0009621,ORD-005425,307,1,29.99,8.0,29.99,8.0
ITEM-0009622,ORD-005426,106,1,179.99,70.0,179.99,70.0
ITEM-0009623,ORD-005427,107,1,59.99,22.0,59.99,22.0
ITEM-0009624,ORD-005428,205,1,54.0,16.0,54.0,16.0
ITEM-0009625,ORD-005429,205,1,54.0,16.0,54.0,16.0
ITEM-0009626,ORD-005429,201,1,28.0,8.5,28.0,8.5
ITEM-0009627,ORD-005430,301,1,289.0,130.0,289.0,130.0
ITEM-0009628,ORD-005431,203,1,120.0,42.0,120.0,42.0
ITEM-0009629,ORD-005431,206,1,45.0,11.0,45.0,11.0
ITEM-0009630,ORD-005432,104,1,349.99,175.0,349.99,175.0
ITEM-0009631,ORD-005432,102,1,49.99,18.0,49.99,18.0
ITEM-0009632,ORD-005433,307,1,29.99,8.0,29.99,8.0
ITEM-0009633,ORD-005433,403,1,22.0,5.2,22.0,5.2
ITEM-0009634,ORD-005434,401,1,26.0,6.0,26.0,6.0
ITEM-0009635,ORD-005434,403,1,22.0,5.2,22.0,5.2
ITEM-0009636,ORD-005435,201,2,28.0,8.5,56.0,17.0
ITEM-0009637,ORD-005436,203,1,120.0,42.0,120.0,42.0
ITEM-0009638,ORD-005436,501,1,42.0,13.0,42.0,13.0
ITEM-0009639,ORD-005437,107,1,59.99,22.0,59.99,22.0
ITEM-0009640,ORD-005438,502,1,22.99,5.5,22.99,5.5
ITEM-0009641,ORD-005439,104,1,349.99,175.0,349.99,175.0
ITEM-0009642,ORD-005440,201,1,28.0,8.5,28.0,8.5
ITEM-0009643,ORD-005441,501,1,42.0,13.0,42.0,13.0
ITEM-0009644,ORD-005441,502,1,22.99,5.5,22.99,5.5
ITEM-0009645,ORD-005442,501,1,42.0,13.0,42.0,13.0
ITEM-0009646,ORD-005442,502,1,22.99,5.5,22.99,5.5
ITEM-0009647,ORD-005442,307,2,29.99,8.0,59.98,16.0
ITEM-0009648,ORD-005442,105,2,39.99,12.0,79.98,24.0
ITEM-0009649,ORD-005443,102,1,49.99,18.0,49.99,18.0
ITEM-0009650,ORD-005444,103,1,89.99,36.0,89.99,36.0
ITEM-0009651,ORD-005445,107,1,59.99,22.0,59.99,22.0
ITEM-0009652,ORD-005446,401,1,26.0,6.0,26.0,6.0
ITEM-0009653,ORD-005446,402,1,34.0,8.5,34.0,8.5
ITEM-0009654,ORD-005447,201,1,28.0,8.5,28.0,8.5
ITEM-0009655,ORD-005448,505,2,75.0,24.0,150.0,48.0
ITEM-0009656,ORD-005448,104,1,349.99,175.0,349.99,175.0
ITEM-0009657,ORD-005449,202,3,68.0,22.0,204.0,66.0
ITEM-0009658,ORD-005449,303,1,24.99,7.5,24.99,7.5
ITEM-0009659,ORD-005449,302,2,45.0,15.0,90.0,30.0
ITEM-0009660,ORD-005449,103,1,89.99,36.0,89.99,36.0
ITEM-0009661,ORD-005450,108,3,29.99,9.5,89.97,28.5
ITEM-0009662,ORD-005450,105,1,39.99,12.0,39.99,12.0
ITEM-0009663,ORD-005451,202,1,68.0,22.0,68.0,22.0
ITEM-0009664,ORD-005451,205,1,54.0,16.0,54.0,16.0
ITEM-0009665,ORD-005451,301,1,289.0,130.0,289.0,130.0
ITEM-0009666,ORD-005452,102,1,49.99,18.0,49.99,18.0
ITEM-0009667,ORD-005453,405,2,18.0,4.0,36.0,8.0
ITEM-0009668,ORD-005454,303,1,24.99,7.5,24.99,7.5
ITEM-0009669,ORD-005454,501,1,42.0,13.0,42.0,13.0
ITEM-0009670,ORD-005455,107,1,59.99,22.0,59.99,22.0
ITEM-0009671,ORD-005456,402,1,34.0,8.5,34.0,8.5
ITEM-0009672,ORD-005456,104,3,349.99,175.0,1049.97,525.0
ITEM-0009673,ORD-005457,203,2,120.0,42.0,240.0,84.0
ITEM-0009674,ORD-005457,502,1,22.99,5.5,22.99,5.5
ITEM-0009675,ORD-005458,304,1,39.99,14.0,39.99,14.0
ITEM-0009676,ORD-005458,101,1,199.99,85.0,199.99,85.0
ITEM-0009677,ORD-005459,504,1,16.99,4.2,16.99,4.2
ITEM-0009678,ORD-005460,101,1,199.99,85.0,199.99,85.0
ITEM-0009679,ORD-005461,503,1,48.0,15.0,48.0,15.0
ITEM-0009680,ORD-005461,102,1,49.99,18.0,49.99,18.0
ITEM-0009681,ORD-005461,501,2,42.0,13.0,84.0,26.0
ITEM-0009682,ORD-005462,101,1,199.99,85.0,199.99,85.0
ITEM-0009683,ORD-005462,106,1,179.99,70.0,179.99,70.0
ITEM-0009684,ORD-005462,305,1,59.99,20.0,59.99,20.0
ITEM-0009685,ORD-005463,302,1,45.0,15.0,45.0,15.0
ITEM-0009686,ORD-005464,501,1,42.0,13.0,42.0,13.0
ITEM-0009687,ORD-005465,301,1,289.0,130.0,289.0,130.0
ITEM-0009688,ORD-005465,302,1,45.0,15.0,45.0,15.0
ITEM-0009689,ORD-005466,108,2,29.99,9.5,59.98,19.0
ITEM-0009690,ORD-005466,107,1,59.99,22.0,59.99,22.0
ITEM-0009691,ORD-005467,302,1,45.0,15.0,45.0,15.0
ITEM-0009692,ORD-005468,405,1,18.0,4.0,18.0,4.0
ITEM-0009693,ORD-005469,204,1,24.0,6.0,24.0,6.0
ITEM-0009694,ORD-005470,202,1,68.0,22.0,68.0,22.0
ITEM-0009695,ORD-005470,501,2,42.0,13.0,84.0,26.0
ITEM-0009696,ORD-005471,104,2,349.99,175.0,699.98,350.0
ITEM-0009697,ORD-005472,502,1,22.99,5.5,22.99,5.5
ITEM-0009698,ORD-005473,202,1,68.0,22.0,68.0,22.0
ITEM-0009699,ORD-005473,204,1,24.0,6.0,24.0,6.0
ITEM-0009700,ORD-005474,202,1,68.0,22.0,68.0,22.0
ITEM-0009701,ORD-005475,206,1,45.0,11.0,45.0,11.0
ITEM-0009702,ORD-005476,501,1,42.0,13.0,42.0,13.0
ITEM-0009703,ORD-005477,201,1,28.0,8.5,28.0,8.5
ITEM-0009704,ORD-005478,206,1,45.0,11.0,45.0,11.0
ITEM-0009705,ORD-005479,404,1,64.99,21.0,64.99,21.0
ITEM-0009706,ORD-005480,404,1,64.99,21.0,64.99,21.0
ITEM-0009707,ORD-005480,101,1,199.99,85.0,199.99,85.0
ITEM-0009708,ORD-005480,504,2,16.99,4.2,33.98,8.4
ITEM-0009709,ORD-005480,306,1,32.5,10.0,32.5,10.0
ITEM-0009710,ORD-005481,102,1,49.99,18.0,49.99,18.0
ITEM-0009711,ORD-005481,204,1,24.0,6.0,24.0,6.0
ITEM-0009712,ORD-005481,107,1,59.99,22.0,59.99,22.0
ITEM-0009713,ORD-005482,401,1,26.0,6.0,26.0,6.0
ITEM-0009714,ORD-005483,106,1,179.99,70.0,179.99,70.0
ITEM-0009715,ORD-005483,402,1,34.0,8.5,34.0,8.5
ITEM-0009716,ORD-005483,307,1,29.99,8.0,29.99,8.0
ITEM-0009717,ORD-005484,402,1,34.0,8.5,34.0,8.5
ITEM-0009718,ORD-005484,103,1,89.99,36.0,89.99,36.0
ITEM-0009719,ORD-005484,404,1,64.99,21.0,64.99,21.0
ITEM-0009720,ORD-005485,204,1,24.0,6.0,24.0,6.0
ITEM-0009721,ORD-005485,108,1,29.99,9.5,29.99,9.5
ITEM-0009722,ORD-005486,304,1,39.99,14.0,39.99,14.0
ITEM-0009723,ORD-005487,401,1,26.0,6.0,26.0,6.0
ITEM-0009724,ORD-005487,104,2,349.99,175.0,699.98,350.0
ITEM-0009725,ORD-005488,502,2,22.99,5.5,45.98,11.0
ITEM-0009726,ORD-005488,202,1,68.0,22.0,68.0,22.0
ITEM-0009727,ORD-005489,404,1,64.99,21.0,64.99,21.0
ITEM-0009728,ORD-005489,502,1,22.99,5.5,22.99,5.5
ITEM-0009729,ORD-005490,201,1,28.0,8.5,28.0,8.5
ITEM-0009730,ORD-005490,501,1,42.0,13.0,42.0,13.0
ITEM-0009731,ORD-005490,107,1,59.99,22.0,59.99,22.0
ITEM-0009732,ORD-005491,202,1,68.0,22.0,68.0,22.0
ITEM-0009733,ORD-005492,108,1,29.99,9.5,29.99,9.5
ITEM-0009734,ORD-005493,102,1,49.99,18.0,49.99,18.0
ITEM-0009735,ORD-005494,203,1,120.0,42.0,120.0,42.0
ITEM-0009736,ORD-005494,402,1,34.0,8.5,34.0,8.5
ITEM-0009737,ORD-005495,502,1,22.99,5.5,22.99,5.5
ITEM-0009738,ORD-005496,505,1,75.0,24.0,75.0,24.0
ITEM-0009739,ORD-005497,108,1,29.99,9.5,29.99,9.5
ITEM-0009740,ORD-005498,401,1,26.0,6.0,26.0,6.0
ITEM-0009741,ORD-005499,105,1,39.99,12.0,39.99,12.0
ITEM-0009742,ORD-005499,401,2,26.0,6.0,52.0,12.0
ITEM-0009743,ORD-005499,306,1,32.5,10.0,32.5,10.0
ITEM-0009744,ORD-005499,404,1,64.99,21.0,64.99,21.0
ITEM-0009745,ORD-005500,306,1,32.5,10.0,32.5,10.0
ITEM-0009746,ORD-005501,306,1,32.5,10.0,32.5,10.0
ITEM-0009747,ORD-005502,503,1,48.0,15.0,48.0,15.0
ITEM-0009748,ORD-005502,104,1,349.99,175.0,349.99,175.0
ITEM-0009749,ORD-005502,102,1,49.99,18.0,49.99,18.0
ITEM-0009750,ORD-005503,203,1,120.0,42.0,120.0,42.0
ITEM-0009751,ORD-005503,204,1,24.0,6.0,24.0,6.0
ITEM-0009752,ORD-005504,502,1,22.99,5.5,22.99,5.5
ITEM-0009753,ORD-005505,502,1,22.99,5.5,22.99,5.5
ITEM-0009754,ORD-005506,205,1,54.0,16.0,54.0,16.0
ITEM-0009755,ORD-005506,206,1,45.0,11.0,45.0,11.0
ITEM-0009756,ORD-005507,503,1,48.0,15.0,48.0,15.0
ITEM-0009757,ORD-005507,305,1,59.99,20.0,59.99,20.0
ITEM-0009758,ORD-005508,203,1,120.0,42.0,120.0,42.0
ITEM-0009759,ORD-005508,305,1,59.99,20.0,59.99,20.0
ITEM-0009760,ORD-005508,206,2,45.0,11.0,90.0,22.0
ITEM-0009761,ORD-005509,107,1,59.99,22.0,59.99,22.0
ITEM-0009762,ORD-005510,401,1,26.0,6.0,26.0,6.0
ITEM-0009763,ORD-005511,401,1,26.0,6.0,26.0,6.0
ITEM-0009764,ORD-005511,403,1,22.0,5.2,22.0,5.2
ITEM-0009765,ORD-005511,203,1,120.0,42.0,120.0,42.0
ITEM-0009766,ORD-005512,106,1,179.99,70.0,179.99,70.0
ITEM-0009767,ORD-005512,505,3,75.0,24.0,225.0,72.0
ITEM-0009768,ORD-005512,306,1,32.5,10.0,32.5,10.0
ITEM-0009769,ORD-005513,105,1,39.99,12.0,39.99,12.0
ITEM-0009770,ORD-005513,307,1,29.99,8.0,29.99,8.0
ITEM-0009771,ORD-005514,403,1,22.0,5.2,22.0,5.2
ITEM-0009772,ORD-005514,301,1,289.0,130.0,289.0,130.0
ITEM-0009773,ORD-005515,102,1,49.99,18.0,49.99,18.0
ITEM-0009774,ORD-005516,201,1,28.0,8.5,28.0,8.5
ITEM-0009775,ORD-005516,301,1,289.0,130.0,289.0,130.0
ITEM-0009776,ORD-005516,402,1,34.0,8.5,34.0,8.5
ITEM-0009777,ORD-005517,204,1,24.0,6.0,24.0,6.0
ITEM-0009778,ORD-005517,505,1,75.0,24.0,75.0,24.0
ITEM-0009779,ORD-005518,104,1,349.99,175.0,349.99,175.0
ITEM-0009780,ORD-005519,105,1,39.99,12.0,39.99,12.0
ITEM-0009781,ORD-005519,101,1,199.99,85.0,199.99,85.0
ITEM-0009782,ORD-005520,203,1,120.0,42.0,120.0,42.0
ITEM-0009783,ORD-005520,501,3,42.0,13.0,126.0,39.0
ITEM-0009784,ORD-005521,405,1,18.0,4.0,18.0,4.0
ITEM-0009785,ORD-005521,105,1,39.99,12.0,39.99,12.0
ITEM-0009786,ORD-005522,404,1,64.99,21.0,64.99,21.0
ITEM-0009787,ORD-005523,307,2,29.99,8.0,59.98,16.0
ITEM-0009788,ORD-005523,107,1,59.99,22.0,59.99,22.0
ITEM-0009789,ORD-005524,102,1,49.99,18.0,49.99,18.0
ITEM-0009790,ORD-005524,402,1,34.0,8.5,34.0,8.5
ITEM-0009791,ORD-005524,501,1,42.0,13.0,42.0,13.0
ITEM-0009792,ORD-005525,403,1,22.0,5.2,22.0,5.2
ITEM-0009793,ORD-005525,206,2,45.0,11.0,90.0,22.0
ITEM-0009794,ORD-005526,201,2,28.0,8.5,56.0,17.0
ITEM-0009795,ORD-005526,206,1,45.0,11.0,45.0,11.0
ITEM-0009796,ORD-005526,501,1,42.0,13.0,42.0,13.0
ITEM-0009797,ORD-005527,202,1,68.0,22.0,68.0,22.0
ITEM-0009798,ORD-005527,304,1,39.99,14.0,39.99,14.0
ITEM-0009799,ORD-005528,106,1,179.99,70.0,179.99,70.0
ITEM-0009800,ORD-005528,105,2,39.99,12.0,79.98,24.0
ITEM-0009801,ORD-005528,501,3,42.0,13.0,126.0,39.0
ITEM-0009802,ORD-005529,305,1,59.99,20.0,59.99,20.0
ITEM-0009803,ORD-005530,403,1,22.0,5.2,22.0,5.2
ITEM-0009804,ORD-005530,102,2,49.99,18.0,99.98,36.0
ITEM-0009805,ORD-005531,503,1,48.0,15.0,48.0,15.0
ITEM-0009806,ORD-005531,101,1,199.99,85.0,199.99,85.0
ITEM-0009807,ORD-005532,105,1,39.99,12.0,39.99,12.0
ITEM-0009808,ORD-005533,105,1,39.99,12.0,39.99,12.0
ITEM-0009809,ORD-005533,305,1,59.99,20.0,59.99,20.0
ITEM-0009810,ORD-005534,402,1,34.0,8.5,34.0,8.5
ITEM-0009811,ORD-005535,107,1,59.99,22.0,59.99,22.0
ITEM-0009812,ORD-005536,202,2,68.0,22.0,136.0,44.0
ITEM-0009813,ORD-005537,503,2,48.0,15.0,96.0,30.0
ITEM-0009814,ORD-005537,106,1,179.99,70.0,179.99,70.0
ITEM-0009815,ORD-005538,107,1,59.99,22.0,59.99,22.0
ITEM-0009816,ORD-005538,302,1,45.0,15.0,45.0,15.0
ITEM-0009817,ORD-005539,505,1,75.0,24.0,75.0,24.0
ITEM-0009818,ORD-005540,105,1,39.99,12.0,39.99,12.0
ITEM-0009819,ORD-005540,307,1,29.99,8.0,29.99,8.0
ITEM-0009820,ORD-005541,101,1,199.99,85.0,199.99,85.0
ITEM-0009821,ORD-005542,204,1,24.0,6.0,24.0,6.0
ITEM-0009822,ORD-005543,304,1,39.99,14.0,39.99,14.0
ITEM-0009823,ORD-005543,502,1,22.99,5.5,22.99,5.5
ITEM-0009824,ORD-005543,305,3,59.99,20.0,179.97,60.0
ITEM-0009825,ORD-005544,304,1,39.99,14.0,39.99,14.0
ITEM-0009826,ORD-005545,304,1,39.99,14.0,39.99,14.0
ITEM-0009827,ORD-005546,203,1,120.0,42.0,120.0,42.0
ITEM-0009828,ORD-005547,307,1,29.99,8.0,29.99,8.0
ITEM-0009829,ORD-005548,501,1,42.0,13.0,42.0,13.0
ITEM-0009830,ORD-005548,502,1,22.99,5.5,22.99,5.5
ITEM-0009831,ORD-005549,302,2,45.0,15.0,90.0,30.0
ITEM-0009832,ORD-005549,104,1,349.99,175.0,349.99,175.0
ITEM-0009833,ORD-005549,301,2,289.0,130.0,578.0,260.0
ITEM-0009834,ORD-005550,203,1,120.0,42.0,120.0,42.0
ITEM-0009835,ORD-005550,401,1,26.0,6.0,26.0,6.0
ITEM-0009836,ORD-005551,503,1,48.0,15.0,48.0,15.0
ITEM-0009837,ORD-005551,104,1,349.99,175.0,349.99,175.0
ITEM-0009838,ORD-005552,105,1,39.99,12.0,39.99,12.0
ITEM-0009839,ORD-005552,401,1,26.0,6.0,26.0,6.0
ITEM-0009840,ORD-005552,504,2,16.99,4.2,33.98,8.4
ITEM-0009841,ORD-005552,104,1,349.99,175.0,349.99,175.0
ITEM-0009842,ORD-005553,502,1,22.99,5.5,22.99,5.5
ITEM-0009843,ORD-005554,103,1,89.99,36.0,89.99,36.0
ITEM-0009844,ORD-005555,502,1,22.99,5.5,22.99,5.5
ITEM-0009845,ORD-005555,202,1,68.0,22.0,68.0,22.0
ITEM-0009846,ORD-005556,102,1,49.99,18.0,49.99,18.0
ITEM-0009847,ORD-005557,105,2,39.99,12.0,79.98,24.0
ITEM-0009848,ORD-005558,501,1,42.0,13.0,42.0,13.0
ITEM-0009849,ORD-005558,307,1,29.99,8.0,29.99,8.0
ITEM-0009850,ORD-005558,103,1,89.99,36.0,89.99,36.0
ITEM-0009851,ORD-005559,303,1,24.99,7.5,24.99,7.5
ITEM-0009852,ORD-005559,307,1,29.99,8.0,29.99,8.0
ITEM-0009853,ORD-005560,404,1,64.99,21.0,64.99,21.0
ITEM-0009854,ORD-005560,205,1,54.0,16.0,54.0,16.0
ITEM-0009855,ORD-005560,403,1,22.0,5.2,22.0,5.2
ITEM-0009856,ORD-005561,204,1,24.0,6.0,24.0,6.0
ITEM-0009857,ORD-005562,501,1,42.0,13.0,42.0,13.0
ITEM-0009858,ORD-005563,103,1,89.99,36.0,89.99,36.0
ITEM-0009859,ORD-005563,305,1,59.99,20.0,59.99,20.0
ITEM-0009860,ORD-005563,404,1,64.99,21.0,64.99,21.0
ITEM-0009861,ORD-005564,204,1,24.0,6.0,24.0,6.0
ITEM-0009862,ORD-005564,206,1,45.0,11.0,45.0,11.0
ITEM-0009863,ORD-005564,205,1,54.0,16.0,54.0,16.0
ITEM-0009864,ORD-005565,108,1,29.99,9.5,29.99,9.5
ITEM-0009865,ORD-005565,102,1,49.99,18.0,49.99,18.0
ITEM-0009866,ORD-005565,203,1,120.0,42.0,120.0,42.0
ITEM-0009867,ORD-005566,106,2,179.99,70.0,359.98,140.0
ITEM-0009868,ORD-005566,102,1,49.99,18.0,49.99,18.0
ITEM-0009869,ORD-005567,404,1,64.99,21.0,64.99,21.0
ITEM-0009870,ORD-005568,103,1,89.99,36.0,89.99,36.0
ITEM-0009871,ORD-005569,304,1,39.99,14.0,39.99,14.0
ITEM-0009872,ORD-005570,305,2,59.99,20.0,119.98,40.0
ITEM-0009873,ORD-005571,301,1,289.0,130.0,289.0,130.0
ITEM-0009874,ORD-005571,302,1,45.0,15.0,45.0,15.0
ITEM-0009875,ORD-005571,303,1,24.99,7.5,24.99,7.5
ITEM-0009876,ORD-005572,206,1,45.0,11.0,45.0,11.0
ITEM-0009877,ORD-005572,307,1,29.99,8.0,29.99,8.0
ITEM-0009878,ORD-005573,105,2,39.99,12.0,79.98,24.0
ITEM-0009879,ORD-005574,206,3,45.0,11.0,135.0,33.0
ITEM-0009880,ORD-005575,505,1,75.0,24.0,75.0,24.0
ITEM-0009881,ORD-005576,404,1,64.99,21.0,64.99,21.0
ITEM-0009882,ORD-005577,405,1,18.0,4.0,18.0,4.0
ITEM-0009883,ORD-005578,305,1,59.99,20.0,59.99,20.0
ITEM-0009884,ORD-005578,405,1,18.0,4.0,18.0,4.0
ITEM-0009885,ORD-005579,307,3,29.99,8.0,89.97,24.0
ITEM-0009886,ORD-005580,108,1,29.99,9.5,29.99,9.5
ITEM-0009887,ORD-005580,205,1,54.0,16.0,54.0,16.0
ITEM-0009888,ORD-005581,104,1,349.99,175.0,349.99,175.0
ITEM-0009889,ORD-005581,102,1,49.99,18.0,49.99,18.0
ITEM-0009890,ORD-005582,206,1,45.0,11.0,45.0,11.0
ITEM-0009891,ORD-005582,106,1,179.99,70.0,179.99,70.0
ITEM-0009892,ORD-005583,202,1,68.0,22.0,68.0,22.0
ITEM-0009893,ORD-005583,201,1,28.0,8.5,28.0,8.5
ITEM-0009894,ORD-005584,102,1,49.99,18.0,49.99,18.0
ITEM-0009895,ORD-005584,203,1,120.0,42.0,120.0,42.0
ITEM-0009896,ORD-005584,501,1,42.0,13.0,42.0,13.0
ITEM-0009897,ORD-005584,505,1,75.0,24.0,75.0,24.0
ITEM-0009898,ORD-005585,203,1,120.0,42.0,120.0,42.0
ITEM-0009899,ORD-005585,503,1,48.0,15.0,48.0,15.0
ITEM-0009900,ORD-005586,103,1,89.99,36.0,89.99,36.0
ITEM-0009901,ORD-005586,504,2,16.99,4.2,33.98,8.4
ITEM-0009902,ORD-005587,505,1,75.0,24.0,75.0,24.0
ITEM-0009903,ORD-005588,201,1,28.0,8.5,28.0,8.5
ITEM-0009904,ORD-005589,201,2,28.0,8.5,56.0,17.0
ITEM-0009905,ORD-005590,502,1,22.99,5.5,22.99,5.5
ITEM-0009906,ORD-005591,505,1,75.0,24.0,75.0,24.0
ITEM-0009907,ORD-005592,404,1,64.99,21.0,64.99,21.0
ITEM-0009908,ORD-005592,101,2,199.99,85.0,399.98,170.0
ITEM-0009909,ORD-005592,307,1,29.99,8.0,29.99,8.0
ITEM-0009910,ORD-005592,104,1,349.99,175.0,349.99,175.0
ITEM-0009911,ORD-005593,306,1,32.5,10.0,32.5,10.0
ITEM-0009912,ORD-005594,502,1,22.99,5.5,22.99,5.5
ITEM-0009913,ORD-005595,102,1,49.99,18.0,49.99,18.0
ITEM-0009914,ORD-005595,302,1,45.0,15.0,45.0,15.0
ITEM-0009915,ORD-005596,201,1,28.0,8.5,28.0,8.5
ITEM-0009916,ORD-005596,404,1,64.99,21.0,64.99,21.0
ITEM-0009917,ORD-005596,305,1,59.99,20.0,59.99,20.0
ITEM-0009918,ORD-005597,305,2,59.99,20.0,119.98,40.0
ITEM-0009919,ORD-005597,103,1,89.99,36.0,89.99,36.0
ITEM-0009920,ORD-005598,501,1,42.0,13.0,42.0,13.0
ITEM-0009921,ORD-005599,101,3,199.99,85.0,599.97,255.0
ITEM-0009922,ORD-005599,108,1,29.99,9.5,29.99,9.5
ITEM-0009923,ORD-005600,305,1,59.99,20.0,59.99,20.0
ITEM-0009924,ORD-005600,201,1,28.0,8.5,28.0,8.5
ITEM-0009925,ORD-005601,102,1,49.99,18.0,49.99,18.0
ITEM-0009926,ORD-005601,104,1,349.99,175.0,349.99,175.0
ITEM-0009927,ORD-005601,106,1,179.99,70.0,179.99,70.0
ITEM-0009928,ORD-005601,201,1,28.0,8.5,28.0,8.5
ITEM-0009929,ORD-005602,402,1,34.0,8.5,34.0,8.5
ITEM-0009930,ORD-005603,204,1,24.0,6.0,24.0,6.0
ITEM-0009931,ORD-005604,503,1,48.0,15.0,48.0,15.0
ITEM-0009932,ORD-005605,502,1,22.99,5.5,22.99,5.5
ITEM-0009933,ORD-005605,206,1,45.0,11.0,45.0,11.0
ITEM-0009934,ORD-005606,503,1,48.0,15.0,48.0,15.0
ITEM-0009935,ORD-005607,306,1,32.5,10.0,32.5,10.0
ITEM-0009936,ORD-005608,203,2,120.0,42.0,240.0,84.0
ITEM-0009937,ORD-005609,505,1,75.0,24.0,75.0,24.0
ITEM-0009938,ORD-005610,403,3,22.0,5.2,66.0,15.6
ITEM-0009939,ORD-005611,203,1,120.0,42.0,120.0,42.0
ITEM-0009940,ORD-005612,403,1,22.0,5.2,22.0,5.2
ITEM-0009941,ORD-005612,305,1,59.99,20.0,59.99,20.0
ITEM-0009942,ORD-005613,404,1,64.99,21.0,64.99,21.0
ITEM-0009943,ORD-005614,304,1,39.99,14.0,39.99,14.0
ITEM-0009944,ORD-005615,505,1,75.0,24.0,75.0,24.0
ITEM-0009945,ORD-005615,306,1,32.5,10.0,32.5,10.0
ITEM-0009946,ORD-005615,106,1,179.99,70.0,179.99,70.0
ITEM-0009947,ORD-005615,107,1,59.99,22.0,59.99,22.0
ITEM-0009948,ORD-005616,306,1,32.5,10.0,32.5,10.0
ITEM-0009949,ORD-005617,306,1,32.5,10.0,32.5,10.0
ITEM-0009950,ORD-005617,204,2,24.0,6.0,48.0,12.0
ITEM-0009951,ORD-005618,504,1,16.99,4.2,16.99,4.2
ITEM-0009952,ORD-005618,404,1,64.99,21.0,64.99,21.0
ITEM-0009953,ORD-005618,301,2,289.0,130.0,578.0,260.0
ITEM-0009954,ORD-005618,304,1,39.99,14.0,39.99,14.0
ITEM-0009955,ORD-005619,405,1,18.0,4.0,18.0,4.0
ITEM-0009956,ORD-005620,103,1,89.99,36.0,89.99,36.0
ITEM-0009957,ORD-005621,303,1,24.99,7.5,24.99,7.5
ITEM-0009958,ORD-005621,403,1,22.0,5.2,22.0,5.2
ITEM-0009959,ORD-005622,102,2,49.99,18.0,99.98,36.0
ITEM-0009960,ORD-005623,203,1,120.0,42.0,120.0,42.0
ITEM-0009961,ORD-005624,504,2,16.99,4.2,33.98,8.4
ITEM-0009962,ORD-005624,201,2,28.0,8.5,56.0,17.0
ITEM-0009963,ORD-005624,307,1,29.99,8.0,29.99,8.0
ITEM-0009964,ORD-005625,401,1,26.0,6.0,26.0,6.0
ITEM-0009965,ORD-005626,204,1,24.0,6.0,24.0,6.0
ITEM-0009966,ORD-005627,404,1,64.99,21.0,64.99,21.0
ITEM-0009967,ORD-005628,305,1,59.99,20.0,59.99,20.0
ITEM-0009968,ORD-005628,501,1,42.0,13.0,42.0,13.0
ITEM-0009969,ORD-005628,205,1,54.0,16.0,54.0,16.0
ITEM-0009970,ORD-005629,102,1,49.99,18.0,49.99,18.0
ITEM-0009971,ORD-005629,305,1,59.99,20.0,59.99,20.0
ITEM-0009972,ORD-005630,405,3,18.0,4.0,54.0,12.0
ITEM-0009973,ORD-005630,505,1,75.0,24.0,75.0,24.0
ITEM-0009974,ORD-005631,304,1,39.99,14.0,39.99,14.0
ITEM-0009975,ORD-005632,405,2,18.0,4.0,36.0,8.0
ITEM-0009976,ORD-005632,505,1,75.0,24.0,75.0,24.0
ITEM-0009977,ORD-005633,101,1,199.99,85.0,199.99,85.0
ITEM-0009978,ORD-005633,107,2,59.99,22.0,119.98,44.0
ITEM-0009979,ORD-005633,105,1,39.99,12.0,39.99,12.0
ITEM-0009980,ORD-005634,405,1,18.0,4.0,18.0,4.0
ITEM-0009981,ORD-005634,205,1,54.0,16.0,54.0,16.0
ITEM-0009982,ORD-005634,202,1,68.0,22.0,68.0,22.0
ITEM-0009983,ORD-005635,206,1,45.0,11.0,45.0,11.0
ITEM-0009984,ORD-005636,505,1,75.0,24.0,75.0,24.0
ITEM-0009985,ORD-005637,304,1,39.99,14.0,39.99,14.0
ITEM-0009986,ORD-005638,102,1,49.99,18.0,49.99,18.0
ITEM-0009987,ORD-005639,403,1,22.0,5.2,22.0,5.2
ITEM-0009988,ORD-005640,504,1,16.99,4.2,16.99,4.2
ITEM-0009989,ORD-005641,505,2,75.0,24.0,150.0,48.0
ITEM-0009990,ORD-005641,402,1,34.0,8.5,34.0,8.5
ITEM-0009991,ORD-005642,304,1,39.99,14.0,39.99,14.0
ITEM-0009992,ORD-005642,301,2,289.0,130.0,578.0,260.0
ITEM-0009993,ORD-005642,402,2,34.0,8.5,68.0,17.0
ITEM-0009994,ORD-005643,202,1,68.0,22.0,68.0,22.0
ITEM-0009995,ORD-005644,502,1,22.99,5.5,22.99,5.5
ITEM-0009996,ORD-005644,205,1,54.0,16.0,54.0,16.0
ITEM-0009997,ORD-005644,102,2,49.99,18.0,99.98,36.0
ITEM-0009998,ORD-005645,107,1,59.99,22.0,59.99,22.0
ITEM-0009999,ORD-005645,504,1,16.99,4.2,16.99,4.2
ITEM-0010000,ORD-005646,107,1,59.99,22.0,59.99,22.0
ITEM-0010001,ORD-005646,106,1,179.99,70.0,179.99,70.0
ITEM-0010002,ORD-005646,302,1,45.0,15.0,45.0,15.0
ITEM-0010003,ORD-005646,101,2,199.99,85.0,399.98,170.0
ITEM-0010004,ORD-005647,504,1,16.99,4.2,16.99,4.2
ITEM-0010005,ORD-005647,203,3,120.0,42.0,360.0,126.0
ITEM-0010006,ORD-005648,504,1,16.99,4.2,16.99,4.2
ITEM-0010007,ORD-005649,303,1,24.99,7.5,24.99,7.5
ITEM-0010008,ORD-005649,206,1,45.0,11.0,45.0,11.0
ITEM-0010009,ORD-005650,105,1,39.99,12.0,39.99,12.0
ITEM-0010010,ORD-005651,106,1,179.99,70.0,179.99,70.0
ITEM-0010011,ORD-005652,305,1,59.99,20.0,59.99,20.0
ITEM-0010012,ORD-005652,108,1,29.99,9.5,29.99,9.5
ITEM-0010013,ORD-005653,206,1,45.0,11.0,45.0,11.0
ITEM-0010014,ORD-005653,307,1,29.99,8.0,29.99,8.0
ITEM-0010015,ORD-005654,503,1,48.0,15.0,48.0,15.0
ITEM-0010016,ORD-005654,205,1,54.0,16.0,54.0,16.0
ITEM-0010017,ORD-005655,205,1,54.0,16.0,54.0,16.0
ITEM-0010018,ORD-005655,304,1,39.99,14.0,39.99,14.0
ITEM-0010019,ORD-005656,502,3,22.99,5.5,68.97,16.5
ITEM-0010020,ORD-005656,202,1,68.0,22.0,68.0,22.0
ITEM-0010021,ORD-005657,305,1,59.99,20.0,59.99,20.0
ITEM-0010022,ORD-005658,202,1,68.0,22.0,68.0,22.0
ITEM-0010023,ORD-005659,206,1,45.0,11.0,45.0,11.0
ITEM-0010024,ORD-005660,102,2,49.99,18.0,99.98,36.0
ITEM-0010025,ORD-005660,504,1,16.99,4.2,16.99,4.2
ITEM-0010026,ORD-005660,405,1,18.0,4.0,18.0,4.0
ITEM-0010027,ORD-005661,303,2,24.99,7.5,49.98,15.0
ITEM-0010028,ORD-005661,302,1,45.0,15.0,45.0,15.0
ITEM-0010029,ORD-005662,503,1,48.0,15.0,48.0,15.0
ITEM-0010030,ORD-005662,402,1,34.0,8.5,34.0,8.5
ITEM-0010031,ORD-005663,306,1,32.5,10.0,32.5,10.0
ITEM-0010032,ORD-005663,202,1,68.0,22.0,68.0,22.0
ITEM-0010033,ORD-005663,105,1,39.99,12.0,39.99,12.0
ITEM-0010034,ORD-005664,301,1,289.0,130.0,289.0,130.0
ITEM-0010035,ORD-005664,505,1,75.0,24.0,75.0,24.0
ITEM-0010036,ORD-005665,504,1,16.99,4.2,16.99,4.2
ITEM-0010037,ORD-005665,402,1,34.0,8.5,34.0,8.5
ITEM-0010038,ORD-005665,203,1,120.0,42.0,120.0,42.0
ITEM-0010039,ORD-005666,503,1,48.0,15.0,48.0,15.0
ITEM-0010040,ORD-005666,405,1,18.0,4.0,18.0,4.0
ITEM-0010041,ORD-005666,107,1,59.99,22.0,59.99,22.0
ITEM-0010042,ORD-005666,303,2,24.99,7.5,49.98,15.0
ITEM-0010043,ORD-005667,404,2,64.99,21.0,129.98,42.0
ITEM-0010044,ORD-005667,502,1,22.99,5.5,22.99,5.5
ITEM-0010045,ORD-005668,402,1,34.0,8.5,34.0,8.5
ITEM-0010046,ORD-005668,301,1,289.0,130.0,289.0,130.0
ITEM-0010047,ORD-005669,101,1,199.99,85.0,199.99,85.0
ITEM-0010048,ORD-005669,108,1,29.99,9.5,29.99,9.5
ITEM-0010049,ORD-005669,405,1,18.0,4.0,18.0,4.0
ITEM-0010050,ORD-005669,401,1,26.0,6.0,26.0,6.0
ITEM-0010051,ORD-005670,403,1,22.0,5.2,22.0,5.2
ITEM-0010052,ORD-005671,303,1,24.99,7.5,24.99,7.5
ITEM-0010053,ORD-005671,304,1,39.99,14.0,39.99,14.0
ITEM-0010054,ORD-005672,501,1,42.0,13.0,42.0,13.0
ITEM-0010055,ORD-005673,205,1,54.0,16.0,54.0,16.0
ITEM-0010056,ORD-005673,106,1,179.99,70.0,179.99,70.0
ITEM-0010057,ORD-005673,201,2,28.0,8.5,56.0,17.0
ITEM-0010058,ORD-005674,205,1,54.0,16.0,54.0,16.0
ITEM-0010059,ORD-005674,206,1,45.0,11.0,45.0,11.0
ITEM-0010060,ORD-005675,401,1,26.0,6.0,26.0,6.0
ITEM-0010061,ORD-005675,402,1,34.0,8.5,34.0,8.5
ITEM-0010062,ORD-005676,405,1,18.0,4.0,18.0,4.0
ITEM-0010063,ORD-005676,503,1,48.0,15.0,48.0,15.0
ITEM-0010064,ORD-005676,103,1,89.99,36.0,89.99,36.0
ITEM-0010065,ORD-005676,105,1,39.99,12.0,39.99,12.0
ITEM-0010066,ORD-005677,302,1,45.0,15.0,45.0,15.0
ITEM-0010067,ORD-005678,107,1,59.99,22.0,59.99,22.0
ITEM-0010068,ORD-005679,108,1,29.99,9.5,29.99,9.5
ITEM-0010069,ORD-005680,504,1,16.99,4.2,16.99,4.2
ITEM-0010070,ORD-005681,206,1,45.0,11.0,45.0,11.0
ITEM-0010071,ORD-005681,401,2,26.0,6.0,52.0,12.0
ITEM-0010072,ORD-005681,201,2,28.0,8.5,56.0,17.0
ITEM-0010073,ORD-005682,301,1,289.0,130.0,289.0,130.0
ITEM-0010074,ORD-005682,302,1,45.0,15.0,45.0,15.0
ITEM-0010075,ORD-005683,106,1,179.99,70.0,179.99,70.0
ITEM-0010076,ORD-005683,206,1,45.0,11.0,45.0,11.0
ITEM-0010077,ORD-005683,307,2,29.99,8.0,59.98,16.0
ITEM-0010078,ORD-005683,403,1,22.0,5.2,22.0,5.2
ITEM-0010079,ORD-005684,201,1,28.0,8.5,28.0,8.5
ITEM-0010080,ORD-005685,106,1,179.99,70.0,179.99,70.0
ITEM-0010081,ORD-005686,202,1,68.0,22.0,68.0,22.0
ITEM-0010082,ORD-005687,301,1,289.0,130.0,289.0,130.0
ITEM-0010083,ORD-005687,303,1,24.99,7.5,24.99,7.5
ITEM-0010084,ORD-005687,104,3,349.99,175.0,1049.97,525.0
ITEM-0010085,ORD-005688,502,1,22.99,5.5,22.99,5.5
ITEM-0010086,ORD-005689,204,2,24.0,6.0,48.0,12.0
ITEM-0010087,ORD-005690,204,1,24.0,6.0,24.0,6.0
ITEM-0010088,ORD-005690,401,1,26.0,6.0,26.0,6.0
ITEM-0010089,ORD-005690,201,1,28.0,8.5,28.0,8.5
ITEM-0010090,ORD-005691,103,1,89.99,36.0,89.99,36.0
ITEM-0010091,ORD-005691,306,2,32.5,10.0,65.0,20.0
ITEM-0010092,ORD-005692,303,1,24.99,7.5,24.99,7.5
ITEM-0010093,ORD-005693,203,3,120.0,42.0,360.0,126.0
ITEM-0010094,ORD-005693,504,1,16.99,4.2,16.99,4.2
ITEM-0010095,ORD-005693,505,1,75.0,24.0,75.0,24.0
ITEM-0010096,ORD-005693,301,1,289.0,130.0,289.0,130.0
ITEM-0010097,ORD-005694,105,1,39.99,12.0,39.99,12.0
ITEM-0010098,ORD-005695,301,1,289.0,130.0,289.0,130.0
ITEM-0010099,ORD-005696,404,1,64.99,21.0,64.99,21.0
ITEM-0010100,ORD-005697,107,1,59.99,22.0,59.99,22.0
ITEM-0010101,ORD-005698,205,1,54.0,16.0,54.0,16.0
ITEM-0010102,ORD-005698,204,2,24.0,6.0,48.0,12.0
ITEM-0010103,ORD-005699,501,1,42.0,13.0,42.0,13.0
ITEM-0010104,ORD-005699,502,1,22.99,5.5,22.99,5.5
ITEM-0010105,ORD-005699,307,1,29.99,8.0,29.99,8.0
ITEM-0010106,ORD-005699,201,2,28.0,8.5,56.0,17.0
ITEM-0010107,ORD-005700,108,1,29.99,9.5,29.99,9.5
ITEM-0010108,ORD-005700,205,1,54.0,16.0,54.0,16.0
ITEM-0010109,ORD-005701,107,1,59.99,22.0,59.99,22.0
ITEM-0010110,ORD-005701,503,1,48.0,15.0,48.0,15.0
ITEM-0010111,ORD-005702,307,1,29.99,8.0,29.99,8.0
ITEM-0010112,ORD-005702,107,1,59.99,22.0,59.99,22.0
ITEM-0010113,ORD-005702,405,2,18.0,4.0,36.0,8.0
ITEM-0010114,ORD-005702,504,3,16.99,4.2,50.97,12.6
ITEM-0010115,ORD-005703,503,2,48.0,15.0,96.0,30.0
ITEM-0010116,ORD-005704,302,1,45.0,15.0,45.0,15.0
ITEM-0010117,ORD-005704,301,1,289.0,130.0,289.0,130.0
ITEM-0010118,ORD-005705,306,1,32.5,10.0,32.5,10.0
ITEM-0010119,ORD-005705,504,2,16.99,4.2,33.98,8.4
ITEM-0010120,ORD-005706,502,2,22.99,5.5,45.98,11.0
ITEM-0010121,ORD-005707,304,1,39.99,14.0,39.99,14.0
ITEM-0010122,ORD-005707,403,1,22.0,5.2,22.0,5.2
ITEM-0010123,ORD-005708,503,1,48.0,15.0,48.0,15.0
ITEM-0010124,ORD-005709,204,1,24.0,6.0,24.0,6.0
ITEM-0010125,ORD-005709,304,1,39.99,14.0,39.99,14.0
ITEM-0010126,ORD-005710,401,1,26.0,6.0,26.0,6.0
ITEM-0010127,ORD-005711,103,1,89.99,36.0,89.99,36.0
ITEM-0010128,ORD-005712,104,1,349.99,175.0,349.99,175.0
ITEM-0010129,ORD-005712,103,1,89.99,36.0,89.99,36.0
ITEM-0010130,ORD-005713,307,1,29.99,8.0,29.99,8.0
ITEM-0010131,ORD-005714,304,1,39.99,14.0,39.99,14.0
ITEM-0010132,ORD-005714,107,1,59.99,22.0,59.99,22.0
ITEM-0010133,ORD-005715,402,1,34.0,8.5,34.0,8.5
ITEM-0010134,ORD-005715,305,1,59.99,20.0,59.99,20.0
ITEM-0010135,ORD-005716,104,1,349.99,175.0,349.99,175.0
ITEM-0010136,ORD-005716,105,1,39.99,12.0,39.99,12.0
ITEM-0010137,ORD-005717,305,1,59.99,20.0,59.99,20.0
ITEM-0010138,ORD-005717,105,1,39.99,12.0,39.99,12.0
ITEM-0010139,ORD-005718,301,1,289.0,130.0,289.0,130.0
ITEM-0010140,ORD-005718,302,2,45.0,15.0,90.0,30.0
ITEM-0010141,ORD-005719,306,1,32.5,10.0,32.5,10.0
ITEM-0010142,ORD-005720,205,1,54.0,16.0,54.0,16.0
ITEM-0010143,ORD-005721,503,1,48.0,15.0,48.0,15.0
ITEM-0010144,ORD-005721,204,1,24.0,6.0,24.0,6.0
ITEM-0010145,ORD-005722,301,1,289.0,130.0,289.0,130.0
ITEM-0010146,ORD-005723,401,2,26.0,6.0,52.0,12.0
ITEM-0010147,ORD-005723,402,1,34.0,8.5,34.0,8.5
ITEM-0010148,ORD-005724,305,1,59.99,20.0,59.99,20.0
ITEM-0010149,ORD-005725,107,1,59.99,22.0,59.99,22.0
ITEM-0010150,ORD-005726,107,1,59.99,22.0,59.99,22.0
ITEM-0010151,ORD-005726,202,1,68.0,22.0,68.0,22.0
ITEM-0010152,ORD-005727,503,1,48.0,15.0,48.0,15.0
ITEM-0010153,ORD-005727,303,1,24.99,7.5,24.99,7.5
ITEM-0010154,ORD-005727,101,1,199.99,85.0,199.99,85.0
ITEM-0010155,ORD-005728,505,1,75.0,24.0,75.0,24.0
ITEM-0010156,ORD-005729,102,1,49.99,18.0,49.99,18.0
ITEM-0010157,ORD-005729,205,1,54.0,16.0,54.0,16.0
ITEM-0010158,ORD-005729,108,1,29.99,9.5,29.99,9.5
ITEM-0010159,ORD-005729,302,1,45.0,15.0,45.0,15.0
ITEM-0010160,ORD-005730,307,1,29.99,8.0,29.99,8.0
ITEM-0010161,ORD-005731,206,1,45.0,11.0,45.0,11.0
ITEM-0010162,ORD-005732,104,2,349.99,175.0,699.98,350.0
ITEM-0010163,ORD-005733,201,1,28.0,8.5,28.0,8.5
ITEM-0010164,ORD-005734,102,2,49.99,18.0,99.98,36.0
ITEM-0010165,ORD-005735,103,1,89.99,36.0,89.99,36.0
ITEM-0010166,ORD-005735,504,1,16.99,4.2,16.99,4.2
ITEM-0010167,ORD-005735,402,1,34.0,8.5,34.0,8.5
ITEM-0010168,ORD-005736,505,1,75.0,24.0,75.0,24.0
ITEM-0010169,ORD-005736,405,1,18.0,4.0,18.0,4.0
ITEM-0010170,ORD-005736,106,2,179.99,70.0,359.98,140.0
ITEM-0010171,ORD-005737,204,1,24.0,6.0,24.0,6.0
ITEM-0010172,ORD-005738,302,1,45.0,15.0,45.0,15.0
ITEM-0010173,ORD-005738,107,1,59.99,22.0,59.99,22.0
ITEM-0010174,ORD-005739,202,1,68.0,22.0,68.0,22.0
ITEM-0010175,ORD-005740,205,1,54.0,16.0,54.0,16.0
ITEM-0010176,ORD-005740,504,1,16.99,4.2,16.99,4.2
ITEM-0010177,ORD-005741,502,1,22.99,5.5,22.99,5.5
ITEM-0010178,ORD-005741,501,1,42.0,13.0,42.0,13.0
ITEM-0010179,ORD-005742,504,1,16.99,4.2,16.99,4.2
ITEM-0010180,ORD-005743,101,2,199.99,85.0,399.98,170.0
ITEM-0010181,ORD-005743,108,1,29.99,9.5,29.99,9.5
ITEM-0010182,ORD-005744,402,1,34.0,8.5,34.0,8.5
ITEM-0010183,ORD-005744,301,2,289.0,130.0,578.0,260.0
ITEM-0010184,ORD-005745,307,1,29.99,8.0,29.99,8.0
ITEM-0010185,ORD-005745,105,1,39.99,12.0,39.99,12.0
ITEM-0010186,ORD-005746,401,1,26.0,6.0,26.0,6.0
ITEM-0010187,ORD-005747,204,3,24.0,6.0,72.0,18.0
ITEM-0010188,ORD-005748,204,1,24.0,6.0,24.0,6.0
ITEM-0010189,ORD-005748,104,2,349.99,175.0,699.98,350.0
ITEM-0010190,ORD-005749,203,1,120.0,42.0,120.0,42.0
ITEM-0010191,ORD-005750,405,1,18.0,4.0,18.0,4.0
ITEM-0010192,ORD-005751,103,1,89.99,36.0,89.99,36.0
ITEM-0010193,ORD-005751,205,1,54.0,16.0,54.0,16.0
ITEM-0010194,ORD-005752,107,1,59.99,22.0,59.99,22.0
ITEM-0010195,ORD-005753,101,1,199.99,85.0,199.99,85.0
ITEM-0010196,ORD-005753,502,1,22.99,5.5,22.99,5.5
ITEM-0010197,ORD-005753,302,1,45.0,15.0,45.0,15.0
ITEM-0010198,ORD-005753,103,1,89.99,36.0,89.99,36.0
ITEM-0010199,ORD-005754,203,1,120.0,42.0,120.0,42.0
ITEM-0010200,ORD-005755,302,1,45.0,15.0,45.0,15.0
ITEM-0010201,ORD-005756,307,2,29.99,8.0,59.98,16.0
ITEM-0010202,ORD-005757,205,1,54.0,16.0,54.0,16.0
ITEM-0010203,ORD-005758,305,3,59.99,20.0,179.97,60.0
ITEM-0010204,ORD-005759,102,1,49.99,18.0,49.99,18.0
ITEM-0010205,ORD-005760,107,2,59.99,22.0,119.98,44.0
ITEM-0010206,ORD-005760,102,1,49.99,18.0,49.99,18.0
ITEM-0010207,ORD-005760,501,1,42.0,13.0,42.0,13.0
ITEM-0010208,ORD-005761,504,1,16.99,4.2,16.99,4.2
ITEM-0010209,ORD-005762,306,1,32.5,10.0,32.5,10.0
ITEM-0010210,ORD-005763,307,1,29.99,8.0,29.99,8.0
ITEM-0010211,ORD-005764,405,1,18.0,4.0,18.0,4.0
ITEM-0010212,ORD-005765,103,1,89.99,36.0,89.99,36.0
ITEM-0010213,ORD-005765,501,2,42.0,13.0,84.0,26.0
ITEM-0010214,ORD-005766,301,1,289.0,130.0,289.0,130.0
ITEM-0010215,ORD-005767,101,1,199.99,85.0,199.99,85.0
ITEM-0010216,ORD-005768,307,1,29.99,8.0,29.99,8.0
ITEM-0010217,ORD-005768,107,1,59.99,22.0,59.99,22.0
ITEM-0010218,ORD-005768,203,1,120.0,42.0,120.0,42.0
ITEM-0010219,ORD-005769,505,1,75.0,24.0,75.0,24.0
ITEM-0010220,ORD-005770,205,1,54.0,16.0,54.0,16.0
ITEM-0010221,ORD-005771,102,1,49.99,18.0,49.99,18.0
ITEM-0010222,ORD-005771,103,2,89.99,36.0,179.98,72.0
ITEM-0010223,ORD-005772,502,1,22.99,5.5,22.99,5.5
ITEM-0010224,ORD-005773,306,1,32.5,10.0,32.5,10.0
ITEM-0010225,ORD-005773,202,1,68.0,22.0,68.0,22.0
ITEM-0010226,ORD-005774,101,3,199.99,85.0,599.97,255.0
ITEM-0010227,ORD-005775,106,1,179.99,70.0,179.99,70.0
ITEM-0010228,ORD-005775,307,3,29.99,8.0,89.97,24.0
ITEM-0010229,ORD-005776,204,1,24.0,6.0,24.0,6.0
ITEM-0010230,ORD-005776,502,1,22.99,5.5,22.99,5.5
ITEM-0010231,ORD-005777,404,1,64.99,21.0,64.99,21.0
ITEM-0010232,ORD-005777,405,1,18.0,4.0,18.0,4.0
ITEM-0010233,ORD-005778,307,2,29.99,8.0,59.98,16.0
ITEM-0010234,ORD-005778,108,1,29.99,9.5,29.99,9.5
ITEM-0010235,ORD-005779,305,1,59.99,20.0,59.99,20.0
ITEM-0010236,ORD-005779,402,1,34.0,8.5,34.0,8.5
ITEM-0010237,ORD-005779,502,1,22.99,5.5,22.99,5.5
ITEM-0010238,ORD-005780,205,1,54.0,16.0,54.0,16.0
ITEM-0010239,ORD-005781,503,1,48.0,15.0,48.0,15.0
ITEM-0010240,ORD-005782,501,1,42.0,13.0,42.0,13.0
ITEM-0010241,ORD-005782,404,2,64.99,21.0,129.98,42.0
ITEM-0010242,ORD-005783,303,1,24.99,7.5,24.99,7.5
ITEM-0010243,ORD-005783,206,1,45.0,11.0,45.0,11.0
ITEM-0010244,ORD-005783,203,1,120.0,42.0,120.0,42.0
ITEM-0010245,ORD-005783,108,1,29.99,9.5,29.99,9.5
ITEM-0010246,ORD-005784,101,2,199.99,85.0,399.98,170.0
ITEM-0010247,ORD-005785,104,1,349.99,175.0,349.99,175.0
ITEM-0010248,ORD-005786,104,1,349.99,175.0,349.99,175.0
ITEM-0010249,ORD-005786,103,2,89.99,36.0,179.98,72.0
ITEM-0010250,ORD-005787,405,1,18.0,4.0,18.0,4.0
ITEM-0010251,ORD-005788,206,1,45.0,11.0,45.0,11.0
ITEM-0010252,ORD-005789,307,2,29.99,8.0,59.98,16.0
ITEM-0010253,ORD-005790,302,1,45.0,15.0,45.0,15.0
ITEM-0010254,ORD-005790,501,1,42.0,13.0,42.0,13.0
ITEM-0010255,ORD-005790,307,1,29.99,8.0,29.99,8.0
ITEM-0010256,ORD-005791,306,1,32.5,10.0,32.5,10.0
ITEM-0010257,ORD-005792,108,1,29.99,9.5,29.99,9.5
ITEM-0010258,ORD-005792,103,1,89.99,36.0,89.99,36.0
ITEM-0010259,ORD-005793,108,1,29.99,9.5,29.99,9.5
ITEM-0010260,ORD-005794,203,1,120.0,42.0,120.0,42.0
ITEM-0010261,ORD-005794,103,1,89.99,36.0,89.99,36.0
ITEM-0010262,ORD-005794,106,1,179.99,70.0,179.99,70.0
ITEM-0010263,ORD-005795,108,1,29.99,9.5,29.99,9.5
ITEM-0010264,ORD-005796,107,1,59.99,22.0,59.99,22.0
ITEM-0010265,ORD-005796,205,1,54.0,16.0,54.0,16.0
ITEM-0010266,ORD-005797,201,1,28.0,8.5,28.0,8.5
ITEM-0010267,ORD-005798,105,1,39.99,12.0,39.99,12.0
ITEM-0010268,ORD-005799,201,2,28.0,8.5,56.0,17.0
ITEM-0010269,ORD-005799,404,1,64.99,21.0,64.99,21.0
ITEM-0010270,ORD-005799,502,1,22.99,5.5,22.99,5.5
ITEM-0010271,ORD-005800,205,1,54.0,16.0,54.0,16.0
ITEM-0010272,ORD-005800,306,1,32.5,10.0,32.5,10.0
ITEM-0010273,ORD-005801,202,1,68.0,22.0,68.0,22.0
ITEM-0010274,ORD-005802,108,1,29.99,9.5,29.99,9.5
ITEM-0010275,ORD-005802,107,1,59.99,22.0,59.99,22.0
ITEM-0010276,ORD-005802,504,1,16.99,4.2,16.99,4.2
ITEM-0010277,ORD-005802,307,1,29.99,8.0,29.99,8.0
ITEM-0010278,ORD-005803,505,1,75.0,24.0,75.0,24.0
ITEM-0010279,ORD-005803,307,1,29.99,8.0,29.99,8.0
ITEM-0010280,ORD-005804,304,1,39.99,14.0,39.99,14.0
ITEM-0010281,ORD-005805,104,1,349.99,175.0,349.99,175.0
ITEM-0010282,ORD-005806,402,1,34.0,8.5,34.0,8.5
ITEM-0010283,ORD-005806,302,1,45.0,15.0,45.0,15.0
ITEM-0010284,ORD-005806,103,2,89.99,36.0,179.98,72.0
ITEM-0010285,ORD-005807,206,1,45.0,11.0,45.0,11.0
ITEM-0010286,ORD-005808,103,2,89.99,36.0,179.98,72.0
ITEM-0010287,ORD-005808,402,1,34.0,8.5,34.0,8.5
ITEM-0010288,ORD-005809,402,1,34.0,8.5,34.0,8.5
ITEM-0010289,ORD-005809,302,2,45.0,15.0,90.0,30.0
ITEM-0010290,ORD-005810,401,1,26.0,6.0,26.0,6.0
ITEM-0010291,ORD-005810,403,1,22.0,5.2,22.0,5.2
ITEM-0010292,ORD-005810,106,1,179.99,70.0,179.99,70.0
ITEM-0010293,ORD-005810,301,1,289.0,130.0,289.0,130.0
ITEM-0010294,ORD-005811,501,1,42.0,13.0,42.0,13.0
ITEM-0010295,ORD-005811,106,1,179.99,70.0,179.99,70.0
ITEM-0010296,ORD-005812,107,1,59.99,22.0,59.99,22.0
ITEM-0010297,ORD-005812,503,1,48.0,15.0,48.0,15.0
ITEM-0010298,ORD-005813,202,1,68.0,22.0,68.0,22.0
ITEM-0010299,ORD-005814,102,1,49.99,18.0,49.99,18.0
ITEM-0010300,ORD-005815,205,1,54.0,16.0,54.0,16.0
ITEM-0010301,ORD-005816,201,2,28.0,8.5,56.0,17.0
ITEM-0010302,ORD-005816,501,1,42.0,13.0,42.0,13.0
ITEM-0010303,ORD-005817,403,1,22.0,5.2,22.0,5.2
ITEM-0010304,ORD-005818,503,1,48.0,15.0,48.0,15.0
ITEM-0010305,ORD-005818,108,1,29.99,9.5,29.99,9.5
ITEM-0010306,ORD-005818,505,1,75.0,24.0,75.0,24.0
ITEM-0010307,ORD-005819,307,1,29.99,8.0,29.99,8.0
ITEM-0010308,ORD-005820,404,1,64.99,21.0,64.99,21.0
ITEM-0010309,ORD-005820,502,2,22.99,5.5,45.98,11.0
ITEM-0010310,ORD-005821,405,1,18.0,4.0,18.0,4.0
ITEM-0010311,ORD-005821,204,1,24.0,6.0,24.0,6.0
ITEM-0010312,ORD-005821,305,2,59.99,20.0,119.98,40.0
ITEM-0010313,ORD-005822,104,1,349.99,175.0,349.99,175.0
ITEM-0010314,ORD-005822,102,2,49.99,18.0,99.98,36.0
ITEM-0010315,ORD-005822,103,1,89.99,36.0,89.99,36.0
ITEM-0010316,ORD-005822,307,3,29.99,8.0,89.97,24.0
ITEM-0010317,ORD-005823,104,1,349.99,175.0,349.99,175.0
ITEM-0010318,ORD-005824,403,1,22.0,5.2,22.0,5.2
ITEM-0010319,ORD-005824,502,1,22.99,5.5,22.99,5.5
ITEM-0010320,ORD-005825,102,1,49.99,18.0,49.99,18.0
ITEM-0010321,ORD-005825,204,2,24.0,6.0,48.0,12.0
ITEM-0010322,ORD-005826,306,1,32.5,10.0,32.5,10.0
ITEM-0010323,ORD-005827,504,1,16.99,4.2,16.99,4.2
ITEM-0010324,ORD-005827,104,1,349.99,175.0,349.99,175.0
ITEM-0010325,ORD-005827,106,2,179.99,70.0,359.98,140.0
ITEM-0010326,ORD-005828,105,1,39.99,12.0,39.99,12.0
ITEM-0010327,ORD-005829,403,1,22.0,5.2,22.0,5.2
ITEM-0010328,ORD-005830,404,1,64.99,21.0,64.99,21.0
ITEM-0010329,ORD-005831,108,1,29.99,9.5,29.99,9.5
ITEM-0010330,ORD-005831,503,1,48.0,15.0,48.0,15.0
ITEM-0010331,ORD-005831,401,2,26.0,6.0,52.0,12.0
ITEM-0010332,ORD-005832,305,1,59.99,20.0,59.99,20.0
ITEM-0010333,ORD-005832,301,1,289.0,130.0,289.0,130.0
ITEM-0010334,ORD-005833,404,1,64.99,21.0,64.99,21.0
ITEM-0010335,ORD-005834,105,1,39.99,12.0,39.99,12.0
ITEM-0010336,ORD-005834,303,1,24.99,7.5,24.99,7.5
ITEM-0010337,ORD-005835,206,1,45.0,11.0,45.0,11.0
ITEM-0010338,ORD-005835,401,1,26.0,6.0,26.0,6.0
ITEM-0010339,ORD-005836,501,1,42.0,13.0,42.0,13.0
ITEM-0010340,ORD-005837,502,1,22.99,5.5,22.99,5.5
ITEM-0010341,ORD-005837,403,1,22.0,5.2,22.0,5.2
ITEM-0010342,ORD-005838,201,1,28.0,8.5,28.0,8.5
ITEM-0010343,ORD-005838,104,1,349.99,175.0,349.99,175.0
ITEM-0010344,ORD-005839,104,1,349.99,175.0,349.99,175.0
ITEM-0010345,ORD-005839,105,1,39.99,12.0,39.99,12.0
ITEM-0010346,ORD-005840,306,1,32.5,10.0,32.5,10.0
ITEM-0010347,ORD-005840,505,2,75.0,24.0,150.0,48.0
ITEM-0010348,ORD-005841,504,1,16.99,4.2,16.99,4.2
ITEM-0010349,ORD-005842,203,1,120.0,42.0,120.0,42.0
ITEM-0010350,ORD-005842,501,1,42.0,13.0,42.0,13.0
ITEM-0010351,ORD-005843,302,1,45.0,15.0,45.0,15.0
ITEM-0010352,ORD-005844,401,1,26.0,6.0,26.0,6.0
ITEM-0010353,ORD-005844,402,2,34.0,8.5,68.0,17.0
ITEM-0010354,ORD-005845,302,1,45.0,15.0,45.0,15.0
ITEM-0010355,ORD-005845,201,2,28.0,8.5,56.0,17.0
ITEM-0010356,ORD-005845,306,1,32.5,10.0,32.5,10.0
ITEM-0010357,ORD-005846,305,1,59.99,20.0,59.99,20.0
ITEM-0010358,ORD-005846,203,2,120.0,42.0,240.0,84.0
ITEM-0010359,ORD-005846,205,1,54.0,16.0,54.0,16.0
ITEM-0010360,ORD-005847,505,1,75.0,24.0,75.0,24.0
ITEM-0010361,ORD-005848,405,1,18.0,4.0,18.0,4.0
ITEM-0010362,ORD-005848,101,1,199.99,85.0,199.99,85.0
ITEM-0010363,ORD-005849,204,1,24.0,6.0,24.0,6.0
ITEM-0010364,ORD-005849,105,1,39.99,12.0,39.99,12.0
ITEM-0010365,ORD-005850,501,1,42.0,13.0,42.0,13.0
ITEM-0010366,ORD-005851,303,1,24.99,7.5,24.99,7.5
ITEM-0010367,ORD-005852,301,1,289.0,130.0,289.0,130.0
ITEM-0010368,ORD-005852,303,1,24.99,7.5,24.99,7.5
ITEM-0010369,ORD-005852,306,1,32.5,10.0,32.5,10.0
ITEM-0010370,ORD-005853,404,1,64.99,21.0,64.99,21.0
ITEM-0010371,ORD-005853,206,1,45.0,11.0,45.0,11.0
ITEM-0010372,ORD-005853,108,1,29.99,9.5,29.99,9.5
ITEM-0010373,ORD-005853,302,1,45.0,15.0,45.0,15.0
ITEM-0010374,ORD-005854,107,1,59.99,22.0,59.99,22.0
ITEM-0010375,ORD-005854,103,1,89.99,36.0,89.99,36.0
ITEM-0010376,ORD-005854,504,1,16.99,4.2,16.99,4.2
ITEM-0010377,ORD-005855,502,3,22.99,5.5,68.97,16.5
ITEM-0010378,ORD-005856,202,1,68.0,22.0,68.0,22.0
ITEM-0010379,ORD-005856,404,1,64.99,21.0,64.99,21.0
ITEM-0010380,ORD-005857,304,2,39.99,14.0,79.98,28.0
ITEM-0010381,ORD-005858,402,1,34.0,8.5,34.0,8.5
ITEM-0010382,ORD-005859,404,1,64.99,21.0,64.99,21.0
ITEM-0010383,ORD-005859,405,1,18.0,4.0,18.0,4.0
ITEM-0010384,ORD-005859,303,1,24.99,7.5,24.99,7.5
ITEM-0010385,ORD-005860,202,1,68.0,22.0,68.0,22.0
ITEM-0010386,ORD-005860,204,1,24.0,6.0,24.0,6.0
ITEM-0010387,ORD-005860,301,1,289.0,130.0,289.0,130.0
ITEM-0010388,ORD-005861,302,1,45.0,15.0,45.0,15.0
ITEM-0010389,ORD-005861,205,1,54.0,16.0,54.0,16.0
ITEM-0010390,ORD-005862,307,1,29.99,8.0,29.99,8.0
ITEM-0010391,ORD-005862,305,1,59.99,20.0,59.99,20.0
ITEM-0010392,ORD-005862,206,1,45.0,11.0,45.0,11.0
ITEM-0010393,ORD-005863,203,1,120.0,42.0,120.0,42.0
ITEM-0010394,ORD-005864,304,1,39.99,14.0,39.99,14.0
ITEM-0010395,ORD-005864,303,1,24.99,7.5,24.99,7.5
ITEM-0010396,ORD-005865,304,1,39.99,14.0,39.99,14.0
ITEM-0010397,ORD-005866,305,1,59.99,20.0,59.99,20.0
ITEM-0010398,ORD-005866,101,2,199.99,85.0,399.98,170.0
ITEM-0010399,ORD-005867,503,1,48.0,15.0,48.0,15.0
ITEM-0010400,ORD-005868,305,1,59.99,20.0,59.99,20.0
ITEM-0010401,ORD-005869,402,1,34.0,8.5,34.0,8.5
ITEM-0010402,ORD-005870,105,1,39.99,12.0,39.99,12.0
ITEM-0010403,ORD-005870,504,1,16.99,4.2,16.99,4.2
ITEM-0010404,ORD-005871,305,1,59.99,20.0,59.99,20.0
ITEM-0010405,ORD-005872,203,1,120.0,42.0,120.0,42.0
ITEM-0010406,ORD-005873,401,2,26.0,6.0,52.0,12.0
ITEM-0010407,ORD-005874,102,1,49.99,18.0,49.99,18.0
ITEM-0010408,ORD-005874,106,1,179.99,70.0,179.99,70.0
ITEM-0010409,ORD-005875,306,2,32.5,10.0,65.0,20.0
ITEM-0010410,ORD-005875,305,1,59.99,20.0,59.99,20.0
ITEM-0010411,ORD-005876,502,1,22.99,5.5,22.99,5.5
ITEM-0010412,ORD-005876,108,1,29.99,9.5,29.99,9.5
ITEM-0010413,ORD-005876,403,1,22.0,5.2,22.0,5.2
ITEM-0010414,ORD-005877,403,1,22.0,5.2,22.0,5.2
ITEM-0010415,ORD-005878,203,1,120.0,42.0,120.0,42.0
ITEM-0010416,ORD-005878,502,1,22.99,5.5,22.99,5.5
ITEM-0010417,ORD-005879,204,1,24.0,6.0,24.0,6.0
ITEM-0010418,ORD-005880,108,1,29.99,9.5,29.99,9.5
ITEM-0010419,ORD-005881,404,1,64.99,21.0,64.99,21.0
ITEM-0010420,ORD-005882,307,1,29.99,8.0,29.99,8.0
ITEM-0010421,ORD-005883,105,3,39.99,12.0,119.97,36.0
ITEM-0010422,ORD-005884,202,1,68.0,22.0,68.0,22.0
ITEM-0010423,ORD-005885,504,1,16.99,4.2,16.99,4.2
ITEM-0010424,ORD-005885,303,1,24.99,7.5,24.99,7.5
ITEM-0010425,ORD-005885,402,1,34.0,8.5,34.0,8.5
ITEM-0010426,ORD-005886,107,1,59.99,22.0,59.99,22.0
ITEM-0010427,ORD-005886,206,1,45.0,11.0,45.0,11.0
ITEM-0010428,ORD-005887,504,1,16.99,4.2,16.99,4.2
ITEM-0010429,ORD-005887,104,1,349.99,175.0,349.99,175.0
ITEM-0010430,ORD-005887,106,1,179.99,70.0,179.99,70.0
ITEM-0010431,ORD-005887,105,1,39.99,12.0,39.99,12.0
ITEM-0010432,ORD-005888,304,1,39.99,14.0,39.99,14.0
ITEM-0010433,ORD-005888,501,1,42.0,13.0,42.0,13.0
ITEM-0010434,ORD-005889,106,1,179.99,70.0,179.99,70.0
ITEM-0010435,ORD-005889,404,1,64.99,21.0,64.99,21.0
ITEM-0010436,ORD-005890,304,1,39.99,14.0,39.99,14.0
ITEM-0010437,ORD-005891,205,1,54.0,16.0,54.0,16.0
ITEM-0010438,ORD-005891,301,1,289.0,130.0,289.0,130.0
ITEM-0010439,ORD-005892,403,1,22.0,5.2,22.0,5.2
ITEM-0010440,ORD-005893,101,2,199.99,85.0,399.98,170.0
ITEM-0010441,ORD-005894,303,1,24.99,7.5,24.99,7.5
ITEM-0010442,ORD-005894,404,1,64.99,21.0,64.99,21.0
ITEM-0010443,ORD-005895,106,1,179.99,70.0,179.99,70.0
ITEM-0010444,ORD-005895,504,1,16.99,4.2,16.99,4.2
ITEM-0010445,ORD-005896,203,1,120.0,42.0,120.0,42.0
ITEM-0010446,ORD-005896,306,1,32.5,10.0,32.5,10.0
ITEM-0010447,ORD-005897,105,1,39.99,12.0,39.99,12.0
ITEM-0010448,ORD-005897,302,1,45.0,15.0,45.0,15.0
ITEM-0010449,ORD-005898,108,1,29.99,9.5,29.99,9.5
ITEM-0010450,ORD-005899,107,1,59.99,22.0,59.99,22.0
ITEM-0010451,ORD-005899,105,1,39.99,12.0,39.99,12.0
ITEM-0010452,ORD-005900,105,1,39.99,12.0,39.99,12.0
ITEM-0010453,ORD-005900,101,1,199.99,85.0,199.99,85.0
ITEM-0010454,ORD-005901,302,2,45.0,15.0,90.0,30.0
ITEM-0010455,ORD-005901,204,1,24.0,6.0,24.0,6.0
ITEM-0010456,ORD-005901,404,1,64.99,21.0,64.99,21.0
ITEM-0010457,ORD-005902,302,1,45.0,15.0,45.0,15.0
ITEM-0010458,ORD-005903,304,1,39.99,14.0,39.99,14.0
ITEM-0010459,ORD-005903,103,1,89.99,36.0,89.99,36.0
ITEM-0010460,ORD-005904,304,1,39.99,14.0,39.99,14.0
ITEM-0010461,ORD-005904,301,1,289.0,130.0,289.0,130.0
ITEM-0010462,ORD-005905,306,1,32.5,10.0,32.5,10.0
ITEM-0010463,ORD-005906,307,1,29.99,8.0,29.99,8.0
ITEM-0010464,ORD-005906,402,1,34.0,8.5,34.0,8.5
ITEM-0010465,ORD-005907,104,1,349.99,175.0,349.99,175.0
ITEM-0010466,ORD-005907,102,1,49.99,18.0,49.99,18.0
ITEM-0010467,ORD-005908,108,1,29.99,9.5,29.99,9.5
ITEM-0010468,ORD-005909,504,1,16.99,4.2,16.99,4.2
ITEM-0010469,ORD-005909,104,1,349.99,175.0,349.99,175.0
ITEM-0010470,ORD-005909,302,1,45.0,15.0,45.0,15.0
ITEM-0010471,ORD-005909,204,1,24.0,6.0,24.0,6.0
ITEM-0010472,ORD-005910,303,1,24.99,7.5,24.99,7.5
ITEM-0010473,ORD-005910,301,1,289.0,130.0,289.0,130.0
ITEM-0010474,ORD-005910,307,1,29.99,8.0,29.99,8.0
ITEM-0010475,ORD-005911,303,1,24.99,7.5,24.99,7.5
ITEM-0010476,ORD-005911,106,1,179.99,70.0,179.99,70.0
ITEM-0010477,ORD-005911,202,2,68.0,22.0,136.0,44.0
ITEM-0010478,ORD-005912,303,1,24.99,7.5,24.99,7.5
ITEM-0010479,ORD-005912,301,1,289.0,130.0,289.0,130.0
ITEM-0010480,ORD-005912,101,1,199.99,85.0,199.99,85.0
ITEM-0010481,ORD-005913,103,1,89.99,36.0,89.99,36.0
ITEM-0010482,ORD-005914,205,1,54.0,16.0,54.0,16.0
ITEM-0010483,ORD-005914,107,1,59.99,22.0,59.99,22.0
ITEM-0010484,ORD-005914,403,1,22.0,5.2,22.0,5.2
ITEM-0010485,ORD-005915,102,1,49.99,18.0,49.99,18.0
ITEM-0010486,ORD-005916,206,1,45.0,11.0,45.0,11.0
ITEM-0010487,ORD-005916,301,3,289.0,130.0,867.0,390.0
ITEM-0010488,ORD-005916,108,1,29.99,9.5,29.99,9.5
ITEM-0010489,ORD-005917,106,1,179.99,70.0,179.99,70.0
ITEM-0010490,ORD-005917,502,1,22.99,5.5,22.99,5.5
ITEM-0010491,ORD-005917,206,1,45.0,11.0,45.0,11.0
ITEM-0010492,ORD-005918,105,1,39.99,12.0,39.99,12.0
ITEM-0010493,ORD-005918,107,1,59.99,22.0,59.99,22.0
ITEM-0010494,ORD-005919,203,1,120.0,42.0,120.0,42.0
ITEM-0010495,ORD-005919,304,1,39.99,14.0,39.99,14.0
ITEM-0010496,ORD-005920,402,2,34.0,8.5,68.0,17.0
ITEM-0010497,ORD-005921,104,1,349.99,175.0,349.99,175.0
ITEM-0010498,ORD-005921,103,1,89.99,36.0,89.99,36.0
ITEM-0010499,ORD-005922,105,1,39.99,12.0,39.99,12.0
ITEM-0010500,ORD-005922,104,1,349.99,175.0,349.99,175.0
ITEM-0010501,ORD-005922,203,1,120.0,42.0,120.0,42.0
ITEM-0010502,ORD-005923,203,1,120.0,42.0,120.0,42.0
ITEM-0010503,ORD-005924,101,1,199.99,85.0,199.99,85.0
ITEM-0010504,ORD-005925,305,1,59.99,20.0,59.99,20.0
ITEM-0010505,ORD-005926,203,1,120.0,42.0,120.0,42.0
ITEM-0010506,ORD-005926,202,1,68.0,22.0,68.0,22.0
ITEM-0010507,ORD-005927,106,1,179.99,70.0,179.99,70.0
ITEM-0010508,ORD-005928,302,2,45.0,15.0,90.0,30.0
ITEM-0010509,ORD-005928,102,1,49.99,18.0,49.99,18.0
ITEM-0010510,ORD-005929,201,1,28.0,8.5,28.0,8.5
ITEM-0010511,ORD-005929,504,1,16.99,4.2,16.99,4.2
ITEM-0010512,ORD-005930,405,3,18.0,4.0,54.0,12.0
ITEM-0010513,ORD-005930,102,2,49.99,18.0,99.98,36.0
ITEM-0010514,ORD-005931,103,1,89.99,36.0,89.99,36.0
ITEM-0010515,ORD-005931,301,1,289.0,130.0,289.0,130.0
ITEM-0010516,ORD-005932,101,1,199.99,85.0,199.99,85.0
ITEM-0010517,ORD-005932,108,1,29.99,9.5,29.99,9.5
ITEM-0010518,ORD-005932,105,1,39.99,12.0,39.99,12.0
ITEM-0010519,ORD-005933,304,1,39.99,14.0,39.99,14.0
ITEM-0010520,ORD-005933,105,1,39.99,12.0,39.99,12.0
ITEM-0010521,ORD-005934,106,1,179.99,70.0,179.99,70.0
ITEM-0010522,ORD-005935,302,1,45.0,15.0,45.0,15.0
ITEM-0010523,ORD-005935,501,1,42.0,13.0,42.0,13.0
ITEM-0010524,ORD-005936,202,3,68.0,22.0,204.0,66.0
ITEM-0010525,ORD-005936,303,2,24.99,7.5,49.98,15.0
ITEM-0010526,ORD-005937,103,1,89.99,36.0,89.99,36.0
ITEM-0010527,ORD-005938,301,1,289.0,130.0,289.0,130.0
ITEM-0010528,ORD-005938,304,1,39.99,14.0,39.99,14.0
ITEM-0010529,ORD-005938,503,1,48.0,15.0,48.0,15.0
ITEM-0010530,ORD-005939,303,1,24.99,7.5,24.99,7.5
ITEM-0010531,ORD-005939,306,1,32.5,10.0,32.5,10.0
ITEM-0010532,ORD-005940,305,1,59.99,20.0,59.99,20.0
ITEM-0010533,ORD-005941,302,2,45.0,15.0,90.0,30.0
ITEM-0010534,ORD-005941,203,3,120.0,42.0,360.0,126.0
ITEM-0010535,ORD-005942,201,1,28.0,8.5,28.0,8.5
ITEM-0010536,ORD-005943,305,1,59.99,20.0,59.99,20.0
ITEM-0010537,ORD-005944,103,1,89.99,36.0,89.99,36.0
ITEM-0010538,ORD-005944,302,1,45.0,15.0,45.0,15.0
ITEM-0010539,ORD-005945,303,3,24.99,7.5,74.97,22.5
ITEM-0010540,ORD-005946,301,1,289.0,130.0,289.0,130.0
ITEM-0010541,ORD-005947,502,1,22.99,5.5,22.99,5.5
ITEM-0010542,ORD-005947,104,1,349.99,175.0,349.99,175.0
ITEM-0010543,ORD-005948,104,2,349.99,175.0,699.98,350.0
ITEM-0010544,ORD-005949,402,1,34.0,8.5,34.0,8.5
ITEM-0010545,ORD-005950,403,1,22.0,5.2,22.0,5.2
ITEM-0010546,ORD-005950,205,2,54.0,16.0,108.0,32.0
ITEM-0010547,ORD-005950,307,1,29.99,8.0,29.99,8.0
ITEM-0010548,ORD-005951,401,1,26.0,6.0,26.0,6.0
ITEM-0010549,ORD-005951,403,1,22.0,5.2,22.0,5.2
ITEM-0010550,ORD-005951,307,1,29.99,8.0,29.99,8.0
ITEM-0010551,ORD-005951,501,3,42.0,13.0,126.0,39.0
ITEM-0010552,ORD-005952,303,1,24.99,7.5,24.99,7.5
ITEM-0010553,ORD-005953,105,1,39.99,12.0,39.99,12.0
ITEM-0010554,ORD-005954,505,1,75.0,24.0,75.0,24.0
ITEM-0010555,ORD-005954,108,1,29.99,9.5,29.99,9.5
ITEM-0010556,ORD-005955,106,1,179.99,70.0,179.99,70.0
ITEM-0010557,ORD-005955,105,1,39.99,12.0,39.99,12.0
ITEM-0010558,ORD-005955,404,2,64.99,21.0,129.98,42.0
ITEM-0010559,ORD-005956,303,1,24.99,7.5,24.99,7.5
ITEM-0010560,ORD-005957,301,1,289.0,130.0,289.0,130.0
ITEM-0010561,ORD-005958,305,1,59.99,20.0,59.99,20.0
ITEM-0010562,ORD-005958,202,2,68.0,22.0,136.0,44.0
ITEM-0010563,ORD-005958,101,1,199.99,85.0,199.99,85.0
ITEM-0010564,ORD-005959,105,1,39.99,12.0,39.99,12.0
ITEM-0010565,ORD-005960,301,1,289.0,130.0,289.0,130.0
ITEM-0010566,ORD-005960,302,1,45.0,15.0,45.0,15.0
ITEM-0010567,ORD-005961,503,2,48.0,15.0,96.0,30.0
ITEM-0010568,ORD-005962,108,1,29.99,9.5,29.99,9.5
ITEM-0010569,ORD-005963,503,1,48.0,15.0,48.0,15.0
ITEM-0010570,ORD-005963,505,1,75.0,24.0,75.0,24.0
ITEM-0010571,ORD-005964,503,1,48.0,15.0,48.0,15.0
ITEM-0010572,ORD-005964,107,1,59.99,22.0,59.99,22.0
ITEM-0010573,ORD-005964,101,2,199.99,85.0,399.98,170.0
ITEM-0010574,ORD-005965,403,1,22.0,5.2,22.0,5.2
ITEM-0010575,ORD-005965,307,1,29.99,8.0,29.99,8.0
ITEM-0010576,ORD-005966,404,1,64.99,21.0,64.99,21.0
ITEM-0010577,ORD-005966,101,1,199.99,85.0,199.99,85.0
ITEM-0010578,ORD-005967,304,1,39.99,14.0,39.99,14.0
ITEM-0010579,ORD-005968,102,1,49.99,18.0,49.99,18.0
ITEM-0010580,ORD-005969,306,1,32.5,10.0,32.5,10.0
ITEM-0010581,ORD-005970,206,1,45.0,11.0,45.0,11.0
ITEM-0010582,ORD-005970,505,1,75.0,24.0,75.0,24.0
ITEM-0010583,ORD-005971,301,1,289.0,130.0,289.0,130.0
ITEM-0010584,ORD-005972,503,1,48.0,15.0,48.0,15.0
ITEM-0010585,ORD-005973,505,1,75.0,24.0,75.0,24.0
ITEM-0010586,ORD-005974,403,1,22.0,5.2,22.0,5.2
ITEM-0010587,ORD-005975,101,1,199.99,85.0,199.99,85.0
ITEM-0010588,ORD-005975,108,1,29.99,9.5,29.99,9.5
ITEM-0010589,ORD-005976,306,1,32.5,10.0,32.5,10.0
ITEM-0010590,ORD-005976,106,1,179.99,70.0,179.99,70.0
ITEM-0010591,ORD-005976,108,1,29.99,9.5,29.99,9.5
ITEM-0010592,ORD-005976,505,1,75.0,24.0,75.0,24.0
ITEM-0010593,ORD-005977,107,1,59.99,22.0,59.99,22.0
ITEM-0010594,ORD-005978,201,1,28.0,8.5,28.0,8.5
ITEM-0010595,ORD-005979,302,2,45.0,15.0,90.0,30.0
ITEM-0010596,ORD-005979,201,2,28.0,8.5,56.0,17.0
ITEM-0010597,ORD-005979,203,1,120.0,42.0,120.0,42.0
ITEM-0010598,ORD-005980,304,1,39.99,14.0,39.99,14.0
ITEM-0010599,ORD-005981,108,1,29.99,9.5,29.99,9.5
ITEM-0010600,ORD-005981,404,1,64.99,21.0,64.99,21.0
ITEM-0010601,ORD-005981,307,1,29.99,8.0,29.99,8.0
ITEM-0010602,ORD-005982,102,1,49.99,18.0,49.99,18.0
ITEM-0010603,ORD-005983,102,1,49.99,18.0,49.99,18.0
ITEM-0010604,ORD-005983,402,1,34.0,8.5,34.0,8.5
ITEM-0010605,ORD-005984,206,2,45.0,11.0,90.0,22.0
ITEM-0010606,ORD-005985,304,1,39.99,14.0,39.99,14.0
ITEM-0010607,ORD-005985,303,1,24.99,7.5,24.99,7.5
ITEM-0010608,ORD-005986,203,1,120.0,42.0,120.0,42.0
ITEM-0010609,ORD-005986,107,1,59.99,22.0,59.99,22.0
ITEM-0010610,ORD-005987,304,1,39.99,14.0,39.99,14.0
ITEM-0010611,ORD-005987,306,2,32.5,10.0,65.0,20.0
ITEM-0010612,ORD-005987,502,1,22.99,5.5,22.99,5.5
ITEM-0010613,ORD-005988,206,2,45.0,11.0,90.0,22.0
ITEM-0010614,ORD-005988,202,1,68.0,22.0,68.0,22.0
ITEM-0010615,ORD-005989,104,1,349.99,175.0,349.99,175.0
ITEM-0010616,ORD-005989,102,2,49.99,18.0,99.98,36.0
ITEM-0010617,ORD-005990,305,1,59.99,20.0,59.99,20.0
ITEM-0010618,ORD-005991,204,1,24.0,6.0,24.0,6.0
ITEM-0010619,ORD-005991,405,1,18.0,4.0,18.0,4.0
ITEM-0010620,ORD-005992,502,1,22.99,5.5,22.99,5.5
ITEM-0010621,ORD-005992,303,1,24.99,7.5,24.99,7.5
ITEM-0010622,ORD-005992,202,1,68.0,22.0,68.0,22.0
ITEM-0010623,ORD-005993,302,1,45.0,15.0,45.0,15.0
ITEM-0010624,ORD-005993,403,1,22.0,5.2,22.0,5.2
ITEM-0010625,ORD-005994,201,1,28.0,8.5,28.0,8.5
ITEM-0010626,ORD-005995,304,1,39.99,14.0,39.99,14.0
ITEM-0010627,ORD-005995,206,1,45.0,11.0,45.0,11.0
ITEM-0010628,ORD-005995,503,1,48.0,15.0,48.0,15.0
ITEM-0010629,ORD-005996,206,1,45.0,11.0,45.0,11.0
ITEM-0010630,ORD-005997,101,2,199.99,85.0,399.98,170.0
ITEM-0010631,ORD-005997,108,1,29.99,9.5,29.99,9.5
ITEM-0010632,ORD-005997,107,1,59.99,22.0,59.99,22.0
ITEM-0010633,ORD-005998,302,1,45.0,15.0,45.0,15.0
ITEM-0010634,ORD-005999,202,2,68.0,22.0,136.0,44.0
ITEM-0010635,ORD-005999,303,2,24.99,7.5,49.98,15.0
ITEM-0010636,ORD-006000,103,1,89.99,36.0,89.99,36.0
ITEM-0010637,ORD-006000,404,1,64.99,21.0,64.99,21.0
ITEM-0010638,ORD-006000,104,1,349.99,175.0,349.99,175.0
ITEM-0010639,ORD-006001,402,1,34.0,8.5,34.0,8.5
ITEM-0010640,ORD-006001,101,2,199.99,85.0,399.98,170.0
ITEM-0010641,ORD-006002,203,1,120.0,42.0,120.0,42.0
ITEM-0010642,ORD-006002,505,1,75.0,24.0,75.0,24.0
ITEM-0010643,ORD-006003,307,1,29.99,8.0,29.99,8.0
ITEM-0010644,ORD-006004,205,1,54.0,16.0,54.0,16.0
ITEM-0010645,ORD-006004,107,1,59.99,22.0,59.99,22.0
ITEM-0010646,ORD-006005,302,1,45.0,15.0,45.0,15.0
ITEM-0010647,ORD-006006,206,1,45.0,11.0,45.0,11.0
ITEM-0010648,ORD-006006,107,1,59.99,22.0,59.99,22.0
ITEM-0010649,ORD-006006,307,1,29.99,8.0,29.99,8.0
ITEM-0010650,ORD-006007,402,1,34.0,8.5,34.0,8.5
ITEM-0010651,ORD-006007,401,2,26.0,6.0,52.0,12.0
ITEM-0010652,ORD-006007,104,1,349.99,175.0,349.99,175.0
ITEM-0010653,ORD-006008,403,2,22.0,5.2,44.0,10.4
ITEM-0010654,ORD-006009,301,1,289.0,130.0,289.0,130.0
ITEM-0010655,ORD-006010,304,1,39.99,14.0,39.99,14.0
ITEM-0010656,ORD-006010,405,2,18.0,4.0,36.0,8.0
ITEM-0010657,ORD-006010,501,1,42.0,13.0,42.0,13.0
ITEM-0010658,ORD-006010,301,1,289.0,130.0,289.0,130.0
ITEM-0010659,ORD-006011,103,1,89.99,36.0,89.99,36.0
ITEM-0010660,ORD-006011,202,1,68.0,22.0,68.0,22.0
ITEM-0010661,ORD-006012,102,1,49.99,18.0,49.99,18.0
ITEM-0010662,ORD-006012,504,1,16.99,4.2,16.99,4.2
ITEM-0010663,ORD-006012,107,1,59.99,22.0,59.99,22.0
ITEM-0010664,ORD-006012,405,1,18.0,4.0,18.0,4.0
ITEM-0010665,ORD-006013,107,1,59.99,22.0,59.99,22.0
ITEM-0010666,ORD-006014,305,1,59.99,20.0,59.99,20.0
ITEM-0010667,ORD-006014,404,2,64.99,21.0,129.98,42.0
ITEM-0010668,ORD-006014,301,1,289.0,130.0,289.0,130.0
ITEM-0010669,ORD-006015,503,1,48.0,15.0,48.0,15.0
ITEM-0010670,ORD-006015,504,1,16.99,4.2,16.99,4.2
ITEM-0010671,ORD-006016,502,1,22.99,5.5,22.99,5.5
ITEM-0010672,ORD-006017,504,1,16.99,4.2,16.99,4.2
ITEM-0010673,ORD-006018,306,1,32.5,10.0,32.5,10.0
ITEM-0010674,ORD-006018,501,1,42.0,13.0,42.0,13.0
ITEM-0010675,ORD-006018,205,1,54.0,16.0,54.0,16.0
ITEM-0010676,ORD-006018,304,1,39.99,14.0,39.99,14.0
ITEM-0010677,ORD-006019,206,1,45.0,11.0,45.0,11.0
ITEM-0010678,ORD-006020,102,1,49.99,18.0,49.99,18.0
ITEM-0010679,ORD-006020,203,1,120.0,42.0,120.0,42.0
ITEM-0010680,ORD-006020,202,1,68.0,22.0,68.0,22.0
ITEM-0010681,ORD-006021,303,1,24.99,7.5,24.99,7.5
ITEM-0010682,ORD-006022,303,2,24.99,7.5,49.98,15.0
ITEM-0010683,ORD-006022,204,1,24.0,6.0,24.0,6.0
ITEM-0010684,ORD-006022,502,1,22.99,5.5,22.99,5.5
ITEM-0010685,ORD-006023,305,2,59.99,20.0,119.98,40.0
ITEM-0010686,ORD-006023,203,1,120.0,42.0,120.0,42.0
ITEM-0010687,ORD-006023,201,1,28.0,8.5,28.0,8.5
ITEM-0010688,ORD-006023,401,1,26.0,6.0,26.0,6.0
ITEM-0010689,ORD-006024,501,1,42.0,13.0,42.0,13.0
ITEM-0010690,ORD-006025,202,2,68.0,22.0,136.0,44.0
ITEM-0010691,ORD-006025,107,1,59.99,22.0,59.99,22.0
ITEM-0010692,ORD-006026,305,1,59.99,20.0,59.99,20.0
ITEM-0010693,ORD-006027,305,1,59.99,20.0,59.99,20.0
ITEM-0010694,ORD-006027,503,2,48.0,15.0,96.0,30.0
ITEM-0010695,ORD-006027,107,1,59.99,22.0,59.99,22.0
ITEM-0010696,ORD-006027,202,1,68.0,22.0,68.0,22.0
ITEM-0010697,ORD-006028,403,1,22.0,5.2,22.0,5.2
ITEM-0010698,ORD-006028,404,1,64.99,21.0,64.99,21.0
ITEM-0010699,ORD-006029,106,1,179.99,70.0,179.99,70.0
ITEM-0010700,ORD-006029,502,1,22.99,5.5,22.99,5.5
ITEM-0010701,ORD-006030,403,1,22.0,5.2,22.0,5.2
ITEM-0010702,ORD-006031,106,1,179.99,70.0,179.99,70.0
ITEM-0010703,ORD-006032,104,1,349.99,175.0,349.99,175.0
ITEM-0010704,ORD-006032,102,1,49.99,18.0,49.99,18.0
ITEM-0010705,ORD-006033,204,1,24.0,6.0,24.0,6.0
ITEM-0010706,ORD-006033,205,1,54.0,16.0,54.0,16.0
ITEM-0010707,ORD-006033,306,1,32.5,10.0,32.5,10.0
ITEM-0010708,ORD-006033,302,1,45.0,15.0,45.0,15.0
ITEM-0010709,ORD-006034,405,1,18.0,4.0,18.0,4.0
ITEM-0010710,ORD-006034,404,1,64.99,21.0,64.99,21.0
ITEM-0010711,ORD-006034,202,1,68.0,22.0,68.0,22.0
ITEM-0010712,ORD-006034,501,1,42.0,13.0,42.0,13.0
ITEM-0010713,ORD-006035,306,1,32.5,10.0,32.5,10.0
ITEM-0010714,ORD-006036,501,1,42.0,13.0,42.0,13.0
ITEM-0010715,ORD-006037,502,1,22.99,5.5,22.99,5.5
ITEM-0010716,ORD-006037,402,1,34.0,8.5,34.0,8.5
ITEM-0010717,ORD-006038,107,1,59.99,22.0,59.99,22.0
ITEM-0010718,ORD-006039,401,2,26.0,6.0,52.0,12.0
ITEM-0010719,ORD-006040,404,1,64.99,21.0,64.99,21.0
ITEM-0010720,ORD-006040,301,1,289.0,130.0,289.0,130.0
ITEM-0010721,ORD-006040,305,1,59.99,20.0,59.99,20.0
ITEM-0010722,ORD-006041,504,1,16.99,4.2,16.99,4.2
ITEM-0010723,ORD-006041,502,1,22.99,5.5,22.99,5.5
ITEM-0010724,ORD-006042,203,1,120.0,42.0,120.0,42.0
ITEM-0010725,ORD-006043,402,1,34.0,8.5,34.0,8.5
ITEM-0010726,ORD-006043,405,1,18.0,4.0,18.0,4.0
ITEM-0010727,ORD-006044,206,1,45.0,11.0,45.0,11.0
ITEM-0010728,ORD-006045,105,3,39.99,12.0,119.97,36.0
ITEM-0010729,ORD-006046,201,2,28.0,8.5,56.0,17.0
ITEM-0010730,ORD-006047,202,1,68.0,22.0,68.0,22.0
ITEM-0010731,ORD-006048,505,1,75.0,24.0,75.0,24.0
ITEM-0010732,ORD-006048,306,1,32.5,10.0,32.5,10.0
ITEM-0010733,ORD-006048,402,1,34.0,8.5,34.0,8.5
ITEM-0010734,ORD-006048,403,1,22.0,5.2,22.0,5.2
ITEM-0010735,ORD-006049,503,1,48.0,15.0,48.0,15.0
ITEM-0010736,ORD-006049,206,2,45.0,11.0,90.0,22.0
ITEM-0010737,ORD-006050,504,2,16.99,4.2,33.98,8.4
ITEM-0010738,ORD-006051,205,1,54.0,16.0,54.0,16.0
ITEM-0010739,ORD-006052,305,2,59.99,20.0,119.98,40.0
ITEM-0010740,ORD-006052,501,1,42.0,13.0,42.0,13.0
ITEM-0010741,ORD-006053,108,1,29.99,9.5,29.99,9.5
ITEM-0010742,ORD-006053,501,2,42.0,13.0,84.0,26.0
ITEM-0010743,ORD-006053,503,1,48.0,15.0,48.0,15.0
ITEM-0010744,ORD-006053,403,1,22.0,5.2,22.0,5.2
ITEM-0010745,ORD-006054,101,2,199.99,85.0,399.98,170.0
ITEM-0010746,ORD-006054,107,1,59.99,22.0,59.99,22.0
ITEM-0010747,ORD-006055,304,1,39.99,14.0,39.99,14.0
ITEM-0010748,ORD-006055,504,1,16.99,4.2,16.99,4.2
ITEM-0010749,ORD-006055,505,2,75.0,24.0,150.0,48.0
ITEM-0010750,ORD-006056,304,3,39.99,14.0,119.97,42.0
ITEM-0010751,ORD-006056,108,1,29.99,9.5,29.99,9.5
ITEM-0010752,ORD-006056,107,1,59.99,22.0,59.99,22.0
ITEM-0010753,ORD-006057,107,1,59.99,22.0,59.99,22.0
ITEM-0010754,ORD-006058,501,2,42.0,13.0,84.0,26.0
ITEM-0010755,ORD-006058,502,1,22.99,5.5,22.99,5.5
ITEM-0010756,ORD-006058,106,1,179.99,70.0,179.99,70.0
ITEM-0010757,ORD-006059,304,1,39.99,14.0,39.99,14.0
ITEM-0010758,ORD-006060,306,1,32.5,10.0,32.5,10.0
ITEM-0010759,ORD-006060,204,1,24.0,6.0,24.0,6.0
ITEM-0010760,ORD-006061,402,1,34.0,8.5,34.0,8.5
ITEM-0010761,ORD-006062,108,1,29.99,9.5,29.99,9.5
ITEM-0010762,ORD-006062,401,1,26.0,6.0,26.0,6.0
ITEM-0010763,ORD-006063,102,1,49.99,18.0,49.99,18.0
ITEM-0010764,ORD-006063,202,1,68.0,22.0,68.0,22.0
ITEM-0010765,ORD-006063,305,1,59.99,20.0,59.99,20.0
ITEM-0010766,ORD-006063,205,1,54.0,16.0,54.0,16.0
ITEM-0010767,ORD-006064,205,1,54.0,16.0,54.0,16.0
ITEM-0010768,ORD-006065,307,1,29.99,8.0,29.99,8.0
ITEM-0010769,ORD-006066,106,2,179.99,70.0,359.98,140.0
ITEM-0010770,ORD-006066,301,1,289.0,130.0,289.0,130.0
ITEM-0010771,ORD-006067,302,1,45.0,15.0,45.0,15.0
ITEM-0010772,ORD-006067,206,2,45.0,11.0,90.0,22.0
ITEM-0010773,ORD-006068,504,1,16.99,4.2,16.99,4.2
ITEM-0010774,ORD-006069,501,1,42.0,13.0,42.0,13.0
ITEM-0010775,ORD-006069,307,1,29.99,8.0,29.99,8.0
ITEM-0010776,ORD-006069,102,1,49.99,18.0,49.99,18.0
ITEM-0010777,ORD-006069,503,1,48.0,15.0,48.0,15.0
ITEM-0010778,ORD-006070,503,1,48.0,15.0,48.0,15.0
ITEM-0010779,ORD-006071,202,1,68.0,22.0,68.0,22.0
ITEM-0010780,ORD-006071,504,1,16.99,4.2,16.99,4.2
ITEM-0010781,ORD-006071,201,2,28.0,8.5,56.0,17.0
ITEM-0010782,ORD-006072,204,1,24.0,6.0,24.0,6.0
ITEM-0010783,ORD-006073,405,2,18.0,4.0,36.0,8.0
ITEM-0010784,ORD-006073,106,1,179.99,70.0,179.99,70.0
ITEM-0010785,ORD-006074,301,1,289.0,130.0,289.0,130.0
ITEM-0010786,ORD-006075,201,1,28.0,8.5,28.0,8.5
ITEM-0010787,ORD-006076,202,1,68.0,22.0,68.0,22.0
ITEM-0010788,ORD-006076,108,2,29.99,9.5,59.98,19.0
ITEM-0010789,ORD-006077,504,1,16.99,4.2,16.99,4.2
ITEM-0010790,ORD-006077,101,1,199.99,85.0,199.99,85.0
ITEM-0010791,ORD-006077,403,1,22.0,5.2,22.0,5.2
ITEM-0010792,ORD-006077,102,1,49.99,18.0,49.99,18.0
ITEM-0010793,ORD-006078,505,1,75.0,24.0,75.0,24.0
ITEM-0010794,ORD-006079,504,1,16.99,4.2,16.99,4.2
ITEM-0010795,ORD-006080,204,1,24.0,6.0,24.0,6.0
ITEM-0010796,ORD-006081,107,1,59.99,22.0,59.99,22.0
ITEM-0010797,ORD-006082,205,1,54.0,16.0,54.0,16.0
ITEM-0010798,ORD-006083,305,1,59.99,20.0,59.99,20.0
ITEM-0010799,ORD-006083,404,1,64.99,21.0,64.99,21.0
ITEM-0010800,ORD-006083,402,1,34.0,8.5,34.0,8.5
ITEM-0010801,ORD-006084,205,1,54.0,16.0,54.0,16.0
ITEM-0010802,ORD-006085,202,1,68.0,22.0,68.0,22.0
ITEM-0010803,ORD-006085,404,1,64.99,21.0,64.99,21.0
ITEM-0010804,ORD-006086,305,1,59.99,20.0,59.99,20.0
ITEM-0010805,ORD-006087,103,1,89.99,36.0,89.99,36.0
ITEM-0010806,ORD-006087,204,2,24.0,6.0,48.0,12.0
ITEM-0010807,ORD-006088,303,1,24.99,7.5,24.99,7.5
ITEM-0010808,ORD-006089,305,1,59.99,20.0,59.99,20.0
ITEM-0010809,ORD-006090,505,1,75.0,24.0,75.0,24.0
ITEM-0010810,ORD-006090,504,1,16.99,4.2,16.99,4.2
ITEM-0010811,ORD-006091,302,1,45.0,15.0,45.0,15.0
ITEM-0010812,ORD-006092,306,2,32.5,10.0,65.0,20.0
ITEM-0010813,ORD-006093,302,1,45.0,15.0,45.0,15.0
ITEM-0010814,ORD-006094,105,1,39.99,12.0,39.99,12.0
ITEM-0010815,ORD-006095,403,1,22.0,5.2,22.0,5.2
ITEM-0010816,ORD-006095,302,1,45.0,15.0,45.0,15.0
ITEM-0010817,ORD-006096,306,1,32.5,10.0,32.5,10.0
ITEM-0010818,ORD-006097,404,1,64.99,21.0,64.99,21.0
ITEM-0010819,ORD-006098,306,1,32.5,10.0,32.5,10.0
ITEM-0010820,ORD-006098,102,1,49.99,18.0,49.99,18.0
ITEM-0010821,ORD-006098,103,1,89.99,36.0,89.99,36.0
ITEM-0010822,ORD-006098,202,1,68.0,22.0,68.0,22.0
ITEM-0010823,ORD-006099,104,1,349.99,175.0,349.99,175.0
ITEM-0010824,ORD-006099,102,1,49.99,18.0,49.99,18.0
ITEM-0010825,ORD-006099,103,3,89.99,36.0,269.97,108.0
ITEM-0010826,ORD-006100,102,2,49.99,18.0,99.98,36.0
ITEM-0010827,ORD-006101,401,1,26.0,6.0,26.0,6.0
ITEM-0010828,ORD-006101,402,1,34.0,8.5,34.0,8.5
ITEM-0010829,ORD-006102,206,1,45.0,11.0,45.0,11.0
ITEM-0010830,ORD-006103,108,1,29.99,9.5,29.99,9.5
ITEM-0010831,ORD-006103,104,1,349.99,175.0,349.99,175.0
ITEM-0010832,ORD-006104,504,1,16.99,4.2,16.99,4.2
ITEM-0010833,ORD-006104,405,1,18.0,4.0,18.0,4.0
ITEM-0010834,ORD-006104,107,2,59.99,22.0,119.98,44.0
ITEM-0010835,ORD-006105,104,1,349.99,175.0,349.99,175.0
ITEM-0010836,ORD-006106,501,1,42.0,13.0,42.0,13.0
ITEM-0010837,ORD-006106,502,1,22.99,5.5,22.99,5.5
ITEM-0010838,ORD-006106,307,1,29.99,8.0,29.99,8.0
ITEM-0010839,ORD-006107,405,1,18.0,4.0,18.0,4.0
ITEM-0010840,ORD-006108,405,1,18.0,4.0,18.0,4.0
ITEM-0010841,ORD-006109,301,1,289.0,130.0,289.0,130.0
ITEM-0010842,ORD-006109,303,1,24.99,7.5,24.99,7.5
ITEM-0010843,ORD-006109,306,1,32.5,10.0,32.5,10.0
ITEM-0010844,ORD-006110,502,1,22.99,5.5,22.99,5.5
ITEM-0010845,ORD-006111,402,1,34.0,8.5,34.0,8.5
ITEM-0010846,ORD-006112,302,1,45.0,15.0,45.0,15.0
ITEM-0010847,ORD-006112,106,1,179.99,70.0,179.99,70.0
ITEM-0010848,ORD-006113,201,1,28.0,8.5,28.0,8.5
ITEM-0010849,ORD-006114,108,2,29.99,9.5,59.98,19.0
ITEM-0010850,ORD-006114,501,1,42.0,13.0,42.0,13.0
ITEM-0010851,ORD-006115,403,1,22.0,5.2,22.0,5.2
ITEM-0010852,ORD-006115,302,1,45.0,15.0,45.0,15.0
ITEM-0010853,ORD-006115,101,2,199.99,85.0,399.98,170.0
ITEM-0010854,ORD-006115,205,1,54.0,16.0,54.0,16.0
ITEM-0010855,ORD-006116,402,1,34.0,8.5,34.0,8.5
ITEM-0010856,ORD-006117,202,1,68.0,22.0,68.0,22.0
ITEM-0010857,ORD-006117,304,1,39.99,14.0,39.99,14.0
ITEM-0010858,ORD-006117,306,1,32.5,10.0,32.5,10.0
ITEM-0010859,ORD-006118,103,1,89.99,36.0,89.99,36.0
ITEM-0010860,ORD-006118,401,1,26.0,6.0,26.0,6.0
ITEM-0010861,ORD-006119,107,1,59.99,22.0,59.99,22.0
ITEM-0010862,ORD-006120,102,1,49.99,18.0,49.99,18.0
ITEM-0010863,ORD-006121,402,1,34.0,8.5,34.0,8.5
ITEM-0010864,ORD-006122,402,1,34.0,8.5,34.0,8.5
ITEM-0010865,ORD-006123,102,1,49.99,18.0,49.99,18.0
ITEM-0010866,ORD-006123,206,1,45.0,11.0,45.0,11.0
ITEM-0010867,ORD-006124,204,1,24.0,6.0,24.0,6.0
ITEM-0010868,ORD-006124,106,1,179.99,70.0,179.99,70.0
ITEM-0010869,ORD-006124,105,1,39.99,12.0,39.99,12.0
ITEM-0010870,ORD-006124,108,1,29.99,9.5,29.99,9.5
ITEM-0010871,ORD-006125,103,1,89.99,36.0,89.99,36.0
ITEM-0010872,ORD-006126,304,1,39.99,14.0,39.99,14.0
ITEM-0010873,ORD-006127,502,1,22.99,5.5,22.99,5.5
ITEM-0010874,ORD-006128,105,1,39.99,12.0,39.99,12.0
ITEM-0010875,ORD-006128,306,1,32.5,10.0,32.5,10.0
ITEM-0010876,ORD-006129,504,1,16.99,4.2,16.99,4.2
ITEM-0010877,ORD-006129,307,1,29.99,8.0,29.99,8.0
ITEM-0010878,ORD-006130,101,1,199.99,85.0,199.99,85.0
ITEM-0010879,ORD-006131,504,1,16.99,4.2,16.99,4.2
ITEM-0010880,ORD-006131,404,3,64.99,21.0,194.97,63.0
ITEM-0010881,ORD-006131,101,1,199.99,85.0,199.99,85.0
ITEM-0010882,ORD-006132,202,1,68.0,22.0,68.0,22.0
ITEM-0010883,ORD-006133,501,1,42.0,13.0,42.0,13.0
ITEM-0010884,ORD-006133,107,1,59.99,22.0,59.99,22.0
ITEM-0010885,ORD-006133,404,1,64.99,21.0,64.99,21.0
ITEM-0010886,ORD-006134,104,2,349.99,175.0,699.98,350.0
ITEM-0010887,ORD-006134,103,1,89.99,36.0,89.99,36.0
ITEM-0010888,ORD-006135,202,1,68.0,22.0,68.0,22.0
ITEM-0010889,ORD-006135,307,1,29.99,8.0,29.99,8.0
ITEM-0010890,ORD-006135,503,1,48.0,15.0,48.0,15.0
ITEM-0010891,ORD-006135,205,1,54.0,16.0,54.0,16.0
ITEM-0010892,ORD-006136,203,2,120.0,42.0,240.0,84.0
ITEM-0010893,ORD-006137,304,1,39.99,14.0,39.99,14.0
ITEM-0010894,ORD-006137,107,1,59.99,22.0,59.99,22.0
ITEM-0010895,ORD-006138,201,1,28.0,8.5,28.0,8.5
ITEM-0010896,ORD-006138,501,1,42.0,13.0,42.0,13.0
ITEM-0010897,ORD-006138,402,1,34.0,8.5,34.0,8.5
ITEM-0010898,ORD-006139,303,1,24.99,7.5,24.99,7.5
ITEM-0010899,ORD-006140,304,3,39.99,14.0,119.97,42.0
ITEM-0010900,ORD-006141,201,1,28.0,8.5,28.0,8.5
ITEM-0010901,ORD-006142,502,1,22.99,5.5,22.99,5.5
ITEM-0010902,ORD-006143,504,1,16.99,4.2,16.99,4.2
ITEM-0010903,ORD-006144,108,1,29.99,9.5,29.99,9.5
ITEM-0010904,ORD-006144,101,1,199.99,85.0,199.99,85.0
ITEM-0010905,ORD-006145,106,1,179.99,70.0,179.99,70.0
ITEM-0010906,ORD-006145,104,2,349.99,175.0,699.98,350.0
ITEM-0010907,ORD-006146,305,1,59.99,20.0,59.99,20.0
ITEM-0010908,ORD-006147,206,1,45.0,11.0,45.0,11.0
ITEM-0010909,ORD-006148,103,1,89.99,36.0,89.99,36.0
ITEM-0010910,ORD-006148,307,1,29.99,8.0,29.99,8.0
ITEM-0010911,ORD-006149,402,1,34.0,8.5,34.0,8.5
ITEM-0010912,ORD-006149,505,1,75.0,24.0,75.0,24.0
ITEM-0010913,ORD-006150,301,1,289.0,130.0,289.0,130.0
ITEM-0010914,ORD-006151,502,1,22.99,5.5,22.99,5.5
ITEM-0010915,ORD-006151,401,1,26.0,6.0,26.0,6.0
ITEM-0010916,ORD-006151,305,1,59.99,20.0,59.99,20.0
ITEM-0010917,ORD-006152,307,1,29.99,8.0,29.99,8.0
ITEM-0010918,ORD-006153,405,1,18.0,4.0,18.0,4.0
ITEM-0010919,ORD-006153,203,1,120.0,42.0,120.0,42.0
ITEM-0010920,ORD-006154,403,2,22.0,5.2,44.0,10.4
ITEM-0010921,ORD-006154,304,1,39.99,14.0,39.99,14.0
ITEM-0010922,ORD-006155,101,1,199.99,85.0,199.99,85.0
ITEM-0010923,ORD-006155,108,2,29.99,9.5,59.98,19.0
ITEM-0010924,ORD-006155,404,1,64.99,21.0,64.99,21.0
ITEM-0010925,ORD-006156,108,1,29.99,9.5,29.99,9.5
ITEM-0010926,ORD-006156,307,1,29.99,8.0,29.99,8.0
ITEM-0010927,ORD-006157,105,1,39.99,12.0,39.99,12.0
ITEM-0010928,ORD-006157,502,1,22.99,5.5,22.99,5.5
ITEM-0010929,ORD-006158,405,2,18.0,4.0,36.0,8.0
ITEM-0010930,ORD-006159,405,1,18.0,4.0,18.0,4.0
ITEM-0010931,ORD-006160,103,1,89.99,36.0,89.99,36.0
ITEM-0010932,ORD-006161,102,1,49.99,18.0,49.99,18.0
ITEM-0010933,ORD-006161,502,1,22.99,5.5,22.99,5.5
ITEM-0010934,ORD-006162,202,1,68.0,22.0,68.0,22.0
ITEM-0010935,ORD-006162,505,1,75.0,24.0,75.0,24.0
ITEM-0010936,ORD-006162,101,1,199.99,85.0,199.99,85.0
ITEM-0010937,ORD-006163,306,1,32.5,10.0,32.5,10.0
ITEM-0010938,ORD-006164,504,1,16.99,4.2,16.99,4.2
ITEM-0010939,ORD-006165,501,1,42.0,13.0,42.0,13.0
ITEM-0010940,ORD-006166,401,1,26.0,6.0,26.0,6.0
ITEM-0010941,ORD-006167,205,1,54.0,16.0,54.0,16.0
ITEM-0010942,ORD-006167,303,1,24.99,7.5,24.99,7.5
ITEM-0010943,ORD-006167,107,1,59.99,22.0,59.99,22.0
ITEM-0010944,ORD-006168,102,1,49.99,18.0,49.99,18.0
ITEM-0010945,ORD-006168,301,2,289.0,130.0,578.0,260.0
ITEM-0010946,ORD-006168,305,1,59.99,20.0,59.99,20.0
ITEM-0010947,ORD-006169,501,2,42.0,13.0,84.0,26.0
ITEM-0010948,ORD-006170,107,1,59.99,22.0,59.99,22.0
ITEM-0010949,ORD-006170,106,1,179.99,70.0,179.99,70.0
ITEM-0010950,ORD-006171,201,1,28.0,8.5,28.0,8.5
ITEM-0010951,ORD-006172,105,1,39.99,12.0,39.99,12.0
ITEM-0010952,ORD-006172,306,1,32.5,10.0,32.5,10.0
ITEM-0010953,ORD-006172,305,1,59.99,20.0,59.99,20.0
ITEM-0010954,ORD-006173,301,1,289.0,130.0,289.0,130.0
ITEM-0010955,ORD-006174,203,1,120.0,42.0,120.0,42.0
ITEM-0010956,ORD-006175,206,2,45.0,11.0,90.0,22.0
ITEM-0010957,ORD-006176,106,1,179.99,70.0,179.99,70.0
ITEM-0010958,ORD-006176,206,1,45.0,11.0,45.0,11.0
ITEM-0010959,ORD-006177,303,1,24.99,7.5,24.99,7.5
ITEM-0010960,ORD-006178,203,1,120.0,42.0,120.0,42.0
ITEM-0010961,ORD-006178,205,1,54.0,16.0,54.0,16.0
ITEM-0010962,ORD-006179,106,1,179.99,70.0,179.99,70.0
ITEM-0010963,ORD-006179,203,1,120.0,42.0,120.0,42.0
ITEM-0010964,ORD-006180,101,1,199.99,85.0,199.99,85.0
ITEM-0010965,ORD-006181,106,1,179.99,70.0,179.99,70.0
ITEM-0010966,ORD-006182,404,1,64.99,21.0,64.99,21.0
ITEM-0010967,ORD-006182,504,1,16.99,4.2,16.99,4.2
ITEM-0010968,ORD-006183,202,1,68.0,22.0,68.0,22.0
ITEM-0010969,ORD-006183,305,1,59.99,20.0,59.99,20.0
ITEM-0010970,ORD-006183,101,1,199.99,85.0,199.99,85.0
ITEM-0010971,ORD-006184,105,3,39.99,12.0,119.97,36.0
ITEM-0010972,ORD-006184,103,2,89.99,36.0,179.98,72.0
ITEM-0010973,ORD-006185,504,1,16.99,4.2,16.99,4.2
ITEM-0010974,ORD-006186,101,1,199.99,85.0,199.99,85.0
ITEM-0010975,ORD-006186,107,1,59.99,22.0,59.99,22.0
ITEM-0010976,ORD-006187,305,1,59.99,20.0,59.99,20.0
ITEM-0010977,ORD-006187,301,1,289.0,130.0,289.0,130.0
ITEM-0010978,ORD-006188,105,1,39.99,12.0,39.99,12.0
ITEM-0010979,ORD-006189,402,1,34.0,8.5,34.0,8.5
ITEM-0010980,ORD-006189,201,1,28.0,8.5,28.0,8.5
ITEM-0010981,ORD-006190,401,1,26.0,6.0,26.0,6.0
ITEM-0010982,ORD-006190,402,1,34.0,8.5,34.0,8.5
ITEM-0010983,ORD-006191,105,1,39.99,12.0,39.99,12.0
ITEM-0010984,ORD-006191,303,1,24.99,7.5,24.99,7.5
ITEM-0010985,ORD-006192,103,2,89.99,36.0,179.98,72.0
ITEM-0010986,ORD-006193,405,2,18.0,4.0,36.0,8.0
ITEM-0010987,ORD-006193,403,2,22.0,5.2,44.0,10.4
ITEM-0010988,ORD-006194,402,1,34.0,8.5,34.0,8.5
ITEM-0010989,ORD-006194,203,1,120.0,42.0,120.0,42.0
ITEM-0010990,ORD-006195,404,2,64.99,21.0,129.98,42.0
ITEM-0010991,ORD-006195,302,1,45.0,15.0,45.0,15.0
ITEM-0010992,ORD-006196,402,1,34.0,8.5,34.0,8.5
ITEM-0010993,ORD-006196,106,1,179.99,70.0,179.99,70.0
ITEM-0010994,ORD-006197,104,1,349.99,175.0,349.99,175.0
ITEM-0010995,ORD-006198,106,2,179.99,70.0,359.98,140.0
ITEM-0010996,ORD-006199,202,1,68.0,22.0,68.0,22.0
ITEM-0010997,ORD-006199,505,1,75.0,24.0,75.0,24.0
ITEM-0010998,ORD-006200,204,2,24.0,6.0,48.0,12.0
ITEM-0010999,ORD-006200,302,1,45.0,15.0,45.0,15.0
ITEM-0011000,ORD-006201,401,1,26.0,6.0,26.0,6.0
ITEM-0011001,ORD-006201,402,1,34.0,8.5,34.0,8.5
ITEM-0011002,ORD-006202,103,1,89.99,36.0,89.99,36.0
ITEM-0011003,ORD-006202,404,1,64.99,21.0,64.99,21.0
ITEM-0011004,ORD-006203,103,2,89.99,36.0,179.98,72.0
ITEM-0011005,ORD-006203,201,1,28.0,8.5,28.0,8.5
ITEM-0011006,ORD-006203,108,1,29.99,9.5,29.99,9.5
ITEM-0011007,ORD-006203,404,1,64.99,21.0,64.99,21.0
ITEM-0011008,ORD-006204,503,1,48.0,15.0,48.0,15.0
ITEM-0011009,ORD-006204,107,1,59.99,22.0,59.99,22.0
ITEM-0011010,ORD-006205,505,1,75.0,24.0,75.0,24.0
ITEM-0011011,ORD-006205,303,1,24.99,7.5,24.99,7.5
ITEM-0011012,ORD-006206,403,1,22.0,5.2,22.0,5.2
ITEM-0011013,ORD-006206,205,1,54.0,16.0,54.0,16.0
ITEM-0011014,ORD-006206,504,1,16.99,4.2,16.99,4.2
ITEM-0011015,ORD-006206,106,1,179.99,70.0,179.99,70.0
ITEM-0011016,ORD-006207,107,1,59.99,22.0,59.99,22.0
ITEM-0011017,ORD-006208,103,1,89.99,36.0,89.99,36.0
ITEM-0011018,ORD-006208,304,1,39.99,14.0,39.99,14.0
ITEM-0011019,ORD-006208,403,2,22.0,5.2,44.0,10.4
ITEM-0011020,ORD-006209,306,1,32.5,10.0,32.5,10.0
ITEM-0011021,ORD-006209,205,1,54.0,16.0,54.0,16.0
ITEM-0011022,ORD-006209,302,1,45.0,15.0,45.0,15.0
ITEM-0011023,ORD-006209,204,3,24.0,6.0,72.0,18.0
ITEM-0011024,ORD-006210,402,2,34.0,8.5,68.0,17.0
ITEM-0011025,ORD-006211,203,1,120.0,42.0,120.0,42.0
ITEM-0011026,ORD-006211,101,1,199.99,85.0,199.99,85.0
ITEM-0011027,ORD-006212,301,1,289.0,130.0,289.0,130.0
ITEM-0011028,ORD-006212,302,1,45.0,15.0,45.0,15.0
ITEM-0011029,ORD-006212,204,1,24.0,6.0,24.0,6.0
ITEM-0011030,ORD-006213,107,1,59.99,22.0,59.99,22.0
ITEM-0011031,ORD-006214,504,2,16.99,4.2,33.98,8.4
ITEM-0011032,ORD-006214,206,1,45.0,11.0,45.0,11.0
ITEM-0011033,ORD-006215,405,1,18.0,4.0,18.0,4.0
ITEM-0011034,ORD-006216,301,1,289.0,130.0,289.0,130.0
ITEM-0011035,ORD-006217,401,1,26.0,6.0,26.0,6.0
ITEM-0011036,ORD-006217,402,1,34.0,8.5,34.0,8.5
ITEM-0011037,ORD-006217,403,1,22.0,5.2,22.0,5.2
ITEM-0011038,ORD-006217,107,1,59.99,22.0,59.99,22.0
ITEM-0011039,ORD-006218,102,1,49.99,18.0,49.99,18.0
ITEM-0011040,ORD-006218,305,1,59.99,20.0,59.99,20.0
ITEM-0011041,ORD-006219,202,1,68.0,22.0,68.0,22.0
ITEM-0011042,ORD-006219,303,1,24.99,7.5,24.99,7.5
ITEM-0011043,ORD-006219,206,2,45.0,11.0,90.0,22.0
ITEM-0011044,ORD-006219,504,1,16.99,4.2,16.99,4.2
ITEM-0011045,ORD-006220,102,1,49.99,18.0,49.99,18.0
ITEM-0011046,ORD-006220,206,2,45.0,11.0,90.0,22.0
ITEM-0011047,ORD-006221,103,2,89.99,36.0,179.98,72.0
ITEM-0011048,ORD-006222,504,1,16.99,4.2,16.99,4.2
ITEM-0011049,ORD-006223,304,1,39.99,14.0,39.99,14.0
ITEM-0011050,ORD-006224,402,1,34.0,8.5,34.0,8.5
ITEM-0011051,ORD-006225,305,1,59.99,20.0,59.99,20.0
ITEM-0011052,ORD-006226,402,1,34.0,8.5,34.0,8.5
ITEM-0011053,ORD-006226,301,1,289.0,130.0,289.0,130.0
ITEM-0011054,ORD-006226,202,1,68.0,22.0,68.0,22.0
ITEM-0011055,ORD-006227,403,2,22.0,5.2,44.0,10.4
ITEM-0011056,ORD-006227,304,1,39.99,14.0,39.99,14.0
ITEM-0011057,ORD-006228,105,1,39.99,12.0,39.99,12.0
ITEM-0011058,ORD-006229,103,1,89.99,36.0,89.99,36.0
ITEM-0011059,ORD-006229,306,1,32.5,10.0,32.5,10.0
ITEM-0011060,ORD-006230,203,1,120.0,42.0,120.0,42.0
ITEM-0011061,ORD-006230,104,1,349.99,175.0,349.99,175.0
ITEM-0011062,ORD-006231,307,1,29.99,8.0,29.99,8.0
ITEM-0011063,ORD-006232,203,1,120.0,42.0,120.0,42.0
ITEM-0011064,ORD-006233,106,1,179.99,70.0,179.99,70.0
ITEM-0011065,ORD-006234,504,1,16.99,4.2,16.99,4.2
ITEM-0011066,ORD-006234,204,1,24.0,6.0,24.0,6.0
ITEM-0011067,ORD-006235,401,1,26.0,6.0,26.0,6.0
ITEM-0011068,ORD-006236,201,1,28.0,8.5,28.0,8.5
ITEM-0011069,ORD-006237,303,1,24.99,7.5,24.99,7.5
ITEM-0011070,ORD-006237,404,1,64.99,21.0,64.99,21.0
ITEM-0011071,ORD-006238,501,1,42.0,13.0,42.0,13.0
ITEM-0011072,ORD-006238,502,1,22.99,5.5,22.99,5.5
ITEM-0011073,ORD-006238,307,1,29.99,8.0,29.99,8.0
ITEM-0011074,ORD-006238,504,1,16.99,4.2,16.99,4.2
ITEM-0011075,ORD-006239,405,1,18.0,4.0,18.0,4.0
ITEM-0011076,ORD-006240,504,1,16.99,4.2,16.99,4.2
ITEM-0011077,ORD-006241,201,1,28.0,8.5,28.0,8.5
ITEM-0011078,ORD-006241,307,1,29.99,8.0,29.99,8.0
ITEM-0011079,ORD-006242,504,1,16.99,4.2,16.99,4.2
ITEM-0011080,ORD-006243,108,1,29.99,9.5,29.99,9.5
ITEM-0011081,ORD-006243,302,1,45.0,15.0,45.0,15.0
ITEM-0011082,ORD-006244,505,1,75.0,24.0,75.0,24.0
ITEM-0011083,ORD-006244,501,2,42.0,13.0,84.0,26.0
ITEM-0011084,ORD-006244,103,2,89.99,36.0,179.98,72.0
ITEM-0011085,ORD-006244,402,1,34.0,8.5,34.0,8.5
ITEM-0011086,ORD-006245,105,3,39.99,12.0,119.97,36.0
ITEM-0011087,ORD-006246,405,1,18.0,4.0,18.0,4.0
ITEM-0011088,ORD-006246,504,1,16.99,4.2,16.99,4.2
ITEM-0011089,ORD-006247,205,1,54.0,16.0,54.0,16.0
ITEM-0011090,ORD-006247,401,1,26.0,6.0,26.0,6.0
ITEM-0011091,ORD-006248,501,2,42.0,13.0,84.0,26.0
ITEM-0011092,ORD-006249,503,1,48.0,15.0,48.0,15.0
ITEM-0011093,ORD-006249,301,1,289.0,130.0,289.0,130.0
ITEM-0011094,ORD-006250,501,2,42.0,13.0,84.0,26.0
ITEM-0011095,ORD-006250,106,1,179.99,70.0,179.99,70.0
ITEM-0011096,ORD-006250,303,1,24.99,7.5,24.99,7.5
ITEM-0011097,ORD-006250,102,1,49.99,18.0,49.99,18.0
ITEM-0011098,ORD-006251,105,1,39.99,12.0,39.99,12.0
ITEM-0011099,ORD-006252,103,2,89.99,36.0,179.98,72.0
ITEM-0011100,ORD-006252,502,1,22.99,5.5,22.99,5.5
ITEM-0011101,ORD-006252,303,1,24.99,7.5,24.99,7.5
ITEM-0011102,ORD-006253,108,1,29.99,9.5,29.99,9.5
ITEM-0011103,ORD-006253,306,1,32.5,10.0,32.5,10.0
ITEM-0011104,ORD-006254,103,1,89.99,36.0,89.99,36.0
ITEM-0011105,ORD-006254,104,2,349.99,175.0,699.98,350.0
ITEM-0011106,ORD-006255,204,1,24.0,6.0,24.0,6.0
ITEM-0011107,ORD-006255,405,1,18.0,4.0,18.0,4.0
ITEM-0011108,ORD-006256,405,1,18.0,4.0,18.0,4.0
ITEM-0011109,ORD-006257,204,1,24.0,6.0,24.0,6.0
ITEM-0011110,ORD-006258,307,1,29.99,8.0,29.99,8.0
ITEM-0011111,ORD-006259,504,1,16.99,4.2,16.99,4.2
ITEM-0011112,ORD-006259,203,1,120.0,42.0,120.0,42.0
ITEM-0011113,ORD-006259,108,1,29.99,9.5,29.99,9.5
ITEM-0011114,ORD-006259,105,1,39.99,12.0,39.99,12.0
ITEM-0011115,ORD-006260,401,1,26.0,6.0,26.0,6.0
ITEM-0011116,ORD-006260,403,1,22.0,5.2,22.0,5.2
ITEM-0011117,ORD-006260,204,1,24.0,6.0,24.0,6.0
ITEM-0011118,ORD-006260,505,1,75.0,24.0,75.0,24.0
ITEM-0011119,ORD-006261,401,1,26.0,6.0,26.0,6.0
ITEM-0011120,ORD-006261,402,1,34.0,8.5,34.0,8.5
ITEM-0011121,ORD-006262,305,1,59.99,20.0,59.99,20.0
ITEM-0011122,ORD-006262,401,1,26.0,6.0,26.0,6.0
ITEM-0011123,ORD-006263,201,1,28.0,8.5,28.0,8.5
ITEM-0011124,ORD-006264,502,1,22.99,5.5,22.99,5.5
ITEM-0011125,ORD-006264,201,1,28.0,8.5,28.0,8.5
ITEM-0011126,ORD-006264,205,1,54.0,16.0,54.0,16.0
ITEM-0011127,ORD-006265,108,1,29.99,9.5,29.99,9.5
ITEM-0011128,ORD-006265,502,1,22.99,5.5,22.99,5.5
ITEM-0011129,ORD-006266,106,1,179.99,70.0,179.99,70.0
ITEM-0011130,ORD-006266,103,2,89.99,36.0,179.98,72.0
ITEM-0011131,ORD-006266,303,1,24.99,7.5,24.99,7.5
ITEM-0011132,ORD-006267,505,1,75.0,24.0,75.0,24.0
ITEM-0011133,ORD-006268,302,1,45.0,15.0,45.0,15.0
ITEM-0011134,ORD-006269,103,1,89.99,36.0,89.99,36.0
ITEM-0011135,ORD-006269,303,1,24.99,7.5,24.99,7.5
ITEM-0011136,ORD-006269,402,1,34.0,8.5,34.0,8.5
ITEM-0011137,ORD-006270,105,1,39.99,12.0,39.99,12.0
ITEM-0011138,ORD-006271,501,1,42.0,13.0,42.0,13.0
ITEM-0011139,ORD-006271,106,1,179.99,70.0,179.99,70.0
ITEM-0011140,ORD-006272,204,1,24.0,6.0,24.0,6.0
ITEM-0011141,ORD-006272,306,1,32.5,10.0,32.5,10.0
ITEM-0011142,ORD-006273,102,1,49.99,18.0,49.99,18.0
ITEM-0011143,ORD-006274,204,1,24.0,6.0,24.0,6.0
ITEM-0011144,ORD-006275,104,1,349.99,175.0,349.99,175.0
ITEM-0011145,ORD-006276,101,1,199.99,85.0,199.99,85.0
ITEM-0011146,ORD-006277,104,1,349.99,175.0,349.99,175.0
ITEM-0011147,ORD-006278,202,1,68.0,22.0,68.0,22.0
ITEM-0011148,ORD-006279,202,1,68.0,22.0,68.0,22.0
ITEM-0011149,ORD-006280,502,1,22.99,5.5,22.99,5.5
ITEM-0011150,ORD-006280,108,1,29.99,9.5,29.99,9.5
ITEM-0011151,ORD-006281,204,1,24.0,6.0,24.0,6.0
ITEM-0011152,ORD-006282,404,1,64.99,21.0,64.99,21.0
ITEM-0011153,ORD-006282,301,1,289.0,130.0,289.0,130.0
ITEM-0011154,ORD-006282,504,1,16.99,4.2,16.99,4.2
ITEM-0011155,ORD-006283,202,1,68.0,22.0,68.0,22.0
ITEM-0011156,ORD-006284,307,1,29.99,8.0,29.99,8.0
ITEM-0011157,ORD-006285,402,1,34.0,8.5,34.0,8.5
ITEM-0011158,ORD-006285,401,3,26.0,6.0,78.0,18.0
ITEM-0011159,ORD-006285,501,1,42.0,13.0,42.0,13.0
ITEM-0011160,ORD-006285,106,3,179.99,70.0,539.97,210.0
ITEM-0011161,ORD-006286,404,1,64.99,21.0,64.99,21.0
ITEM-0011162,ORD-006286,108,1,29.99,9.5,29.99,9.5
ITEM-0011163,ORD-006287,102,1,49.99,18.0,49.99,18.0
ITEM-0011164,ORD-006287,501,1,42.0,13.0,42.0,13.0
ITEM-0011165,ORD-006287,104,1,349.99,175.0,349.99,175.0
ITEM-0011166,ORD-006288,301,1,289.0,130.0,289.0,130.0
ITEM-0011167,ORD-006289,504,1,16.99,4.2,16.99,4.2
ITEM-0011168,ORD-006290,206,1,45.0,11.0,45.0,11.0
ITEM-0011169,ORD-006290,102,2,49.99,18.0,99.98,36.0
ITEM-0011170,ORD-006291,504,2,16.99,4.2,33.98,8.4
ITEM-0011171,ORD-006291,302,1,45.0,15.0,45.0,15.0
ITEM-0011172,ORD-006292,302,1,45.0,15.0,45.0,15.0
ITEM-0011173,ORD-006293,205,1,54.0,16.0,54.0,16.0
ITEM-0011174,ORD-006294,202,1,68.0,22.0,68.0,22.0
ITEM-0011175,ORD-006294,405,1,18.0,4.0,18.0,4.0
ITEM-0011176,ORD-006295,201,1,28.0,8.5,28.0,8.5
ITEM-0011177,ORD-006296,305,1,59.99,20.0,59.99,20.0
ITEM-0011178,ORD-006296,505,2,75.0,24.0,150.0,48.0
ITEM-0011179,ORD-006296,307,2,29.99,8.0,59.98,16.0
ITEM-0011180,ORD-006297,108,1,29.99,9.5,29.99,9.5
ITEM-0011181,ORD-006297,202,1,68.0,22.0,68.0,22.0
ITEM-0011182,ORD-006297,101,1,199.99,85.0,199.99,85.0
ITEM-0011183,ORD-006298,206,1,45.0,11.0,45.0,11.0
ITEM-0011184,ORD-006298,102,1,49.99,18.0,49.99,18.0
ITEM-0011185,ORD-006299,107,1,59.99,22.0,59.99,22.0
ITEM-0011186,ORD-006299,202,1,68.0,22.0,68.0,22.0
ITEM-0011187,ORD-006300,203,1,120.0,42.0,120.0,42.0
ITEM-0011188,ORD-006300,501,1,42.0,13.0,42.0,13.0
ITEM-0011189,ORD-006301,305,2,59.99,20.0,119.98,40.0
ITEM-0011190,ORD-006302,102,2,49.99,18.0,99.98,36.0
ITEM-0011191,ORD-006303,202,1,68.0,22.0,68.0,22.0
ITEM-0011192,ORD-006303,104,1,349.99,175.0,349.99,175.0
ITEM-0011193,ORD-006304,304,1,39.99,14.0,39.99,14.0
ITEM-0011194,ORD-006304,202,1,68.0,22.0,68.0,22.0
ITEM-0011195,ORD-006304,401,1,26.0,6.0,26.0,6.0
ITEM-0011196,ORD-006305,103,1,89.99,36.0,89.99,36.0
ITEM-0011197,ORD-006306,107,1,59.99,22.0,59.99,22.0
ITEM-0011198,ORD-006306,105,1,39.99,12.0,39.99,12.0
ITEM-0011199,ORD-006307,404,1,64.99,21.0,64.99,21.0
ITEM-0011200,ORD-006308,305,1,59.99,20.0,59.99,20.0
ITEM-0011201,ORD-006308,107,1,59.99,22.0,59.99,22.0
ITEM-0011202,ORD-006308,505,1,75.0,24.0,75.0,24.0
ITEM-0011203,ORD-006309,403,1,22.0,5.2,22.0,5.2
ITEM-0011204,ORD-006310,306,1,32.5,10.0,32.5,10.0
ITEM-0011205,ORD-006310,104,1,349.99,175.0,349.99,175.0
ITEM-0011206,ORD-006311,304,1,39.99,14.0,39.99,14.0
ITEM-0011207,ORD-006312,204,1,24.0,6.0,24.0,6.0
ITEM-0011208,ORD-006313,302,1,45.0,15.0,45.0,15.0
ITEM-0011209,ORD-006314,105,1,39.99,12.0,39.99,12.0
ITEM-0011210,ORD-006314,206,1,45.0,11.0,45.0,11.0
ITEM-0011211,ORD-006315,206,2,45.0,11.0,90.0,22.0
ITEM-0011212,ORD-006316,307,2,29.99,8.0,59.98,16.0
ITEM-0011213,ORD-006316,105,1,39.99,12.0,39.99,12.0
ITEM-0011214,ORD-006316,405,2,18.0,4.0,36.0,8.0
ITEM-0011215,ORD-006317,401,1,26.0,6.0,26.0,6.0
ITEM-0011216,ORD-006317,402,1,34.0,8.5,34.0,8.5
ITEM-0011217,ORD-006318,201,1,28.0,8.5,28.0,8.5
ITEM-0011218,ORD-006318,302,1,45.0,15.0,45.0,15.0
ITEM-0011219,ORD-006319,503,1,48.0,15.0,48.0,15.0
ITEM-0011220,ORD-006320,203,1,120.0,42.0,120.0,42.0
ITEM-0011221,ORD-006321,505,1,75.0,24.0,75.0,24.0
ITEM-0011222,ORD-006322,301,2,289.0,130.0,578.0,260.0
ITEM-0011223,ORD-006323,307,1,29.99,8.0,29.99,8.0
ITEM-0011224,ORD-006324,401,1,26.0,6.0,26.0,6.0
ITEM-0011225,ORD-006324,402,3,34.0,8.5,102.0,25.5
ITEM-0011226,ORD-006325,203,1,120.0,42.0,120.0,42.0
ITEM-0011227,ORD-006325,405,1,18.0,4.0,18.0,4.0
ITEM-0011228,ORD-006325,107,1,59.99,22.0,59.99,22.0
ITEM-0011229,ORD-006325,402,1,34.0,8.5,34.0,8.5
ITEM-0011230,ORD-006326,103,1,89.99,36.0,89.99,36.0
ITEM-0011231,ORD-006327,304,2,39.99,14.0,79.98,28.0
ITEM-0011232,ORD-006328,304,1,39.99,14.0,39.99,14.0
ITEM-0011233,ORD-006328,101,1,199.99,85.0,199.99,85.0
ITEM-0011234,ORD-006328,503,1,48.0,15.0,48.0,15.0
ITEM-0011235,ORD-006329,304,1,39.99,14.0,39.99,14.0
ITEM-0011236,ORD-006329,204,1,24.0,6.0,24.0,6.0
ITEM-0011237,ORD-006330,301,1,289.0,130.0,289.0,130.0
ITEM-0011238,ORD-006331,205,1,54.0,16.0,54.0,16.0
ITEM-0011239,ORD-006332,505,1,75.0,24.0,75.0,24.0
ITEM-0011240,ORD-006332,306,1,32.5,10.0,32.5,10.0
ITEM-0011241,ORD-006333,404,1,64.99,21.0,64.99,21.0
ITEM-0011242,ORD-006334,202,1,68.0,22.0,68.0,22.0
ITEM-0011243,ORD-006335,101,1,199.99,85.0,199.99,85.0
ITEM-0011244,ORD-006336,405,2,18.0,4.0,36.0,8.0
ITEM-0011245,ORD-006336,202,1,68.0,22.0,68.0,22.0
ITEM-0011246,ORD-006337,502,1,22.99,5.5,22.99,5.5
ITEM-0011247,ORD-006337,405,1,18.0,4.0,18.0,4.0
ITEM-0011248,ORD-006338,306,1,32.5,10.0,32.5,10.0
ITEM-0011249,ORD-006338,203,1,120.0,42.0,120.0,42.0
ITEM-0011250,ORD-006339,206,1,45.0,11.0,45.0,11.0
ITEM-0011251,ORD-006340,107,1,59.99,22.0,59.99,22.0
ITEM-0011252,ORD-006340,106,1,179.99,70.0,179.99,70.0
ITEM-0011253,ORD-006341,505,2,75.0,24.0,150.0,48.0
ITEM-0011254,ORD-006341,504,1,16.99,4.2,16.99,4.2
ITEM-0011255,ORD-006341,501,2,42.0,13.0,84.0,26.0
ITEM-0011256,ORD-006342,301,1,289.0,130.0,289.0,130.0
ITEM-0011257,ORD-006343,108,1,29.99,9.5,29.99,9.5
ITEM-0011258,ORD-006343,501,1,42.0,13.0,42.0,13.0
ITEM-0011259,ORD-006344,205,2,54.0,16.0,108.0,32.0
ITEM-0011260,ORD-006345,205,1,54.0,16.0,54.0,16.0
ITEM-0011261,ORD-006346,101,1,199.99,85.0,199.99,85.0
ITEM-0011262,ORD-006346,108,1,29.99,9.5,29.99,9.5
ITEM-0011263,ORD-006346,107,1,59.99,22.0,59.99,22.0
ITEM-0011264,ORD-006346,103,1,89.99,36.0,89.99,36.0
ITEM-0011265,ORD-006347,502,2,22.99,5.5,45.98,11.0
ITEM-0011266,ORD-006348,504,1,16.99,4.2,16.99,4.2
ITEM-0011267,ORD-006348,201,1,28.0,8.5,28.0,8.5
ITEM-0011268,ORD-006348,502,1,22.99,5.5,22.99,5.5
ITEM-0011269,ORD-006349,107,1,59.99,22.0,59.99,22.0
ITEM-0011270,ORD-006350,105,1,39.99,12.0,39.99,12.0
ITEM-0011271,ORD-006351,101,1,199.99,85.0,199.99,85.0
ITEM-0011272,ORD-006352,102,1,49.99,18.0,49.99,18.0
ITEM-0011273,ORD-006353,206,3,45.0,11.0,135.0,33.0
ITEM-0011274,ORD-006354,304,1,39.99,14.0,39.99,14.0
ITEM-0011275,ORD-006355,105,1,39.99,12.0,39.99,12.0
ITEM-0011276,ORD-006356,203,1,120.0,42.0,120.0,42.0
ITEM-0011277,ORD-006357,303,1,24.99,7.5,24.99,7.5
ITEM-0011278,ORD-006358,101,1,199.99,85.0,199.99,85.0
ITEM-0011279,ORD-006358,104,1,349.99,175.0,349.99,175.0
ITEM-0011280,ORD-006359,204,2,24.0,6.0,48.0,12.0
ITEM-0011281,ORD-006360,405,1,18.0,4.0,18.0,4.0
ITEM-0011282,ORD-006361,203,1,120.0,42.0,120.0,42.0
ITEM-0011283,ORD-006361,105,1,39.99,12.0,39.99,12.0
ITEM-0011284,ORD-006362,302,1,45.0,15.0,45.0,15.0
ITEM-0011285,ORD-006362,105,1,39.99,12.0,39.99,12.0
ITEM-0011286,ORD-006363,304,1,39.99,14.0,39.99,14.0
ITEM-0011287,ORD-006363,401,2,26.0,6.0,52.0,12.0
ITEM-0011288,ORD-006364,205,1,54.0,16.0,54.0,16.0
ITEM-0011289,ORD-006364,505,2,75.0,24.0,150.0,48.0
ITEM-0011290,ORD-006365,106,2,179.99,70.0,359.98,140.0
ITEM-0011291,ORD-006365,203,1,120.0,42.0,120.0,42.0
ITEM-0011292,ORD-006366,402,1,34.0,8.5,34.0,8.5
ITEM-0011293,ORD-006367,101,1,199.99,85.0,199.99,85.0
ITEM-0011294,ORD-006368,402,1,34.0,8.5,34.0,8.5
ITEM-0011295,ORD-006368,102,1,49.99,18.0,49.99,18.0
ITEM-0011296,ORD-006369,202,1,68.0,22.0,68.0,22.0
ITEM-0011297,ORD-006369,201,1,28.0,8.5,28.0,8.5
ITEM-0011298,ORD-006370,102,1,49.99,18.0,49.99,18.0
ITEM-0011299,ORD-006370,403,1,22.0,5.2,22.0,5.2
ITEM-0011300,ORD-006371,204,1,24.0,6.0,24.0,6.0
ITEM-0011301,ORD-006372,106,1,179.99,70.0,179.99,70.0
ITEM-0011302,ORD-006372,402,1,34.0,8.5,34.0,8.5
ITEM-0011303,ORD-006373,504,1,16.99,4.2,16.99,4.2
ITEM-0011304,ORD-006373,403,1,22.0,5.2,22.0,5.2
ITEM-0011305,ORD-006373,502,1,22.99,5.5,22.99,5.5
ITEM-0011306,ORD-006373,108,3,29.99,9.5,89.97,28.5
ITEM-0011307,ORD-006374,505,1,75.0,24.0,75.0,24.0
ITEM-0011308,ORD-006374,205,2,54.0,16.0,108.0,32.0
ITEM-0011309,ORD-006374,201,1,28.0,8.5,28.0,8.5
ITEM-0011310,ORD-006375,302,1,45.0,15.0,45.0,15.0
ITEM-0011311,ORD-006375,305,2,59.99,20.0,119.98,40.0
ITEM-0011312,ORD-006375,501,1,42.0,13.0,42.0,13.0
ITEM-0011313,ORD-006375,206,1,45.0,11.0,45.0,11.0
ITEM-0011314,ORD-006376,107,1,59.99,22.0,59.99,22.0
ITEM-0011315,ORD-006376,201,1,28.0,8.5,28.0,8.5
ITEM-0011316,ORD-006377,204,1,24.0,6.0,24.0,6.0
ITEM-0011317,ORD-006377,305,1,59.99,20.0,59.99,20.0
ITEM-0011318,ORD-006378,202,1,68.0,22.0,68.0,22.0
ITEM-0011319,ORD-006378,302,1,45.0,15.0,45.0,15.0
ITEM-0011320,ORD-006379,501,1,42.0,13.0,42.0,13.0
ITEM-0011321,ORD-006379,305,1,59.99,20.0,59.99,20.0
ITEM-0011322,ORD-006380,204,1,24.0,6.0,24.0,6.0
ITEM-0011323,ORD-006380,104,1,349.99,175.0,349.99,175.0
ITEM-0011324,ORD-006380,304,1,39.99,14.0,39.99,14.0
ITEM-0011325,ORD-006380,307,1,29.99,8.0,29.99,8.0
ITEM-0011326,ORD-006381,107,1,59.99,22.0,59.99,22.0
ITEM-0011327,ORD-006381,104,1,349.99,175.0,349.99,175.0
ITEM-0011328,ORD-006382,202,1,68.0,22.0,68.0,22.0
ITEM-0011329,ORD-006383,102,1,49.99,18.0,49.99,18.0
ITEM-0011330,ORD-006384,106,1,179.99,70.0,179.99,70.0
ITEM-0011331,ORD-006384,401,1,26.0,6.0,26.0,6.0
ITEM-0011332,ORD-006385,303,1,24.99,7.5,24.99,7.5
ITEM-0011333,ORD-006385,305,1,59.99,20.0,59.99,20.0
ITEM-0011334,ORD-006386,104,1,349.99,175.0,349.99,175.0
ITEM-0011335,ORD-006387,404,1,64.99,21.0,64.99,21.0
ITEM-0011336,ORD-006387,403,1,22.0,5.2,22.0,5.2
ITEM-0011337,ORD-006387,504,2,16.99,4.2,33.98,8.4
ITEM-0011338,ORD-006388,502,1,22.99,5.5,22.99,5.5
ITEM-0011339,ORD-006388,107,1,59.99,22.0,59.99,22.0
ITEM-0011340,ORD-006389,305,1,59.99,20.0,59.99,20.0
ITEM-0011341,ORD-006390,502,1,22.99,5.5,22.99,5.5
ITEM-0011342,ORD-006391,301,1,289.0,130.0,289.0,130.0
ITEM-0011343,ORD-006391,302,1,45.0,15.0,45.0,15.0
ITEM-0011344,ORD-006392,303,1,24.99,7.5,24.99,7.5
ITEM-0011345,ORD-006392,101,3,199.99,85.0,599.97,255.0
ITEM-0011346,ORD-006393,302,1,45.0,15.0,45.0,15.0
ITEM-0011347,ORD-006394,505,1,75.0,24.0,75.0,24.0
ITEM-0011348,ORD-006395,305,1,59.99,20.0,59.99,20.0
ITEM-0011349,ORD-006396,306,3,32.5,10.0,97.5,30.0
ITEM-0011350,ORD-006397,201,1,28.0,8.5,28.0,8.5
ITEM-0011351,ORD-006398,504,1,16.99,4.2,16.99,4.2
ITEM-0011352,ORD-006398,105,1,39.99,12.0,39.99,12.0
ITEM-0011353,ORD-006398,205,1,54.0,16.0,54.0,16.0
ITEM-0011354,ORD-006398,204,1,24.0,6.0,24.0,6.0
ITEM-0011355,ORD-006399,201,1,28.0,8.5,28.0,8.5
ITEM-0011356,ORD-006399,404,1,64.99,21.0,64.99,21.0
ITEM-0011357,ORD-006399,205,1,54.0,16.0,54.0,16.0
ITEM-0011358,ORD-006399,503,1,48.0,15.0,48.0,15.0
ITEM-0011359,ORD-006400,405,1,18.0,4.0,18.0,4.0
ITEM-0011360,ORD-006400,505,1,75.0,24.0,75.0,24.0
ITEM-0011361,ORD-006400,203,1,120.0,42.0,120.0,42.0
ITEM-0011362,ORD-006400,303,1,24.99,7.5,24.99,7.5
ITEM-0011363,ORD-006401,305,1,59.99,20.0,59.99,20.0
ITEM-0011364,ORD-006402,306,3,32.5,10.0,97.5,30.0
ITEM-0011365,ORD-006403,402,1,34.0,8.5,34.0,8.5
ITEM-0011366,ORD-006403,304,1,39.99,14.0,39.99,14.0
ITEM-0011367,ORD-006403,501,1,42.0,13.0,42.0,13.0
ITEM-0011368,ORD-006404,303,1,24.99,7.5,24.99,7.5
ITEM-0011369,ORD-006405,105,2,39.99,12.0,79.98,24.0
ITEM-0011370,ORD-006405,101,1,199.99,85.0,199.99,85.0
ITEM-0011371,ORD-006406,302,1,45.0,15.0,45.0,15.0
ITEM-0011372,ORD-006407,103,1,89.99,36.0,89.99,36.0
ITEM-0011373,ORD-006408,504,1,16.99,4.2,16.99,4.2
ITEM-0011374,ORD-006409,202,1,68.0,22.0,68.0,22.0
ITEM-0011375,ORD-006410,201,3,28.0,8.5,84.0,25.5
ITEM-0011376,ORD-006411,503,2,48.0,15.0,96.0,30.0
ITEM-0011377,ORD-006411,107,1,59.99,22.0,59.99,22.0
ITEM-0011378,ORD-006412,106,1,179.99,70.0,179.99,70.0
ITEM-0011379,ORD-006413,401,1,26.0,6.0,26.0,6.0
ITEM-0011380,ORD-006413,403,1,22.0,5.2,22.0,5.2
ITEM-0011381,ORD-006414,107,1,59.99,22.0,59.99,22.0
ITEM-0011382,ORD-006415,102,2,49.99,18.0,99.98,36.0
ITEM-0011383,ORD-006416,301,2,289.0,130.0,578.0,260.0
ITEM-0011384,ORD-006417,405,1,18.0,4.0,18.0,4.0
ITEM-0011385,ORD-006418,102,1,49.99,18.0,49.99,18.0
ITEM-0011386,ORD-006419,107,1,59.99,22.0,59.99,22.0
ITEM-0011387,ORD-006420,203,1,120.0,42.0,120.0,42.0
ITEM-0011388,ORD-006421,405,2,18.0,4.0,36.0,8.0
ITEM-0011389,ORD-006422,203,1,120.0,42.0,120.0,42.0
ITEM-0011390,ORD-006423,404,1,64.99,21.0,64.99,21.0
ITEM-0011391,ORD-006424,101,1,199.99,85.0,199.99,85.0
ITEM-0011392,ORD-006424,108,1,29.99,9.5,29.99,9.5
ITEM-0011393,ORD-006425,303,1,24.99,7.5,24.99,7.5
ITEM-0011394,ORD-006425,307,1,29.99,8.0,29.99,8.0
ITEM-0011395,ORD-006425,501,1,42.0,13.0,42.0,13.0
ITEM-0011396,ORD-006426,102,2,49.99,18.0,99.98,36.0
ITEM-0011397,ORD-006426,203,1,120.0,42.0,120.0,42.0
ITEM-0011398,ORD-006427,307,1,29.99,8.0,29.99,8.0
ITEM-0011399,ORD-006427,204,1,24.0,6.0,24.0,6.0
ITEM-0011400,ORD-006428,401,3,26.0,6.0,78.0,18.0
ITEM-0011401,ORD-006429,201,2,28.0,8.5,56.0,17.0
ITEM-0011402,ORD-006430,105,1,39.99,12.0,39.99,12.0
ITEM-0011403,ORD-006430,301,2,289.0,130.0,578.0,260.0
ITEM-0011404,ORD-006431,307,1,29.99,8.0,29.99,8.0
ITEM-0011405,ORD-006432,202,1,68.0,22.0,68.0,22.0
ITEM-0011406,ORD-006433,105,3,39.99,12.0,119.97,36.0
ITEM-0011407,ORD-006434,503,1,48.0,15.0,48.0,15.0
ITEM-0011408,ORD-006434,203,1,120.0,42.0,120.0,42.0
ITEM-0011409,ORD-006435,101,1,199.99,85.0,199.99,85.0
ITEM-0011410,ORD-006436,104,1,349.99,175.0,349.99,175.0
ITEM-0011411,ORD-006437,203,1,120.0,42.0,120.0,42.0
ITEM-0011412,ORD-006438,108,1,29.99,9.5,29.99,9.5
ITEM-0011413,ORD-006438,401,1,26.0,6.0,26.0,6.0
ITEM-0011414,ORD-006438,403,1,22.0,5.2,22.0,5.2
ITEM-0011415,ORD-006439,103,1,89.99,36.0,89.99,36.0
ITEM-0011416,ORD-006440,202,3,68.0,22.0,204.0,66.0
ITEM-0011417,ORD-006440,306,1,32.5,10.0,32.5,10.0
ITEM-0011418,ORD-006441,101,1,199.99,85.0,199.99,85.0
ITEM-0011419,ORD-006441,108,1,29.99,9.5,29.99,9.5
ITEM-0011420,ORD-006441,107,1,59.99,22.0,59.99,22.0
ITEM-0011421,ORD-006442,204,1,24.0,6.0,24.0,6.0
ITEM-0011422,ORD-006443,402,1,34.0,8.5,34.0,8.5
ITEM-0011423,ORD-006444,305,1,59.99,20.0,59.99,20.0
ITEM-0011424,ORD-006445,104,1,349.99,175.0,349.99,175.0
ITEM-0011425,ORD-006446,205,1,54.0,16.0,54.0,16.0
ITEM-0011426,ORD-006447,103,1,89.99,36.0,89.99,36.0
ITEM-0011427,ORD-006447,205,1,54.0,16.0,54.0,16.0
ITEM-0011428,ORD-006447,405,1,18.0,4.0,18.0,4.0
ITEM-0011429,ORD-006448,204,1,24.0,6.0,24.0,6.0
ITEM-0011430,ORD-006449,404,1,64.99,21.0,64.99,21.0
ITEM-0011431,ORD-006449,206,2,45.0,11.0,90.0,22.0
ITEM-0011432,ORD-006450,106,1,179.99,70.0,179.99,70.0
ITEM-0011433,ORD-006450,302,2,45.0,15.0,90.0,30.0
ITEM-0011434,ORD-006451,303,2,24.99,7.5,49.98,15.0
ITEM-0011435,ORD-006451,502,1,22.99,5.5,22.99,5.5
ITEM-0011436,ORD-006452,307,1,29.99,8.0,29.99,8.0
ITEM-0011437,ORD-006452,301,2,289.0,130.0,578.0,260.0
ITEM-0011438,ORD-006453,307,1,29.99,8.0,29.99,8.0
ITEM-0011439,ORD-006453,405,1,18.0,4.0,18.0,4.0
ITEM-0011440,ORD-006454,505,1,75.0,24.0,75.0,24.0
ITEM-0011441,ORD-006455,201,2,28.0,8.5,56.0,17.0
ITEM-0011442,ORD-006455,305,1,59.99,20.0,59.99,20.0
ITEM-0011443,ORD-006455,302,1,45.0,15.0,45.0,15.0
ITEM-0011444,ORD-006456,105,1,39.99,12.0,39.99,12.0
ITEM-0011445,ORD-006456,106,3,179.99,70.0,539.97,210.0
ITEM-0011446,ORD-006456,205,1,54.0,16.0,54.0,16.0
ITEM-0011447,ORD-006457,403,2,22.0,5.2,44.0,10.4
ITEM-0011448,ORD-006458,206,1,45.0,11.0,45.0,11.0
ITEM-0011449,ORD-006459,403,1,22.0,5.2,22.0,5.2
ITEM-0011450,ORD-006460,203,2,120.0,42.0,240.0,84.0
ITEM-0011451,ORD-006461,202,1,68.0,22.0,68.0,22.0
ITEM-0011452,ORD-006461,302,2,45.0,15.0,90.0,30.0
ITEM-0011453,ORD-006462,404,1,64.99,21.0,64.99,21.0
ITEM-0011454,ORD-006462,104,1,349.99,175.0,349.99,175.0
ITEM-0011455,ORD-006463,401,2,26.0,6.0,52.0,12.0
ITEM-0011456,ORD-006464,107,1,59.99,22.0,59.99,22.0
ITEM-0011457,ORD-006465,104,1,349.99,175.0,349.99,175.0
ITEM-0011458,ORD-006465,102,1,49.99,18.0,49.99,18.0
ITEM-0011459,ORD-006466,205,1,54.0,16.0,54.0,16.0
ITEM-0011460,ORD-006466,403,1,22.0,5.2,22.0,5.2
ITEM-0011461,ORD-006467,105,2,39.99,12.0,79.98,24.0
ITEM-0011462,ORD-006467,404,1,64.99,21.0,64.99,21.0
ITEM-0011463,ORD-006467,505,1,75.0,24.0,75.0,24.0
ITEM-0011464,ORD-006468,205,1,54.0,16.0,54.0,16.0
ITEM-0011465,ORD-006468,104,1,349.99,175.0,349.99,175.0
ITEM-0011466,ORD-006468,303,1,24.99,7.5,24.99,7.5
ITEM-0011467,ORD-006469,504,1,16.99,4.2,16.99,4.2
ITEM-0011468,ORD-006469,302,1,45.0,15.0,45.0,15.0
ITEM-0011469,ORD-006470,501,1,42.0,13.0,42.0,13.0
ITEM-0011470,ORD-006471,204,3,24.0,6.0,72.0,18.0
ITEM-0011471,ORD-006471,106,1,179.99,70.0,179.99,70.0
ITEM-0011472,ORD-006471,404,1,64.99,21.0,64.99,21.0
ITEM-0011473,ORD-006472,201,1,28.0,8.5,28.0,8.5
ITEM-0011474,ORD-006473,204,1,24.0,6.0,24.0,6.0
ITEM-0011475,ORD-006474,206,3,45.0,11.0,135.0,33.0
ITEM-0011476,ORD-006475,303,1,24.99,7.5,24.99,7.5
ITEM-0011477,ORD-006476,203,1,120.0,42.0,120.0,42.0
ITEM-0011478,ORD-006477,503,1,48.0,15.0,48.0,15.0
ITEM-0011479,ORD-006477,404,1,64.99,21.0,64.99,21.0
ITEM-0011480,ORD-006478,306,1,32.5,10.0,32.5,10.0
ITEM-0011481,ORD-006478,307,1,29.99,8.0,29.99,8.0
ITEM-0011482,ORD-006479,206,1,45.0,11.0,45.0,11.0
ITEM-0011483,ORD-006479,106,1,179.99,70.0,179.99,70.0
ITEM-0011484,ORD-006480,501,1,42.0,13.0,42.0,13.0
ITEM-0011485,ORD-006481,306,1,32.5,10.0,32.5,10.0
ITEM-0011486,ORD-006481,302,1,45.0,15.0,45.0,15.0
ITEM-0011487,ORD-006482,404,2,64.99,21.0,129.98,42.0
ITEM-0011488,ORD-006483,504,1,16.99,4.2,16.99,4.2
ITEM-0011489,ORD-006483,104,2,349.99,175.0,699.98,350.0
ITEM-0011490,ORD-006484,404,3,64.99,21.0,194.97,63.0
ITEM-0011491,ORD-006484,405,1,18.0,4.0,18.0,4.0
ITEM-0011492,ORD-006484,307,1,29.99,8.0,29.99,8.0
ITEM-0011493,ORD-006484,205,1,54.0,16.0,54.0,16.0
ITEM-0011494,ORD-006485,505,3,75.0,24.0,225.0,72.0
ITEM-0011495,ORD-006485,501,1,42.0,13.0,42.0,13.0
ITEM-0011496,ORD-006486,405,1,18.0,4.0,18.0,4.0
ITEM-0011497,ORD-006487,307,2,29.99,8.0,59.98,16.0
ITEM-0011498,ORD-006488,107,1,59.99,22.0,59.99,22.0
ITEM-0011499,ORD-006488,206,1,45.0,11.0,45.0,11.0
ITEM-0011500,ORD-006489,301,1,289.0,130.0,289.0,130.0
ITEM-0011501,ORD-006489,405,1,18.0,4.0,18.0,4.0
ITEM-0011502,ORD-006490,107,1,59.99,22.0,59.99,22.0
ITEM-0011503,ORD-006490,505,1,75.0,24.0,75.0,24.0
ITEM-0011504,ORD-006491,204,1,24.0,6.0,24.0,6.0
ITEM-0011505,ORD-006491,307,1,29.99,8.0,29.99,8.0
ITEM-0011506,ORD-006491,402,2,34.0,8.5,68.0,17.0
ITEM-0011507,ORD-006492,503,1,48.0,15.0,48.0,15.0
ITEM-0011508,ORD-006492,402,1,34.0,8.5,34.0,8.5
ITEM-0011509,ORD-006493,206,1,45.0,11.0,45.0,11.0
ITEM-0011510,ORD-006494,302,1,45.0,15.0,45.0,15.0
ITEM-0011511,ORD-006495,505,1,75.0,24.0,75.0,24.0
ITEM-0011512,ORD-006495,304,1,39.99,14.0,39.99,14.0
ITEM-0011513,ORD-006495,202,1,68.0,22.0,68.0,22.0
ITEM-0011514,ORD-006495,504,1,16.99,4.2,16.99,4.2
ITEM-0011515,ORD-006496,503,1,48.0,15.0,48.0,15.0
ITEM-0011516,ORD-006496,201,1,28.0,8.5,28.0,8.5
ITEM-0011517,ORD-006497,401,1,26.0,6.0,26.0,6.0
ITEM-0011518,ORD-006497,402,2,34.0,8.5,68.0,17.0
ITEM-0011519,ORD-006498,404,1,64.99,21.0,64.99,21.0
ITEM-0011520,ORD-006498,306,1,32.5,10.0,32.5,10.0
ITEM-0011521,ORD-006498,502,1,22.99,5.5,22.99,5.5
ITEM-0011522,ORD-006499,307,1,29.99,8.0,29.99,8.0
ITEM-0011523,ORD-006499,306,1,32.5,10.0,32.5,10.0
ITEM-0011524,ORD-006499,103,1,89.99,36.0,89.99,36.0
ITEM-0011525,ORD-006500,401,1,26.0,6.0,26.0,6.0
ITEM-0011526,ORD-006500,402,1,34.0,8.5,34.0,8.5
ITEM-0011527,ORD-006500,302,2,45.0,15.0,90.0,30.0
ITEM-0011528,ORD-006501,206,1,45.0,11.0,45.0,11.0
ITEM-0011529,ORD-006501,304,1,39.99,14.0,39.99,14.0
ITEM-0011530,ORD-006502,103,1,89.99,36.0,89.99,36.0
ITEM-0011531,ORD-006503,501,1,42.0,13.0,42.0,13.0
ITEM-0011532,ORD-006503,405,1,18.0,4.0,18.0,4.0
ITEM-0011533,ORD-006503,101,1,199.99,85.0,199.99,85.0
ITEM-0011534,ORD-006503,303,1,24.99,7.5,24.99,7.5
ITEM-0011535,ORD-006504,404,1,64.99,21.0,64.99,21.0
ITEM-0011536,ORD-006504,106,2,179.99,70.0,359.98,140.0
ITEM-0011537,ORD-006504,307,1,29.99,8.0,29.99,8.0
ITEM-0011538,ORD-006505,206,1,45.0,11.0,45.0,11.0
ITEM-0011539,ORD-006505,403,1,22.0,5.2,22.0,5.2
ITEM-0011540,ORD-006505,304,1,39.99,14.0,39.99,14.0
ITEM-0011541,ORD-006505,102,1,49.99,18.0,49.99,18.0
ITEM-0011542,ORD-006506,103,1,89.99,36.0,89.99,36.0
ITEM-0011543,ORD-006507,205,1,54.0,16.0,54.0,16.0
ITEM-0011544,ORD-006508,404,3,64.99,21.0,194.97,63.0
ITEM-0011545,ORD-006508,307,1,29.99,8.0,29.99,8.0
ITEM-0011546,ORD-006509,206,2,45.0,11.0,90.0,22.0
ITEM-0011547,ORD-006509,305,1,59.99,20.0,59.99,20.0
ITEM-0011548,ORD-006510,306,1,32.5,10.0,32.5,10.0
ITEM-0011549,ORD-006510,503,1,48.0,15.0,48.0,15.0
ITEM-0011550,ORD-006511,503,1,48.0,15.0,48.0,15.0
ITEM-0011551,ORD-006512,305,1,59.99,20.0,59.99,20.0
ITEM-0011552,ORD-006513,305,1,59.99,20.0,59.99,20.0
ITEM-0011553,ORD-006513,204,1,24.0,6.0,24.0,6.0
ITEM-0011554,ORD-006514,104,1,349.99,175.0,349.99,175.0
ITEM-0011555,ORD-006515,103,1,89.99,36.0,89.99,36.0
ITEM-0011556,ORD-006516,505,1,75.0,24.0,75.0,24.0
ITEM-0011557,ORD-006516,202,1,68.0,22.0,68.0,22.0
ITEM-0011558,ORD-006517,401,1,26.0,6.0,26.0,6.0
ITEM-0011559,ORD-006518,104,1,349.99,175.0,349.99,175.0
ITEM-0011560,ORD-006519,106,1,179.99,70.0,179.99,70.0
ITEM-0011561,ORD-006519,305,1,59.99,20.0,59.99,20.0
ITEM-0011562,ORD-006519,505,1,75.0,24.0,75.0,24.0
ITEM-0011563,ORD-006520,201,1,28.0,8.5,28.0,8.5
ITEM-0011564,ORD-006520,103,1,89.99,36.0,89.99,36.0
ITEM-0011565,ORD-006521,206,1,45.0,11.0,45.0,11.0
ITEM-0011566,ORD-006521,106,1,179.99,70.0,179.99,70.0
ITEM-0011567,ORD-006522,205,1,54.0,16.0,54.0,16.0
ITEM-0011568,ORD-006523,503,1,48.0,15.0,48.0,15.0
ITEM-0011569,ORD-006524,501,1,42.0,13.0,42.0,13.0
ITEM-0011570,ORD-006525,503,1,48.0,15.0,48.0,15.0
ITEM-0011571,ORD-006525,301,1,289.0,130.0,289.0,130.0
ITEM-0011572,ORD-006526,401,1,26.0,6.0,26.0,6.0
ITEM-0011573,ORD-006526,403,1,22.0,5.2,22.0,5.2
ITEM-0011574,ORD-006527,103,1,89.99,36.0,89.99,36.0
ITEM-0011575,ORD-006528,402,1,34.0,8.5,34.0,8.5
ITEM-0011576,ORD-006529,202,1,68.0,22.0,68.0,22.0
ITEM-0011577,ORD-006529,101,1,199.99,85.0,199.99,85.0
ITEM-0011578,ORD-006530,503,1,48.0,15.0,48.0,15.0
ITEM-0011579,ORD-006531,104,1,349.99,175.0,349.99,175.0
ITEM-0011580,ORD-006532,405,1,18.0,4.0,18.0,4.0
ITEM-0011581,ORD-006532,101,1,199.99,85.0,199.99,85.0
ITEM-0011582,ORD-006533,301,1,289.0,130.0,289.0,130.0
ITEM-0011583,ORD-006534,505,1,75.0,24.0,75.0,24.0
ITEM-0011584,ORD-006534,101,2,199.99,85.0,399.98,170.0
ITEM-0011585,ORD-006534,304,1,39.99,14.0,39.99,14.0
ITEM-0011586,ORD-006535,503,1,48.0,15.0,48.0,15.0
ITEM-0011587,ORD-006536,301,1,289.0,130.0,289.0,130.0
ITEM-0011588,ORD-006537,303,1,24.99,7.5,24.99,7.5
ITEM-0011589,ORD-006538,505,1,75.0,24.0,75.0,24.0
ITEM-0011590,ORD-006538,206,1,45.0,11.0,45.0,11.0
ITEM-0011591,ORD-006538,101,2,199.99,85.0,399.98,170.0
ITEM-0011592,ORD-006538,104,1,349.99,175.0,349.99,175.0
ITEM-0011593,ORD-006539,305,1,59.99,20.0,59.99,20.0
ITEM-0011594,ORD-006539,107,1,59.99,22.0,59.99,22.0
ITEM-0011595,ORD-006539,502,1,22.99,5.5,22.99,5.5
ITEM-0011596,ORD-006540,502,1,22.99,5.5,22.99,5.5
ITEM-0011597,ORD-006541,202,1,68.0,22.0,68.0,22.0
ITEM-0011598,ORD-006542,505,1,75.0,24.0,75.0,24.0
ITEM-0011599,ORD-006543,305,1,59.99,20.0,59.99,20.0
ITEM-0011600,ORD-006543,404,1,64.99,21.0,64.99,21.0
ITEM-0011601,ORD-006543,307,1,29.99,8.0,29.99,8.0
ITEM-0011602,ORD-006543,107,1,59.99,22.0,59.99,22.0
ITEM-0011603,ORD-006544,101,3,199.99,85.0,599.97,255.0
ITEM-0011604,ORD-006544,203,1,120.0,42.0,120.0,42.0
ITEM-0011605,ORD-006544,304,1,39.99,14.0,39.99,14.0
ITEM-0011606,ORD-006545,501,1,42.0,13.0,42.0,13.0
ITEM-0011607,ORD-006545,502,1,22.99,5.5,22.99,5.5
ITEM-0011608,ORD-006545,307,3,29.99,8.0,89.97,24.0
ITEM-0011609,ORD-006546,104,1,349.99,175.0,349.99,175.0
ITEM-0011610,ORD-006547,502,1,22.99,5.5,22.99,5.5
ITEM-0011611,ORD-006548,107,1,59.99,22.0,59.99,22.0
ITEM-0011612,ORD-006548,503,1,48.0,15.0,48.0,15.0
ITEM-0011613,ORD-006548,405,1,18.0,4.0,18.0,4.0
ITEM-0011614,ORD-006548,303,1,24.99,7.5,24.99,7.5
ITEM-0011615,ORD-006549,303,1,24.99,7.5,24.99,7.5
ITEM-0011616,ORD-006549,307,1,29.99,8.0,29.99,8.0
ITEM-0011617,ORD-006550,502,2,22.99,5.5,45.98,11.0
ITEM-0011618,ORD-006550,503,1,48.0,15.0,48.0,15.0
ITEM-0011619,ORD-006551,205,1,54.0,16.0,54.0,16.0
ITEM-0011620,ORD-006552,102,1,49.99,18.0,49.99,18.0
ITEM-0011621,ORD-006553,107,1,59.99,22.0,59.99,22.0
ITEM-0011622,ORD-006554,306,1,32.5,10.0,32.5,10.0
ITEM-0011623,ORD-006554,107,1,59.99,22.0,59.99,22.0
ITEM-0011624,ORD-006555,307,1,29.99,8.0,29.99,8.0
ITEM-0011625,ORD-006555,103,1,89.99,36.0,89.99,36.0
ITEM-0011626,ORD-006556,501,1,42.0,13.0,42.0,13.0
ITEM-0011627,ORD-006556,307,1,29.99,8.0,29.99,8.0
ITEM-0011628,ORD-006556,107,1,59.99,22.0,59.99,22.0
ITEM-0011629,ORD-006557,502,1,22.99,5.5,22.99,5.5
ITEM-0011630,ORD-006558,102,1,49.99,18.0,49.99,18.0
ITEM-0011631,ORD-006559,101,1,199.99,85.0,199.99,85.0
ITEM-0011632,ORD-006560,101,1,199.99,85.0,199.99,85.0
ITEM-0011633,ORD-006561,102,1,49.99,18.0,49.99,18.0
ITEM-0011634,ORD-006561,104,2,349.99,175.0,699.98,350.0
ITEM-0011635,ORD-006561,403,1,22.0,5.2,22.0,5.2
ITEM-0011636,ORD-006562,202,1,68.0,22.0,68.0,22.0
ITEM-0011637,ORD-006563,102,1,49.99,18.0,49.99,18.0
ITEM-0011638,ORD-006563,503,1,48.0,15.0,48.0,15.0
ITEM-0011639,ORD-006564,101,1,199.99,85.0,199.99,85.0
ITEM-0011640,ORD-006565,405,2,18.0,4.0,36.0,8.0
ITEM-0011641,ORD-006565,201,1,28.0,8.5,28.0,8.5
ITEM-0011642,ORD-006566,108,2,29.99,9.5,59.98,19.0
ITEM-0011643,ORD-006566,306,1,32.5,10.0,32.5,10.0
ITEM-0011644,ORD-006567,108,1,29.99,9.5,29.99,9.5
ITEM-0011645,ORD-006568,401,1,26.0,6.0,26.0,6.0
ITEM-0011646,ORD-006568,402,1,34.0,8.5,34.0,8.5
ITEM-0011647,ORD-006568,403,2,22.0,5.2,44.0,10.4
ITEM-0011648,ORD-006568,302,1,45.0,15.0,45.0,15.0
ITEM-0011649,ORD-006569,203,1,120.0,42.0,120.0,42.0
ITEM-0011650,ORD-006569,104,1,349.99,175.0,349.99,175.0
ITEM-0011651,ORD-006569,107,1,59.99,22.0,59.99,22.0
ITEM-0011652,ORD-006570,105,2,39.99,12.0,79.98,24.0
ITEM-0011653,ORD-006571,502,1,22.99,5.5,22.99,5.5
ITEM-0011654,ORD-006572,403,1,22.0,5.2,22.0,5.2
ITEM-0011655,ORD-006572,101,2,199.99,85.0,399.98,170.0
ITEM-0011656,ORD-006572,301,1,289.0,130.0,289.0,130.0
ITEM-0011657,ORD-006572,202,1,68.0,22.0,68.0,22.0
ITEM-0011658,ORD-006573,404,1,64.99,21.0,64.99,21.0
ITEM-0011659,ORD-006574,301,1,289.0,130.0,289.0,130.0
ITEM-0011660,ORD-006574,302,1,45.0,15.0,45.0,15.0
ITEM-0011661,ORD-006575,203,1,120.0,42.0,120.0,42.0
ITEM-0011662,ORD-006576,202,2,68.0,22.0,136.0,44.0
ITEM-0011663,ORD-006576,503,1,48.0,15.0,48.0,15.0
ITEM-0011664,ORD-006577,204,1,24.0,6.0,24.0,6.0
ITEM-0011665,ORD-006578,205,1,54.0,16.0,54.0,16.0
ITEM-0011666,ORD-006578,302,1,45.0,15.0,45.0,15.0
ITEM-0011667,ORD-006579,101,1,199.99,85.0,199.99,85.0
ITEM-0011668,ORD-006580,403,1,22.0,5.2,22.0,5.2
ITEM-0011669,ORD-006580,203,1,120.0,42.0,120.0,42.0
ITEM-0011670,ORD-006581,101,1,199.99,85.0,199.99,85.0
ITEM-0011671,ORD-006581,107,2,59.99,22.0,119.98,44.0
ITEM-0011672,ORD-006581,202,1,68.0,22.0,68.0,22.0
ITEM-0011673,ORD-006581,206,1,45.0,11.0,45.0,11.0
ITEM-0011674,ORD-006582,504,1,16.99,4.2,16.99,4.2
ITEM-0011675,ORD-006582,102,1,49.99,18.0,49.99,18.0
ITEM-0011676,ORD-006583,302,2,45.0,15.0,90.0,30.0
ITEM-0011677,ORD-006583,204,1,24.0,6.0,24.0,6.0
ITEM-0011678,ORD-006584,307,1,29.99,8.0,29.99,8.0
ITEM-0011679,ORD-006584,103,1,89.99,36.0,89.99,36.0
ITEM-0011680,ORD-006585,302,1,45.0,15.0,45.0,15.0
ITEM-0011681,ORD-006585,306,1,32.5,10.0,32.5,10.0
ITEM-0011682,ORD-006586,502,1,22.99,5.5,22.99,5.5
ITEM-0011683,ORD-006586,302,2,45.0,15.0,90.0,30.0
ITEM-0011684,ORD-006586,106,1,179.99,70.0,179.99,70.0
ITEM-0011685,ORD-006586,201,1,28.0,8.5,28.0,8.5
ITEM-0011686,ORD-006587,505,1,75.0,24.0,75.0,24.0
ITEM-0011687,ORD-006587,401,1,26.0,6.0,26.0,6.0
ITEM-0011688,ORD-006588,302,2,45.0,15.0,90.0,30.0
ITEM-0011689,ORD-006589,201,1,28.0,8.5,28.0,8.5
ITEM-0011690,ORD-006589,301,3,289.0,130.0,867.0,390.0
ITEM-0011691,ORD-006590,103,1,89.99,36.0,89.99,36.0
ITEM-0011692,ORD-006591,205,1,54.0,16.0,54.0,16.0
ITEM-0011693,ORD-006592,502,1,22.99,5.5,22.99,5.5
ITEM-0011694,ORD-006592,404,2,64.99,21.0,129.98,42.0
ITEM-0011695,ORD-006592,204,2,24.0,6.0,48.0,12.0
ITEM-0011696,ORD-006593,206,1,45.0,11.0,45.0,11.0
ITEM-0011697,ORD-006594,307,2,29.99,8.0,59.98,16.0
ITEM-0011698,ORD-006594,302,1,45.0,15.0,45.0,15.0
ITEM-0011699,ORD-006594,501,1,42.0,13.0,42.0,13.0
ITEM-0011700,ORD-006595,501,1,42.0,13.0,42.0,13.0
ITEM-0011701,ORD-006596,104,1,349.99,175.0,349.99,175.0
ITEM-0011702,ORD-006596,102,1,49.99,18.0,49.99,18.0
ITEM-0011703,ORD-006596,105,2,39.99,12.0,79.98,24.0
ITEM-0011704,ORD-006597,502,1,22.99,5.5,22.99,5.5
ITEM-0011705,ORD-006597,504,1,16.99,4.2,16.99,4.2
ITEM-0011706,ORD-006598,204,1,24.0,6.0,24.0,6.0
ITEM-0011707,ORD-006599,107,1,59.99,22.0,59.99,22.0
ITEM-0011708,ORD-006600,503,1,48.0,15.0,48.0,15.0
ITEM-0011709,ORD-006600,108,1,29.99,9.5,29.99,9.5
ITEM-0011710,ORD-006600,502,1,22.99,5.5,22.99,5.5
ITEM-0011711,ORD-006601,404,2,64.99,21.0,129.98,42.0
ITEM-0011712,ORD-006602,305,1,59.99,20.0,59.99,20.0
ITEM-0011713,ORD-006602,102,1,49.99,18.0,49.99,18.0
ITEM-0011714,ORD-006602,403,1,22.0,5.2,22.0,5.2
ITEM-0011715,ORD-006603,302,2,45.0,15.0,90.0,30.0
ITEM-0011716,ORD-006603,107,1,59.99,22.0,59.99,22.0
ITEM-0011717,ORD-006603,102,2,49.99,18.0,99.98,36.0
ITEM-0011718,ORD-006603,108,1,29.99,9.5,29.99,9.5
ITEM-0011719,ORD-006604,404,1,64.99,21.0,64.99,21.0
ITEM-0011720,ORD-006605,502,1,22.99,5.5,22.99,5.5
ITEM-0011721,ORD-006606,103,1,89.99,36.0,89.99,36.0
ITEM-0011722,ORD-006606,402,1,34.0,8.5,34.0,8.5
ITEM-0011723,ORD-006607,206,1,45.0,11.0,45.0,11.0
ITEM-0011724,ORD-006607,303,1,24.99,7.5,24.99,7.5
ITEM-0011725,ORD-006608,301,1,289.0,130.0,289.0,130.0
ITEM-0011726,ORD-006608,303,1,24.99,7.5,24.99,7.5
ITEM-0011727,ORD-006609,107,1,59.99,22.0,59.99,22.0
ITEM-0011728,ORD-006610,106,1,179.99,70.0,179.99,70.0
ITEM-0011729,ORD-006610,504,1,16.99,4.2,16.99,4.2
ITEM-0011730,ORD-006611,102,2,49.99,18.0,99.98,36.0
ITEM-0011731,ORD-006611,103,1,89.99,36.0,89.99,36.0
ITEM-0011732,ORD-006611,201,1,28.0,8.5,28.0,8.5
ITEM-0011733,ORD-006612,401,1,26.0,6.0,26.0,6.0
ITEM-0011734,ORD-006612,505,1,75.0,24.0,75.0,24.0
ITEM-0011735,ORD-006612,107,1,59.99,22.0,59.99,22.0
ITEM-0011736,ORD-006613,403,1,22.0,5.2,22.0,5.2
ITEM-0011737,ORD-006613,106,2,179.99,70.0,359.98,140.0
ITEM-0011738,ORD-006614,403,1,22.0,5.2,22.0,5.2
ITEM-0011739,ORD-006615,206,1,45.0,11.0,45.0,11.0
ITEM-0011740,ORD-006616,301,1,289.0,130.0,289.0,130.0
ITEM-0011741,ORD-006616,302,1,45.0,15.0,45.0,15.0
ITEM-0011742,ORD-006617,306,2,32.5,10.0,65.0,20.0
ITEM-0011743,ORD-006617,107,1,59.99,22.0,59.99,22.0
ITEM-0011744,ORD-006617,106,1,179.99,70.0,179.99,70.0
ITEM-0011745,ORD-006618,203,1,120.0,42.0,120.0,42.0
ITEM-0011746,ORD-006618,307,1,29.99,8.0,29.99,8.0
ITEM-0011747,ORD-006619,404,1,64.99,21.0,64.99,21.0
ITEM-0011748,ORD-006619,205,1,54.0,16.0,54.0,16.0
ITEM-0011749,ORD-006619,105,1,39.99,12.0,39.99,12.0
ITEM-0011750,ORD-006620,403,1,22.0,5.2,22.0,5.2
ITEM-0011751,ORD-006621,201,1,28.0,8.5,28.0,8.5
ITEM-0011752,ORD-006621,205,1,54.0,16.0,54.0,16.0
ITEM-0011753,ORD-006622,503,1,48.0,15.0,48.0,15.0
ITEM-0011754,ORD-006622,105,1,39.99,12.0,39.99,12.0
ITEM-0011755,ORD-006622,102,1,49.99,18.0,49.99,18.0
ITEM-0011756,ORD-006622,505,1,75.0,24.0,75.0,24.0
ITEM-0011757,ORD-006623,304,1,39.99,14.0,39.99,14.0
ITEM-0011758,ORD-006623,302,1,45.0,15.0,45.0,15.0
ITEM-0011759,ORD-006623,102,1,49.99,18.0,49.99,18.0
ITEM-0011760,ORD-006623,306,1,32.5,10.0,32.5,10.0
ITEM-0011761,ORD-006624,303,3,24.99,7.5,74.97,22.5
ITEM-0011762,ORD-006624,203,1,120.0,42.0,120.0,42.0
ITEM-0011763,ORD-006625,303,1,24.99,7.5,24.99,7.5
ITEM-0011764,ORD-006625,502,1,22.99,5.5,22.99,5.5
ITEM-0011765,ORD-006625,301,1,289.0,130.0,289.0,130.0
ITEM-0011766,ORD-006625,401,1,26.0,6.0,26.0,6.0
ITEM-0011767,ORD-006626,305,1,59.99,20.0,59.99,20.0
ITEM-0011768,ORD-006626,102,1,49.99,18.0,49.99,18.0
ITEM-0011769,ORD-006626,204,1,24.0,6.0,24.0,6.0
ITEM-0011770,ORD-006627,405,1,18.0,4.0,18.0,4.0
ITEM-0011771,ORD-006627,505,3,75.0,24.0,225.0,72.0
ITEM-0011772,ORD-006628,405,2,18.0,4.0,36.0,8.0
ITEM-0011773,ORD-006628,206,1,45.0,11.0,45.0,11.0
ITEM-0011774,ORD-006629,405,1,18.0,4.0,18.0,4.0
ITEM-0011775,ORD-006629,402,1,34.0,8.5,34.0,8.5
ITEM-0011776,ORD-006630,205,2,54.0,16.0,108.0,32.0
ITEM-0011777,ORD-006630,102,1,49.99,18.0,49.99,18.0
ITEM-0011778,ORD-006630,105,1,39.99,12.0,39.99,12.0
ITEM-0011779,ORD-006630,303,1,24.99,7.5,24.99,7.5
ITEM-0011780,ORD-006631,102,1,49.99,18.0,49.99,18.0
ITEM-0011781,ORD-006631,204,1,24.0,6.0,24.0,6.0
ITEM-0011782,ORD-006631,504,1,16.99,4.2,16.99,4.2
ITEM-0011783,ORD-006632,303,1,24.99,7.5,24.99,7.5
ITEM-0011784,ORD-006632,501,1,42.0,13.0,42.0,13.0
ITEM-0011785,ORD-006633,201,1,28.0,8.5,28.0,8.5
ITEM-0011786,ORD-006634,105,2,39.99,12.0,79.98,24.0
ITEM-0011787,ORD-006634,403,1,22.0,5.2,22.0,5.2
ITEM-0011788,ORD-006635,105,1,39.99,12.0,39.99,12.0
ITEM-0011789,ORD-006636,403,1,22.0,5.2,22.0,5.2
ITEM-0011790,ORD-006637,301,1,289.0,130.0,289.0,130.0
ITEM-0011791,ORD-006638,202,1,68.0,22.0,68.0,22.0
ITEM-0011792,ORD-006639,503,1,48.0,15.0,48.0,15.0
ITEM-0011793,ORD-006640,108,3,29.99,9.5,89.97,28.5
ITEM-0011794,ORD-006640,106,1,179.99,70.0,179.99,70.0
ITEM-0011795,ORD-006640,401,1,26.0,6.0,26.0,6.0
ITEM-0011796,ORD-006640,202,1,68.0,22.0,68.0,22.0
ITEM-0011797,ORD-006641,303,1,24.99,7.5,24.99,7.5
ITEM-0011798,ORD-006641,205,1,54.0,16.0,54.0,16.0
ITEM-0011799,ORD-006641,304,1,39.99,14.0,39.99,14.0
ITEM-0011800,ORD-006642,105,1,39.99,12.0,39.99,12.0
ITEM-0011801,ORD-006642,503,2,48.0,15.0,96.0,30.0
ITEM-0011802,ORD-006643,404,1,64.99,21.0,64.99,21.0
ITEM-0011803,ORD-006643,107,1,59.99,22.0,59.99,22.0
ITEM-0011804,ORD-006644,302,1,45.0,15.0,45.0,15.0
ITEM-0011805,ORD-006645,402,1,34.0,8.5,34.0,8.5
ITEM-0011806,ORD-006645,206,1,45.0,11.0,45.0,11.0
ITEM-0011807,ORD-006645,301,1,289.0,130.0,289.0,130.0
ITEM-0011808,ORD-006646,306,1,32.5,10.0,32.5,10.0
ITEM-0011809,ORD-006647,303,1,24.99,7.5,24.99,7.5
ITEM-0011810,ORD-006648,102,1,49.99,18.0,49.99,18.0
ITEM-0011811,ORD-006649,301,1,289.0,130.0,289.0,130.0
ITEM-0011812,ORD-006650,104,1,349.99,175.0,349.99,175.0
ITEM-0011813,ORD-006650,103,1,89.99,36.0,89.99,36.0
ITEM-0011814,ORD-006650,402,1,34.0,8.5,34.0,8.5
ITEM-0011815,ORD-006650,206,1,45.0,11.0,45.0,11.0
ITEM-0011816,ORD-006651,205,1,54.0,16.0,54.0,16.0
ITEM-0011817,ORD-006652,203,1,120.0,42.0,120.0,42.0
ITEM-0011818,ORD-006652,106,1,179.99,70.0,179.99,70.0
ITEM-0011819,ORD-006652,403,1,22.0,5.2,22.0,5.2
ITEM-0011820,ORD-006653,108,1,29.99,9.5,29.99,9.5
ITEM-0011821,ORD-006653,402,1,34.0,8.5,34.0,8.5
ITEM-0011822,ORD-006653,206,2,45.0,11.0,90.0,22.0
ITEM-0011823,ORD-006654,108,1,29.99,9.5,29.99,9.5
ITEM-0011824,ORD-006654,105,1,39.99,12.0,39.99,12.0
ITEM-0011825,ORD-006654,402,1,34.0,8.5,34.0,8.5
ITEM-0011826,ORD-006654,104,1,349.99,175.0,349.99,175.0
ITEM-0011827,ORD-006655,204,1,24.0,6.0,24.0,6.0
ITEM-0011828,ORD-006656,102,1,49.99,18.0,49.99,18.0
ITEM-0011829,ORD-006657,302,2,45.0,15.0,90.0,30.0
ITEM-0011830,ORD-006658,103,1,89.99,36.0,89.99,36.0
ITEM-0011831,ORD-006659,401,1,26.0,6.0,26.0,6.0
ITEM-0011832,ORD-006659,504,1,16.99,4.2,16.99,4.2
ITEM-0011833,ORD-006660,402,2,34.0,8.5,68.0,17.0
ITEM-0011834,ORD-006661,204,1,24.0,6.0,24.0,6.0
ITEM-0011835,ORD-006662,503,1,48.0,15.0,48.0,15.0
ITEM-0011836,ORD-006662,103,1,89.99,36.0,89.99,36.0
ITEM-0011837,ORD-006662,206,1,45.0,11.0,45.0,11.0
ITEM-0011838,ORD-006663,302,1,45.0,15.0,45.0,15.0
ITEM-0011839,ORD-006664,303,1,24.99,7.5,24.99,7.5
ITEM-0011840,ORD-006664,307,1,29.99,8.0,29.99,8.0
ITEM-0011841,ORD-006665,403,1,22.0,5.2,22.0,5.2
ITEM-0011842,ORD-006666,405,1,18.0,4.0,18.0,4.0
ITEM-0011843,ORD-006667,201,2,28.0,8.5,56.0,17.0
ITEM-0011844,ORD-006667,202,1,68.0,22.0,68.0,22.0
ITEM-0011845,ORD-006668,307,1,29.99,8.0,29.99,8.0
ITEM-0011846,ORD-006668,107,1,59.99,22.0,59.99,22.0
ITEM-0011847,ORD-006669,103,1,89.99,36.0,89.99,36.0
ITEM-0011848,ORD-006670,502,1,22.99,5.5,22.99,5.5
ITEM-0011849,ORD-006671,403,1,22.0,5.2,22.0,5.2
ITEM-0011850,ORD-006672,301,1,289.0,130.0,289.0,130.0
ITEM-0011851,ORD-006672,302,2,45.0,15.0,90.0,30.0
ITEM-0011852,ORD-006672,303,1,24.99,7.5,24.99,7.5
ITEM-0011853,ORD-006673,204,1,24.0,6.0,24.0,6.0
ITEM-0011854,ORD-006674,202,1,68.0,22.0,68.0,22.0
ITEM-0011855,ORD-006674,104,1,349.99,175.0,349.99,175.0
ITEM-0011856,ORD-006675,306,1,32.5,10.0,32.5,10.0
ITEM-0011857,ORD-006675,302,1,45.0,15.0,45.0,15.0
ITEM-0011858,ORD-006675,204,1,24.0,6.0,24.0,6.0
ITEM-0011859,ORD-006676,206,1,45.0,11.0,45.0,11.0
ITEM-0011860,ORD-006677,404,1,64.99,21.0,64.99,21.0
ITEM-0011861,ORD-006677,402,1,34.0,8.5,34.0,8.5
ITEM-0011862,ORD-006677,502,1,22.99,5.5,22.99,5.5
ITEM-0011863,ORD-006678,205,1,54.0,16.0,54.0,16.0
ITEM-0011864,ORD-006678,305,3,59.99,20.0,179.97,60.0
ITEM-0011865,ORD-006679,303,2,24.99,7.5,49.98,15.0
ITEM-0011866,ORD-006679,104,1,349.99,175.0,349.99,175.0
ITEM-0011867,ORD-006679,403,1,22.0,5.2,22.0,5.2
ITEM-0011868,ORD-006680,301,1,289.0,130.0,289.0,130.0
ITEM-0011869,ORD-006680,505,1,75.0,24.0,75.0,24.0
ITEM-0011870,ORD-006681,108,1,29.99,9.5,29.99,9.5
ITEM-0011871,ORD-006681,201,1,28.0,8.5,28.0,8.5
ITEM-0011872,ORD-006682,105,1,39.99,12.0,39.99,12.0
ITEM-0011873,ORD-006683,403,1,22.0,5.2,22.0,5.2
ITEM-0011874,ORD-006683,201,1,28.0,8.5,28.0,8.5
ITEM-0011875,ORD-006684,203,1,120.0,42.0,120.0,42.0
ITEM-0011876,ORD-006684,404,1,64.99,21.0,64.99,21.0
ITEM-0011877,ORD-006685,401,2,26.0,6.0,52.0,12.0
ITEM-0011878,ORD-006685,402,1,34.0,8.5,34.0,8.5
ITEM-0011879,ORD-006686,202,1,68.0,22.0,68.0,22.0
ITEM-0011880,ORD-006686,301,1,289.0,130.0,289.0,130.0
ITEM-0011881,ORD-006686,107,2,59.99,22.0,119.98,44.0
ITEM-0011882,ORD-006687,504,1,16.99,4.2,16.99,4.2
ITEM-0011883,ORD-006687,201,1,28.0,8.5,28.0,8.5
ITEM-0011884,ORD-006688,503,1,48.0,15.0,48.0,15.0
ITEM-0011885,ORD-006688,103,1,89.99,36.0,89.99,36.0
ITEM-0011886,ORD-006688,205,2,54.0,16.0,108.0,32.0
ITEM-0011887,ORD-006689,102,1,49.99,18.0,49.99,18.0
ITEM-0011888,ORD-006689,105,1,39.99,12.0,39.99,12.0
ITEM-0011889,ORD-006689,505,1,75.0,24.0,75.0,24.0
ITEM-0011890,ORD-006689,104,1,349.99,175.0,349.99,175.0
ITEM-0011891,ORD-006690,404,1,64.99,21.0,64.99,21.0
ITEM-0011892,ORD-006690,106,1,179.99,70.0,179.99,70.0
ITEM-0011893,ORD-006691,307,1,29.99,8.0,29.99,8.0
ITEM-0011894,ORD-006692,204,1,24.0,6.0,24.0,6.0
ITEM-0011895,ORD-006693,303,1,24.99,7.5,24.99,7.5
ITEM-0011896,ORD-006693,204,1,24.0,6.0,24.0,6.0
ITEM-0011897,ORD-006694,502,1,22.99,5.5,22.99,5.5
ITEM-0011898,ORD-006694,503,1,48.0,15.0,48.0,15.0
ITEM-0011899,ORD-006694,505,1,75.0,24.0,75.0,24.0
ITEM-0011900,ORD-006695,502,1,22.99,5.5,22.99,5.5
ITEM-0011901,ORD-006696,203,1,120.0,42.0,120.0,42.0
ITEM-0011902,ORD-006696,501,2,42.0,13.0,84.0,26.0
ITEM-0011903,ORD-006696,205,1,54.0,16.0,54.0,16.0
ITEM-0011904,ORD-006697,106,1,179.99,70.0,179.99,70.0
ITEM-0011905,ORD-006697,404,1,64.99,21.0,64.99,21.0
ITEM-0011906,ORD-006697,302,1,45.0,15.0,45.0,15.0
ITEM-0011907,ORD-006698,503,1,48.0,15.0,48.0,15.0
ITEM-0011908,ORD-006699,301,1,289.0,130.0,289.0,130.0
ITEM-0011909,ORD-006699,303,1,24.99,7.5,24.99,7.5
ITEM-0011910,ORD-006699,202,1,68.0,22.0,68.0,22.0
ITEM-0011911,ORD-006700,304,1,39.99,14.0,39.99,14.0
ITEM-0011912,ORD-006701,203,1,120.0,42.0,120.0,42.0
ITEM-0011913,ORD-006701,305,1,59.99,20.0,59.99,20.0
ITEM-0011914,ORD-006702,103,1,89.99,36.0,89.99,36.0
ITEM-0011915,ORD-006702,106,1,179.99,70.0,179.99,70.0
ITEM-0011916,ORD-006703,305,1,59.99,20.0,59.99,20.0
ITEM-0011917,ORD-006704,201,3,28.0,8.5,84.0,25.5
ITEM-0011918,ORD-006705,306,1,32.5,10.0,32.5,10.0
ITEM-0011919,ORD-006706,301,1,289.0,130.0,289.0,130.0
ITEM-0011920,ORD-006706,303,1,24.99,7.5,24.99,7.5
ITEM-0011921,ORD-006707,105,1,39.99,12.0,39.99,12.0
ITEM-0011922,ORD-006707,304,1,39.99,14.0,39.99,14.0
ITEM-0011923,ORD-006708,107,1,59.99,22.0,59.99,22.0
ITEM-0011924,ORD-006709,202,1,68.0,22.0,68.0,22.0
ITEM-0011925,ORD-006710,305,1,59.99,20.0,59.99,20.0
ITEM-0011926,ORD-006710,201,1,28.0,8.5,28.0,8.5
ITEM-0011927,ORD-006711,307,1,29.99,8.0,29.99,8.0
ITEM-0011928,ORD-006712,304,2,39.99,14.0,79.98,28.0
ITEM-0011929,ORD-006713,404,1,64.99,21.0,64.99,21.0
ITEM-0011930,ORD-006714,202,1,68.0,22.0,68.0,22.0
ITEM-0011931,ORD-006714,301,1,289.0,130.0,289.0,130.0
ITEM-0011932,ORD-006715,202,1,68.0,22.0,68.0,22.0
ITEM-0011933,ORD-006716,301,1,289.0,130.0,289.0,130.0
ITEM-0011934,ORD-006716,302,1,45.0,15.0,45.0,15.0
ITEM-0011935,ORD-006717,503,2,48.0,15.0,96.0,30.0
ITEM-0011936,ORD-006718,502,2,22.99,5.5,45.98,11.0
ITEM-0011937,ORD-006719,302,1,45.0,15.0,45.0,15.0
ITEM-0011938,ORD-006719,303,1,24.99,7.5,24.99,7.5
ITEM-0011939,ORD-006720,304,1,39.99,14.0,39.99,14.0
ITEM-0011940,ORD-006720,101,2,199.99,85.0,399.98,170.0
ITEM-0011941,ORD-006721,403,1,22.0,5.2,22.0,5.2
ITEM-0011942,ORD-006722,106,1,179.99,70.0,179.99,70.0
ITEM-0011943,ORD-006722,302,1,45.0,15.0,45.0,15.0
ITEM-0011944,ORD-006723,501,1,42.0,13.0,42.0,13.0
ITEM-0011945,ORD-006723,307,1,29.99,8.0,29.99,8.0
ITEM-0011946,ORD-006724,104,1,349.99,175.0,349.99,175.0
ITEM-0011947,ORD-006724,105,1,39.99,12.0,39.99,12.0
ITEM-0011948,ORD-006725,204,1,24.0,6.0,24.0,6.0
ITEM-0011949,ORD-006726,302,1,45.0,15.0,45.0,15.0
ITEM-0011950,ORD-006726,107,1,59.99,22.0,59.99,22.0
ITEM-0011951,ORD-006727,304,1,39.99,14.0,39.99,14.0
ITEM-0011952,ORD-006728,502,1,22.99,5.5,22.99,5.5
ITEM-0011953,ORD-006728,105,1,39.99,12.0,39.99,12.0
ITEM-0011954,ORD-006728,306,1,32.5,10.0,32.5,10.0
ITEM-0011955,ORD-006729,305,1,59.99,20.0,59.99,20.0
ITEM-0011956,ORD-006729,101,1,199.99,85.0,199.99,85.0
ITEM-0011957,ORD-006730,202,1,68.0,22.0,68.0,22.0
ITEM-0011958,ORD-006730,205,1,54.0,16.0,54.0,16.0
ITEM-0011959,ORD-006731,106,1,179.99,70.0,179.99,70.0
ITEM-0011960,ORD-006731,206,1,45.0,11.0,45.0,11.0
ITEM-0011961,ORD-006731,105,2,39.99,12.0,79.98,24.0
ITEM-0011962,ORD-006732,102,1,49.99,18.0,49.99,18.0
ITEM-0011963,ORD-006732,202,1,68.0,22.0,68.0,22.0
ITEM-0011964,ORD-006733,504,1,16.99,4.2,16.99,4.2
ITEM-0011965,ORD-006734,306,1,32.5,10.0,32.5,10.0
ITEM-0011966,ORD-006734,205,1,54.0,16.0,54.0,16.0
ITEM-0011967,ORD-006735,203,1,120.0,42.0,120.0,42.0
ITEM-0011968,ORD-006736,306,1,32.5,10.0,32.5,10.0
ITEM-0011969,ORD-006736,206,1,45.0,11.0,45.0,11.0
ITEM-0011970,ORD-006737,303,1,24.99,7.5,24.99,7.5
ITEM-0011971,ORD-006738,307,1,29.99,8.0,29.99,8.0
ITEM-0011972,ORD-006739,107,1,59.99,22.0,59.99,22.0
ITEM-0011973,ORD-006740,307,1,29.99,8.0,29.99,8.0
ITEM-0011974,ORD-006740,105,1,39.99,12.0,39.99,12.0
ITEM-0011975,ORD-006741,204,1,24.0,6.0,24.0,6.0
ITEM-0011976,ORD-006741,108,1,29.99,9.5,29.99,9.5
ITEM-0011977,ORD-006741,501,1,42.0,13.0,42.0,13.0
ITEM-0011978,ORD-006742,201,1,28.0,8.5,28.0,8.5
ITEM-0011979,ORD-006743,201,1,28.0,8.5,28.0,8.5
ITEM-0011980,ORD-006743,306,1,32.5,10.0,32.5,10.0
ITEM-0011981,ORD-006744,106,1,179.99,70.0,179.99,70.0
ITEM-0011982,ORD-006745,103,1,89.99,36.0,89.99,36.0
ITEM-0011983,ORD-006746,201,1,28.0,8.5,28.0,8.5
ITEM-0011984,ORD-006746,403,1,22.0,5.2,22.0,5.2
ITEM-0011985,ORD-006747,302,2,45.0,15.0,90.0,30.0
ITEM-0011986,ORD-006748,503,1,48.0,15.0,48.0,15.0
ITEM-0011987,ORD-006749,103,1,89.99,36.0,89.99,36.0
ITEM-0011988,ORD-006749,307,1,29.99,8.0,29.99,8.0
ITEM-0011989,ORD-006750,107,1,59.99,22.0,59.99,22.0
ITEM-0011990,ORD-006751,504,2,16.99,4.2,33.98,8.4
ITEM-0011991,ORD-006752,405,2,18.0,4.0,36.0,8.0
ITEM-0011992,ORD-006752,303,1,24.99,7.5,24.99,7.5
ITEM-0011993,ORD-006753,502,2,22.99,5.5,45.98,11.0
ITEM-0011994,ORD-006754,303,1,24.99,7.5,24.99,7.5
ITEM-0011995,ORD-006754,505,1,75.0,24.0,75.0,24.0
ITEM-0011996,ORD-006754,501,1,42.0,13.0,42.0,13.0
ITEM-0011997,ORD-006754,106,2,179.99,70.0,359.98,140.0
ITEM-0011998,ORD-006755,306,1,32.5,10.0,32.5,10.0
ITEM-0011999,ORD-006755,502,1,22.99,5.5,22.99,5.5
ITEM-0012000,ORD-006756,206,1,45.0,11.0,45.0,11.0
ITEM-0012001,ORD-006757,401,1,26.0,6.0,26.0,6.0
ITEM-0012002,ORD-006758,205,1,54.0,16.0,54.0,16.0
ITEM-0012003,ORD-006758,302,1,45.0,15.0,45.0,15.0
ITEM-0012004,ORD-006758,304,1,39.99,14.0,39.99,14.0
ITEM-0012005,ORD-006758,504,1,16.99,4.2,16.99,4.2
ITEM-0012006,ORD-006759,303,1,24.99,7.5,24.99,7.5
ITEM-0012007,ORD-006760,404,2,64.99,21.0,129.98,42.0
ITEM-0012008,ORD-006760,102,1,49.99,18.0,49.99,18.0
ITEM-0012009,ORD-006761,103,1,89.99,36.0,89.99,36.0
ITEM-0012010,ORD-006762,404,2,64.99,21.0,129.98,42.0
ITEM-0012011,ORD-006763,103,2,89.99,36.0,179.98,72.0
ITEM-0012012,ORD-006764,503,1,48.0,15.0,48.0,15.0
ITEM-0012013,ORD-006764,202,1,68.0,22.0,68.0,22.0
ITEM-0012014,ORD-006765,306,1,32.5,10.0,32.5,10.0
ITEM-0012015,ORD-006766,105,3,39.99,12.0,119.97,36.0
ITEM-0012016,ORD-006767,403,1,22.0,5.2,22.0,5.2
ITEM-0012017,ORD-006768,401,1,26.0,6.0,26.0,6.0
ITEM-0012018,ORD-006768,402,1,34.0,8.5,34.0,8.5
ITEM-0012019,ORD-006769,301,1,289.0,130.0,289.0,130.0
ITEM-0012020,ORD-006770,402,1,34.0,8.5,34.0,8.5
ITEM-0012021,ORD-006770,501,2,42.0,13.0,84.0,26.0
ITEM-0012022,ORD-006771,108,1,29.99,9.5,29.99,9.5
ITEM-0012023,ORD-006772,305,1,59.99,20.0,59.99,20.0
ITEM-0012024,ORD-006773,505,1,75.0,24.0,75.0,24.0
ITEM-0012025,ORD-006773,404,1,64.99,21.0,64.99,21.0
ITEM-0012026,ORD-006773,202,2,68.0,22.0,136.0,44.0
ITEM-0012027,ORD-006774,307,1,29.99,8.0,29.99,8.0
ITEM-0012028,ORD-006774,303,1,24.99,7.5,24.99,7.5
ITEM-0012029,ORD-006774,101,1,199.99,85.0,199.99,85.0
ITEM-0012030,ORD-006774,305,1,59.99,20.0,59.99,20.0
ITEM-0012031,ORD-006775,304,1,39.99,14.0,39.99,14.0
ITEM-0012032,ORD-006775,201,1,28.0,8.5,28.0,8.5
ITEM-0012033,ORD-006775,107,1,59.99,22.0,59.99,22.0
ITEM-0012034,ORD-006776,104,1,349.99,175.0,349.99,175.0
ITEM-0012035,ORD-006776,102,1,49.99,18.0,49.99,18.0
ITEM-0012036,ORD-006777,205,1,54.0,16.0,54.0,16.0
ITEM-0012037,ORD-006778,401,1,26.0,6.0,26.0,6.0
ITEM-0012038,ORD-006778,402,1,34.0,8.5,34.0,8.5
ITEM-0012039,ORD-006779,202,1,68.0,22.0,68.0,22.0
ITEM-0012040,ORD-006780,402,1,34.0,8.5,34.0,8.5
ITEM-0012041,ORD-006780,105,1,39.99,12.0,39.99,12.0
ITEM-0012042,ORD-006780,202,1,68.0,22.0,68.0,22.0
ITEM-0012043,ORD-006781,202,1,68.0,22.0,68.0,22.0
ITEM-0012044,ORD-006781,504,1,16.99,4.2,16.99,4.2
ITEM-0012045,ORD-006782,105,1,39.99,12.0,39.99,12.0
ITEM-0012046,ORD-006782,502,1,22.99,5.5,22.99,5.5
ITEM-0012047,ORD-006782,104,1,349.99,175.0,349.99,175.0
ITEM-0012048,ORD-006783,101,1,199.99,85.0,199.99,85.0
ITEM-0012049,ORD-006783,108,1,29.99,9.5,29.99,9.5
ITEM-0012050,ORD-006784,102,1,49.99,18.0,49.99,18.0
ITEM-0012051,ORD-006785,205,1,54.0,16.0,54.0,16.0
ITEM-0012052,ORD-006785,306,1,32.5,10.0,32.5,10.0
ITEM-0012053,ORD-006786,104,1,349.99,175.0,349.99,175.0
ITEM-0012054,ORD-006787,101,1,199.99,85.0,199.99,85.0
ITEM-0012055,ORD-006788,102,1,49.99,18.0,49.99,18.0
ITEM-0012056,ORD-006788,306,1,32.5,10.0,32.5,10.0
ITEM-0012057,ORD-006789,505,1,75.0,24.0,75.0,24.0
ITEM-0012058,ORD-006789,203,1,120.0,42.0,120.0,42.0
ITEM-0012059,ORD-006790,502,3,22.99,5.5,68.97,16.5
ITEM-0012060,ORD-006790,108,1,29.99,9.5,29.99,9.5
ITEM-0012061,ORD-006790,306,1,32.5,10.0,32.5,10.0
ITEM-0012062,ORD-006791,302,1,45.0,15.0,45.0,15.0
ITEM-0012063,ORD-006792,402,1,34.0,8.5,34.0,8.5
ITEM-0012064,ORD-006793,201,1,28.0,8.5,28.0,8.5
ITEM-0012065,ORD-006793,108,1,29.99,9.5,29.99,9.5
ITEM-0012066,ORD-006793,404,1,64.99,21.0,64.99,21.0
ITEM-0012067,ORD-006794,402,1,34.0,8.5,34.0,8.5
ITEM-0012068,ORD-006795,108,1,29.99,9.5,29.99,9.5
ITEM-0012069,ORD-006795,504,1,16.99,4.2,16.99,4.2
ITEM-0012070,ORD-006795,301,1,289.0,130.0,289.0,130.0
ITEM-0012071,ORD-006796,404,1,64.99,21.0,64.99,21.0
ITEM-0012072,ORD-006796,503,1,48.0,15.0,48.0,15.0
ITEM-0012073,ORD-006797,304,1,39.99,14.0,39.99,14.0
ITEM-0012074,ORD-006798,306,3,32.5,10.0,97.5,30.0
ITEM-0012075,ORD-006799,405,1,18.0,4.0,18.0,4.0
ITEM-0012076,ORD-006799,305,1,59.99,20.0,59.99,20.0
ITEM-0012077,ORD-006800,104,2,349.99,175.0,699.98,350.0
ITEM-0012078,ORD-006800,102,1,49.99,18.0,49.99,18.0
ITEM-0012079,ORD-006801,302,1,45.0,15.0,45.0,15.0
ITEM-0012080,ORD-006801,504,3,16.99,4.2,50.97,12.6
ITEM-0012081,ORD-006802,401,1,26.0,6.0,26.0,6.0
ITEM-0012082,ORD-006802,403,1,22.0,5.2,22.0,5.2
ITEM-0012083,ORD-006803,502,1,22.99,5.5,22.99,5.5
ITEM-0012084,ORD-006804,303,1,24.99,7.5,24.99,7.5
ITEM-0012085,ORD-006805,203,1,120.0,42.0,120.0,42.0
ITEM-0012086,ORD-006806,502,1,22.99,5.5,22.99,5.5
ITEM-0012087,ORD-006806,205,1,54.0,16.0,54.0,16.0
ITEM-0012088,ORD-006806,504,2,16.99,4.2,33.98,8.4
ITEM-0012089,ORD-006807,104,1,349.99,175.0,349.99,175.0
ITEM-0012090,ORD-006807,102,1,49.99,18.0,49.99,18.0
ITEM-0012091,ORD-006807,103,1,89.99,36.0,89.99,36.0
ITEM-0012092,ORD-006808,108,1,29.99,9.5,29.99,9.5
ITEM-0012093,ORD-006809,105,1,39.99,12.0,39.99,12.0
ITEM-0012094,ORD-006810,203,2,120.0,42.0,240.0,84.0
ITEM-0012095,ORD-006810,505,1,75.0,24.0,75.0,24.0
ITEM-0012096,ORD-006810,301,1,289.0,130.0,289.0,130.0
ITEM-0012097,ORD-006810,103,1,89.99,36.0,89.99,36.0
ITEM-0012098,ORD-006811,107,1,59.99,22.0,59.99,22.0
ITEM-0012099,ORD-006811,404,1,64.99,21.0,64.99,21.0
ITEM-0012100,ORD-006811,307,1,29.99,8.0,29.99,8.0
ITEM-0012101,ORD-006812,403,1,22.0,5.2,22.0,5.2
ITEM-0012102,ORD-006813,202,1,68.0,22.0,68.0,22.0
ITEM-0012103,ORD-006813,201,1,28.0,8.5,28.0,8.5
ITEM-0012104,ORD-006814,405,1,18.0,4.0,18.0,4.0
ITEM-0012105,ORD-006814,104,1,349.99,175.0,349.99,175.0
ITEM-0012106,ORD-006815,404,1,64.99,21.0,64.99,21.0
ITEM-0012107,ORD-006815,103,2,89.99,36.0,179.98,72.0
ITEM-0012108,ORD-006816,206,2,45.0,11.0,90.0,22.0
ITEM-0012109,ORD-006817,505,2,75.0,24.0,150.0,48.0
ITEM-0012110,ORD-006817,305,1,59.99,20.0,59.99,20.0
ITEM-0012111,ORD-006817,201,1,28.0,8.5,28.0,8.5
ITEM-0012112,ORD-006818,201,1,28.0,8.5,28.0,8.5
ITEM-0012113,ORD-006819,402,1,34.0,8.5,34.0,8.5
ITEM-0012114,ORD-006819,404,1,64.99,21.0,64.99,21.0
ITEM-0012115,ORD-006820,106,1,179.99,70.0,179.99,70.0
ITEM-0012116,ORD-006820,203,1,120.0,42.0,120.0,42.0
ITEM-0012117,ORD-006821,503,1,48.0,15.0,48.0,15.0
ITEM-0012118,ORD-006821,206,1,45.0,11.0,45.0,11.0
ITEM-0012119,ORD-006822,305,1,59.99,20.0,59.99,20.0
ITEM-0012120,ORD-006822,302,1,45.0,15.0,45.0,15.0
ITEM-0012121,ORD-006823,404,1,64.99,21.0,64.99,21.0
ITEM-0012122,ORD-006824,307,1,29.99,8.0,29.99,8.0
ITEM-0012123,ORD-006825,102,2,49.99,18.0,99.98,36.0
ITEM-0012124,ORD-006825,405,1,18.0,4.0,18.0,4.0
ITEM-0012125,ORD-006826,305,1,59.99,20.0,59.99,20.0
ITEM-0012126,ORD-006827,102,2,49.99,18.0,99.98,36.0
ITEM-0012127,ORD-006828,505,1,75.0,24.0,75.0,24.0
ITEM-0012128,ORD-006828,202,1,68.0,22.0,68.0,22.0
ITEM-0012129,ORD-006829,306,1,32.5,10.0,32.5,10.0
ITEM-0012130,ORD-006830,305,1,59.99,20.0,59.99,20.0
ITEM-0012131,ORD-006830,206,1,45.0,11.0,45.0,11.0
ITEM-0012132,ORD-006831,307,2,29.99,8.0,59.98,16.0
ITEM-0012133,ORD-006831,504,1,16.99,4.2,16.99,4.2
ITEM-0012134,ORD-006832,104,1,349.99,175.0,349.99,175.0
ITEM-0012135,ORD-006832,102,2,49.99,18.0,99.98,36.0
ITEM-0012136,ORD-006832,103,1,89.99,36.0,89.99,36.0
ITEM-0012137,ORD-006833,404,1,64.99,21.0,64.99,21.0
ITEM-0012138,ORD-006833,201,1,28.0,8.5,28.0,8.5
ITEM-0012139,ORD-006833,301,1,289.0,130.0,289.0,130.0
ITEM-0012140,ORD-006833,204,1,24.0,6.0,24.0,6.0
ITEM-0012141,ORD-006834,504,1,16.99,4.2,16.99,4.2
ITEM-0012142,ORD-006834,401,3,26.0,6.0,78.0,18.0
ITEM-0012143,ORD-006835,302,1,45.0,15.0,45.0,15.0
ITEM-0012144,ORD-006836,302,1,45.0,15.0,45.0,15.0
ITEM-0012145,ORD-006836,405,1,18.0,4.0,18.0,4.0
ITEM-0012146,ORD-006837,502,1,22.99,5.5,22.99,5.5
ITEM-0012147,ORD-006837,306,1,32.5,10.0,32.5,10.0
ITEM-0012148,ORD-006837,307,2,29.99,8.0,59.98,16.0
ITEM-0012149,ORD-006838,201,1,28.0,8.5,28.0,8.5
ITEM-0012150,ORD-006839,104,1,349.99,175.0,349.99,175.0
ITEM-0012151,ORD-006839,102,1,49.99,18.0,49.99,18.0
ITEM-0012152,ORD-006840,404,1,64.99,21.0,64.99,21.0
ITEM-0012153,ORD-006840,105,1,39.99,12.0,39.99,12.0
ITEM-0012154,ORD-006841,402,1,34.0,8.5,34.0,8.5
ITEM-0012155,ORD-006842,401,2,26.0,6.0,52.0,12.0
ITEM-0012156,ORD-006842,301,1,289.0,130.0,289.0,130.0
ITEM-0012157,ORD-006842,201,1,28.0,8.5,28.0,8.5
ITEM-0012158,ORD-006842,504,1,16.99,4.2,16.99,4.2
ITEM-0012159,ORD-006843,202,2,68.0,22.0,136.0,44.0
ITEM-0012160,ORD-006844,303,1,24.99,7.5,24.99,7.5
ITEM-0012161,ORD-006844,201,2,28.0,8.5,56.0,17.0
ITEM-0012162,ORD-006844,505,1,75.0,24.0,75.0,24.0
ITEM-0012163,ORD-006845,105,1,39.99,12.0,39.99,12.0
ITEM-0012164,ORD-006846,107,1,59.99,22.0,59.99,22.0
ITEM-0012165,ORD-006846,502,1,22.99,5.5,22.99,5.5
ITEM-0012166,ORD-006846,307,1,29.99,8.0,29.99,8.0
ITEM-0012167,ORD-006847,106,1,179.99,70.0,179.99,70.0
ITEM-0012168,ORD-006848,103,2,89.99,36.0,179.98,72.0
ITEM-0012169,ORD-006849,108,1,29.99,9.5,29.99,9.5
ITEM-0012170,ORD-006850,105,2,39.99,12.0,79.98,24.0
ITEM-0012171,ORD-006851,505,1,75.0,24.0,75.0,24.0
ITEM-0012172,ORD-006851,102,1,49.99,18.0,49.99,18.0
ITEM-0012173,ORD-006852,401,1,26.0,6.0,26.0,6.0
ITEM-0012174,ORD-006852,402,1,34.0,8.5,34.0,8.5
ITEM-0012175,ORD-006853,201,1,28.0,8.5,28.0,8.5
ITEM-0012176,ORD-006853,205,1,54.0,16.0,54.0,16.0
ITEM-0012177,ORD-006853,401,1,26.0,6.0,26.0,6.0
ITEM-0012178,ORD-006853,204,1,24.0,6.0,24.0,6.0
ITEM-0012179,ORD-006854,107,1,59.99,22.0,59.99,22.0
ITEM-0012180,ORD-006855,201,1,28.0,8.5,28.0,8.5
ITEM-0012181,ORD-006855,204,1,24.0,6.0,24.0,6.0
ITEM-0012182,ORD-006856,102,1,49.99,18.0,49.99,18.0
ITEM-0012183,ORD-006856,306,1,32.5,10.0,32.5,10.0
ITEM-0012184,ORD-006857,304,1,39.99,14.0,39.99,14.0
ITEM-0012185,ORD-006857,307,2,29.99,8.0,59.98,16.0
ITEM-0012186,ORD-006858,303,2,24.99,7.5,49.98,15.0
ITEM-0012187,ORD-006859,502,1,22.99,5.5,22.99,5.5
ITEM-0012188,ORD-006859,307,1,29.99,8.0,29.99,8.0
ITEM-0012189,ORD-006859,103,1,89.99,36.0,89.99,36.0
ITEM-0012190,ORD-006860,203,1,120.0,42.0,120.0,42.0
ITEM-0012191,ORD-006861,505,1,75.0,24.0,75.0,24.0
ITEM-0012192,ORD-006861,202,1,68.0,22.0,68.0,22.0
ITEM-0012193,ORD-006862,201,1,28.0,8.5,28.0,8.5
ITEM-0012194,ORD-006862,307,2,29.99,8.0,59.98,16.0
ITEM-0012195,ORD-006862,404,2,64.99,21.0,129.98,42.0
ITEM-0012196,ORD-006863,505,1,75.0,24.0,75.0,24.0
ITEM-0012197,ORD-006864,302,2,45.0,15.0,90.0,30.0
ITEM-0012198,ORD-006865,202,1,68.0,22.0,68.0,22.0
ITEM-0012199,ORD-006865,502,1,22.99,5.5,22.99,5.5
ITEM-0012200,ORD-006865,204,1,24.0,6.0,24.0,6.0
ITEM-0012201,ORD-006866,307,1,29.99,8.0,29.99,8.0
ITEM-0012202,ORD-006866,306,1,32.5,10.0,32.5,10.0
ITEM-0012203,ORD-006866,201,1,28.0,8.5,28.0,8.5
ITEM-0012204,ORD-006867,405,2,18.0,4.0,36.0,8.0
ITEM-0012205,ORD-006867,404,1,64.99,21.0,64.99,21.0
ITEM-0012206,ORD-006868,102,1,49.99,18.0,49.99,18.0
ITEM-0012207,ORD-006868,302,1,45.0,15.0,45.0,15.0
ITEM-0012208,ORD-006869,304,2,39.99,14.0,79.98,28.0
ITEM-0012209,ORD-006869,305,1,59.99,20.0,59.99,20.0
ITEM-0012210,ORD-006870,301,1,289.0,130.0,289.0,130.0
ITEM-0012211,ORD-006870,205,1,54.0,16.0,54.0,16.0
ITEM-0012212,ORD-006871,305,1,59.99,20.0,59.99,20.0
ITEM-0012213,ORD-006872,102,1,49.99,18.0,49.99,18.0
ITEM-0012214,ORD-006873,305,1,59.99,20.0,59.99,20.0
ITEM-0012215,ORD-006873,205,1,54.0,16.0,54.0,16.0
ITEM-0012216,ORD-006874,206,1,45.0,11.0,45.0,11.0
ITEM-0012217,ORD-006874,302,1,45.0,15.0,45.0,15.0
ITEM-0012218,ORD-006874,404,1,64.99,21.0,64.99,21.0
ITEM-0012219,ORD-006874,305,1,59.99,20.0,59.99,20.0
ITEM-0012220,ORD-006875,205,3,54.0,16.0,162.0,48.0
ITEM-0012221,ORD-006875,502,1,22.99,5.5,22.99,5.5
ITEM-0012222,ORD-006875,404,2,64.99,21.0,129.98,42.0
ITEM-0012223,ORD-006876,302,1,45.0,15.0,45.0,15.0
ITEM-0012224,ORD-006876,301,1,289.0,130.0,289.0,130.0
ITEM-0012225,ORD-006877,203,2,120.0,42.0,240.0,84.0
ITEM-0012226,ORD-006877,505,1,75.0,24.0,75.0,24.0
ITEM-0012227,ORD-006878,204,1,24.0,6.0,24.0,6.0
ITEM-0012228,ORD-006879,102,1,49.99,18.0,49.99,18.0
ITEM-0012229,ORD-006880,202,1,68.0,22.0,68.0,22.0
ITEM-0012230,ORD-006881,204,1,24.0,6.0,24.0,6.0
ITEM-0012231,ORD-006881,306,1,32.5,10.0,32.5,10.0
ITEM-0012232,ORD-006881,206,1,45.0,11.0,45.0,11.0
ITEM-0012233,ORD-006881,302,1,45.0,15.0,45.0,15.0
ITEM-0012234,ORD-006882,301,2,289.0,130.0,578.0,260.0
ITEM-0012235,ORD-006883,204,1,24.0,6.0,24.0,6.0
ITEM-0012236,ORD-006884,305,1,59.99,20.0,59.99,20.0
ITEM-0012237,ORD-006885,504,2,16.99,4.2,33.98,8.4
ITEM-0012238,ORD-006885,304,1,39.99,14.0,39.99,14.0
ITEM-0012239,ORD-006886,404,1,64.99,21.0,64.99,21.0
ITEM-0012240,ORD-006887,401,1,26.0,6.0,26.0,6.0
ITEM-0012241,ORD-006888,206,1,45.0,11.0,45.0,11.0
ITEM-0012242,ORD-006888,106,1,179.99,70.0,179.99,70.0
ITEM-0012243,ORD-006888,403,2,22.0,5.2,44.0,10.4
ITEM-0012244,ORD-006888,306,1,32.5,10.0,32.5,10.0
ITEM-0012245,ORD-006889,201,2,28.0,8.5,56.0,17.0
ITEM-0012246,ORD-006890,505,1,75.0,24.0,75.0,24.0
ITEM-0012247,ORD-006891,505,1,75.0,24.0,75.0,24.0
ITEM-0012248,ORD-006891,206,1,45.0,11.0,45.0,11.0
ITEM-0012249,ORD-006891,104,1,349.99,175.0,349.99,175.0
ITEM-0012250,ORD-006892,101,2,199.99,85.0,399.98,170.0
ITEM-0012251,ORD-006893,403,1,22.0,5.2,22.0,5.2
ITEM-0012252,ORD-006893,303,2,24.99,7.5,49.98,15.0
ITEM-0012253,ORD-006893,302,1,45.0,15.0,45.0,15.0
ITEM-0012254,ORD-006894,405,1,18.0,4.0,18.0,4.0
ITEM-0012255,ORD-006895,502,1,22.99,5.5,22.99,5.5
ITEM-0012256,ORD-006895,203,1,120.0,42.0,120.0,42.0
ITEM-0012257,ORD-006895,401,1,26.0,6.0,26.0,6.0
ITEM-0012258,ORD-006895,503,1,48.0,15.0,48.0,15.0
ITEM-0012259,ORD-006896,305,2,59.99,20.0,119.98,40.0
ITEM-0012260,ORD-006897,403,1,22.0,5.2,22.0,5.2
ITEM-0012261,ORD-006897,305,1,59.99,20.0,59.99,20.0
ITEM-0012262,ORD-006897,504,2,16.99,4.2,33.98,8.4
ITEM-0012263,ORD-006897,503,1,48.0,15.0,48.0,15.0
ITEM-0012264,ORD-006898,203,1,120.0,42.0,120.0,42.0
ITEM-0012265,ORD-006899,103,1,89.99,36.0,89.99,36.0
ITEM-0012266,ORD-006900,104,1,349.99,175.0,349.99,175.0
ITEM-0012267,ORD-006901,302,1,45.0,15.0,45.0,15.0
ITEM-0012268,ORD-006902,305,1,59.99,20.0,59.99,20.0
ITEM-0012269,ORD-006903,105,1,39.99,12.0,39.99,12.0
ITEM-0012270,ORD-006904,106,1,179.99,70.0,179.99,70.0
ITEM-0012271,ORD-006904,103,1,89.99,36.0,89.99,36.0
ITEM-0012272,ORD-006905,303,1,24.99,7.5,24.99,7.5
ITEM-0012273,ORD-006905,504,1,16.99,4.2,16.99,4.2
ITEM-0012274,ORD-006906,304,1,39.99,14.0,39.99,14.0
ITEM-0012275,ORD-006906,108,1,29.99,9.5,29.99,9.5
ITEM-0012276,ORD-006907,103,1,89.99,36.0,89.99,36.0
ITEM-0012277,ORD-006907,301,1,289.0,130.0,289.0,130.0
ITEM-0012278,ORD-006908,505,2,75.0,24.0,150.0,48.0
ITEM-0012279,ORD-006908,306,1,32.5,10.0,32.5,10.0
ITEM-0012280,ORD-006909,402,1,34.0,8.5,34.0,8.5
ITEM-0012281,ORD-006909,302,1,45.0,15.0,45.0,15.0
ITEM-0012282,ORD-006909,205,1,54.0,16.0,54.0,16.0
ITEM-0012283,ORD-006910,503,1,48.0,15.0,48.0,15.0
ITEM-0012284,ORD-006910,108,1,29.99,9.5,29.99,9.5
ITEM-0012285,ORD-006911,401,2,26.0,6.0,52.0,12.0
ITEM-0012286,ORD-006912,307,1,29.99,8.0,29.99,8.0
ITEM-0012287,ORD-006913,504,1,16.99,4.2,16.99,4.2
ITEM-0012288,ORD-006914,106,1,179.99,70.0,179.99,70.0
ITEM-0012289,ORD-006914,204,1,24.0,6.0,24.0,6.0
ITEM-0012290,ORD-006914,301,3,289.0,130.0,867.0,390.0
ITEM-0012291,ORD-006915,203,1,120.0,42.0,120.0,42.0
ITEM-0012292,ORD-006915,402,1,34.0,8.5,34.0,8.5
ITEM-0012293,ORD-006916,307,1,29.99,8.0,29.99,8.0
ITEM-0012294,ORD-006917,108,1,29.99,9.5,29.99,9.5
ITEM-0012295,ORD-006917,501,2,42.0,13.0,84.0,26.0
ITEM-0012296,ORD-006918,401,1,26.0,6.0,26.0,6.0
ITEM-0012297,ORD-006918,205,1,54.0,16.0,54.0,16.0
ITEM-0012298,ORD-006919,303,2,24.99,7.5,49.98,15.0
ITEM-0012299,ORD-006919,304,1,39.99,14.0,39.99,14.0
ITEM-0012300,ORD-006920,202,1,68.0,22.0,68.0,22.0
ITEM-0012301,ORD-006920,401,1,26.0,6.0,26.0,6.0
ITEM-0012302,ORD-006921,105,1,39.99,12.0,39.99,12.0
ITEM-0012303,ORD-006921,104,1,349.99,175.0,349.99,175.0
ITEM-0012304,ORD-006921,305,1,59.99,20.0,59.99,20.0
ITEM-0012305,ORD-006922,402,1,34.0,8.5,34.0,8.5
ITEM-0012306,ORD-006922,104,1,349.99,175.0,349.99,175.0
ITEM-0012307,ORD-006922,206,1,45.0,11.0,45.0,11.0
ITEM-0012308,ORD-006923,203,2,120.0,42.0,240.0,84.0
ITEM-0012309,ORD-006923,106,1,179.99,70.0,179.99,70.0
ITEM-0012310,ORD-006923,505,1,75.0,24.0,75.0,24.0
ITEM-0012311,ORD-006923,202,1,68.0,22.0,68.0,22.0
ITEM-0012312,ORD-006924,402,1,34.0,8.5,34.0,8.5
ITEM-0012313,ORD-006924,202,1,68.0,22.0,68.0,22.0
ITEM-0012314,ORD-006925,203,1,120.0,42.0,120.0,42.0
ITEM-0012315,ORD-006926,105,1,39.99,12.0,39.99,12.0
ITEM-0012316,ORD-006927,502,1,22.99,5.5,22.99,5.5
ITEM-0012317,ORD-006928,501,1,42.0,13.0,42.0,13.0
ITEM-0012318,ORD-006929,203,1,120.0,42.0,120.0,42.0
ITEM-0012319,ORD-006929,201,1,28.0,8.5,28.0,8.5
ITEM-0012320,ORD-006929,202,1,68.0,22.0,68.0,22.0
ITEM-0012321,ORD-006930,107,1,59.99,22.0,59.99,22.0
ITEM-0012322,ORD-006931,404,1,64.99,21.0,64.99,21.0
ITEM-0012323,ORD-006932,405,1,18.0,4.0,18.0,4.0
ITEM-0012324,ORD-006932,402,1,34.0,8.5,34.0,8.5
ITEM-0012325,ORD-006933,106,2,179.99,70.0,359.98,140.0
ITEM-0012326,ORD-006933,501,1,42.0,13.0,42.0,13.0
ITEM-0012327,ORD-006934,107,1,59.99,22.0,59.99,22.0
ITEM-0012328,ORD-006935,402,1,34.0,8.5,34.0,8.5
ITEM-0012329,ORD-006935,106,1,179.99,70.0,179.99,70.0
ITEM-0012330,ORD-006936,401,1,26.0,6.0,26.0,6.0
ITEM-0012331,ORD-006937,502,1,22.99,5.5,22.99,5.5
ITEM-0012332,ORD-006937,304,1,39.99,14.0,39.99,14.0
ITEM-0012333,ORD-006938,203,1,120.0,42.0,120.0,42.0
ITEM-0012334,ORD-006939,106,2,179.99,70.0,359.98,140.0
ITEM-0012335,ORD-006940,106,1,179.99,70.0,179.99,70.0
ITEM-0012336,ORD-006940,301,1,289.0,130.0,289.0,130.0
ITEM-0012337,ORD-006941,505,1,75.0,24.0,75.0,24.0
ITEM-0012338,ORD-006941,103,1,89.99,36.0,89.99,36.0
ITEM-0012339,ORD-006942,107,1,59.99,22.0,59.99,22.0
ITEM-0012340,ORD-006943,205,2,54.0,16.0,108.0,32.0
ITEM-0012341,ORD-006943,304,1,39.99,14.0,39.99,14.0
ITEM-0012342,ORD-006943,503,1,48.0,15.0,48.0,15.0
ITEM-0012343,ORD-006943,107,1,59.99,22.0,59.99,22.0
ITEM-0012344,ORD-006944,108,1,29.99,9.5,29.99,9.5
ITEM-0012345,ORD-006944,502,1,22.99,5.5,22.99,5.5
ITEM-0012346,ORD-006945,306,1,32.5,10.0,32.5,10.0
ITEM-0012347,ORD-006945,201,1,28.0,8.5,28.0,8.5
ITEM-0012348,ORD-006946,108,3,29.99,9.5,89.97,28.5
ITEM-0012349,ORD-006947,102,1,49.99,18.0,49.99,18.0
ITEM-0012350,ORD-006948,301,1,289.0,130.0,289.0,130.0
ITEM-0012351,ORD-006949,202,1,68.0,22.0,68.0,22.0
ITEM-0012352,ORD-006949,203,1,120.0,42.0,120.0,42.0
ITEM-0012353,ORD-006949,304,2,39.99,14.0,79.98,28.0
ITEM-0012354,ORD-006950,204,1,24.0,6.0,24.0,6.0
ITEM-0012355,ORD-006951,306,2,32.5,10.0,65.0,20.0
ITEM-0012356,ORD-006951,402,1,34.0,8.5,34.0,8.5
ITEM-0012357,ORD-006951,204,1,24.0,6.0,24.0,6.0
ITEM-0012358,ORD-006952,203,1,120.0,42.0,120.0,42.0
ITEM-0012359,ORD-006953,204,1,24.0,6.0,24.0,6.0
ITEM-0012360,ORD-006953,107,2,59.99,22.0,119.98,44.0
ITEM-0012361,ORD-006954,302,1,45.0,15.0,45.0,15.0
ITEM-0012362,ORD-006954,108,2,29.99,9.5,59.98,19.0
ITEM-0012363,ORD-006955,205,1,54.0,16.0,54.0,16.0
ITEM-0012364,ORD-006956,108,1,29.99,9.5,29.99,9.5
ITEM-0012365,ORD-006956,404,1,64.99,21.0,64.99,21.0
ITEM-0012366,ORD-006956,505,2,75.0,24.0,150.0,48.0
ITEM-0012367,ORD-006957,301,2,289.0,130.0,578.0,260.0
ITEM-0012368,ORD-006958,505,1,75.0,24.0,75.0,24.0
ITEM-0012369,ORD-006959,502,2,22.99,5.5,45.98,11.0
ITEM-0012370,ORD-006960,504,2,16.99,4.2,33.98,8.4
ITEM-0012371,ORD-006960,505,1,75.0,24.0,75.0,24.0
ITEM-0012372,ORD-006961,402,1,34.0,8.5,34.0,8.5
ITEM-0012373,ORD-006962,304,1,39.99,14.0,39.99,14.0
ITEM-0012374,ORD-006962,307,1,29.99,8.0,29.99,8.0
ITEM-0012375,ORD-006962,204,1,24.0,6.0,24.0,6.0
ITEM-0012376,ORD-006963,203,1,120.0,42.0,120.0,42.0
ITEM-0012377,ORD-006963,505,3,75.0,24.0,225.0,72.0
ITEM-0012378,ORD-006964,301,1,289.0,130.0,289.0,130.0
ITEM-0012379,ORD-006964,302,1,45.0,15.0,45.0,15.0
ITEM-0012380,ORD-006965,202,1,68.0,22.0,68.0,22.0
ITEM-0012381,ORD-006966,504,1,16.99,4.2,16.99,4.2
ITEM-0012382,ORD-006967,301,1,289.0,130.0,289.0,130.0
ITEM-0012383,ORD-006967,303,1,24.99,7.5,24.99,7.5
ITEM-0012384,ORD-006967,104,1,349.99,175.0,349.99,175.0
ITEM-0012385,ORD-006968,306,1,32.5,10.0,32.5,10.0
ITEM-0012386,ORD-006968,403,1,22.0,5.2,22.0,5.2
ITEM-0012387,ORD-006968,303,1,24.99,7.5,24.99,7.5
ITEM-0012388,ORD-006968,504,3,16.99,4.2,50.97,12.6
ITEM-0012389,ORD-006969,502,1,22.99,5.5,22.99,5.5
ITEM-0012390,ORD-006969,305,3,59.99,20.0,179.97,60.0
ITEM-0012391,ORD-006970,103,1,89.99,36.0,89.99,36.0
ITEM-0012392,ORD-006970,206,1,45.0,11.0,45.0,11.0
ITEM-0012393,ORD-006971,503,1,48.0,15.0,48.0,15.0
ITEM-0012394,ORD-006971,206,1,45.0,11.0,45.0,11.0
ITEM-0012395,ORD-006972,101,3,199.99,85.0,599.97,255.0
ITEM-0012396,ORD-006972,108,1,29.99,9.5,29.99,9.5
ITEM-0012397,ORD-006973,201,1,28.0,8.5,28.0,8.5
ITEM-0012398,ORD-006973,102,1,49.99,18.0,49.99,18.0
ITEM-0012399,ORD-006974,108,1,29.99,9.5,29.99,9.5
ITEM-0012400,ORD-006975,401,1,26.0,6.0,26.0,6.0
ITEM-0012401,ORD-006976,206,1,45.0,11.0,45.0,11.0
ITEM-0012402,ORD-006976,102,1,49.99,18.0,49.99,18.0
ITEM-0012403,ORD-006977,204,1,24.0,6.0,24.0,6.0
ITEM-0012404,ORD-006977,304,1,39.99,14.0,39.99,14.0
ITEM-0012405,ORD-006978,104,2,349.99,175.0,699.98,350.0
ITEM-0012406,ORD-006979,501,1,42.0,13.0,42.0,13.0
ITEM-0012407,ORD-006980,206,1,45.0,11.0,45.0,11.0
ITEM-0012408,ORD-006981,403,1,22.0,5.2,22.0,5.2
ITEM-0012409,ORD-006982,404,1,64.99,21.0,64.99,21.0
ITEM-0012410,ORD-006983,107,2,59.99,22.0,119.98,44.0
ITEM-0012411,ORD-006984,204,2,24.0,6.0,48.0,12.0
ITEM-0012412,ORD-006985,104,2,349.99,175.0,699.98,350.0
ITEM-0012413,ORD-006986,503,1,48.0,15.0,48.0,15.0
ITEM-0012414,ORD-006987,103,2,89.99,36.0,179.98,72.0
ITEM-0012415,ORD-006988,105,1,39.99,12.0,39.99,12.0
ITEM-0012416,ORD-006988,306,1,32.5,10.0,32.5,10.0
ITEM-0012417,ORD-006988,505,1,75.0,24.0,75.0,24.0
ITEM-0012418,ORD-006989,204,1,24.0,6.0,24.0,6.0
ITEM-0012419,ORD-006990,303,1,24.99,7.5,24.99,7.5
ITEM-0012420,ORD-006991,503,1,48.0,15.0,48.0,15.0
ITEM-0012421,ORD-006991,302,1,45.0,15.0,45.0,15.0
ITEM-0012422,ORD-006992,501,1,42.0,13.0,42.0,13.0
ITEM-0012423,ORD-006992,307,1,29.99,8.0,29.99,8.0
ITEM-0012424,ORD-006993,108,1,29.99,9.5,29.99,9.5
ITEM-0012425,ORD-006993,103,1,89.99,36.0,89.99,36.0
ITEM-0012426,ORD-006993,401,1,26.0,6.0,26.0,6.0
ITEM-0012427,ORD-006993,201,1,28.0,8.5,28.0,8.5
ITEM-0012428,ORD-006994,203,2,120.0,42.0,240.0,84.0
ITEM-0012429,ORD-006995,405,1,18.0,4.0,18.0,4.0
ITEM-0012430,ORD-006996,203,1,120.0,42.0,120.0,42.0
ITEM-0012431,ORD-006996,402,1,34.0,8.5,34.0,8.5
ITEM-0012432,ORD-006997,401,1,26.0,6.0,26.0,6.0
ITEM-0012433,ORD-006998,402,1,34.0,8.5,34.0,8.5
ITEM-0012434,ORD-006999,301,1,289.0,130.0,289.0,130.0
ITEM-0012435,ORD-007000,201,1,28.0,8.5,28.0,8.5
ITEM-0012436,ORD-007001,302,1,45.0,15.0,45.0,15.0
ITEM-0012437,ORD-007001,503,1,48.0,15.0,48.0,15.0
ITEM-0012438,ORD-007002,307,1,29.99,8.0,29.99,8.0
ITEM-0012439,ORD-007003,103,1,89.99,36.0,89.99,36.0
ITEM-0012440,ORD-007003,106,1,179.99,70.0,179.99,70.0
ITEM-0012441,ORD-007004,204,1,24.0,6.0,24.0,6.0
ITEM-0012442,ORD-007005,503,1,48.0,15.0,48.0,15.0
ITEM-0012443,ORD-007005,505,1,75.0,24.0,75.0,24.0
ITEM-0012444,ORD-007006,203,1,120.0,42.0,120.0,42.0
ITEM-0012445,ORD-007007,401,1,26.0,6.0,26.0,6.0
ITEM-0012446,ORD-007007,402,1,34.0,8.5,34.0,8.5
ITEM-0012447,ORD-007008,502,1,22.99,5.5,22.99,5.5
ITEM-0012448,ORD-007008,306,1,32.5,10.0,32.5,10.0
ITEM-0012449,ORD-007009,104,1,349.99,175.0,349.99,175.0
ITEM-0012450,ORD-007009,103,1,89.99,36.0,89.99,36.0
ITEM-0012451,ORD-007009,105,3,39.99,12.0,119.97,36.0
ITEM-0012452,ORD-007010,105,1,39.99,12.0,39.99,12.0
ITEM-0012453,ORD-007010,401,1,26.0,6.0,26.0,6.0
ITEM-0012454,ORD-007010,202,1,68.0,22.0,68.0,22.0
ITEM-0012455,ORD-007011,402,1,34.0,8.5,34.0,8.5
ITEM-0012456,ORD-007011,101,1,199.99,85.0,199.99,85.0
ITEM-0012457,ORD-007012,503,1,48.0,15.0,48.0,15.0
ITEM-0012458,ORD-007012,305,1,59.99,20.0,59.99,20.0
ITEM-0012459,ORD-007013,206,1,45.0,11.0,45.0,11.0
ITEM-0012460,ORD-007014,403,1,22.0,5.2,22.0,5.2
ITEM-0012461,ORD-007015,202,1,68.0,22.0,68.0,22.0
ITEM-0012462,ORD-007016,307,1,29.99,8.0,29.99,8.0
ITEM-0012463,ORD-007016,303,1,24.99,7.5,24.99,7.5
ITEM-0012464,ORD-007017,102,1,49.99,18.0,49.99,18.0
ITEM-0012465,ORD-007018,102,1,49.99,18.0,49.99,18.0
ITEM-0012466,ORD-007019,301,1,289.0,130.0,289.0,130.0
ITEM-0012467,ORD-007019,302,1,45.0,15.0,45.0,15.0
ITEM-0012468,ORD-007020,403,1,22.0,5.2,22.0,5.2
ITEM-0012469,ORD-007021,503,1,48.0,15.0,48.0,15.0
ITEM-0012470,ORD-007022,307,1,29.99,8.0,29.99,8.0
ITEM-0012471,ORD-007023,108,1,29.99,9.5,29.99,9.5
ITEM-0012472,ORD-007023,101,1,199.99,85.0,199.99,85.0
ITEM-0012473,ORD-007024,202,1,68.0,22.0,68.0,22.0
ITEM-0012474,ORD-007024,103,1,89.99,36.0,89.99,36.0
ITEM-0012475,ORD-007025,105,1,39.99,12.0,39.99,12.0
ITEM-0012476,ORD-007025,206,1,45.0,11.0,45.0,11.0
ITEM-0012477,ORD-007025,307,1,29.99,8.0,29.99,8.0
ITEM-0012478,ORD-007026,403,1,22.0,5.2,22.0,5.2
ITEM-0012479,ORD-007026,106,1,179.99,70.0,179.99,70.0
ITEM-0012480,ORD-007026,503,1,48.0,15.0,48.0,15.0
ITEM-0012481,ORD-007027,303,1,24.99,7.5,24.99,7.5
ITEM-0012482,ORD-007028,201,1,28.0,8.5,28.0,8.5
ITEM-0012483,ORD-007028,104,1,349.99,175.0,349.99,175.0
ITEM-0012484,ORD-007028,303,1,24.99,7.5,24.99,7.5
ITEM-0012485,ORD-007029,101,1,199.99,85.0,199.99,85.0
ITEM-0012486,ORD-007030,505,1,75.0,24.0,75.0,24.0
ITEM-0012487,ORD-007031,206,1,45.0,11.0,45.0,11.0
ITEM-0012488,ORD-007032,505,1,75.0,24.0,75.0,24.0
ITEM-0012489,ORD-007032,303,1,24.99,7.5,24.99,7.5
ITEM-0012490,ORD-007033,302,1,45.0,15.0,45.0,15.0
ITEM-0012491,ORD-007034,101,1,199.99,85.0,199.99,85.0
ITEM-0012492,ORD-007034,108,1,29.99,9.5,29.99,9.5
ITEM-0012493,ORD-007035,205,1,54.0,16.0,54.0,16.0
ITEM-0012494,ORD-007035,402,1,34.0,8.5,34.0,8.5
ITEM-0012495,ORD-007035,206,1,45.0,11.0,45.0,11.0
ITEM-0012496,ORD-007036,504,1,16.99,4.2,16.99,4.2
ITEM-0012497,ORD-007037,102,1,49.99,18.0,49.99,18.0
ITEM-0012498,ORD-007038,101,1,199.99,85.0,199.99,85.0
ITEM-0012499,ORD-007039,306,1,32.5,10.0,32.5,10.0
ITEM-0012500,ORD-007039,105,1,39.99,12.0,39.99,12.0
ITEM-0012501,ORD-007040,107,1,59.99,22.0,59.99,22.0
ITEM-0012502,ORD-007041,201,1,28.0,8.5,28.0,8.5
ITEM-0012503,ORD-007042,503,1,48.0,15.0,48.0,15.0
ITEM-0012504,ORD-007043,402,1,34.0,8.5,34.0,8.5
ITEM-0012505,ORD-007043,203,1,120.0,42.0,120.0,42.0
ITEM-0012506,ORD-007043,107,2,59.99,22.0,119.98,44.0
ITEM-0012507,ORD-007044,306,1,32.5,10.0,32.5,10.0
ITEM-0012508,ORD-007045,206,1,45.0,11.0,45.0,11.0
ITEM-0012509,ORD-007046,405,1,18.0,4.0,18.0,4.0
ITEM-0012510,ORD-007046,201,2,28.0,8.5,56.0,17.0
ITEM-0012511,ORD-007047,403,1,22.0,5.2,22.0,5.2
ITEM-0012512,ORD-007048,203,1,120.0,42.0,120.0,42.0
ITEM-0012513,ORD-007048,405,1,18.0,4.0,18.0,4.0
ITEM-0012514,ORD-007049,202,2,68.0,22.0,136.0,44.0
ITEM-0012515,ORD-007049,301,1,289.0,130.0,289.0,130.0
ITEM-0012516,ORD-007050,202,1,68.0,22.0,68.0,22.0
ITEM-0012517,ORD-007050,302,1,45.0,15.0,45.0,15.0
ITEM-0012518,ORD-007051,107,2,59.99,22.0,119.98,44.0
ITEM-0012519,ORD-007051,206,2,45.0,11.0,90.0,22.0
ITEM-0012520,ORD-007051,102,1,49.99,18.0,49.99,18.0
ITEM-0012521,ORD-007051,402,1,34.0,8.5,34.0,8.5
ITEM-0012522,ORD-007052,106,1,179.99,70.0,179.99,70.0
ITEM-0012523,ORD-007053,201,1,28.0,8.5,28.0,8.5
ITEM-0012524,ORD-007053,302,1,45.0,15.0,45.0,15.0
ITEM-0012525,ORD-007054,502,1,22.99,5.5,22.99,5.5
ITEM-0012526,ORD-007055,108,1,29.99,9.5,29.99,9.5
ITEM-0012527,ORD-007056,504,1,16.99,4.2,16.99,4.2
ITEM-0012528,ORD-007056,503,1,48.0,15.0,48.0,15.0
ITEM-0012529,ORD-007057,108,1,29.99,9.5,29.99,9.5
ITEM-0012530,ORD-007057,501,1,42.0,13.0,42.0,13.0
ITEM-0012531,ORD-007057,303,3,24.99,7.5,74.97,22.5
ITEM-0012532,ORD-007058,203,1,120.0,42.0,120.0,42.0
ITEM-0012533,ORD-007059,304,1,39.99,14.0,39.99,14.0
ITEM-0012534,ORD-007060,206,1,45.0,11.0,45.0,11.0
ITEM-0012535,ORD-007061,206,1,45.0,11.0,45.0,11.0
ITEM-0012536,ORD-007061,102,1,49.99,18.0,49.99,18.0
ITEM-0012537,ORD-007062,305,2,59.99,20.0,119.98,40.0
ITEM-0012538,ORD-007062,304,1,39.99,14.0,39.99,14.0
ITEM-0012539,ORD-007062,404,1,64.99,21.0,64.99,21.0
ITEM-0012540,ORD-007063,104,1,349.99,175.0,349.99,175.0
ITEM-0012541,ORD-007064,205,1,54.0,16.0,54.0,16.0
ITEM-0012542,ORD-007065,306,1,32.5,10.0,32.5,10.0
ITEM-0012543,ORD-007066,305,1,59.99,20.0,59.99,20.0
ITEM-0012544,ORD-007066,405,1,18.0,4.0,18.0,4.0
ITEM-0012545,ORD-007067,305,1,59.99,20.0,59.99,20.0
ITEM-0012546,ORD-007067,202,1,68.0,22.0,68.0,22.0
ITEM-0012547,ORD-007067,303,1,24.99,7.5,24.99,7.5
ITEM-0012548,ORD-007068,403,1,22.0,5.2,22.0,5.2
ITEM-0012549,ORD-007068,103,1,89.99,36.0,89.99,36.0
ITEM-0012550,ORD-007068,501,1,42.0,13.0,42.0,13.0
ITEM-0012551,ORD-007068,303,3,24.99,7.5,74.97,22.5
ITEM-0012552,ORD-007069,404,2,64.99,21.0,129.98,42.0
ITEM-0012553,ORD-007069,306,1,32.5,10.0,32.5,10.0
ITEM-0012554,ORD-007069,401,3,26.0,6.0,78.0,18.0
ITEM-0012555,ORD-007070,103,1,89.99,36.0,89.99,36.0
ITEM-0012556,ORD-007070,307,1,29.99,8.0,29.99,8.0
ITEM-0012557,ORD-007071,306,2,32.5,10.0,65.0,20.0
ITEM-0012558,ORD-007072,503,1,48.0,15.0,48.0,15.0
ITEM-0012559,ORD-007072,403,1,22.0,5.2,22.0,5.2
ITEM-0012560,ORD-007072,404,1,64.99,21.0,64.99,21.0
ITEM-0012561,ORD-007073,502,1,22.99,5.5,22.99,5.5
ITEM-0012562,ORD-007073,307,1,29.99,8.0,29.99,8.0
ITEM-0012563,ORD-007073,202,1,68.0,22.0,68.0,22.0
ITEM-0012564,ORD-007073,305,1,59.99,20.0,59.99,20.0
ITEM-0012565,ORD-007074,204,1,24.0,6.0,24.0,6.0
ITEM-0012566,ORD-007074,108,1,29.99,9.5,29.99,9.5
ITEM-0012567,ORD-007075,302,2,45.0,15.0,90.0,30.0
ITEM-0012568,ORD-007076,402,1,34.0,8.5,34.0,8.5
ITEM-0012569,ORD-007076,505,1,75.0,24.0,75.0,24.0
ITEM-0012570,ORD-007077,302,1,45.0,15.0,45.0,15.0
ITEM-0012571,ORD-007077,303,1,24.99,7.5,24.99,7.5
ITEM-0012572,ORD-007078,505,1,75.0,24.0,75.0,24.0
ITEM-0012573,ORD-007078,206,1,45.0,11.0,45.0,11.0
ITEM-0012574,ORD-007078,202,1,68.0,22.0,68.0,22.0
ITEM-0012575,ORD-007079,303,1,24.99,7.5,24.99,7.5
ITEM-0012576,ORD-007079,403,1,22.0,5.2,22.0,5.2
ITEM-0012577,ORD-007080,501,3,42.0,13.0,126.0,39.0
ITEM-0012578,ORD-007081,306,1,32.5,10.0,32.5,10.0
ITEM-0012579,ORD-007081,304,1,39.99,14.0,39.99,14.0
ITEM-0012580,ORD-007082,504,1,16.99,4.2,16.99,4.2
ITEM-0012581,ORD-007082,503,3,48.0,15.0,144.0,45.0
ITEM-0012582,ORD-007083,505,1,75.0,24.0,75.0,24.0
ITEM-0012583,ORD-007084,401,1,26.0,6.0,26.0,6.0
ITEM-0012584,ORD-007084,403,1,22.0,5.2,22.0,5.2
ITEM-0012585,ORD-007085,108,1,29.99,9.5,29.99,9.5
ITEM-0012586,ORD-007086,306,1,32.5,10.0,32.5,10.0
ITEM-0012587,ORD-007087,403,2,22.0,5.2,44.0,10.4
ITEM-0012588,ORD-007087,201,1,28.0,8.5,28.0,8.5
ITEM-0012589,ORD-007087,303,1,24.99,7.5,24.99,7.5
ITEM-0012590,ORD-007088,305,2,59.99,20.0,119.98,40.0
ITEM-0012591,ORD-007088,302,1,45.0,15.0,45.0,15.0
ITEM-0012592,ORD-007089,405,2,18.0,4.0,36.0,8.0
ITEM-0012593,ORD-007090,302,2,45.0,15.0,90.0,30.0
ITEM-0012594,ORD-007091,505,1,75.0,24.0,75.0,24.0
ITEM-0012595,ORD-007092,306,2,32.5,10.0,65.0,20.0
ITEM-0012596,ORD-007092,104,1,349.99,175.0,349.99,175.0
ITEM-0012597,ORD-007093,202,1,68.0,22.0,68.0,22.0
ITEM-0012598,ORD-007094,105,1,39.99,12.0,39.99,12.0
ITEM-0012599,ORD-007095,108,2,29.99,9.5,59.98,19.0
ITEM-0012600,ORD-007095,501,1,42.0,13.0,42.0,13.0
ITEM-0012601,ORD-007095,505,1,75.0,24.0,75.0,24.0
ITEM-0012602,ORD-007096,401,2,26.0,6.0,52.0,12.0
ITEM-0012603,ORD-007097,304,1,39.99,14.0,39.99,14.0
ITEM-0012604,ORD-007097,106,1,179.99,70.0,179.99,70.0
ITEM-0012605,ORD-007097,201,1,28.0,8.5,28.0,8.5
ITEM-0012606,ORD-007098,108,2,29.99,9.5,59.98,19.0
ITEM-0012607,ORD-007099,202,1,68.0,22.0,68.0,22.0
ITEM-0012608,ORD-007100,202,1,68.0,22.0,68.0,22.0
ITEM-0012609,ORD-007100,303,1,24.99,7.5,24.99,7.5
ITEM-0012610,ORD-007100,204,1,24.0,6.0,24.0,6.0
ITEM-0012611,ORD-007101,205,1,54.0,16.0,54.0,16.0
ITEM-0012612,ORD-007101,102,1,49.99,18.0,49.99,18.0
ITEM-0012613,ORD-007102,205,1,54.0,16.0,54.0,16.0
ITEM-0012614,ORD-007103,203,1,120.0,42.0,120.0,42.0
ITEM-0012615,ORD-007103,306,1,32.5,10.0,32.5,10.0
ITEM-0012616,ORD-007103,502,3,22.99,5.5,68.97,16.5
ITEM-0012617,ORD-007104,503,1,48.0,15.0,48.0,15.0
ITEM-0012618,ORD-007104,104,1,349.99,175.0,349.99,175.0
ITEM-0012619,ORD-007105,205,3,54.0,16.0,162.0,48.0
ITEM-0012620,ORD-007105,401,3,26.0,6.0,78.0,18.0
ITEM-0012621,ORD-007106,504,1,16.99,4.2,16.99,4.2
ITEM-0012622,ORD-007107,405,1,18.0,4.0,18.0,4.0
ITEM-0012623,ORD-007107,108,2,29.99,9.5,59.98,19.0
ITEM-0012624,ORD-007107,107,1,59.99,22.0,59.99,22.0
ITEM-0012625,ORD-007107,101,1,199.99,85.0,199.99,85.0
ITEM-0012626,ORD-007108,104,1,349.99,175.0,349.99,175.0
ITEM-0012627,ORD-007108,103,1,89.99,36.0,89.99,36.0
ITEM-0012628,ORD-007109,203,1,120.0,42.0,120.0,42.0
ITEM-0012629,ORD-007109,104,1,349.99,175.0,349.99,175.0
ITEM-0012630,ORD-007110,205,1,54.0,16.0,54.0,16.0
ITEM-0012631,ORD-007111,104,3,349.99,175.0,1049.97,525.0
ITEM-0012632,ORD-007111,103,1,89.99,36.0,89.99,36.0
ITEM-0012633,ORD-007111,105,2,39.99,12.0,79.98,24.0
ITEM-0012634,ORD-007112,104,1,349.99,175.0,349.99,175.0
ITEM-0012635,ORD-007113,108,1,29.99,9.5,29.99,9.5
ITEM-0012636,ORD-007114,104,1,349.99,175.0,349.99,175.0
ITEM-0012637,ORD-007114,103,1,89.99,36.0,89.99,36.0
ITEM-0012638,ORD-007115,301,1,289.0,130.0,289.0,130.0
ITEM-0012639,ORD-007116,303,1,24.99,7.5,24.99,7.5
ITEM-0012640,ORD-007116,101,1,199.99,85.0,199.99,85.0
ITEM-0012641,ORD-007117,202,3,68.0,22.0,204.0,66.0
ITEM-0012642,ORD-007117,403,1,22.0,5.2,22.0,5.2
ITEM-0012643,ORD-007118,201,1,28.0,8.5,28.0,8.5
ITEM-0012644,ORD-007118,103,1,89.99,36.0,89.99,36.0
ITEM-0012645,ORD-007119,107,1,59.99,22.0,59.99,22.0
ITEM-0012646,ORD-007120,401,1,26.0,6.0,26.0,6.0
ITEM-0012647,ORD-007120,403,1,22.0,5.2,22.0,5.2
ITEM-0012648,ORD-007120,102,2,49.99,18.0,99.98,36.0
ITEM-0012649,ORD-007121,503,1,48.0,15.0,48.0,15.0
ITEM-0012650,ORD-007121,502,1,22.99,5.5,22.99,5.5
ITEM-0012651,ORD-007122,306,1,32.5,10.0,32.5,10.0
ITEM-0012652,ORD-007123,505,1,75.0,24.0,75.0,24.0
ITEM-0012653,ORD-007124,101,1,199.99,85.0,199.99,85.0
ITEM-0012654,ORD-007125,304,1,39.99,14.0,39.99,14.0
ITEM-0012655,ORD-007126,106,1,179.99,70.0,179.99,70.0
ITEM-0012656,ORD-007127,502,1,22.99,5.5,22.99,5.5
ITEM-0012657,ORD-007127,405,3,18.0,4.0,54.0,12.0
ITEM-0012658,ORD-007128,502,1,22.99,5.5,22.99,5.5
ITEM-0012659,ORD-007128,107,1,59.99,22.0,59.99,22.0
ITEM-0012660,ORD-007129,204,1,24.0,6.0,24.0,6.0
ITEM-0012661,ORD-007129,108,1,29.99,9.5,29.99,9.5
ITEM-0012662,ORD-007129,105,1,39.99,12.0,39.99,12.0
ITEM-0012663,ORD-007130,306,1,32.5,10.0,32.5,10.0
ITEM-0012664,ORD-007130,202,2,68.0,22.0,136.0,44.0
ITEM-0012665,ORD-007131,306,2,32.5,10.0,65.0,20.0
ITEM-0012666,ORD-007132,201,1,28.0,8.5,28.0,8.5
ITEM-0012667,ORD-007133,403,1,22.0,5.2,22.0,5.2
ITEM-0012668,ORD-007134,206,1,45.0,11.0,45.0,11.0
ITEM-0012669,ORD-007135,305,1,59.99,20.0,59.99,20.0
ITEM-0012670,ORD-007135,202,2,68.0,22.0,136.0,44.0
ITEM-0012671,ORD-007135,504,1,16.99,4.2,16.99,4.2
ITEM-0012672,ORD-007136,101,1,199.99,85.0,199.99,85.0
ITEM-0012673,ORD-007136,107,1,59.99,22.0,59.99,22.0
ITEM-0012674,ORD-007137,302,1,45.0,15.0,45.0,15.0
ITEM-0012675,ORD-007138,107,1,59.99,22.0,59.99,22.0
ITEM-0012676,ORD-007139,201,1,28.0,8.5,28.0,8.5
ITEM-0012677,ORD-007140,106,1,179.99,70.0,179.99,70.0
ITEM-0012678,ORD-007141,402,1,34.0,8.5,34.0,8.5
ITEM-0012679,ORD-007142,107,1,59.99,22.0,59.99,22.0
ITEM-0012680,ORD-007142,402,1,34.0,8.5,34.0,8.5
ITEM-0012681,ORD-007143,403,1,22.0,5.2,22.0,5.2
ITEM-0012682,ORD-007143,405,1,18.0,4.0,18.0,4.0
ITEM-0012683,ORD-007144,103,3,89.99,36.0,269.97,108.0
ITEM-0012684,ORD-007145,306,1,32.5,10.0,32.5,10.0
ITEM-0012685,ORD-007145,105,1,39.99,12.0,39.99,12.0
ITEM-0012686,ORD-007146,502,1,22.99,5.5,22.99,5.5
ITEM-0012687,ORD-007146,106,1,179.99,70.0,179.99,70.0
ITEM-0012688,ORD-007147,306,1,32.5,10.0,32.5,10.0
ITEM-0012689,ORD-007147,205,1,54.0,16.0,54.0,16.0
ITEM-0012690,ORD-007148,103,1,89.99,36.0,89.99,36.0
ITEM-0012691,ORD-007149,501,1,42.0,13.0,42.0,13.0
ITEM-0012692,ORD-007150,502,2,22.99,5.5,45.98,11.0
ITEM-0012693,ORD-007150,503,1,48.0,15.0,48.0,15.0
ITEM-0012694,ORD-007151,503,3,48.0,15.0,144.0,45.0
ITEM-0012695,ORD-007151,106,1,179.99,70.0,179.99,70.0
ITEM-0012696,ORD-007151,206,1,45.0,11.0,45.0,11.0
ITEM-0012697,ORD-007152,402,1,34.0,8.5,34.0,8.5
ITEM-0012698,ORD-007152,505,2,75.0,24.0,150.0,48.0
ITEM-0012699,ORD-007153,305,1,59.99,20.0,59.99,20.0
ITEM-0012700,ORD-007153,105,1,39.99,12.0,39.99,12.0
ITEM-0012701,ORD-007154,305,1,59.99,20.0,59.99,20.0
ITEM-0012702,ORD-007154,102,1,49.99,18.0,49.99,18.0
ITEM-0012703,ORD-007155,102,1,49.99,18.0,49.99,18.0
ITEM-0012704,ORD-007155,501,1,42.0,13.0,42.0,13.0
ITEM-0012705,ORD-007155,204,1,24.0,6.0,24.0,6.0
ITEM-0012706,ORD-007156,502,1,22.99,5.5,22.99,5.5
ITEM-0012707,ORD-007156,101,1,199.99,85.0,199.99,85.0
ITEM-0012708,ORD-007156,203,1,120.0,42.0,120.0,42.0
ITEM-0012709,ORD-007157,304,1,39.99,14.0,39.99,14.0
ITEM-0012710,ORD-007158,103,1,89.99,36.0,89.99,36.0
ITEM-0012711,ORD-007159,102,1,49.99,18.0,49.99,18.0
ITEM-0012712,ORD-007160,203,1,120.0,42.0,120.0,42.0
ITEM-0012713,ORD-007160,401,1,26.0,6.0,26.0,6.0
ITEM-0012714,ORD-007161,405,1,18.0,4.0,18.0,4.0
ITEM-0012715,ORD-007162,205,1,54.0,16.0,54.0,16.0
ITEM-0012716,ORD-007162,307,1,29.99,8.0,29.99,8.0
ITEM-0012717,ORD-007162,203,1,120.0,42.0,120.0,42.0
ITEM-0012718,ORD-007162,103,1,89.99,36.0,89.99,36.0
ITEM-0012719,ORD-007163,107,1,59.99,22.0,59.99,22.0
ITEM-0012720,ORD-007164,201,1,28.0,8.5,28.0,8.5
ITEM-0012721,ORD-007165,403,1,22.0,5.2,22.0,5.2
ITEM-0012722,ORD-007165,401,1,26.0,6.0,26.0,6.0
ITEM-0012723,ORD-007166,505,2,75.0,24.0,150.0,48.0
ITEM-0012724,ORD-007167,205,1,54.0,16.0,54.0,16.0
ITEM-0012725,ORD-007167,504,2,16.99,4.2,33.98,8.4
ITEM-0012726,ORD-007168,503,1,48.0,15.0,48.0,15.0
ITEM-0012727,ORD-007168,201,2,28.0,8.5,56.0,17.0
ITEM-0012728,ORD-007169,103,1,89.99,36.0,89.99,36.0
ITEM-0012729,ORD-007170,306,1,32.5,10.0,32.5,10.0
ITEM-0012730,ORD-007171,306,2,32.5,10.0,65.0,20.0
ITEM-0012731,ORD-007171,203,1,120.0,42.0,120.0,42.0
ITEM-0012732,ORD-007171,501,1,42.0,13.0,42.0,13.0
ITEM-0012733,ORD-007172,501,1,42.0,13.0,42.0,13.0
ITEM-0012734,ORD-007172,502,2,22.99,5.5,45.98,11.0
ITEM-0012735,ORD-007173,206,1,45.0,11.0,45.0,11.0
ITEM-0012736,ORD-007174,302,1,45.0,15.0,45.0,15.0
ITEM-0012737,ORD-007174,304,1,39.99,14.0,39.99,14.0
ITEM-0012738,ORD-007174,104,1,349.99,175.0,349.99,175.0
ITEM-0012739,ORD-007175,306,3,32.5,10.0,97.5,30.0
ITEM-0012740,ORD-007176,502,1,22.99,5.5,22.99,5.5
ITEM-0012741,ORD-007176,304,1,39.99,14.0,39.99,14.0
ITEM-0012742,ORD-007176,404,1,64.99,21.0,64.99,21.0
ITEM-0012743,ORD-007177,305,1,59.99,20.0,59.99,20.0
ITEM-0012744,ORD-007178,204,2,24.0,6.0,48.0,12.0
ITEM-0012745,ORD-007178,203,1,120.0,42.0,120.0,42.0
ITEM-0012746,ORD-007179,304,1,39.99,14.0,39.99,14.0
ITEM-0012747,ORD-007179,306,1,32.5,10.0,32.5,10.0
ITEM-0012748,ORD-007180,108,3,29.99,9.5,89.97,28.5
ITEM-0012749,ORD-007181,201,2,28.0,8.5,56.0,17.0
ITEM-0012750,ORD-007182,104,1,349.99,175.0,349.99,175.0
ITEM-0012751,ORD-007183,203,1,120.0,42.0,120.0,42.0
ITEM-0012752,ORD-007183,503,2,48.0,15.0,96.0,30.0
ITEM-0012753,ORD-007183,306,1,32.5,10.0,32.5,10.0
ITEM-0012754,ORD-007184,503,1,48.0,15.0,48.0,15.0
ITEM-0012755,ORD-007185,202,1,68.0,22.0,68.0,22.0
ITEM-0012756,ORD-007185,203,2,120.0,42.0,240.0,84.0
ITEM-0012757,ORD-007186,105,1,39.99,12.0,39.99,12.0
ITEM-0012758,ORD-007187,403,1,22.0,5.2,22.0,5.2
ITEM-0012759,ORD-007188,108,1,29.99,9.5,29.99,9.5
ITEM-0012760,ORD-007189,301,1,289.0,130.0,289.0,130.0
ITEM-0012761,ORD-007190,203,1,120.0,42.0,120.0,42.0
ITEM-0012762,ORD-007191,403,1,22.0,5.2,22.0,5.2
ITEM-0012763,ORD-007192,302,1,45.0,15.0,45.0,15.0
ITEM-0012764,ORD-007192,404,1,64.99,21.0,64.99,21.0
ITEM-0012765,ORD-007192,106,1,179.99,70.0,179.99,70.0
ITEM-0012766,ORD-007193,203,1,120.0,42.0,120.0,42.0
ITEM-0012767,ORD-007193,302,1,45.0,15.0,45.0,15.0
ITEM-0012768,ORD-007194,401,1,26.0,6.0,26.0,6.0
ITEM-0012769,ORD-007195,102,1,49.99,18.0,49.99,18.0
ITEM-0012770,ORD-007196,203,2,120.0,42.0,240.0,84.0
ITEM-0012771,ORD-007197,402,3,34.0,8.5,102.0,25.5
ITEM-0012772,ORD-007198,106,3,179.99,70.0,539.97,210.0
ITEM-0012773,ORD-007198,502,1,22.99,5.5,22.99,5.5
ITEM-0012774,ORD-007198,505,2,75.0,24.0,150.0,48.0
ITEM-0012775,ORD-007199,501,1,42.0,13.0,42.0,13.0
ITEM-0012776,ORD-007200,101,1,199.99,85.0,199.99,85.0
ITEM-0012777,ORD-007200,108,1,29.99,9.5,29.99,9.5
ITEM-0012778,ORD-007201,302,2,45.0,15.0,90.0,30.0
ITEM-0012779,ORD-007201,201,1,28.0,8.5,28.0,8.5
ITEM-0012780,ORD-007201,103,1,89.99,36.0,89.99,36.0
ITEM-0012781,ORD-007201,104,2,349.99,175.0,699.98,350.0
ITEM-0012782,ORD-007202,502,1,22.99,5.5,22.99,5.5
ITEM-0012783,ORD-007203,306,1,32.5,10.0,32.5,10.0
ITEM-0012784,ORD-007204,101,1,199.99,85.0,199.99,85.0
ITEM-0012785,ORD-007204,107,1,59.99,22.0,59.99,22.0
ITEM-0012786,ORD-007205,405,1,18.0,4.0,18.0,4.0
ITEM-0012787,ORD-007205,303,1,24.99,7.5,24.99,7.5
ITEM-0012788,ORD-007205,301,1,289.0,130.0,289.0,130.0
ITEM-0012789,ORD-007206,504,1,16.99,4.2,16.99,4.2
ITEM-0012790,ORD-007206,103,1,89.99,36.0,89.99,36.0
ITEM-0012791,ORD-007207,303,1,24.99,7.5,24.99,7.5
ITEM-0012792,ORD-007208,106,1,179.99,70.0,179.99,70.0
ITEM-0012793,ORD-007209,106,1,179.99,70.0,179.99,70.0
ITEM-0012794,ORD-007210,403,1,22.0,5.2,22.0,5.2
ITEM-0012795,ORD-007210,205,2,54.0,16.0,108.0,32.0
ITEM-0012796,ORD-007210,501,1,42.0,13.0,42.0,13.0
ITEM-0012797,ORD-007211,304,2,39.99,14.0,79.98,28.0
ITEM-0012798,ORD-007212,206,1,45.0,11.0,45.0,11.0
ITEM-0012799,ORD-007212,306,1,32.5,10.0,32.5,10.0
ITEM-0012800,ORD-007213,403,1,22.0,5.2,22.0,5.2
ITEM-0012801,ORD-007213,503,1,48.0,15.0,48.0,15.0
ITEM-0012802,ORD-007214,205,1,54.0,16.0,54.0,16.0
ITEM-0012803,ORD-007214,101,1,199.99,85.0,199.99,85.0
ITEM-0012804,ORD-007215,402,3,34.0,8.5,102.0,25.5
ITEM-0012805,ORD-007215,201,1,28.0,8.5,28.0,8.5
ITEM-0012806,ORD-007215,505,2,75.0,24.0,150.0,48.0
ITEM-0012807,ORD-007215,504,1,16.99,4.2,16.99,4.2
ITEM-0012808,ORD-007216,206,3,45.0,11.0,135.0,33.0
ITEM-0012809,ORD-007217,203,1,120.0,42.0,120.0,42.0
ITEM-0012810,ORD-007217,403,1,22.0,5.2,22.0,5.2
ITEM-0012811,ORD-007217,504,1,16.99,4.2,16.99,4.2
ITEM-0012812,ORD-007217,304,1,39.99,14.0,39.99,14.0
ITEM-0012813,ORD-007218,205,1,54.0,16.0,54.0,16.0
ITEM-0012814,ORD-007218,202,1,68.0,22.0,68.0,22.0
ITEM-0012815,ORD-007218,402,1,34.0,8.5,34.0,8.5
ITEM-0012816,ORD-007219,503,1,48.0,15.0,48.0,15.0
ITEM-0012817,ORD-007219,307,1,29.99,8.0,29.99,8.0
ITEM-0012818,ORD-007219,405,1,18.0,4.0,18.0,4.0
ITEM-0012819,ORD-007220,102,2,49.99,18.0,99.98,36.0
ITEM-0012820,ORD-007221,504,1,16.99,4.2,16.99,4.2
ITEM-0012821,ORD-007222,404,1,64.99,21.0,64.99,21.0
ITEM-0012822,ORD-007223,307,1,29.99,8.0,29.99,8.0
ITEM-0012823,ORD-007223,105,2,39.99,12.0,79.98,24.0
ITEM-0012824,ORD-007223,206,1,45.0,11.0,45.0,11.0
ITEM-0012825,ORD-007223,202,2,68.0,22.0,136.0,44.0
ITEM-0012826,ORD-007224,401,1,26.0,6.0,26.0,6.0
ITEM-0012827,ORD-007225,303,1,24.99,7.5,24.99,7.5
ITEM-0012828,ORD-007226,301,1,289.0,130.0,289.0,130.0
ITEM-0012829,ORD-007227,501,1,42.0,13.0,42.0,13.0
ITEM-0012830,ORD-007227,502,1,22.99,5.5,22.99,5.5
ITEM-0012831,ORD-007227,104,1,349.99,175.0,349.99,175.0
ITEM-0012832,ORD-007227,103,1,89.99,36.0,89.99,36.0
ITEM-0012833,ORD-007228,306,1,32.5,10.0,32.5,10.0
ITEM-0012834,ORD-007229,103,1,89.99,36.0,89.99,36.0
ITEM-0012835,ORD-007230,104,1,349.99,175.0,349.99,175.0
ITEM-0012836,ORD-007230,102,2,49.99,18.0,99.98,36.0
ITEM-0012837,ORD-007231,307,1,29.99,8.0,29.99,8.0
ITEM-0012838,ORD-007232,107,2,59.99,22.0,119.98,44.0
ITEM-0012839,ORD-007232,405,1,18.0,4.0,18.0,4.0
ITEM-0012840,ORD-007232,204,1,24.0,6.0,24.0,6.0
ITEM-0012841,ORD-007232,307,2,29.99,8.0,59.98,16.0
ITEM-0012842,ORD-007233,106,1,179.99,70.0,179.99,70.0
ITEM-0012843,ORD-007234,203,1,120.0,42.0,120.0,42.0
ITEM-0012844,ORD-007234,307,1,29.99,8.0,29.99,8.0
ITEM-0012845,ORD-007235,206,1,45.0,11.0,45.0,11.0
ITEM-0012846,ORD-007236,202,1,68.0,22.0,68.0,22.0
ITEM-0012847,ORD-007236,303,1,24.99,7.5,24.99,7.5
ITEM-0012848,ORD-007236,101,1,199.99,85.0,199.99,85.0
ITEM-0012849,ORD-007237,205,1,54.0,16.0,54.0,16.0
ITEM-0012850,ORD-007237,503,1,48.0,15.0,48.0,15.0
ITEM-0012851,ORD-007238,501,1,42.0,13.0,42.0,13.0
ITEM-0012852,ORD-007238,205,2,54.0,16.0,108.0,32.0
ITEM-0012853,ORD-007238,503,1,48.0,15.0,48.0,15.0
ITEM-0012854,ORD-007238,307,1,29.99,8.0,29.99,8.0
ITEM-0012855,ORD-007239,201,1,28.0,8.5,28.0,8.5
ITEM-0012856,ORD-007239,404,1,64.99,21.0,64.99,21.0
ITEM-0012857,ORD-007239,307,2,29.99,8.0,59.98,16.0
ITEM-0012858,ORD-007240,102,3,49.99,18.0,149.97,54.0
ITEM-0012859,ORD-007240,501,3,42.0,13.0,126.0,39.0
ITEM-0012860,ORD-007241,302,2,45.0,15.0,90.0,30.0
ITEM-0012861,ORD-007242,206,2,45.0,11.0,90.0,22.0
ITEM-0012862,ORD-007243,301,1,289.0,130.0,289.0,130.0
ITEM-0012863,ORD-007244,101,1,199.99,85.0,199.99,85.0
ITEM-0012864,ORD-007245,306,3,32.5,10.0,97.5,30.0
ITEM-0012865,ORD-007246,403,1,22.0,5.2,22.0,5.2
ITEM-0012866,ORD-007247,206,1,45.0,11.0,45.0,11.0
ITEM-0012867,ORD-007248,404,1,64.99,21.0,64.99,21.0
ITEM-0012868,ORD-007248,304,1,39.99,14.0,39.99,14.0
ITEM-0012869,ORD-007249,307,1,29.99,8.0,29.99,8.0
ITEM-0012870,ORD-007250,206,2,45.0,11.0,90.0,22.0
ITEM-0012871,ORD-007250,404,1,64.99,21.0,64.99,21.0
ITEM-0012872,ORD-007250,504,1,16.99,4.2,16.99,4.2
ITEM-0012873,ORD-007251,404,1,64.99,21.0,64.99,21.0
ITEM-0012874,ORD-007251,101,1,199.99,85.0,199.99,85.0
ITEM-0012875,ORD-007251,307,1,29.99,8.0,29.99,8.0
ITEM-0012876,ORD-007252,505,1,75.0,24.0,75.0,24.0
ITEM-0012877,ORD-007252,306,1,32.5,10.0,32.5,10.0
ITEM-0012878,ORD-007253,501,1,42.0,13.0,42.0,13.0
ITEM-0012879,ORD-007254,501,2,42.0,13.0,84.0,26.0
ITEM-0012880,ORD-007254,502,1,22.99,5.5,22.99,5.5
ITEM-0012881,ORD-007254,307,1,29.99,8.0,29.99,8.0
ITEM-0012882,ORD-007255,502,2,22.99,5.5,45.98,11.0
ITEM-0012883,ORD-007255,102,1,49.99,18.0,49.99,18.0
ITEM-0012884,ORD-007255,101,2,199.99,85.0,399.98,170.0
ITEM-0012885,ORD-007255,304,1,39.99,14.0,39.99,14.0
ITEM-0012886,ORD-007256,505,2,75.0,24.0,150.0,48.0
ITEM-0012887,ORD-007256,503,2,48.0,15.0,96.0,30.0
ITEM-0012888,ORD-007256,304,1,39.99,14.0,39.99,14.0
ITEM-0012889,ORD-007257,401,1,26.0,6.0,26.0,6.0
ITEM-0012890,ORD-007258,505,1,75.0,24.0,75.0,24.0
ITEM-0012891,ORD-007259,106,1,179.99,70.0,179.99,70.0
ITEM-0012892,ORD-007260,502,1,22.99,5.5,22.99,5.5
ITEM-0012893,ORD-007260,105,1,39.99,12.0,39.99,12.0
ITEM-0012894,ORD-007260,202,1,68.0,22.0,68.0,22.0
ITEM-0012895,ORD-007261,107,1,59.99,22.0,59.99,22.0
ITEM-0012896,ORD-007261,103,1,89.99,36.0,89.99,36.0
ITEM-0012897,ORD-007262,106,1,179.99,70.0,179.99,70.0
ITEM-0012898,ORD-007262,307,1,29.99,8.0,29.99,8.0
ITEM-0012899,ORD-007262,105,1,39.99,12.0,39.99,12.0
ITEM-0012900,ORD-007263,204,1,24.0,6.0,24.0,6.0
ITEM-0012901,ORD-007264,205,1,54.0,16.0,54.0,16.0
ITEM-0012902,ORD-007265,306,3,32.5,10.0,97.5,30.0
ITEM-0012903,ORD-007266,201,1,28.0,8.5,28.0,8.5
ITEM-0012904,ORD-007266,501,2,42.0,13.0,84.0,26.0
ITEM-0012905,ORD-007267,503,2,48.0,15.0,96.0,30.0
ITEM-0012906,ORD-007268,105,2,39.99,12.0,79.98,24.0
ITEM-0012907,ORD-007268,304,2,39.99,14.0,79.98,28.0
ITEM-0012908,ORD-007268,205,1,54.0,16.0,54.0,16.0
ITEM-0012909,ORD-007269,307,1,29.99,8.0,29.99,8.0
ITEM-0012910,ORD-007269,304,1,39.99,14.0,39.99,14.0
ITEM-0012911,ORD-007270,304,1,39.99,14.0,39.99,14.0
ITEM-0012912,ORD-007270,401,1,26.0,6.0,26.0,6.0
ITEM-0012913,ORD-007271,404,1,64.99,21.0,64.99,21.0
ITEM-0012914,ORD-007272,203,1,120.0,42.0,120.0,42.0
ITEM-0012915,ORD-007272,504,1,16.99,4.2,16.99,4.2
ITEM-0012916,ORD-007273,103,1,89.99,36.0,89.99,36.0
ITEM-0012917,ORD-007273,202,1,68.0,22.0,68.0,22.0
ITEM-0012918,ORD-007273,302,1,45.0,15.0,45.0,15.0
ITEM-0012919,ORD-007273,301,1,289.0,130.0,289.0,130.0
ITEM-0012920,ORD-007274,503,1,48.0,15.0,48.0,15.0
ITEM-0012921,ORD-007275,403,1,22.0,5.2,22.0,5.2
ITEM-0012922,ORD-007276,503,1,48.0,15.0,48.0,15.0
ITEM-0012923,ORD-007277,105,1,39.99,12.0,39.99,12.0
ITEM-0012924,ORD-007278,304,1,39.99,14.0,39.99,14.0
ITEM-0012925,ORD-007279,301,1,289.0,130.0,289.0,130.0
ITEM-0012926,ORD-007280,301,1,289.0,130.0,289.0,130.0
ITEM-0012927,ORD-007280,303,1,24.99,7.5,24.99,7.5
ITEM-0012928,ORD-007281,301,1,289.0,130.0,289.0,130.0
ITEM-0012929,ORD-007281,302,3,45.0,15.0,135.0,45.0
ITEM-0012930,ORD-007282,403,1,22.0,5.2,22.0,5.2
ITEM-0012931,ORD-007282,301,1,289.0,130.0,289.0,130.0
ITEM-0012932,ORD-007283,201,2,28.0,8.5,56.0,17.0
ITEM-0012933,ORD-007283,205,1,54.0,16.0,54.0,16.0
ITEM-0012934,ORD-007284,103,1,89.99,36.0,89.99,36.0
ITEM-0012935,ORD-007284,504,2,16.99,4.2,33.98,8.4
ITEM-0012936,ORD-007285,303,1,24.99,7.5,24.99,7.5
ITEM-0012937,ORD-007286,502,1,22.99,5.5,22.99,5.5
ITEM-0012938,ORD-007287,503,3,48.0,15.0,144.0,45.0
ITEM-0012939,ORD-007287,302,1,45.0,15.0,45.0,15.0
ITEM-0012940,ORD-007288,301,1,289.0,130.0,289.0,130.0
ITEM-0012941,ORD-007288,404,1,64.99,21.0,64.99,21.0
ITEM-0012942,ORD-007289,504,1,16.99,4.2,16.99,4.2
ITEM-0012943,ORD-007290,306,1,32.5,10.0,32.5,10.0
ITEM-0012944,ORD-007291,106,1,179.99,70.0,179.99,70.0
ITEM-0012945,ORD-007292,505,1,75.0,24.0,75.0,24.0
ITEM-0012946,ORD-007293,205,2,54.0,16.0,108.0,32.0
ITEM-0012947,ORD-007293,501,1,42.0,13.0,42.0,13.0
ITEM-0012948,ORD-007294,305,1,59.99,20.0,59.99,20.0
ITEM-0012949,ORD-007294,206,1,45.0,11.0,45.0,11.0
ITEM-0012950,ORD-007295,401,1,26.0,6.0,26.0,6.0
ITEM-0012951,ORD-007295,402,1,34.0,8.5,34.0,8.5
ITEM-0012952,ORD-007296,107,2,59.99,22.0,119.98,44.0
ITEM-0012953,ORD-007296,203,1,120.0,42.0,120.0,42.0
ITEM-0012954,ORD-007297,204,1,24.0,6.0,24.0,6.0
ITEM-0012955,ORD-007298,404,1,64.99,21.0,64.99,21.0
ITEM-0012956,ORD-007298,108,1,29.99,9.5,29.99,9.5
ITEM-0012957,ORD-007299,106,1,179.99,70.0,179.99,70.0
ITEM-0012958,ORD-007300,502,1,22.99,5.5,22.99,5.5
ITEM-0012959,ORD-007300,307,1,29.99,8.0,29.99,8.0
ITEM-0012960,ORD-007301,108,1,29.99,9.5,29.99,9.5
ITEM-0012961,ORD-007301,305,1,59.99,20.0,59.99,20.0
ITEM-0012962,ORD-007302,205,1,54.0,16.0,54.0,16.0
ITEM-0012963,ORD-007302,107,1,59.99,22.0,59.99,22.0
ITEM-0012964,ORD-007302,307,1,29.99,8.0,29.99,8.0
ITEM-0012965,ORD-007303,501,1,42.0,13.0,42.0,13.0
ITEM-0012966,ORD-007304,205,3,54.0,16.0,162.0,48.0
ITEM-0012967,ORD-007305,401,1,26.0,6.0,26.0,6.0
ITEM-0012968,ORD-007305,402,1,34.0,8.5,34.0,8.5
ITEM-0012969,ORD-007305,403,1,22.0,5.2,22.0,5.2
ITEM-0012970,ORD-007305,105,1,39.99,12.0,39.99,12.0
ITEM-0012971,ORD-007306,203,1,120.0,42.0,120.0,42.0
ITEM-0012972,ORD-007307,403,1,22.0,5.2,22.0,5.2
ITEM-0012973,ORD-007307,105,3,39.99,12.0,119.97,36.0
ITEM-0012974,ORD-007307,202,1,68.0,22.0,68.0,22.0
ITEM-0012975,ORD-007307,401,3,26.0,6.0,78.0,18.0
ITEM-0012976,ORD-007308,101,1,199.99,85.0,199.99,85.0
ITEM-0012977,ORD-007308,108,3,29.99,9.5,89.97,28.5
ITEM-0012978,ORD-007309,504,2,16.99,4.2,33.98,8.4
ITEM-0012979,ORD-007310,303,1,24.99,7.5,24.99,7.5
ITEM-0012980,ORD-007311,502,1,22.99,5.5,22.99,5.5
ITEM-0012981,ORD-007311,503,2,48.0,15.0,96.0,30.0
ITEM-0012982,ORD-007311,203,1,120.0,42.0,120.0,42.0
ITEM-0012983,ORD-007311,402,1,34.0,8.5,34.0,8.5
ITEM-0012984,ORD-007312,401,1,26.0,6.0,26.0,6.0
ITEM-0012985,ORD-007313,204,2,24.0,6.0,48.0,12.0
ITEM-0012986,ORD-007314,405,1,18.0,4.0,18.0,4.0
ITEM-0012987,ORD-007315,304,1,39.99,14.0,39.99,14.0
ITEM-0012988,ORD-007316,202,1,68.0,22.0,68.0,22.0
ITEM-0012989,ORD-007317,106,1,179.99,70.0,179.99,70.0
ITEM-0012990,ORD-007318,104,1,349.99,175.0,349.99,175.0
ITEM-0012991,ORD-007318,105,1,39.99,12.0,39.99,12.0
ITEM-0012992,ORD-007319,203,1,120.0,42.0,120.0,42.0
ITEM-0012993,ORD-007319,501,1,42.0,13.0,42.0,13.0
ITEM-0012994,ORD-007320,504,1,16.99,4.2,16.99,4.2
ITEM-0012995,ORD-007320,202,1,68.0,22.0,68.0,22.0
ITEM-0012996,ORD-007321,205,1,54.0,16.0,54.0,16.0
ITEM-0012997,ORD-007321,304,1,39.99,14.0,39.99,14.0
ITEM-0012998,ORD-007322,504,1,16.99,4.2,16.99,4.2
ITEM-0012999,ORD-007322,104,1,349.99,175.0,349.99,175.0
ITEM-0013000,ORD-007323,305,1,59.99,20.0,59.99,20.0
ITEM-0013001,ORD-007324,108,2,29.99,9.5,59.98,19.0
ITEM-0013002,ORD-007325,203,1,120.0,42.0,120.0,42.0
ITEM-0013003,ORD-007326,502,2,22.99,5.5,45.98,11.0
ITEM-0013004,ORD-007326,206,2,45.0,11.0,90.0,22.0
ITEM-0013005,ORD-007327,501,2,42.0,13.0,84.0,26.0
ITEM-0013006,ORD-007328,102,1,49.99,18.0,49.99,18.0
ITEM-0013007,ORD-007328,204,1,24.0,6.0,24.0,6.0
ITEM-0013008,ORD-007329,304,2,39.99,14.0,79.98,28.0
ITEM-0013009,ORD-007329,302,2,45.0,15.0,90.0,30.0
ITEM-0013010,ORD-007329,202,2,68.0,22.0,136.0,44.0
ITEM-0013011,ORD-007330,204,2,24.0,6.0,48.0,12.0
ITEM-0013012,ORD-007331,404,1,64.99,21.0,64.99,21.0
ITEM-0013013,ORD-007331,503,1,48.0,15.0,48.0,15.0
ITEM-0013014,ORD-007331,303,1,24.99,7.5,24.99,7.5
ITEM-0013015,ORD-007332,301,1,289.0,130.0,289.0,130.0
ITEM-0013016,ORD-007333,202,1,68.0,22.0,68.0,22.0
ITEM-0013017,ORD-007333,205,1,54.0,16.0,54.0,16.0
ITEM-0013018,ORD-007334,107,1,59.99,22.0,59.99,22.0
ITEM-0013019,ORD-007335,301,1,289.0,130.0,289.0,130.0
ITEM-0013020,ORD-007335,303,1,24.99,7.5,24.99,7.5
ITEM-0013021,ORD-007335,505,1,75.0,24.0,75.0,24.0
ITEM-0013022,ORD-007336,302,1,45.0,15.0,45.0,15.0
ITEM-0013023,ORD-007336,104,3,349.99,175.0,1049.97,525.0
ITEM-0013024,ORD-007336,401,1,26.0,6.0,26.0,6.0
ITEM-0013025,ORD-007337,505,1,75.0,24.0,75.0,24.0
ITEM-0013026,ORD-007338,206,1,45.0,11.0,45.0,11.0
ITEM-0013027,ORD-007339,501,1,42.0,13.0,42.0,13.0
ITEM-0013028,ORD-007339,307,2,29.99,8.0,59.98,16.0
ITEM-0013029,ORD-007340,101,2,199.99,85.0,399.98,170.0
ITEM-0013030,ORD-007341,306,1,32.5,10.0,32.5,10.0
ITEM-0013031,ORD-007341,201,1,28.0,8.5,28.0,8.5
ITEM-0013032,ORD-007342,302,2,45.0,15.0,90.0,30.0
ITEM-0013033,ORD-007343,203,1,120.0,42.0,120.0,42.0
ITEM-0013034,ORD-007343,104,1,349.99,175.0,349.99,175.0
ITEM-0013035,ORD-007344,504,2,16.99,4.2,33.98,8.4
ITEM-0013036,ORD-007344,302,1,45.0,15.0,45.0,15.0
ITEM-0013037,ORD-007345,106,1,179.99,70.0,179.99,70.0
ITEM-0013038,ORD-007345,306,2,32.5,10.0,65.0,20.0
ITEM-0013039,ORD-007346,302,1,45.0,15.0,45.0,15.0
ITEM-0013040,ORD-007346,206,1,45.0,11.0,45.0,11.0
ITEM-0013041,ORD-007346,404,2,64.99,21.0,129.98,42.0
ITEM-0013042,ORD-007347,105,1,39.99,12.0,39.99,12.0
ITEM-0013043,ORD-007347,404,1,64.99,21.0,64.99,21.0
ITEM-0013044,ORD-007347,104,1,349.99,175.0,349.99,175.0
ITEM-0013045,ORD-007348,404,1,64.99,21.0,64.99,21.0
ITEM-0013046,ORD-007348,205,1,54.0,16.0,54.0,16.0
ITEM-0013047,ORD-007348,101,1,199.99,85.0,199.99,85.0
ITEM-0013048,ORD-007349,401,1,26.0,6.0,26.0,6.0
ITEM-0013049,ORD-007350,306,1,32.5,10.0,32.5,10.0
ITEM-0013050,ORD-007351,102,1,49.99,18.0,49.99,18.0
ITEM-0013051,ORD-007351,505,1,75.0,24.0,75.0,24.0
ITEM-0013052,ORD-007352,102,3,49.99,18.0,149.97,54.0
ITEM-0013053,ORD-007352,203,1,120.0,42.0,120.0,42.0
ITEM-0013054,ORD-007352,301,1,289.0,130.0,289.0,130.0
ITEM-0013055,ORD-007352,105,3,39.99,12.0,119.97,36.0
ITEM-0013056,ORD-007353,102,1,49.99,18.0,49.99,18.0
ITEM-0013057,ORD-007354,501,1,42.0,13.0,42.0,13.0
ITEM-0013058,ORD-007354,206,1,45.0,11.0,45.0,11.0
ITEM-0013059,ORD-007354,107,1,59.99,22.0,59.99,22.0
ITEM-0013060,ORD-007355,102,1,49.99,18.0,49.99,18.0
ITEM-0013061,ORD-007356,204,1,24.0,6.0,24.0,6.0
ITEM-0013062,ORD-007356,301,1,289.0,130.0,289.0,130.0
ITEM-0013063,ORD-007357,504,1,16.99,4.2,16.99,4.2
ITEM-0013064,ORD-007357,401,1,26.0,6.0,26.0,6.0
ITEM-0013065,ORD-007358,302,1,45.0,15.0,45.0,15.0
ITEM-0013066,ORD-007358,203,1,120.0,42.0,120.0,42.0
ITEM-0013067,ORD-007359,101,2,199.99,85.0,399.98,170.0
ITEM-0013068,ORD-007360,307,1,29.99,8.0,29.99,8.0
ITEM-0013069,ORD-007361,205,2,54.0,16.0,108.0,32.0
ITEM-0013070,ORD-007362,306,1,32.5,10.0,32.5,10.0
ITEM-0013071,ORD-007363,103,1,89.99,36.0,89.99,36.0
ITEM-0013072,ORD-007364,502,2,22.99,5.5,45.98,11.0
ITEM-0013073,ORD-007364,402,1,34.0,8.5,34.0,8.5
ITEM-0013074,ORD-007365,405,1,18.0,4.0,18.0,4.0
ITEM-0013075,ORD-007366,504,1,16.99,4.2,16.99,4.2
ITEM-0013076,ORD-007367,106,1,179.99,70.0,179.99,70.0
ITEM-0013077,ORD-007368,503,1,48.0,15.0,48.0,15.0
ITEM-0013078,ORD-007369,404,1,64.99,21.0,64.99,21.0
ITEM-0013079,ORD-007369,502,2,22.99,5.5,45.98,11.0
ITEM-0013080,ORD-007370,305,2,59.99,20.0,119.98,40.0
ITEM-0013081,ORD-007370,102,2,49.99,18.0,99.98,36.0
ITEM-0013082,ORD-007371,404,1,64.99,21.0,64.99,21.0
ITEM-0013083,ORD-007371,204,1,24.0,6.0,24.0,6.0
ITEM-0013084,ORD-007372,307,1,29.99,8.0,29.99,8.0
ITEM-0013085,ORD-007372,405,1,18.0,4.0,18.0,4.0
ITEM-0013086,ORD-007373,107,1,59.99,22.0,59.99,22.0
ITEM-0013087,ORD-007374,204,1,24.0,6.0,24.0,6.0
ITEM-0013088,ORD-007375,505,1,75.0,24.0,75.0,24.0
ITEM-0013089,ORD-007376,403,1,22.0,5.2,22.0,5.2
ITEM-0013090,ORD-007377,404,1,64.99,21.0,64.99,21.0
ITEM-0013091,ORD-007378,303,1,24.99,7.5,24.99,7.5
ITEM-0013092,ORD-007379,306,1,32.5,10.0,32.5,10.0
ITEM-0013093,ORD-007380,402,1,34.0,8.5,34.0,8.5
ITEM-0013094,ORD-007380,401,1,26.0,6.0,26.0,6.0
ITEM-0013095,ORD-007381,105,1,39.99,12.0,39.99,12.0
ITEM-0013096,ORD-007382,104,3,349.99,175.0,1049.97,525.0
ITEM-0013097,ORD-007382,105,1,39.99,12.0,39.99,12.0
ITEM-0013098,ORD-007382,106,1,179.99,70.0,179.99,70.0
ITEM-0013099,ORD-007382,103,2,89.99,36.0,179.98,72.0
ITEM-0013100,ORD-007383,402,1,34.0,8.5,34.0,8.5
ITEM-0013101,ORD-007383,301,1,289.0,130.0,289.0,130.0
ITEM-0013102,ORD-007383,504,1,16.99,4.2,16.99,4.2
ITEM-0013103,ORD-007384,504,1,16.99,4.2,16.99,4.2
ITEM-0013104,ORD-007385,102,1,49.99,18.0,49.99,18.0
ITEM-0013105,ORD-007386,302,1,45.0,15.0,45.0,15.0
ITEM-0013106,ORD-007386,402,1,34.0,8.5,34.0,8.5
ITEM-0013107,ORD-007386,205,2,54.0,16.0,108.0,32.0
ITEM-0013108,ORD-007387,202,1,68.0,22.0,68.0,22.0
ITEM-0013109,ORD-007388,206,1,45.0,11.0,45.0,11.0
ITEM-0013110,ORD-007389,502,1,22.99,5.5,22.99,5.5
ITEM-0013111,ORD-007390,302,3,45.0,15.0,135.0,45.0
ITEM-0013112,ORD-007391,204,1,24.0,6.0,24.0,6.0
ITEM-0013113,ORD-007392,404,1,64.99,21.0,64.99,21.0
ITEM-0013114,ORD-007392,504,1,16.99,4.2,16.99,4.2
ITEM-0013115,ORD-007392,505,1,75.0,24.0,75.0,24.0
ITEM-0013116,ORD-007392,501,1,42.0,13.0,42.0,13.0
ITEM-0013117,ORD-007393,505,1,75.0,24.0,75.0,24.0
ITEM-0013118,ORD-007393,107,1,59.99,22.0,59.99,22.0
ITEM-0013119,ORD-007393,503,1,48.0,15.0,48.0,15.0
ITEM-0013120,ORD-007394,401,1,26.0,6.0,26.0,6.0
ITEM-0013121,ORD-007395,201,1,28.0,8.5,28.0,8.5
ITEM-0013122,ORD-007395,101,1,199.99,85.0,199.99,85.0
ITEM-0013123,ORD-007396,502,1,22.99,5.5,22.99,5.5
ITEM-0013124,ORD-007396,301,1,289.0,130.0,289.0,130.0
ITEM-0013125,ORD-007397,404,1,64.99,21.0,64.99,21.0
ITEM-0013126,ORD-007398,401,1,26.0,6.0,26.0,6.0
ITEM-0013127,ORD-007399,503,2,48.0,15.0,96.0,30.0
ITEM-0013128,ORD-007399,201,1,28.0,8.5,28.0,8.5
ITEM-0013129,ORD-007399,204,1,24.0,6.0,24.0,6.0
ITEM-0013130,ORD-007400,202,1,68.0,22.0,68.0,22.0
ITEM-0013131,ORD-007400,307,1,29.99,8.0,29.99,8.0
ITEM-0013132,ORD-007401,402,2,34.0,8.5,68.0,17.0
ITEM-0013133,ORD-007402,301,1,289.0,130.0,289.0,130.0
ITEM-0013134,ORD-007402,302,1,45.0,15.0,45.0,15.0
ITEM-0013135,ORD-007403,205,1,54.0,16.0,54.0,16.0
ITEM-0013136,ORD-007403,104,1,349.99,175.0,349.99,175.0
ITEM-0013137,ORD-007404,301,2,289.0,130.0,578.0,260.0
ITEM-0013138,ORD-007404,302,1,45.0,15.0,45.0,15.0
ITEM-0013139,ORD-007405,303,1,24.99,7.5,24.99,7.5
ITEM-0013140,ORD-007405,301,1,289.0,130.0,289.0,130.0
ITEM-0013141,ORD-007405,401,1,26.0,6.0,26.0,6.0
ITEM-0013142,ORD-007406,103,1,89.99,36.0,89.99,36.0
ITEM-0013143,ORD-007406,303,1,24.99,7.5,24.99,7.5
ITEM-0013144,ORD-007407,501,1,42.0,13.0,42.0,13.0
ITEM-0013145,ORD-007408,101,1,199.99,85.0,199.99,85.0
ITEM-0013146,ORD-007408,108,1,29.99,9.5,29.99,9.5
ITEM-0013147,ORD-007409,104,1,349.99,175.0,349.99,175.0
ITEM-0013148,ORD-007409,102,1,49.99,18.0,49.99,18.0
ITEM-0013149,ORD-007409,103,1,89.99,36.0,89.99,36.0
ITEM-0013150,ORD-007409,105,1,39.99,12.0,39.99,12.0
ITEM-0013151,ORD-007410,107,2,59.99,22.0,119.98,44.0
ITEM-0013152,ORD-007410,403,1,22.0,5.2,22.0,5.2
ITEM-0013153,ORD-007411,501,1,42.0,13.0,42.0,13.0
ITEM-0013154,ORD-007412,302,1,45.0,15.0,45.0,15.0
ITEM-0013155,ORD-007412,307,3,29.99,8.0,89.97,24.0
ITEM-0013156,ORD-007412,103,1,89.99,36.0,89.99,36.0
ITEM-0013157,ORD-007412,108,2,29.99,9.5,59.98,19.0
ITEM-0013158,ORD-007413,401,1,26.0,6.0,26.0,6.0
ITEM-0013159,ORD-007414,101,1,199.99,85.0,199.99,85.0
ITEM-0013160,ORD-007414,108,1,29.99,9.5,29.99,9.5
ITEM-0013161,ORD-007414,107,1,59.99,22.0,59.99,22.0
ITEM-0013162,ORD-007414,203,1,120.0,42.0,120.0,42.0
ITEM-0013163,ORD-007415,301,1,289.0,130.0,289.0,130.0
ITEM-0013164,ORD-007416,302,1,45.0,15.0,45.0,15.0
ITEM-0013165,ORD-007416,402,1,34.0,8.5,34.0,8.5
ITEM-0013166,ORD-007417,501,1,42.0,13.0,42.0,13.0
ITEM-0013167,ORD-007418,402,1,34.0,8.5,34.0,8.5
ITEM-0013168,ORD-007419,101,1,199.99,85.0,199.99,85.0
ITEM-0013169,ORD-007419,307,1,29.99,8.0,29.99,8.0
ITEM-0013170,ORD-007420,307,1,29.99,8.0,29.99,8.0
ITEM-0013171,ORD-007420,502,1,22.99,5.5,22.99,5.5
ITEM-0013172,ORD-007421,301,1,289.0,130.0,289.0,130.0
ITEM-0013173,ORD-007422,404,1,64.99,21.0,64.99,21.0
ITEM-0013174,ORD-007423,301,1,289.0,130.0,289.0,130.0
ITEM-0013175,ORD-007424,102,1,49.99,18.0,49.99,18.0
ITEM-0013176,ORD-007425,303,1,24.99,7.5,24.99,7.5
ITEM-0013177,ORD-007426,306,1,32.5,10.0,32.5,10.0
ITEM-0013178,ORD-007427,304,2,39.99,14.0,79.98,28.0
ITEM-0013179,ORD-007427,204,1,24.0,6.0,24.0,6.0
ITEM-0013180,ORD-007427,108,3,29.99,9.5,89.97,28.5
ITEM-0013181,ORD-007428,401,1,26.0,6.0,26.0,6.0
ITEM-0013182,ORD-007428,206,1,45.0,11.0,45.0,11.0
ITEM-0013183,ORD-007429,304,1,39.99,14.0,39.99,14.0
ITEM-0013184,ORD-007429,303,1,24.99,7.5,24.99,7.5
ITEM-0013185,ORD-007430,107,1,59.99,22.0,59.99,22.0
ITEM-0013186,ORD-007430,404,1,64.99,21.0,64.99,21.0
ITEM-0013187,ORD-007431,103,1,89.99,36.0,89.99,36.0
ITEM-0013188,ORD-007431,405,2,18.0,4.0,36.0,8.0
ITEM-0013189,ORD-007432,402,1,34.0,8.5,34.0,8.5
ITEM-0013190,ORD-007433,503,1,48.0,15.0,48.0,15.0
ITEM-0013191,ORD-007434,503,1,48.0,15.0,48.0,15.0
ITEM-0013192,ORD-007434,502,1,22.99,5.5,22.99,5.5
ITEM-0013193,ORD-007435,307,1,29.99,8.0,29.99,8.0
ITEM-0013194,ORD-007435,405,1,18.0,4.0,18.0,4.0
ITEM-0013195,ORD-007436,306,2,32.5,10.0,65.0,20.0
ITEM-0013196,ORD-007437,505,1,75.0,24.0,75.0,24.0
ITEM-0013197,ORD-007437,401,1,26.0,6.0,26.0,6.0
ITEM-0013198,ORD-007437,304,1,39.99,14.0,39.99,14.0
ITEM-0013199,ORD-007438,206,1,45.0,11.0,45.0,11.0
ITEM-0013200,ORD-007439,306,1,32.5,10.0,32.5,10.0
ITEM-0013201,ORD-007440,108,1,29.99,9.5,29.99,9.5
ITEM-0013202,ORD-007441,304,1,39.99,14.0,39.99,14.0
ITEM-0013203,ORD-007441,101,3,199.99,85.0,599.97,255.0
ITEM-0013204,ORD-007441,505,1,75.0,24.0,75.0,24.0
ITEM-0013205,ORD-007442,403,1,22.0,5.2,22.0,5.2
ITEM-0013206,ORD-007442,302,1,45.0,15.0,45.0,15.0
ITEM-0013207,ORD-007443,203,1,120.0,42.0,120.0,42.0
ITEM-0013208,ORD-007444,307,1,29.99,8.0,29.99,8.0
ITEM-0013209,ORD-007444,202,1,68.0,22.0,68.0,22.0
ITEM-0013210,ORD-007444,305,1,59.99,20.0,59.99,20.0
ITEM-0013211,ORD-007444,306,1,32.5,10.0,32.5,10.0
ITEM-0013212,ORD-007445,102,1,49.99,18.0,49.99,18.0
ITEM-0013213,ORD-007446,201,1,28.0,8.5,28.0,8.5
ITEM-0013214,ORD-007446,304,1,39.99,14.0,39.99,14.0
ITEM-0013215,ORD-007446,202,1,68.0,22.0,68.0,22.0
ITEM-0013216,ORD-007446,306,1,32.5,10.0,32.5,10.0
ITEM-0013217,ORD-007447,102,1,49.99,18.0,49.99,18.0
ITEM-0013218,ORD-007447,202,1,68.0,22.0,68.0,22.0
ITEM-0013219,ORD-007447,402,1,34.0,8.5,34.0,8.5
ITEM-0013220,ORD-007448,404,1,64.99,21.0,64.99,21.0
ITEM-0013221,ORD-007448,305,2,59.99,20.0,119.98,40.0
ITEM-0013222,ORD-007449,103,2,89.99,36.0,179.98,72.0
ITEM-0013223,ORD-007449,404,1,64.99,21.0,64.99,21.0
ITEM-0013224,ORD-007450,205,1,54.0,16.0,54.0,16.0
ITEM-0013225,ORD-007450,201,2,28.0,8.5,56.0,17.0
ITEM-0013226,ORD-007451,108,1,29.99,9.5,29.99,9.5
ITEM-0013227,ORD-007452,501,1,42.0,13.0,42.0,13.0
ITEM-0013228,ORD-007452,502,1,22.99,5.5,22.99,5.5
ITEM-0013229,ORD-007453,105,2,39.99,12.0,79.98,24.0
ITEM-0013230,ORD-007454,403,1,22.0,5.2,22.0,5.2
ITEM-0013231,ORD-007454,206,1,45.0,11.0,45.0,11.0
ITEM-0013232,ORD-007455,203,1,120.0,42.0,120.0,42.0
ITEM-0013233,ORD-007455,402,1,34.0,8.5,34.0,8.5
ITEM-0013234,ORD-007456,201,1,28.0,8.5,28.0,8.5
ITEM-0013235,ORD-007456,108,1,29.99,9.5,29.99,9.5
ITEM-0013236,ORD-007457,402,1,34.0,8.5,34.0,8.5
ITEM-0013237,ORD-007458,202,1,68.0,22.0,68.0,22.0
ITEM-0013238,ORD-007459,205,1,54.0,16.0,54.0,16.0
ITEM-0013239,ORD-007460,306,1,32.5,10.0,32.5,10.0
ITEM-0013240,ORD-007460,404,1,64.99,21.0,64.99,21.0
ITEM-0013241,ORD-007460,105,2,39.99,12.0,79.98,24.0
ITEM-0013242,ORD-007461,305,2,59.99,20.0,119.98,40.0
ITEM-0013243,ORD-007462,101,1,199.99,85.0,199.99,85.0
ITEM-0013244,ORD-007462,107,1,59.99,22.0,59.99,22.0
ITEM-0013245,ORD-007463,105,1,39.99,12.0,39.99,12.0
ITEM-0013246,ORD-007464,501,1,42.0,13.0,42.0,13.0
ITEM-0013247,ORD-007465,303,1,24.99,7.5,24.99,7.5
ITEM-0013248,ORD-007466,206,1,45.0,11.0,45.0,11.0
ITEM-0013249,ORD-007466,504,1,16.99,4.2,16.99,4.2
ITEM-0013250,ORD-007466,306,1,32.5,10.0,32.5,10.0
ITEM-0013251,ORD-007467,104,1,349.99,175.0,349.99,175.0
ITEM-0013252,ORD-007467,102,2,49.99,18.0,99.98,36.0
ITEM-0013253,ORD-007467,306,1,32.5,10.0,32.5,10.0
ITEM-0013254,ORD-007468,202,1,68.0,22.0,68.0,22.0
ITEM-0013255,ORD-007468,301,1,289.0,130.0,289.0,130.0
ITEM-0013256,ORD-007469,103,1,89.99,36.0,89.99,36.0
ITEM-0013257,ORD-007470,306,1,32.5,10.0,32.5,10.0
ITEM-0013258,ORD-007470,502,1,22.99,5.5,22.99,5.5
ITEM-0013259,ORD-007470,101,3,199.99,85.0,599.97,255.0
ITEM-0013260,ORD-007471,108,2,29.99,9.5,59.98,19.0
ITEM-0013261,ORD-007471,303,1,24.99,7.5,24.99,7.5
ITEM-0013262,ORD-007472,403,1,22.0,5.2,22.0,5.2
ITEM-0013263,ORD-007472,502,1,22.99,5.5,22.99,5.5
ITEM-0013264,ORD-007473,306,1,32.5,10.0,32.5,10.0
ITEM-0013265,ORD-007474,307,1,29.99,8.0,29.99,8.0
ITEM-0013266,ORD-007475,402,1,34.0,8.5,34.0,8.5
ITEM-0013267,ORD-007476,103,1,89.99,36.0,89.99,36.0
ITEM-0013268,ORD-007477,106,1,179.99,70.0,179.99,70.0
ITEM-0013269,ORD-007477,405,2,18.0,4.0,36.0,8.0
ITEM-0013270,ORD-007478,107,1,59.99,22.0,59.99,22.0
ITEM-0013271,ORD-007479,305,1,59.99,20.0,59.99,20.0
ITEM-0013272,ORD-007479,104,1,349.99,175.0,349.99,175.0
ITEM-0013273,ORD-007480,103,1,89.99,36.0,89.99,36.0
ITEM-0013274,ORD-007480,504,2,16.99,4.2,33.98,8.4
ITEM-0013275,ORD-007481,401,1,26.0,6.0,26.0,6.0
ITEM-0013276,ORD-007481,402,1,34.0,8.5,34.0,8.5
ITEM-0013277,ORD-007482,503,1,48.0,15.0,48.0,15.0
ITEM-0013278,ORD-007483,201,1,28.0,8.5,28.0,8.5
ITEM-0013279,ORD-007483,306,1,32.5,10.0,32.5,10.0
ITEM-0013280,ORD-007484,403,2,22.0,5.2,44.0,10.4
ITEM-0013281,ORD-007484,201,1,28.0,8.5,28.0,8.5
ITEM-0013282,ORD-007484,402,1,34.0,8.5,34.0,8.5
ITEM-0013283,ORD-007484,503,1,48.0,15.0,48.0,15.0
ITEM-0013284,ORD-007485,504,1,16.99,4.2,16.99,4.2
ITEM-0013285,ORD-007486,301,1,289.0,130.0,289.0,130.0
ITEM-0013286,ORD-007486,302,1,45.0,15.0,45.0,15.0
ITEM-0013287,ORD-007487,106,1,179.99,70.0,179.99,70.0
ITEM-0013288,ORD-007488,307,2,29.99,8.0,59.98,16.0
ITEM-0013289,ORD-007489,505,1,75.0,24.0,75.0,24.0
ITEM-0013290,ORD-007489,304,1,39.99,14.0,39.99,14.0
ITEM-0013291,ORD-007489,402,1,34.0,8.5,34.0,8.5
ITEM-0013292,ORD-007490,105,1,39.99,12.0,39.99,12.0
ITEM-0013293,ORD-007490,404,1,64.99,21.0,64.99,21.0
ITEM-0013294,ORD-007490,103,1,89.99,36.0,89.99,36.0
ITEM-0013295,ORD-007491,303,1,24.99,7.5,24.99,7.5
ITEM-0013296,ORD-007492,305,1,59.99,20.0,59.99,20.0
ITEM-0013297,ORD-007493,503,1,48.0,15.0,48.0,15.0
ITEM-0013298,ORD-007494,501,1,42.0,13.0,42.0,13.0
ITEM-0013299,ORD-007495,108,1,29.99,9.5,29.99,9.5
ITEM-0013300,ORD-007495,403,1,22.0,5.2,22.0,5.2
ITEM-0013301,ORD-007495,201,2,28.0,8.5,56.0,17.0
ITEM-0013302,ORD-007495,303,1,24.99,7.5,24.99,7.5
ITEM-0013303,ORD-007496,202,1,68.0,22.0,68.0,22.0
ITEM-0013304,ORD-007496,504,2,16.99,4.2,33.98,8.4
ITEM-0013305,ORD-007497,201,1,28.0,8.5,28.0,8.5
ITEM-0013306,ORD-007497,502,1,22.99,5.5,22.99,5.5
ITEM-0013307,ORD-007498,301,1,289.0,130.0,289.0,130.0
ITEM-0013308,ORD-007499,505,1,75.0,24.0,75.0,24.0
ITEM-0013309,ORD-007499,103,1,89.99,36.0,89.99,36.0
ITEM-0013310,ORD-007500,505,1,75.0,24.0,75.0,24.0
ITEM-0013311,ORD-007500,101,1,199.99,85.0,199.99,85.0
ITEM-0013312,ORD-007501,102,1,49.99,18.0,49.99,18.0
ITEM-0013313,ORD-007502,104,2,349.99,175.0,699.98,350.0
ITEM-0013314,ORD-007503,402,1,34.0,8.5,34.0,8.5
ITEM-0013315,ORD-007503,303,1,24.99,7.5,24.99,7.5
ITEM-0013316,ORD-007503,301,1,289.0,130.0,289.0,130.0
ITEM-0013317,ORD-007504,205,2,54.0,16.0,108.0,32.0
ITEM-0013318,ORD-007504,204,2,24.0,6.0,48.0,12.0
ITEM-0013319,ORD-007504,303,1,24.99,7.5,24.99,7.5
ITEM-0013320,ORD-007504,402,1,34.0,8.5,34.0,8.5
ITEM-0013321,ORD-007505,106,2,179.99,70.0,359.98,140.0
ITEM-0013322,ORD-007505,301,1,289.0,130.0,289.0,130.0
ITEM-0013323,ORD-007506,203,1,120.0,42.0,120.0,42.0
ITEM-0013324,ORD-007506,501,1,42.0,13.0,42.0,13.0
ITEM-0013325,ORD-007507,306,1,32.5,10.0,32.5,10.0
ITEM-0013326,ORD-007508,204,1,24.0,6.0,24.0,6.0
ITEM-0013327,ORD-007508,107,1,59.99,22.0,59.99,22.0
ITEM-0013328,ORD-007509,202,1,68.0,22.0,68.0,22.0
ITEM-0013329,ORD-007510,102,1,49.99,18.0,49.99,18.0
ITEM-0013330,ORD-007511,206,2,45.0,11.0,90.0,22.0
ITEM-0013331,ORD-007512,105,1,39.99,12.0,39.99,12.0
ITEM-0013332,ORD-007513,203,1,120.0,42.0,120.0,42.0
ITEM-0013333,ORD-007513,401,1,26.0,6.0,26.0,6.0
ITEM-0013334,ORD-007513,206,1,45.0,11.0,45.0,11.0
ITEM-0013335,ORD-007513,501,1,42.0,13.0,42.0,13.0
ITEM-0013336,ORD-007514,104,1,349.99,175.0,349.99,175.0
ITEM-0013337,ORD-007515,107,1,59.99,22.0,59.99,22.0
ITEM-0013338,ORD-007516,404,1,64.99,21.0,64.99,21.0
ITEM-0013339,ORD-007516,304,1,39.99,14.0,39.99,14.0
ITEM-0013340,ORD-007517,305,2,59.99,20.0,119.98,40.0
ITEM-0013341,ORD-007517,104,1,349.99,175.0,349.99,175.0
ITEM-0013342,ORD-007518,201,1,28.0,8.5,28.0,8.5
ITEM-0013343,ORD-007518,301,1,289.0,130.0,289.0,130.0
ITEM-0013344,ORD-007519,403,1,22.0,5.2,22.0,5.2
ITEM-0013345,ORD-007519,204,1,24.0,6.0,24.0,6.0
ITEM-0013346,ORD-007519,302,1,45.0,15.0,45.0,15.0
ITEM-0013347,ORD-007520,305,1,59.99,20.0,59.99,20.0
ITEM-0013348,ORD-007521,304,1,39.99,14.0,39.99,14.0
ITEM-0013349,ORD-007522,402,1,34.0,8.5,34.0,8.5
ITEM-0013350,ORD-007523,105,1,39.99,12.0,39.99,12.0
ITEM-0013351,ORD-007524,204,2,24.0,6.0,48.0,12.0
ITEM-0013352,ORD-007525,205,1,54.0,16.0,54.0,16.0
ITEM-0013353,ORD-007525,102,1,49.99,18.0,49.99,18.0
ITEM-0013354,ORD-007526,201,3,28.0,8.5,84.0,25.5
ITEM-0013355,ORD-007526,101,1,199.99,85.0,199.99,85.0
ITEM-0013356,ORD-007526,107,1,59.99,22.0,59.99,22.0
ITEM-0013357,ORD-007527,503,1,48.0,15.0,48.0,15.0
ITEM-0013358,ORD-007527,301,1,289.0,130.0,289.0,130.0
ITEM-0013359,ORD-007528,205,1,54.0,16.0,54.0,16.0
ITEM-0013360,ORD-007528,201,1,28.0,8.5,28.0,8.5
ITEM-0013361,ORD-007528,106,1,179.99,70.0,179.99,70.0
ITEM-0013362,ORD-007529,403,1,22.0,5.2,22.0,5.2
ITEM-0013363,ORD-007529,304,2,39.99,14.0,79.98,28.0
ITEM-0013364,ORD-007530,105,2,39.99,12.0,79.98,24.0
ITEM-0013365,ORD-007530,402,1,34.0,8.5,34.0,8.5
ITEM-0013366,ORD-007530,403,1,22.0,5.2,22.0,5.2
ITEM-0013367,ORD-007531,106,2,179.99,70.0,359.98,140.0
ITEM-0013368,ORD-007532,305,1,59.99,20.0,59.99,20.0
ITEM-0013369,ORD-007533,108,1,29.99,9.5,29.99,9.5
ITEM-0013370,ORD-007533,103,1,89.99,36.0,89.99,36.0
ITEM-0013371,ORD-007534,501,1,42.0,13.0,42.0,13.0
ITEM-0013372,ORD-007535,401,1,26.0,6.0,26.0,6.0
ITEM-0013373,ORD-007536,203,3,120.0,42.0,360.0,126.0
ITEM-0013374,ORD-007537,107,1,59.99,22.0,59.99,22.0
ITEM-0013375,ORD-007537,501,2,42.0,13.0,84.0,26.0
ITEM-0013376,ORD-007538,102,1,49.99,18.0,49.99,18.0
ITEM-0013377,ORD-007539,201,1,28.0,8.5,28.0,8.5
ITEM-0013378,ORD-007540,304,1,39.99,14.0,39.99,14.0
ITEM-0013379,ORD-007540,303,1,24.99,7.5,24.99,7.5
ITEM-0013380,ORD-007540,105,1,39.99,12.0,39.99,12.0
ITEM-0013381,ORD-007541,303,1,24.99,7.5,24.99,7.5
ITEM-0013382,ORD-007542,205,1,54.0,16.0,54.0,16.0
ITEM-0013383,ORD-007543,102,1,49.99,18.0,49.99,18.0
ITEM-0013384,ORD-007543,104,2,349.99,175.0,699.98,350.0
ITEM-0013385,ORD-007544,403,1,22.0,5.2,22.0,5.2
ITEM-0013386,ORD-007544,501,1,42.0,13.0,42.0,13.0
ITEM-0013387,ORD-007545,102,1,49.99,18.0,49.99,18.0
ITEM-0013388,ORD-007546,107,1,59.99,22.0,59.99,22.0
ITEM-0013389,ORD-007546,105,1,39.99,12.0,39.99,12.0
ITEM-0013390,ORD-007546,204,1,24.0,6.0,24.0,6.0
ITEM-0013391,ORD-007546,503,2,48.0,15.0,96.0,30.0
ITEM-0013392,ORD-007547,307,1,29.99,8.0,29.99,8.0
ITEM-0013393,ORD-007547,401,1,26.0,6.0,26.0,6.0
ITEM-0013394,ORD-007547,203,3,120.0,42.0,360.0,126.0
ITEM-0013395,ORD-007547,105,1,39.99,12.0,39.99,12.0
ITEM-0013396,ORD-007548,105,1,39.99,12.0,39.99,12.0
ITEM-0013397,ORD-007549,206,1,45.0,11.0,45.0,11.0
ITEM-0013398,ORD-007549,202,1,68.0,22.0,68.0,22.0
ITEM-0013399,ORD-007550,503,1,48.0,15.0,48.0,15.0
ITEM-0013400,ORD-007550,501,1,42.0,13.0,42.0,13.0
ITEM-0013401,ORD-007550,303,1,24.99,7.5,24.99,7.5
ITEM-0013402,ORD-007551,505,1,75.0,24.0,75.0,24.0
ITEM-0013403,ORD-007552,303,2,24.99,7.5,49.98,15.0
ITEM-0013404,ORD-007552,106,1,179.99,70.0,179.99,70.0
ITEM-0013405,ORD-007553,505,1,75.0,24.0,75.0,24.0
ITEM-0013406,ORD-007553,202,1,68.0,22.0,68.0,22.0
ITEM-0013407,ORD-007554,504,1,16.99,4.2,16.99,4.2
ITEM-0013408,ORD-007554,107,1,59.99,22.0,59.99,22.0
ITEM-0013409,ORD-007555,107,1,59.99,22.0,59.99,22.0
ITEM-0013410,ORD-007555,405,1,18.0,4.0,18.0,4.0
ITEM-0013411,ORD-007556,504,1,16.99,4.2,16.99,4.2
ITEM-0013412,ORD-007556,203,1,120.0,42.0,120.0,42.0
ITEM-0013413,ORD-007557,204,2,24.0,6.0,48.0,12.0
ITEM-0013414,ORD-007558,307,1,29.99,8.0,29.99,8.0
ITEM-0013415,ORD-007559,503,1,48.0,15.0,48.0,15.0
ITEM-0013416,ORD-007559,105,1,39.99,12.0,39.99,12.0
ITEM-0013417,ORD-007559,302,1,45.0,15.0,45.0,15.0
ITEM-0013418,ORD-007560,401,1,26.0,6.0,26.0,6.0
ITEM-0013419,ORD-007561,103,1,89.99,36.0,89.99,36.0
ITEM-0013420,ORD-007561,501,3,42.0,13.0,126.0,39.0
ITEM-0013421,ORD-007562,102,1,49.99,18.0,49.99,18.0
ITEM-0013422,ORD-007562,206,1,45.0,11.0,45.0,11.0
ITEM-0013423,ORD-007563,105,2,39.99,12.0,79.98,24.0
ITEM-0013424,ORD-007564,403,1,22.0,5.2,22.0,5.2
ITEM-0013425,ORD-007564,107,1,59.99,22.0,59.99,22.0
ITEM-0013426,ORD-007564,303,1,24.99,7.5,24.99,7.5
ITEM-0013427,ORD-007564,105,1,39.99,12.0,39.99,12.0
ITEM-0013428,ORD-007565,106,1,179.99,70.0,179.99,70.0
ITEM-0013429,ORD-007565,505,1,75.0,24.0,75.0,24.0
ITEM-0013430,ORD-007566,206,1,45.0,11.0,45.0,11.0
ITEM-0013431,ORD-007566,104,1,349.99,175.0,349.99,175.0
ITEM-0013432,ORD-007566,505,1,75.0,24.0,75.0,24.0
ITEM-0013433,ORD-007567,201,1,28.0,8.5,28.0,8.5
ITEM-0013434,ORD-007568,106,1,179.99,70.0,179.99,70.0
ITEM-0013435,ORD-007569,306,1,32.5,10.0,32.5,10.0
ITEM-0013436,ORD-007569,401,1,26.0,6.0,26.0,6.0
ITEM-0013437,ORD-007570,107,1,59.99,22.0,59.99,22.0
ITEM-0013438,ORD-007571,105,1,39.99,12.0,39.99,12.0
ITEM-0013439,ORD-007572,106,1,179.99,70.0,179.99,70.0
ITEM-0013440,ORD-007572,404,1,64.99,21.0,64.99,21.0
ITEM-0013441,ORD-007572,402,1,34.0,8.5,34.0,8.5
ITEM-0013442,ORD-007573,303,1,24.99,7.5,24.99,7.5
ITEM-0013443,ORD-007574,105,1,39.99,12.0,39.99,12.0
ITEM-0013444,ORD-007574,502,1,22.99,5.5,22.99,5.5
ITEM-0013445,ORD-007574,402,1,34.0,8.5,34.0,8.5
ITEM-0013446,ORD-007575,505,1,75.0,24.0,75.0,24.0
ITEM-0013447,ORD-007576,103,2,89.99,36.0,179.98,72.0
ITEM-0013448,ORD-007576,501,1,42.0,13.0,42.0,13.0
ITEM-0013449,ORD-007576,402,1,34.0,8.5,34.0,8.5
ITEM-0013450,ORD-007576,205,2,54.0,16.0,108.0,32.0
ITEM-0013451,ORD-007577,403,1,22.0,5.2,22.0,5.2
ITEM-0013452,ORD-007577,404,1,64.99,21.0,64.99,21.0
ITEM-0013453,ORD-007578,504,2,16.99,4.2,33.98,8.4
ITEM-0013454,ORD-007578,301,2,289.0,130.0,578.0,260.0
ITEM-0013455,ORD-007578,108,1,29.99,9.5,29.99,9.5
ITEM-0013456,ORD-007579,103,3,89.99,36.0,269.97,108.0
ITEM-0013457,ORD-007580,504,1,16.99,4.2,16.99,4.2
ITEM-0013458,ORD-007581,304,3,39.99,14.0,119.97,42.0
ITEM-0013459,ORD-007581,203,1,120.0,42.0,120.0,42.0
ITEM-0013460,ORD-007582,501,1,42.0,13.0,42.0,13.0
ITEM-0013461,ORD-007582,502,2,22.99,5.5,45.98,11.0
ITEM-0013462,ORD-007583,201,2,28.0,8.5,56.0,17.0
ITEM-0013463,ORD-007583,503,1,48.0,15.0,48.0,15.0
ITEM-0013464,ORD-007584,303,1,24.99,7.5,24.99,7.5
ITEM-0013465,ORD-007584,108,1,29.99,9.5,29.99,9.5
ITEM-0013466,ORD-007585,306,1,32.5,10.0,32.5,10.0
ITEM-0013467,ORD-007585,108,1,29.99,9.5,29.99,9.5
ITEM-0013468,ORD-007586,305,2,59.99,20.0,119.98,40.0
ITEM-0013469,ORD-007586,503,1,48.0,15.0,48.0,15.0
ITEM-0013470,ORD-007586,101,2,199.99,85.0,399.98,170.0
ITEM-0013471,ORD-007586,203,3,120.0,42.0,360.0,126.0
ITEM-0013472,ORD-007587,403,3,22.0,5.2,66.0,15.6
ITEM-0013473,ORD-007587,205,1,54.0,16.0,54.0,16.0
ITEM-0013474,ORD-007588,301,2,289.0,130.0,578.0,260.0
ITEM-0013475,ORD-007589,303,1,24.99,7.5,24.99,7.5
ITEM-0013476,ORD-007589,502,1,22.99,5.5,22.99,5.5
ITEM-0013477,ORD-007590,104,1,349.99,175.0,349.99,175.0
ITEM-0013478,ORD-007591,401,1,26.0,6.0,26.0,6.0
ITEM-0013479,ORD-007591,402,1,34.0,8.5,34.0,8.5
ITEM-0013480,ORD-007591,403,1,22.0,5.2,22.0,5.2
ITEM-0013481,ORD-007592,101,1,199.99,85.0,199.99,85.0
ITEM-0013482,ORD-007592,108,1,29.99,9.5,29.99,9.5
ITEM-0013483,ORD-007593,402,1,34.0,8.5,34.0,8.5
ITEM-0013484,ORD-007593,501,1,42.0,13.0,42.0,13.0
ITEM-0013485,ORD-007594,405,2,18.0,4.0,36.0,8.0
ITEM-0013486,ORD-007595,401,1,26.0,6.0,26.0,6.0
ITEM-0013487,ORD-007596,403,1,22.0,5.2,22.0,5.2
ITEM-0013488,ORD-007597,307,1,29.99,8.0,29.99,8.0
ITEM-0013489,ORD-007598,503,2,48.0,15.0,96.0,30.0
ITEM-0013490,ORD-007599,505,1,75.0,24.0,75.0,24.0
ITEM-0013491,ORD-007599,106,1,179.99,70.0,179.99,70.0
ITEM-0013492,ORD-007599,203,1,120.0,42.0,120.0,42.0
ITEM-0013493,ORD-007600,201,1,28.0,8.5,28.0,8.5
ITEM-0013494,ORD-007600,403,1,22.0,5.2,22.0,5.2
ITEM-0013495,ORD-007600,504,1,16.99,4.2,16.99,4.2
ITEM-0013496,ORD-007600,107,1,59.99,22.0,59.99,22.0
ITEM-0013497,ORD-007601,301,1,289.0,130.0,289.0,130.0
ITEM-0013498,ORD-007601,303,2,24.99,7.5,49.98,15.0
ITEM-0013499,ORD-007601,504,1,16.99,4.2,16.99,4.2
ITEM-0013500,ORD-007602,108,1,29.99,9.5,29.99,9.5
ITEM-0013501,ORD-007602,304,1,39.99,14.0,39.99,14.0
ITEM-0013502,ORD-007603,501,1,42.0,13.0,42.0,13.0
ITEM-0013503,ORD-007604,104,1,349.99,175.0,349.99,175.0
ITEM-0013504,ORD-007605,201,1,28.0,8.5,28.0,8.5
ITEM-0013505,ORD-007605,501,1,42.0,13.0,42.0,13.0
ITEM-0013506,ORD-007605,206,1,45.0,11.0,45.0,11.0
ITEM-0013507,ORD-007606,501,1,42.0,13.0,42.0,13.0
ITEM-0013508,ORD-007606,302,1,45.0,15.0,45.0,15.0
ITEM-0013509,ORD-007607,205,1,54.0,16.0,54.0,16.0
ITEM-0013510,ORD-007607,204,1,24.0,6.0,24.0,6.0
ITEM-0013511,ORD-007608,405,1,18.0,4.0,18.0,4.0
ITEM-0013512,ORD-007608,101,2,199.99,85.0,399.98,170.0
ITEM-0013513,ORD-007608,404,1,64.99,21.0,64.99,21.0
ITEM-0013514,ORD-007609,306,1,32.5,10.0,32.5,10.0
ITEM-0013515,ORD-007610,205,2,54.0,16.0,108.0,32.0
ITEM-0013516,ORD-007611,403,2,22.0,5.2,44.0,10.4
ITEM-0013517,ORD-007611,106,1,179.99,70.0,179.99,70.0
ITEM-0013518,ORD-007612,503,1,48.0,15.0,48.0,15.0
ITEM-0013519,ORD-007613,101,1,199.99,85.0,199.99,85.0
ITEM-0013520,ORD-007614,403,1,22.0,5.2,22.0,5.2
ITEM-0013521,ORD-007615,501,1,42.0,13.0,42.0,13.0
ITEM-0013522,ORD-007616,108,1,29.99,9.5,29.99,9.5
ITEM-0013523,ORD-007616,305,1,59.99,20.0,59.99,20.0
ITEM-0013524,ORD-007616,405,1,18.0,4.0,18.0,4.0
ITEM-0013525,ORD-007617,303,1,24.99,7.5,24.99,7.5
ITEM-0013526,ORD-007617,204,2,24.0,6.0,48.0,12.0
ITEM-0013527,ORD-007617,302,1,45.0,15.0,45.0,15.0
ITEM-0013528,ORD-007618,202,1,68.0,22.0,68.0,22.0
ITEM-0013529,ORD-007618,301,1,289.0,130.0,289.0,130.0
ITEM-0013530,ORD-007619,201,1,28.0,8.5,28.0,8.5
ITEM-0013531,ORD-007620,103,1,89.99,36.0,89.99,36.0
ITEM-0013532,ORD-007621,306,1,32.5,10.0,32.5,10.0
ITEM-0013533,ORD-007622,301,1,289.0,130.0,289.0,130.0
ITEM-0013534,ORD-007622,302,1,45.0,15.0,45.0,15.0
ITEM-0013535,ORD-007623,302,1,45.0,15.0,45.0,15.0
ITEM-0013536,ORD-007624,302,1,45.0,15.0,45.0,15.0
ITEM-0013537,ORD-007624,106,1,179.99,70.0,179.99,70.0
ITEM-0013538,ORD-007625,204,1,24.0,6.0,24.0,6.0
ITEM-0013539,ORD-007625,306,1,32.5,10.0,32.5,10.0
ITEM-0013540,ORD-007626,401,1,26.0,6.0,26.0,6.0
ITEM-0013541,ORD-007626,405,1,18.0,4.0,18.0,4.0
ITEM-0013542,ORD-007627,102,1,49.99,18.0,49.99,18.0
ITEM-0013543,ORD-007628,101,1,199.99,85.0,199.99,85.0
ITEM-0013544,ORD-007629,501,1,42.0,13.0,42.0,13.0
ITEM-0013545,ORD-007629,307,1,29.99,8.0,29.99,8.0
ITEM-0013546,ORD-007629,504,2,16.99,4.2,33.98,8.4
ITEM-0013547,ORD-007630,101,1,199.99,85.0,199.99,85.0
ITEM-0013548,ORD-007630,108,1,29.99,9.5,29.99,9.5
ITEM-0013549,ORD-007631,504,1,16.99,4.2,16.99,4.2
ITEM-0013550,ORD-007631,103,1,89.99,36.0,89.99,36.0
ITEM-0013551,ORD-007632,502,1,22.99,5.5,22.99,5.5
ITEM-0013552,ORD-007633,503,1,48.0,15.0,48.0,15.0
ITEM-0013553,ORD-007634,204,1,24.0,6.0,24.0,6.0
ITEM-0013554,ORD-007635,401,2,26.0,6.0,52.0,12.0
ITEM-0013555,ORD-007636,405,1,18.0,4.0,18.0,4.0
ITEM-0013556,ORD-007637,105,1,39.99,12.0,39.99,12.0
ITEM-0013557,ORD-007638,306,1,32.5,10.0,32.5,10.0
ITEM-0013558,ORD-007639,302,1,45.0,15.0,45.0,15.0
ITEM-0013559,ORD-007640,501,1,42.0,13.0,42.0,13.0
ITEM-0013560,ORD-007640,307,1,29.99,8.0,29.99,8.0
ITEM-0013561,ORD-007640,306,2,32.5,10.0,65.0,20.0
ITEM-0013562,ORD-007641,303,1,24.99,7.5,24.99,7.5
ITEM-0013563,ORD-007641,502,1,22.99,5.5,22.99,5.5
ITEM-0013564,ORD-007641,206,1,45.0,11.0,45.0,11.0
ITEM-0013565,ORD-007641,101,2,199.99,85.0,399.98,170.0
ITEM-0013566,ORD-007642,201,1,28.0,8.5,28.0,8.5
ITEM-0013567,ORD-007643,303,1,24.99,7.5,24.99,7.5
ITEM-0013568,ORD-007643,107,1,59.99,22.0,59.99,22.0
ITEM-0013569,ORD-007643,106,1,179.99,70.0,179.99,70.0
ITEM-0013570,ORD-007644,501,2,42.0,13.0,84.0,26.0
ITEM-0013571,ORD-007644,502,1,22.99,5.5,22.99,5.5
ITEM-0013572,ORD-007645,302,1,45.0,15.0,45.0,15.0
ITEM-0013573,ORD-007645,405,1,18.0,4.0,18.0,4.0
ITEM-0013574,ORD-007646,301,2,289.0,130.0,578.0,260.0
ITEM-0013575,ORD-007647,402,1,34.0,8.5,34.0,8.5
ITEM-0013576,ORD-007647,108,1,29.99,9.5,29.99,9.5
ITEM-0013577,ORD-007648,101,2,199.99,85.0,399.98,170.0
ITEM-0013578,ORD-007648,107,1,59.99,22.0,59.99,22.0
ITEM-0013579,ORD-007649,206,1,45.0,11.0,45.0,11.0
ITEM-0013580,ORD-007650,502,1,22.99,5.5,22.99,5.5
ITEM-0013581,ORD-007650,403,1,22.0,5.2,22.0,5.2
ITEM-0013582,ORD-007650,301,1,289.0,130.0,289.0,130.0
ITEM-0013583,ORD-007651,403,1,22.0,5.2,22.0,5.2
ITEM-0013584,ORD-007651,104,1,349.99,175.0,349.99,175.0
ITEM-0013585,ORD-007652,103,1,89.99,36.0,89.99,36.0
ITEM-0013586,ORD-007653,403,1,22.0,5.2,22.0,5.2
ITEM-0013587,ORD-007653,307,1,29.99,8.0,29.99,8.0
ITEM-0013588,ORD-007653,103,1,89.99,36.0,89.99,36.0
ITEM-0013589,ORD-007654,402,1,34.0,8.5,34.0,8.5
ITEM-0013590,ORD-007654,105,1,39.99,12.0,39.99,12.0
ITEM-0013591,ORD-007655,501,1,42.0,13.0,42.0,13.0
ITEM-0013592,ORD-007656,206,1,45.0,11.0,45.0,11.0
ITEM-0013593,ORD-007656,402,2,34.0,8.5,68.0,17.0
ITEM-0013594,ORD-007656,307,1,29.99,8.0,29.99,8.0
ITEM-0013595,ORD-007657,202,2,68.0,22.0,136.0,44.0
ITEM-0013596,ORD-007658,205,1,54.0,16.0,54.0,16.0
ITEM-0013597,ORD-007659,403,1,22.0,5.2,22.0,5.2
ITEM-0013598,ORD-007660,503,1,48.0,15.0,48.0,15.0
ITEM-0013599,ORD-007661,108,2,29.99,9.5,59.98,19.0
ITEM-0013600,ORD-007661,404,1,64.99,21.0,64.99,21.0
ITEM-0013601,ORD-007662,501,1,42.0,13.0,42.0,13.0
ITEM-0013602,ORD-007662,502,1,22.99,5.5,22.99,5.5
ITEM-0013603,ORD-007662,107,1,59.99,22.0,59.99,22.0
ITEM-0013604,ORD-007663,307,2,29.99,8.0,59.98,16.0
ITEM-0013605,ORD-007663,101,3,199.99,85.0,599.97,255.0
ITEM-0013606,ORD-007663,404,1,64.99,21.0,64.99,21.0
ITEM-0013607,ORD-007664,504,1,16.99,4.2,16.99,4.2
ITEM-0013608,ORD-007664,503,1,48.0,15.0,48.0,15.0
ITEM-0013609,ORD-007664,108,1,29.99,9.5,29.99,9.5
ITEM-0013610,ORD-007665,106,2,179.99,70.0,359.98,140.0
ITEM-0013611,ORD-007666,106,1,179.99,70.0,179.99,70.0
ITEM-0013612,ORD-007666,403,1,22.0,5.2,22.0,5.2
ITEM-0013613,ORD-007667,104,1,349.99,175.0,349.99,175.0
ITEM-0013614,ORD-007667,103,1,89.99,36.0,89.99,36.0
ITEM-0013615,ORD-007668,502,1,22.99,5.5,22.99,5.5
ITEM-0013616,ORD-007669,405,1,18.0,4.0,18.0,4.0
ITEM-0013617,ORD-007669,201,1,28.0,8.5,28.0,8.5
ITEM-0013618,ORD-007669,205,1,54.0,16.0,54.0,16.0
ITEM-0013619,ORD-007670,306,2,32.5,10.0,65.0,20.0
ITEM-0013620,ORD-007670,108,1,29.99,9.5,29.99,9.5
ITEM-0013621,ORD-007671,301,1,289.0,130.0,289.0,130.0
ITEM-0013622,ORD-007671,302,2,45.0,15.0,90.0,30.0
ITEM-0013623,ORD-007672,502,1,22.99,5.5,22.99,5.5
ITEM-0013624,ORD-007673,504,1,16.99,4.2,16.99,4.2
ITEM-0013625,ORD-007674,101,1,199.99,85.0,199.99,85.0
ITEM-0013626,ORD-007674,107,1,59.99,22.0,59.99,22.0
ITEM-0013627,ORD-007674,504,2,16.99,4.2,33.98,8.4
ITEM-0013628,ORD-007674,405,1,18.0,4.0,18.0,4.0
ITEM-0013629,ORD-007675,206,1,45.0,11.0,45.0,11.0
ITEM-0013630,ORD-007675,501,1,42.0,13.0,42.0,13.0
ITEM-0013631,ORD-007676,402,1,34.0,8.5,34.0,8.5
ITEM-0013632,ORD-007677,401,1,26.0,6.0,26.0,6.0
ITEM-0013633,ORD-007678,104,1,349.99,175.0,349.99,175.0
ITEM-0013634,ORD-007679,305,1,59.99,20.0,59.99,20.0
ITEM-0013635,ORD-007680,103,1,89.99,36.0,89.99,36.0
ITEM-0013636,ORD-007681,103,2,89.99,36.0,179.98,72.0
ITEM-0013637,ORD-007681,104,1,349.99,175.0,349.99,175.0
ITEM-0013638,ORD-007682,505,1,75.0,24.0,75.0,24.0
ITEM-0013639,ORD-007682,108,1,29.99,9.5,29.99,9.5
ITEM-0013640,ORD-007683,402,1,34.0,8.5,34.0,8.5
ITEM-0013641,ORD-007683,205,1,54.0,16.0,54.0,16.0
ITEM-0013642,ORD-007683,103,1,89.99,36.0,89.99,36.0
ITEM-0013643,ORD-007684,201,1,28.0,8.5,28.0,8.5
ITEM-0013644,ORD-007684,102,1,49.99,18.0,49.99,18.0
ITEM-0013645,ORD-007685,106,1,179.99,70.0,179.99,70.0
ITEM-0013646,ORD-007686,305,1,59.99,20.0,59.99,20.0
ITEM-0013647,ORD-007687,307,1,29.99,8.0,29.99,8.0
ITEM-0013648,ORD-007687,401,1,26.0,6.0,26.0,6.0
ITEM-0013649,ORD-007688,402,1,34.0,8.5,34.0,8.5
ITEM-0013650,ORD-007689,505,1,75.0,24.0,75.0,24.0
ITEM-0013651,ORD-007690,104,1,349.99,175.0,349.99,175.0
ITEM-0013652,ORD-007690,504,1,16.99,4.2,16.99,4.2
ITEM-0013653,ORD-007690,202,1,68.0,22.0,68.0,22.0
ITEM-0013654,ORD-007690,101,1,199.99,85.0,199.99,85.0
ITEM-0013655,ORD-007691,104,1,349.99,175.0,349.99,175.0
ITEM-0013656,ORD-007691,102,1,49.99,18.0,49.99,18.0
ITEM-0013657,ORD-007691,201,1,28.0,8.5,28.0,8.5
ITEM-0013658,ORD-007691,404,2,64.99,21.0,129.98,42.0
ITEM-0013659,ORD-007692,204,1,24.0,6.0,24.0,6.0
ITEM-0013660,ORD-007693,505,1,75.0,24.0,75.0,24.0
ITEM-0013661,ORD-007694,503,2,48.0,15.0,96.0,30.0
ITEM-0013662,ORD-007694,405,2,18.0,4.0,36.0,8.0
ITEM-0013663,ORD-007695,502,1,22.99,5.5,22.99,5.5
ITEM-0013664,ORD-007695,202,1,68.0,22.0,68.0,22.0
ITEM-0013665,ORD-007695,305,1,59.99,20.0,59.99,20.0
ITEM-0013666,ORD-007696,306,1,32.5,10.0,32.5,10.0
ITEM-0013667,ORD-007696,201,1,28.0,8.5,28.0,8.5
ITEM-0013668,ORD-007696,101,1,199.99,85.0,199.99,85.0
ITEM-0013669,ORD-007697,102,2,49.99,18.0,99.98,36.0
ITEM-0013670,ORD-007697,301,1,289.0,130.0,289.0,130.0
ITEM-0013671,ORD-007698,405,1,18.0,4.0,18.0,4.0
ITEM-0013672,ORD-007699,103,1,89.99,36.0,89.99,36.0
ITEM-0013673,ORD-007699,108,1,29.99,9.5,29.99,9.5
ITEM-0013674,ORD-007699,305,1,59.99,20.0,59.99,20.0
ITEM-0013675,ORD-007700,303,1,24.99,7.5,24.99,7.5
ITEM-0013676,ORD-007701,101,1,199.99,85.0,199.99,85.0
ITEM-0013677,ORD-007701,108,2,29.99,9.5,59.98,19.0
ITEM-0013678,ORD-007702,202,1,68.0,22.0,68.0,22.0
ITEM-0013679,ORD-007703,201,1,28.0,8.5,28.0,8.5
ITEM-0013680,ORD-007703,405,1,18.0,4.0,18.0,4.0
ITEM-0013681,ORD-007704,405,1,18.0,4.0,18.0,4.0
ITEM-0013682,ORD-007705,303,1,24.99,7.5,24.99,7.5
ITEM-0013683,ORD-007706,201,1,28.0,8.5,28.0,8.5
ITEM-0013684,ORD-007706,302,1,45.0,15.0,45.0,15.0
ITEM-0013685,ORD-007707,305,1,59.99,20.0,59.99,20.0
ITEM-0013686,ORD-007708,401,1,26.0,6.0,26.0,6.0
ITEM-0013687,ORD-007708,402,1,34.0,8.5,34.0,8.5
ITEM-0013688,ORD-007708,403,1,22.0,5.2,22.0,5.2
ITEM-0013689,ORD-007708,206,2,45.0,11.0,90.0,22.0
ITEM-0013690,ORD-007709,502,1,22.99,5.5,22.99,5.5
ITEM-0013691,ORD-007710,202,1,68.0,22.0,68.0,22.0
ITEM-0013692,ORD-007711,107,1,59.99,22.0,59.99,22.0
ITEM-0013693,ORD-007711,502,2,22.99,5.5,45.98,11.0
ITEM-0013694,ORD-007712,102,1,49.99,18.0,49.99,18.0
ITEM-0013695,ORD-007713,505,1,75.0,24.0,75.0,24.0
ITEM-0013696,ORD-007714,305,1,59.99,20.0,59.99,20.0
ITEM-0013697,ORD-007715,201,1,28.0,8.5,28.0,8.5
ITEM-0013698,ORD-007716,104,1,349.99,175.0,349.99,175.0
ITEM-0013699,ORD-007716,102,1,49.99,18.0,49.99,18.0
ITEM-0013700,ORD-007717,206,1,45.0,11.0,45.0,11.0
ITEM-0013701,ORD-007717,304,1,39.99,14.0,39.99,14.0
ITEM-0013702,ORD-007718,106,2,179.99,70.0,359.98,140.0
ITEM-0013703,ORD-007719,204,1,24.0,6.0,24.0,6.0
ITEM-0013704,ORD-007720,405,1,18.0,4.0,18.0,4.0
ITEM-0013705,ORD-007720,307,1,29.99,8.0,29.99,8.0
ITEM-0013706,ORD-007721,403,2,22.0,5.2,44.0,10.4
ITEM-0013707,ORD-007722,103,2,89.99,36.0,179.98,72.0
ITEM-0013708,ORD-007723,405,2,18.0,4.0,36.0,8.0
ITEM-0013709,ORD-007723,103,2,89.99,36.0,179.98,72.0
ITEM-0013710,ORD-007723,301,1,289.0,130.0,289.0,130.0
ITEM-0013711,ORD-007723,105,1,39.99,12.0,39.99,12.0
ITEM-0013712,ORD-007724,404,1,64.99,21.0,64.99,21.0
ITEM-0013713,ORD-007725,505,1,75.0,24.0,75.0,24.0
ITEM-0013714,ORD-007726,502,1,22.99,5.5,22.99,5.5
ITEM-0013715,ORD-007727,304,1,39.99,14.0,39.99,14.0
ITEM-0013716,ORD-007728,205,1,54.0,16.0,54.0,16.0
ITEM-0013717,ORD-007729,302,1,45.0,15.0,45.0,15.0
ITEM-0013718,ORD-007729,106,1,179.99,70.0,179.99,70.0
ITEM-0013719,ORD-007730,301,1,289.0,130.0,289.0,130.0
ITEM-0013720,ORD-007730,405,1,18.0,4.0,18.0,4.0
ITEM-0013721,ORD-007730,305,1,59.99,20.0,59.99,20.0
ITEM-0013722,ORD-007730,205,2,54.0,16.0,108.0,32.0
ITEM-0013723,ORD-007731,403,1,22.0,5.2,22.0,5.2
ITEM-0013724,ORD-007732,306,2,32.5,10.0,65.0,20.0
ITEM-0013725,ORD-007732,303,1,24.99,7.5,24.99,7.5
ITEM-0013726,ORD-007733,105,1,39.99,12.0,39.99,12.0
ITEM-0013727,ORD-007734,505,1,75.0,24.0,75.0,24.0
ITEM-0013728,ORD-007735,503,1,48.0,15.0,48.0,15.0
ITEM-0013729,ORD-007736,101,1,199.99,85.0,199.99,85.0
ITEM-0013730,ORD-007736,108,2,29.99,9.5,59.98,19.0
ITEM-0013731,ORD-007736,107,2,59.99,22.0,119.98,44.0
ITEM-0013732,ORD-007736,403,1,22.0,5.2,22.0,5.2
ITEM-0013733,ORD-007737,405,1,18.0,4.0,18.0,4.0
ITEM-0013734,ORD-007738,301,2,289.0,130.0,578.0,260.0
ITEM-0013735,ORD-007739,306,1,32.5,10.0,32.5,10.0
ITEM-0013736,ORD-007740,105,1,39.99,12.0,39.99,12.0
ITEM-0013737,ORD-007741,304,1,39.99,14.0,39.99,14.0
ITEM-0013738,ORD-007741,306,1,32.5,10.0,32.5,10.0
ITEM-0013739,ORD-007742,502,1,22.99,5.5,22.99,5.5
ITEM-0013740,ORD-007742,202,1,68.0,22.0,68.0,22.0
ITEM-0013741,ORD-007742,305,1,59.99,20.0,59.99,20.0
ITEM-0013742,ORD-007743,206,1,45.0,11.0,45.0,11.0
ITEM-0013743,ORD-007743,306,1,32.5,10.0,32.5,10.0
ITEM-0013744,ORD-007744,104,1,349.99,175.0,349.99,175.0
ITEM-0013745,ORD-007744,102,1,49.99,18.0,49.99,18.0
ITEM-0013746,ORD-007745,405,1,18.0,4.0,18.0,4.0
ITEM-0013747,ORD-007745,502,1,22.99,5.5,22.99,5.5
ITEM-0013748,ORD-007746,504,1,16.99,4.2,16.99,4.2
ITEM-0013749,ORD-007747,505,1,75.0,24.0,75.0,24.0
ITEM-0013750,ORD-007748,303,1,24.99,7.5,24.99,7.5
ITEM-0013751,ORD-007748,106,1,179.99,70.0,179.99,70.0
ITEM-0013752,ORD-007749,405,1,18.0,4.0,18.0,4.0
ITEM-0013753,ORD-007749,505,1,75.0,24.0,75.0,24.0
ITEM-0013754,ORD-007750,102,1,49.99,18.0,49.99,18.0
ITEM-0013755,ORD-007750,502,1,22.99,5.5,22.99,5.5
ITEM-0013756,ORD-007750,505,1,75.0,24.0,75.0,24.0
ITEM-0013757,ORD-007751,205,1,54.0,16.0,54.0,16.0
ITEM-0013758,ORD-007751,203,1,120.0,42.0,120.0,42.0
ITEM-0013759,ORD-007752,305,1,59.99,20.0,59.99,20.0
ITEM-0013760,ORD-007752,302,1,45.0,15.0,45.0,15.0
ITEM-0013761,ORD-007753,503,1,48.0,15.0,48.0,15.0
ITEM-0013762,ORD-007753,201,1,28.0,8.5,28.0,8.5
ITEM-0013763,ORD-007753,202,1,68.0,22.0,68.0,22.0
ITEM-0013764,ORD-007754,202,1,68.0,22.0,68.0,22.0
ITEM-0013765,ORD-007755,503,1,48.0,15.0,48.0,15.0
ITEM-0013766,ORD-007755,205,1,54.0,16.0,54.0,16.0
ITEM-0013767,ORD-007756,401,1,26.0,6.0,26.0,6.0
ITEM-0013768,ORD-007756,402,1,34.0,8.5,34.0,8.5
ITEM-0013769,ORD-007757,505,1,75.0,24.0,75.0,24.0
ITEM-0013770,ORD-007758,102,1,49.99,18.0,49.99,18.0
ITEM-0013771,ORD-007759,201,2,28.0,8.5,56.0,17.0
ITEM-0013772,ORD-007759,403,1,22.0,5.2,22.0,5.2
ITEM-0013773,ORD-007759,106,1,179.99,70.0,179.99,70.0
ITEM-0013774,ORD-007760,201,1,28.0,8.5,28.0,8.5
ITEM-0013775,ORD-007761,401,1,26.0,6.0,26.0,6.0
ITEM-0013776,ORD-007762,204,1,24.0,6.0,24.0,6.0
ITEM-0013777,ORD-007763,401,1,26.0,6.0,26.0,6.0
ITEM-0013778,ORD-007764,301,1,289.0,130.0,289.0,130.0
ITEM-0013779,ORD-007764,302,1,45.0,15.0,45.0,15.0
ITEM-0013780,ORD-007764,303,1,24.99,7.5,24.99,7.5
ITEM-0013781,ORD-007765,202,1,68.0,22.0,68.0,22.0
ITEM-0013782,ORD-007766,201,1,28.0,8.5,28.0,8.5
ITEM-0013783,ORD-007767,108,1,29.99,9.5,29.99,9.5
ITEM-0013784,ORD-007767,301,1,289.0,130.0,289.0,130.0
ITEM-0013785,ORD-007767,305,1,59.99,20.0,59.99,20.0
ITEM-0013786,ORD-007768,505,1,75.0,24.0,75.0,24.0
ITEM-0013787,ORD-007768,306,1,32.5,10.0,32.5,10.0
ITEM-0013788,ORD-007768,108,1,29.99,9.5,29.99,9.5
ITEM-0013789,ORD-007768,302,1,45.0,15.0,45.0,15.0
ITEM-0013790,ORD-007769,304,1,39.99,14.0,39.99,14.0
ITEM-0013791,ORD-007770,405,1,18.0,4.0,18.0,4.0
ITEM-0013792,ORD-007770,504,1,16.99,4.2,16.99,4.2
ITEM-0013793,ORD-007770,307,1,29.99,8.0,29.99,8.0
ITEM-0013794,ORD-007770,402,1,34.0,8.5,34.0,8.5
ITEM-0013795,ORD-007771,107,1,59.99,22.0,59.99,22.0
ITEM-0013796,ORD-007772,502,1,22.99,5.5,22.99,5.5
ITEM-0013797,ORD-007772,503,1,48.0,15.0,48.0,15.0
ITEM-0013798,ORD-007772,504,1,16.99,4.2,16.99,4.2
ITEM-0013799,ORD-007773,101,1,199.99,85.0,199.99,85.0
ITEM-0013800,ORD-007773,107,1,59.99,22.0,59.99,22.0
ITEM-0013801,ORD-007774,503,1,48.0,15.0,48.0,15.0
ITEM-0013802,ORD-007774,307,1,29.99,8.0,29.99,8.0
ITEM-0013803,ORD-007775,307,1,29.99,8.0,29.99,8.0
ITEM-0013804,ORD-007775,501,2,42.0,13.0,84.0,26.0
ITEM-0013805,ORD-007775,305,1,59.99,20.0,59.99,20.0
ITEM-0013806,ORD-007776,104,1,349.99,175.0,349.99,175.0
ITEM-0013807,ORD-007777,405,1,18.0,4.0,18.0,4.0
ITEM-0013808,ORD-007778,302,1,45.0,15.0,45.0,15.0
ITEM-0013809,ORD-007778,301,1,289.0,130.0,289.0,130.0
ITEM-0013810,ORD-007778,403,2,22.0,5.2,44.0,10.4
ITEM-0013811,ORD-007778,101,1,199.99,85.0,199.99,85.0
ITEM-0013812,ORD-007779,202,1,68.0,22.0,68.0,22.0
ITEM-0013813,ORD-007780,307,1,29.99,8.0,29.99,8.0
ITEM-0013814,ORD-007780,304,1,39.99,14.0,39.99,14.0
ITEM-0013815,ORD-007781,502,1,22.99,5.5,22.99,5.5
ITEM-0013816,ORD-007781,402,1,34.0,8.5,34.0,8.5
ITEM-0013817,ORD-007781,108,2,29.99,9.5,59.98,19.0
ITEM-0013818,ORD-007782,108,1,29.99,9.5,29.99,9.5
ITEM-0013819,ORD-007782,301,1,289.0,130.0,289.0,130.0
ITEM-0013820,ORD-007783,105,1,39.99,12.0,39.99,12.0
ITEM-0013821,ORD-007784,503,1,48.0,15.0,48.0,15.0
ITEM-0013822,ORD-007785,502,1,22.99,5.5,22.99,5.5
ITEM-0013823,ORD-007786,401,1,26.0,6.0,26.0,6.0
ITEM-0013824,ORD-007787,204,1,24.0,6.0,24.0,6.0
ITEM-0013825,ORD-007787,307,1,29.99,8.0,29.99,8.0
ITEM-0013826,ORD-007788,205,1,54.0,16.0,54.0,16.0
ITEM-0013827,ORD-007789,106,1,179.99,70.0,179.99,70.0
ITEM-0013828,ORD-007789,305,1,59.99,20.0,59.99,20.0
ITEM-0013829,ORD-007789,402,2,34.0,8.5,68.0,17.0
ITEM-0013830,ORD-007789,302,1,45.0,15.0,45.0,15.0
ITEM-0013831,ORD-007790,203,1,120.0,42.0,120.0,42.0
ITEM-0013832,ORD-007791,201,1,28.0,8.5,28.0,8.5
ITEM-0013833,ORD-007791,402,1,34.0,8.5,34.0,8.5
ITEM-0013834,ORD-007792,501,1,42.0,13.0,42.0,13.0
ITEM-0013835,ORD-007792,303,1,24.99,7.5,24.99,7.5
ITEM-0013836,ORD-007792,108,1,29.99,9.5,29.99,9.5
ITEM-0013837,ORD-007793,107,1,59.99,22.0,59.99,22.0
ITEM-0013838,ORD-007794,306,1,32.5,10.0,32.5,10.0
ITEM-0013839,ORD-007794,202,1,68.0,22.0,68.0,22.0
ITEM-0013840,ORD-007794,305,1,59.99,20.0,59.99,20.0
ITEM-0013841,ORD-007795,302,1,45.0,15.0,45.0,15.0
ITEM-0013842,ORD-007795,304,1,39.99,14.0,39.99,14.0
ITEM-0013843,ORD-007796,205,1,54.0,16.0,54.0,16.0
ITEM-0013844,ORD-007797,106,1,179.99,70.0,179.99,70.0
ITEM-0013845,ORD-007798,106,1,179.99,70.0,179.99,70.0
ITEM-0013846,ORD-007799,206,1,45.0,11.0,45.0,11.0
ITEM-0013847,ORD-007799,402,1,34.0,8.5,34.0,8.5
ITEM-0013848,ORD-007800,204,1,24.0,6.0,24.0,6.0
ITEM-0013849,ORD-007800,302,1,45.0,15.0,45.0,15.0
ITEM-0013850,ORD-007801,201,1,28.0,8.5,28.0,8.5
ITEM-0013851,ORD-007801,108,1,29.99,9.5,29.99,9.5
ITEM-0013852,ORD-007802,501,1,42.0,13.0,42.0,13.0
ITEM-0013853,ORD-007802,502,1,22.99,5.5,22.99,5.5
ITEM-0013854,ORD-007802,307,1,29.99,8.0,29.99,8.0
ITEM-0013855,ORD-007803,501,1,42.0,13.0,42.0,13.0
ITEM-0013856,ORD-007803,502,1,22.99,5.5,22.99,5.5
ITEM-0013857,ORD-007804,107,2,59.99,22.0,119.98,44.0
ITEM-0013858,ORD-007805,303,2,24.99,7.5,49.98,15.0
ITEM-0013859,ORD-007806,401,2,26.0,6.0,52.0,12.0
ITEM-0013860,ORD-007806,403,2,22.0,5.2,44.0,10.4
ITEM-0013861,ORD-007807,307,1,29.99,8.0,29.99,8.0
ITEM-0013862,ORD-007807,105,2,39.99,12.0,79.98,24.0
ITEM-0013863,ORD-007808,102,1,49.99,18.0,49.99,18.0
ITEM-0013864,ORD-007809,301,1,289.0,130.0,289.0,130.0
ITEM-0013865,ORD-007810,104,1,349.99,175.0,349.99,175.0
ITEM-0013866,ORD-007811,303,1,24.99,7.5,24.99,7.5
ITEM-0013867,ORD-007812,304,1,39.99,14.0,39.99,14.0
ITEM-0013868,ORD-007812,107,2,59.99,22.0,119.98,44.0
ITEM-0013869,ORD-007813,303,1,24.99,7.5,24.99,7.5
ITEM-0013870,ORD-007813,204,1,24.0,6.0,24.0,6.0
ITEM-0013871,ORD-007814,201,1,28.0,8.5,28.0,8.5
ITEM-0013872,ORD-007815,306,1,32.5,10.0,32.5,10.0
ITEM-0013873,ORD-007815,205,1,54.0,16.0,54.0,16.0
ITEM-0013874,ORD-007816,107,2,59.99,22.0,119.98,44.0
ITEM-0013875,ORD-007817,307,1,29.99,8.0,29.99,8.0
ITEM-0013876,ORD-007817,405,1,18.0,4.0,18.0,4.0
ITEM-0013877,ORD-007817,102,1,49.99,18.0,49.99,18.0
ITEM-0013878,ORD-007817,403,1,22.0,5.2,22.0,5.2
ITEM-0013879,ORD-007818,504,1,16.99,4.2,16.99,4.2
ITEM-0013880,ORD-007818,306,1,32.5,10.0,32.5,10.0
ITEM-0013881,ORD-007819,303,2,24.99,7.5,49.98,15.0
ITEM-0013882,ORD-007819,107,1,59.99,22.0,59.99,22.0
ITEM-0013883,ORD-007820,302,1,45.0,15.0,45.0,15.0
ITEM-0013884,ORD-007821,102,1,49.99,18.0,49.99,18.0
ITEM-0013885,ORD-007821,503,1,48.0,15.0,48.0,15.0
ITEM-0013886,ORD-007821,301,1,289.0,130.0,289.0,130.0
ITEM-0013887,ORD-007822,401,1,26.0,6.0,26.0,6.0
ITEM-0013888,ORD-007823,305,1,59.99,20.0,59.99,20.0
ITEM-0013889,ORD-007824,106,1,179.99,70.0,179.99,70.0
ITEM-0013890,ORD-007824,205,2,54.0,16.0,108.0,32.0
ITEM-0013891,ORD-007825,405,1,18.0,4.0,18.0,4.0
ITEM-0013892,ORD-007825,201,2,28.0,8.5,56.0,17.0
ITEM-0013893,ORD-007826,502,2,22.99,5.5,45.98,11.0
ITEM-0013894,ORD-007827,105,1,39.99,12.0,39.99,12.0
ITEM-0013895,ORD-007827,301,2,289.0,130.0,578.0,260.0
ITEM-0013896,ORD-007828,302,1,45.0,15.0,45.0,15.0
ITEM-0013897,ORD-007828,503,2,48.0,15.0,96.0,30.0
ITEM-0013898,ORD-007829,104,1,349.99,175.0,349.99,175.0
ITEM-0013899,ORD-007830,201,1,28.0,8.5,28.0,8.5
ITEM-0013900,ORD-007831,201,1,28.0,8.5,28.0,8.5
ITEM-0013901,ORD-007831,202,1,68.0,22.0,68.0,22.0
ITEM-0013902,ORD-007832,503,1,48.0,15.0,48.0,15.0
ITEM-0013903,ORD-007832,304,3,39.99,14.0,119.97,42.0
ITEM-0013904,ORD-007833,302,1,45.0,15.0,45.0,15.0
ITEM-0013905,ORD-007833,501,2,42.0,13.0,84.0,26.0
ITEM-0013906,ORD-007834,501,2,42.0,13.0,84.0,26.0
ITEM-0013907,ORD-007835,303,1,24.99,7.5,24.99,7.5
ITEM-0013908,ORD-007836,504,1,16.99,4.2,16.99,4.2
ITEM-0013909,ORD-007837,403,1,22.0,5.2,22.0,5.2
ITEM-0013910,ORD-007838,206,2,45.0,11.0,90.0,22.0
ITEM-0013911,ORD-007838,305,1,59.99,20.0,59.99,20.0
ITEM-0013912,ORD-007838,405,1,18.0,4.0,18.0,4.0
ITEM-0013913,ORD-007838,306,1,32.5,10.0,32.5,10.0
ITEM-0013914,ORD-007839,206,1,45.0,11.0,45.0,11.0
ITEM-0013915,ORD-007839,204,1,24.0,6.0,24.0,6.0
ITEM-0013916,ORD-007839,505,1,75.0,24.0,75.0,24.0
ITEM-0013917,ORD-007840,501,1,42.0,13.0,42.0,13.0
ITEM-0013918,ORD-007840,502,1,22.99,5.5,22.99,5.5
ITEM-0013919,ORD-007840,307,1,29.99,8.0,29.99,8.0
ITEM-0013920,ORD-007841,503,1,48.0,15.0,48.0,15.0
ITEM-0013921,ORD-007841,202,3,68.0,22.0,204.0,66.0
ITEM-0013922,ORD-007841,305,2,59.99,20.0,119.98,40.0
ITEM-0013923,ORD-007842,203,1,120.0,42.0,120.0,42.0
ITEM-0013924,ORD-007843,107,1,59.99,22.0,59.99,22.0
ITEM-0013925,ORD-007843,404,1,64.99,21.0,64.99,21.0
ITEM-0013926,ORD-007844,502,1,22.99,5.5,22.99,5.5
ITEM-0013927,ORD-007845,104,1,349.99,175.0,349.99,175.0
ITEM-0013928,ORD-007846,505,2,75.0,24.0,150.0,48.0
ITEM-0013929,ORD-007846,106,3,179.99,70.0,539.97,210.0
ITEM-0013930,ORD-007847,102,1,49.99,18.0,49.99,18.0
ITEM-0013931,ORD-007848,306,1,32.5,10.0,32.5,10.0
ITEM-0013932,ORD-007849,504,3,16.99,4.2,50.97,12.6
ITEM-0013933,ORD-007850,104,1,349.99,175.0,349.99,175.0
ITEM-0013934,ORD-007850,102,1,49.99,18.0,49.99,18.0
ITEM-0013935,ORD-007850,302,2,45.0,15.0,90.0,30.0
ITEM-0013936,ORD-007851,102,1,49.99,18.0,49.99,18.0
ITEM-0013937,ORD-007851,301,1,289.0,130.0,289.0,130.0
ITEM-0013938,ORD-007852,201,1,28.0,8.5,28.0,8.5
ITEM-0013939,ORD-007852,302,1,45.0,15.0,45.0,15.0
ITEM-0013940,ORD-007853,303,1,24.99,7.5,24.99,7.5
ITEM-0013941,ORD-007853,501,1,42.0,13.0,42.0,13.0
ITEM-0013942,ORD-007853,302,2,45.0,15.0,90.0,30.0
ITEM-0013943,ORD-007854,501,2,42.0,13.0,84.0,26.0
ITEM-0013944,ORD-007855,204,1,24.0,6.0,24.0,6.0
ITEM-0013945,ORD-007855,105,1,39.99,12.0,39.99,12.0
ITEM-0013946,ORD-007856,201,1,28.0,8.5,28.0,8.5
ITEM-0013947,ORD-007856,304,2,39.99,14.0,79.98,28.0
ITEM-0013948,ORD-007857,405,1,18.0,4.0,18.0,4.0
ITEM-0013949,ORD-007858,101,1,199.99,85.0,199.99,85.0
ITEM-0013950,ORD-007858,108,1,29.99,9.5,29.99,9.5
ITEM-0013951,ORD-007858,204,1,24.0,6.0,24.0,6.0
ITEM-0013952,ORD-007858,504,3,16.99,4.2,50.97,12.6
ITEM-0013953,ORD-007859,204,1,24.0,6.0,24.0,6.0
ITEM-0013954,ORD-007860,107,2,59.99,22.0,119.98,44.0
ITEM-0013955,ORD-007860,102,2,49.99,18.0,99.98,36.0
ITEM-0013956,ORD-007860,203,1,120.0,42.0,120.0,42.0
ITEM-0013957,ORD-007860,108,1,29.99,9.5,29.99,9.5
ITEM-0013958,ORD-007861,205,1,54.0,16.0,54.0,16.0
ITEM-0013959,ORD-007862,502,2,22.99,5.5,45.98,11.0
ITEM-0013960,ORD-007862,102,1,49.99,18.0,49.99,18.0
ITEM-0013961,ORD-007863,404,2,64.99,21.0,129.98,42.0
ITEM-0013962,ORD-007863,202,1,68.0,22.0,68.0,22.0
ITEM-0013963,ORD-007863,106,2,179.99,70.0,359.98,140.0
ITEM-0013964,ORD-007864,102,1,49.99,18.0,49.99,18.0
ITEM-0013965,ORD-007864,307,1,29.99,8.0,29.99,8.0
ITEM-0013966,ORD-007864,106,1,179.99,70.0,179.99,70.0
ITEM-0013967,ORD-007864,501,1,42.0,13.0,42.0,13.0
ITEM-0013968,ORD-007865,101,1,199.99,85.0,199.99,85.0
ITEM-0013969,ORD-007866,106,2,179.99,70.0,359.98,140.0
ITEM-0013970,ORD-007866,403,1,22.0,5.2,22.0,5.2
ITEM-0013971,ORD-007867,503,1,48.0,15.0,48.0,15.0
ITEM-0013972,ORD-007867,405,2,18.0,4.0,36.0,8.0
ITEM-0013973,ORD-007868,403,2,22.0,5.2,44.0,10.4
ITEM-0013974,ORD-007869,104,1,349.99,175.0,349.99,175.0
ITEM-0013975,ORD-007869,102,1,49.99,18.0,49.99,18.0
ITEM-0013976,ORD-007870,404,1,64.99,21.0,64.99,21.0
ITEM-0013977,ORD-007871,505,1,75.0,24.0,75.0,24.0
ITEM-0013978,ORD-007871,104,1,349.99,175.0,349.99,175.0
ITEM-0013979,ORD-007872,501,1,42.0,13.0,42.0,13.0
ITEM-0013980,ORD-007873,504,1,16.99,4.2,16.99,4.2
ITEM-0013981,ORD-007873,204,1,24.0,6.0,24.0,6.0
ITEM-0013982,ORD-007873,105,1,39.99,12.0,39.99,12.0
ITEM-0013983,ORD-007873,405,1,18.0,4.0,18.0,4.0
ITEM-0013984,ORD-007874,405,1,18.0,4.0,18.0,4.0
ITEM-0013985,ORD-007874,107,1,59.99,22.0,59.99,22.0
ITEM-0013986,ORD-007874,304,1,39.99,14.0,39.99,14.0
ITEM-0013987,ORD-007875,501,1,42.0,13.0,42.0,13.0
ITEM-0013988,ORD-007876,501,1,42.0,13.0,42.0,13.0
ITEM-0013989,ORD-007877,103,1,89.99,36.0,89.99,36.0
ITEM-0013990,ORD-007878,203,1,120.0,42.0,120.0,42.0
ITEM-0013991,ORD-007879,307,1,29.99,8.0,29.99,8.0
ITEM-0013992,ORD-007879,102,1,49.99,18.0,49.99,18.0
ITEM-0013993,ORD-007879,101,1,199.99,85.0,199.99,85.0
ITEM-0013994,ORD-007880,102,1,49.99,18.0,49.99,18.0
ITEM-0013995,ORD-007880,401,1,26.0,6.0,26.0,6.0
ITEM-0013996,ORD-007880,205,1,54.0,16.0,54.0,16.0
ITEM-0013997,ORD-007881,405,1,18.0,4.0,18.0,4.0
ITEM-0013998,ORD-007881,503,2,48.0,15.0,96.0,30.0
ITEM-0013999,ORD-007881,204,1,24.0,6.0,24.0,6.0
ITEM-0014000,ORD-007882,108,1,29.99,9.5,29.99,9.5
ITEM-0014001,ORD-007883,203,1,120.0,42.0,120.0,42.0
ITEM-0014002,ORD-007884,106,1,179.99,70.0,179.99,70.0
ITEM-0014003,ORD-007884,505,1,75.0,24.0,75.0,24.0
ITEM-0014004,ORD-007885,505,1,75.0,24.0,75.0,24.0
ITEM-0014005,ORD-007885,104,1,349.99,175.0,349.99,175.0
ITEM-0014006,ORD-007886,505,3,75.0,24.0,225.0,72.0
ITEM-0014007,ORD-007886,305,2,59.99,20.0,119.98,40.0
ITEM-0014008,ORD-007887,307,2,29.99,8.0,59.98,16.0
ITEM-0014009,ORD-007887,205,1,54.0,16.0,54.0,16.0
ITEM-0014010,ORD-007888,103,1,89.99,36.0,89.99,36.0
ITEM-0014011,ORD-007889,305,1,59.99,20.0,59.99,20.0
ITEM-0014012,ORD-007890,107,1,59.99,22.0,59.99,22.0
ITEM-0014013,ORD-007890,303,1,24.99,7.5,24.99,7.5
ITEM-0014014,ORD-007891,403,1,22.0,5.2,22.0,5.2
ITEM-0014015,ORD-007892,501,1,42.0,13.0,42.0,13.0
ITEM-0014016,ORD-007892,502,1,22.99,5.5,22.99,5.5
ITEM-0014017,ORD-007892,205,1,54.0,16.0,54.0,16.0
ITEM-0014018,ORD-007893,307,1,29.99,8.0,29.99,8.0
ITEM-0014019,ORD-007894,304,1,39.99,14.0,39.99,14.0
ITEM-0014020,ORD-007894,505,1,75.0,24.0,75.0,24.0
ITEM-0014021,ORD-007895,205,1,54.0,16.0,54.0,16.0
ITEM-0014022,ORD-007896,204,1,24.0,6.0,24.0,6.0
ITEM-0014023,ORD-007896,104,1,349.99,175.0,349.99,175.0
ITEM-0014024,ORD-007897,301,1,289.0,130.0,289.0,130.0
ITEM-0014025,ORD-007897,303,1,24.99,7.5,24.99,7.5
ITEM-0014026,ORD-007897,102,1,49.99,18.0,49.99,18.0
ITEM-0014027,ORD-007898,102,1,49.99,18.0,49.99,18.0
ITEM-0014028,ORD-007898,306,1,32.5,10.0,32.5,10.0
ITEM-0014029,ORD-007899,401,1,26.0,6.0,26.0,6.0
ITEM-0014030,ORD-007900,505,1,75.0,24.0,75.0,24.0
ITEM-0014031,ORD-007901,302,1,45.0,15.0,45.0,15.0
ITEM-0014032,ORD-007902,106,1,179.99,70.0,179.99,70.0
ITEM-0014033,ORD-007902,403,1,22.0,5.2,22.0,5.2
ITEM-0014034,ORD-007903,103,1,89.99,36.0,89.99,36.0
ITEM-0014035,ORD-007903,304,1,39.99,14.0,39.99,14.0
ITEM-0014036,ORD-007903,505,1,75.0,24.0,75.0,24.0
ITEM-0014037,ORD-007904,107,1,59.99,22.0,59.99,22.0
ITEM-0014038,ORD-007904,306,1,32.5,10.0,32.5,10.0
ITEM-0014039,ORD-007905,102,3,49.99,18.0,149.97,54.0
ITEM-0014040,ORD-007906,202,1,68.0,22.0,68.0,22.0
ITEM-0014041,ORD-007907,302,1,45.0,15.0,45.0,15.0
ITEM-0014042,ORD-007907,205,1,54.0,16.0,54.0,16.0
ITEM-0014043,ORD-007908,504,1,16.99,4.2,16.99,4.2
ITEM-0014044,ORD-007908,108,1,29.99,9.5,29.99,9.5
ITEM-0014045,ORD-007908,302,2,45.0,15.0,90.0,30.0
ITEM-0014046,ORD-007908,104,1,349.99,175.0,349.99,175.0
ITEM-0014047,ORD-007909,307,1,29.99,8.0,29.99,8.0
ITEM-0014048,ORD-007909,204,1,24.0,6.0,24.0,6.0
ITEM-0014049,ORD-007910,106,1,179.99,70.0,179.99,70.0
ITEM-0014050,ORD-007911,503,1,48.0,15.0,48.0,15.0
ITEM-0014051,ORD-007912,503,1,48.0,15.0,48.0,15.0
ITEM-0014052,ORD-007913,108,1,29.99,9.5,29.99,9.5
ITEM-0014053,ORD-007914,108,1,29.99,9.5,29.99,9.5
ITEM-0014054,ORD-007915,503,2,48.0,15.0,96.0,30.0
ITEM-0014055,ORD-007916,201,1,28.0,8.5,28.0,8.5
ITEM-0014056,ORD-007916,304,1,39.99,14.0,39.99,14.0
ITEM-0014057,ORD-007917,101,1,199.99,85.0,199.99,85.0
ITEM-0014058,ORD-007917,108,1,29.99,9.5,29.99,9.5
ITEM-0014059,ORD-007918,205,1,54.0,16.0,54.0,16.0
ITEM-0014060,ORD-007918,503,2,48.0,15.0,96.0,30.0
ITEM-0014061,ORD-007918,204,1,24.0,6.0,24.0,6.0
ITEM-0014062,ORD-007918,504,1,16.99,4.2,16.99,4.2
ITEM-0014063,ORD-007919,302,2,45.0,15.0,90.0,30.0
ITEM-0014064,ORD-007919,505,3,75.0,24.0,225.0,72.0
ITEM-0014065,ORD-007919,206,1,45.0,11.0,45.0,11.0
ITEM-0014066,ORD-007919,102,1,49.99,18.0,49.99,18.0
ITEM-0014067,ORD-007920,204,1,24.0,6.0,24.0,6.0
ITEM-0014068,ORD-007921,305,1,59.99,20.0,59.99,20.0
ITEM-0014069,ORD-007921,401,1,26.0,6.0,26.0,6.0
ITEM-0014070,ORD-007922,306,2,32.5,10.0,65.0,20.0
ITEM-0014071,ORD-007922,104,1,349.99,175.0,349.99,175.0
ITEM-0014072,ORD-007923,503,1,48.0,15.0,48.0,15.0
ITEM-0014073,ORD-007924,307,1,29.99,8.0,29.99,8.0
ITEM-0014074,ORD-007925,402,1,34.0,8.5,34.0,8.5
ITEM-0014075,ORD-007926,105,1,39.99,12.0,39.99,12.0
ITEM-0014076,ORD-007927,404,3,64.99,21.0,194.97,63.0
ITEM-0014077,ORD-007927,503,1,48.0,15.0,48.0,15.0
ITEM-0014078,ORD-007927,104,1,349.99,175.0,349.99,175.0
ITEM-0014079,ORD-007928,405,1,18.0,4.0,18.0,4.0
ITEM-0014080,ORD-007929,108,1,29.99,9.5,29.99,9.5
ITEM-0014081,ORD-007929,206,1,45.0,11.0,45.0,11.0
ITEM-0014082,ORD-007930,108,1,29.99,9.5,29.99,9.5
ITEM-0014083,ORD-007930,204,1,24.0,6.0,24.0,6.0
ITEM-0014084,ORD-007931,401,2,26.0,6.0,52.0,12.0
ITEM-0014085,ORD-007931,403,1,22.0,5.2,22.0,5.2
ITEM-0014086,ORD-007931,301,1,289.0,130.0,289.0,130.0
ITEM-0014087,ORD-007932,104,1,349.99,175.0,349.99,175.0
ITEM-0014088,ORD-007933,101,1,199.99,85.0,199.99,85.0
ITEM-0014089,ORD-007934,503,1,48.0,15.0,48.0,15.0
ITEM-0014090,ORD-007934,108,1,29.99,9.5,29.99,9.5
ITEM-0014091,ORD-007935,108,1,29.99,9.5,29.99,9.5
ITEM-0014092,ORD-007936,107,1,59.99,22.0,59.99,22.0
ITEM-0014093,ORD-007936,302,1,45.0,15.0,45.0,15.0
ITEM-0014094,ORD-007937,505,1,75.0,24.0,75.0,24.0
ITEM-0014095,ORD-007938,303,1,24.99,7.5,24.99,7.5
ITEM-0014096,ORD-007938,405,1,18.0,4.0,18.0,4.0
ITEM-0014097,ORD-007939,501,1,42.0,13.0,42.0,13.0
ITEM-0014098,ORD-007940,305,1,59.99,20.0,59.99,20.0
ITEM-0014099,ORD-007940,401,1,26.0,6.0,26.0,6.0
ITEM-0014100,ORD-007941,403,1,22.0,5.2,22.0,5.2
ITEM-0014101,ORD-007942,205,1,54.0,16.0,54.0,16.0
ITEM-0014102,ORD-007943,105,1,39.99,12.0,39.99,12.0
ITEM-0014103,ORD-007943,302,2,45.0,15.0,90.0,30.0
ITEM-0014104,ORD-007944,201,1,28.0,8.5,28.0,8.5
ITEM-0014105,ORD-007944,307,1,29.99,8.0,29.99,8.0
ITEM-0014106,ORD-007944,501,2,42.0,13.0,84.0,26.0
ITEM-0014107,ORD-007944,106,1,179.99,70.0,179.99,70.0
ITEM-0014108,ORD-007945,101,1,199.99,85.0,199.99,85.0
ITEM-0014109,ORD-007945,108,1,29.99,9.5,29.99,9.5
ITEM-0014110,ORD-007946,204,1,24.0,6.0,24.0,6.0
ITEM-0014111,ORD-007947,202,1,68.0,22.0,68.0,22.0
ITEM-0014112,ORD-007947,203,2,120.0,42.0,240.0,84.0
ITEM-0014113,ORD-007948,206,2,45.0,11.0,90.0,22.0
ITEM-0014114,ORD-007949,104,1,349.99,175.0,349.99,175.0
ITEM-0014115,ORD-007949,102,1,49.99,18.0,49.99,18.0
ITEM-0014116,ORD-007950,303,1,24.99,7.5,24.99,7.5
ITEM-0014117,ORD-007950,502,1,22.99,5.5,22.99,5.5
ITEM-0014118,ORD-007951,304,1,39.99,14.0,39.99,14.0
ITEM-0014119,ORD-007952,303,1,24.99,7.5,24.99,7.5
ITEM-0014120,ORD-007953,305,1,59.99,20.0,59.99,20.0
ITEM-0014121,ORD-007953,403,2,22.0,5.2,44.0,10.4
ITEM-0014122,ORD-007953,204,1,24.0,6.0,24.0,6.0
ITEM-0014123,ORD-007954,303,2,24.99,7.5,49.98,15.0
ITEM-0014124,ORD-007954,107,1,59.99,22.0,59.99,22.0
ITEM-0014125,ORD-007954,301,1,289.0,130.0,289.0,130.0
ITEM-0014126,ORD-007955,304,2,39.99,14.0,79.98,28.0
ITEM-0014127,ORD-007956,505,1,75.0,24.0,75.0,24.0
ITEM-0014128,ORD-007957,306,2,32.5,10.0,65.0,20.0
ITEM-0014129,ORD-007958,502,1,22.99,5.5,22.99,5.5
ITEM-0014130,ORD-007959,405,1,18.0,4.0,18.0,4.0
ITEM-0014131,ORD-007959,205,1,54.0,16.0,54.0,16.0
ITEM-0014132,ORD-007959,108,1,29.99,9.5,29.99,9.5
ITEM-0014133,ORD-007960,504,1,16.99,4.2,16.99,4.2
ITEM-0014134,ORD-007960,105,2,39.99,12.0,79.98,24.0
ITEM-0014135,ORD-007961,504,1,16.99,4.2,16.99,4.2
ITEM-0014136,ORD-007961,503,1,48.0,15.0,48.0,15.0
ITEM-0014137,ORD-007962,502,1,22.99,5.5,22.99,5.5
ITEM-0014138,ORD-007962,101,1,199.99,85.0,199.99,85.0
ITEM-0014139,ORD-007963,102,1,49.99,18.0,49.99,18.0
ITEM-0014140,ORD-007963,503,1,48.0,15.0,48.0,15.0
ITEM-0014141,ORD-007963,501,1,42.0,13.0,42.0,13.0
ITEM-0014142,ORD-007963,404,1,64.99,21.0,64.99,21.0
ITEM-0014143,ORD-007964,303,1,24.99,7.5,24.99,7.5
ITEM-0014144,ORD-007965,304,1,39.99,14.0,39.99,14.0
ITEM-0014145,ORD-007966,307,1,29.99,8.0,29.99,8.0
ITEM-0014146,ORD-007967,303,1,24.99,7.5,24.99,7.5
ITEM-0014147,ORD-007967,204,1,24.0,6.0,24.0,6.0
ITEM-0014148,ORD-007968,203,1,120.0,42.0,120.0,42.0
ITEM-0014149,ORD-007968,302,1,45.0,15.0,45.0,15.0
ITEM-0014150,ORD-007968,108,1,29.99,9.5,29.99,9.5
ITEM-0014151,ORD-007969,501,1,42.0,13.0,42.0,13.0
ITEM-0014152,ORD-007969,203,1,120.0,42.0,120.0,42.0
ITEM-0014153,ORD-007970,304,2,39.99,14.0,79.98,28.0
ITEM-0014154,ORD-007971,108,1,29.99,9.5,29.99,9.5
ITEM-0014155,ORD-007971,205,1,54.0,16.0,54.0,16.0
ITEM-0014156,ORD-007972,401,1,26.0,6.0,26.0,6.0
ITEM-0014157,ORD-007972,402,1,34.0,8.5,34.0,8.5
ITEM-0014158,ORD-007973,304,3,39.99,14.0,119.97,42.0
ITEM-0014159,ORD-007974,503,1,48.0,15.0,48.0,15.0
ITEM-0014160,ORD-007974,205,1,54.0,16.0,54.0,16.0
ITEM-0014161,ORD-007974,502,1,22.99,5.5,22.99,5.5
ITEM-0014162,ORD-007975,105,2,39.99,12.0,79.98,24.0
ITEM-0014163,ORD-007976,101,1,199.99,85.0,199.99,85.0
ITEM-0014164,ORD-007976,107,1,59.99,22.0,59.99,22.0
ITEM-0014165,ORD-007977,505,1,75.0,24.0,75.0,24.0
ITEM-0014166,ORD-007977,204,1,24.0,6.0,24.0,6.0
ITEM-0014167,ORD-007978,107,1,59.99,22.0,59.99,22.0
ITEM-0014168,ORD-007978,303,1,24.99,7.5,24.99,7.5
ITEM-0014169,ORD-007979,106,1,179.99,70.0,179.99,70.0
ITEM-0014170,ORD-007979,201,1,28.0,8.5,28.0,8.5
ITEM-0014171,ORD-007979,302,1,45.0,15.0,45.0,15.0
ITEM-0014172,ORD-007979,501,1,42.0,13.0,42.0,13.0
ITEM-0014173,ORD-007980,504,1,16.99,4.2,16.99,4.2
ITEM-0014174,ORD-007980,501,1,42.0,13.0,42.0,13.0
ITEM-0014175,ORD-007980,306,2,32.5,10.0,65.0,20.0
ITEM-0014176,ORD-007980,505,2,75.0,24.0,150.0,48.0
ITEM-0014177,ORD-007981,105,1,39.99,12.0,39.99,12.0
ITEM-0014178,ORD-007981,203,2,120.0,42.0,240.0,84.0
ITEM-0014179,ORD-007981,205,1,54.0,16.0,54.0,16.0
ITEM-0014180,ORD-007982,103,1,89.99,36.0,89.99,36.0
ITEM-0014181,ORD-007982,101,1,199.99,85.0,199.99,85.0
ITEM-0014182,ORD-007983,404,1,64.99,21.0,64.99,21.0
ITEM-0014183,ORD-007983,201,1,28.0,8.5,28.0,8.5
ITEM-0014184,ORD-007984,405,1,18.0,4.0,18.0,4.0
ITEM-0014185,ORD-007985,104,1,349.99,175.0,349.99,175.0
ITEM-0014186,ORD-007986,504,1,16.99,4.2,16.99,4.2
ITEM-0014187,ORD-007986,404,1,64.99,21.0,64.99,21.0
ITEM-0014188,ORD-007986,201,1,28.0,8.5,28.0,8.5
ITEM-0014189,ORD-007987,304,1,39.99,14.0,39.99,14.0
ITEM-0014190,ORD-007987,102,1,49.99,18.0,49.99,18.0
ITEM-0014191,ORD-007987,203,1,120.0,42.0,120.0,42.0
ITEM-0014192,ORD-007987,202,1,68.0,22.0,68.0,22.0
ITEM-0014193,ORD-007988,108,1,29.99,9.5,29.99,9.5
ITEM-0014194,ORD-007988,307,1,29.99,8.0,29.99,8.0
ITEM-0014195,ORD-007989,501,1,42.0,13.0,42.0,13.0
ITEM-0014196,ORD-007989,205,1,54.0,16.0,54.0,16.0
ITEM-0014197,ORD-007990,106,2,179.99,70.0,359.98,140.0
ITEM-0014198,ORD-007990,101,1,199.99,85.0,199.99,85.0
ITEM-0014199,ORD-007990,202,1,68.0,22.0,68.0,22.0
ITEM-0014200,ORD-007991,205,1,54.0,16.0,54.0,16.0
ITEM-0014201,ORD-007991,303,1,24.99,7.5,24.99,7.5
ITEM-0014202,ORD-007991,501,1,42.0,13.0,42.0,13.0
ITEM-0014203,ORD-007991,404,1,64.99,21.0,64.99,21.0
ITEM-0014204,ORD-007992,304,1,39.99,14.0,39.99,14.0
ITEM-0014205,ORD-007992,104,1,349.99,175.0,349.99,175.0
ITEM-0014206,ORD-007992,404,3,64.99,21.0,194.97,63.0
ITEM-0014207,ORD-007993,302,1,45.0,15.0,45.0,15.0
ITEM-0014208,ORD-007993,108,1,29.99,9.5,29.99,9.5
ITEM-0014209,ORD-007993,504,1,16.99,4.2,16.99,4.2
ITEM-0014210,ORD-007994,102,1,49.99,18.0,49.99,18.0
ITEM-0014211,ORD-007995,101,1,199.99,85.0,199.99,85.0
ITEM-0014212,ORD-007995,107,1,59.99,22.0,59.99,22.0
ITEM-0014213,ORD-007996,403,1,22.0,5.2,22.0,5.2
ITEM-0014214,ORD-007997,304,1,39.99,14.0,39.99,14.0
ITEM-0014215,ORD-007997,505,1,75.0,24.0,75.0,24.0
ITEM-0014216,ORD-007997,205,1,54.0,16.0,54.0,16.0
ITEM-0014217,ORD-007998,505,1,75.0,24.0,75.0,24.0
ITEM-0014218,ORD-007999,106,1,179.99,70.0,179.99,70.0
ITEM-0014219,ORD-007999,401,1,26.0,6.0,26.0,6.0
ITEM-0014220,ORD-008000,204,1,24.0,6.0,24.0,6.0
ITEM-0014221,ORD-008001,403,1,22.0,5.2,22.0,5.2
ITEM-0014222,ORD-008002,402,1,34.0,8.5,34.0,8.5
ITEM-0014223,ORD-008002,306,1,32.5,10.0,32.5,10.0
ITEM-0014224,ORD-008003,303,1,24.99,7.5,24.99,7.5
ITEM-0014225,ORD-008003,504,1,16.99,4.2,16.99,4.2
ITEM-0014226,ORD-008003,102,1,49.99,18.0,49.99,18.0
ITEM-0014227,ORD-008004,303,1,24.99,7.5,24.99,7.5
ITEM-0014228,ORD-008004,306,1,32.5,10.0,32.5,10.0
ITEM-0014229,ORD-008004,103,1,89.99,36.0,89.99,36.0
ITEM-0014230,ORD-008004,501,1,42.0,13.0,42.0,13.0
ITEM-0014231,ORD-008005,301,1,289.0,130.0,289.0,130.0
ITEM-0014232,ORD-008005,201,1,28.0,8.5,28.0,8.5
ITEM-0014233,ORD-008006,505,1,75.0,24.0,75.0,24.0
ITEM-0014234,ORD-008007,302,1,45.0,15.0,45.0,15.0
ITEM-0014235,ORD-008008,404,1,64.99,21.0,64.99,21.0
ITEM-0014236,ORD-008008,105,1,39.99,12.0,39.99,12.0
ITEM-0014237,ORD-008009,401,1,26.0,6.0,26.0,6.0
ITEM-0014238,ORD-008010,502,2,22.99,5.5,45.98,11.0
ITEM-0014239,ORD-008010,301,1,289.0,130.0,289.0,130.0
ITEM-0014240,ORD-008011,105,3,39.99,12.0,119.97,36.0
ITEM-0014241,ORD-008012,108,1,29.99,9.5,29.99,9.5
ITEM-0014242,ORD-008012,503,1,48.0,15.0,48.0,15.0
ITEM-0014243,ORD-008012,403,1,22.0,5.2,22.0,5.2
ITEM-0014244,ORD-008013,106,1,179.99,70.0,179.99,70.0
ITEM-0014245,ORD-008013,501,1,42.0,13.0,42.0,13.0
ITEM-0014246,ORD-008013,505,1,75.0,24.0,75.0,24.0
ITEM-0014247,ORD-008014,103,1,89.99,36.0,89.99,36.0
ITEM-0014248,ORD-008015,503,1,48.0,15.0,48.0,15.0
ITEM-0014249,ORD-008015,206,1,45.0,11.0,45.0,11.0
ITEM-0014250,ORD-008015,101,1,199.99,85.0,199.99,85.0
ITEM-0014251,ORD-008015,204,1,24.0,6.0,24.0,6.0
ITEM-0014252,ORD-008016,102,2,49.99,18.0,99.98,36.0
ITEM-0014253,ORD-008016,502,1,22.99,5.5,22.99,5.5
ITEM-0014254,ORD-008017,105,1,39.99,12.0,39.99,12.0
ITEM-0014255,ORD-008018,403,1,22.0,5.2,22.0,5.2
ITEM-0014256,ORD-008018,504,1,16.99,4.2,16.99,4.2
ITEM-0014257,ORD-008018,502,1,22.99,5.5,22.99,5.5
ITEM-0014258,ORD-008019,205,1,54.0,16.0,54.0,16.0
ITEM-0014259,ORD-008019,103,1,89.99,36.0,89.99,36.0
ITEM-0014260,ORD-008019,101,1,199.99,85.0,199.99,85.0
ITEM-0014261,ORD-008019,105,1,39.99,12.0,39.99,12.0
ITEM-0014262,ORD-008020,302,1,45.0,15.0,45.0,15.0
ITEM-0014263,ORD-008020,204,3,24.0,6.0,72.0,18.0
ITEM-0014264,ORD-008021,101,1,199.99,85.0,199.99,85.0
ITEM-0014265,ORD-008022,301,1,289.0,130.0,289.0,130.0
ITEM-0014266,ORD-008022,302,2,45.0,15.0,90.0,30.0
ITEM-0014267,ORD-008023,104,1,349.99,175.0,349.99,175.0
ITEM-0014268,ORD-008024,203,1,120.0,42.0,120.0,42.0
ITEM-0014269,ORD-008024,306,1,32.5,10.0,32.5,10.0
ITEM-0014270,ORD-008025,205,1,54.0,16.0,54.0,16.0
ITEM-0014271,ORD-008025,504,2,16.99,4.2,33.98,8.4
ITEM-0014272,ORD-008026,104,1,349.99,175.0,349.99,175.0
ITEM-0014273,ORD-008026,102,2,49.99,18.0,99.98,36.0
ITEM-0014274,ORD-008027,201,3,28.0,8.5,84.0,25.5
ITEM-0014275,ORD-008028,304,1,39.99,14.0,39.99,14.0
ITEM-0014276,ORD-008029,104,1,349.99,175.0,349.99,175.0
ITEM-0014277,ORD-008029,102,1,49.99,18.0,49.99,18.0
ITEM-0014278,ORD-008029,103,1,89.99,36.0,89.99,36.0
ITEM-0014279,ORD-008030,402,1,34.0,8.5,34.0,8.5
ITEM-0014280,ORD-008030,106,1,179.99,70.0,179.99,70.0
ITEM-0014281,ORD-008031,206,1,45.0,11.0,45.0,11.0
ITEM-0014282,ORD-008031,305,1,59.99,20.0,59.99,20.0
ITEM-0014283,ORD-008032,104,1,349.99,175.0,349.99,175.0
ITEM-0014284,ORD-008032,102,1,49.99,18.0,49.99,18.0
ITEM-0014285,ORD-008032,105,2,39.99,12.0,79.98,24.0
ITEM-0014286,ORD-008033,503,1,48.0,15.0,48.0,15.0
ITEM-0014287,ORD-008034,501,1,42.0,13.0,42.0,13.0
ITEM-0014288,ORD-008035,405,1,18.0,4.0,18.0,4.0
ITEM-0014289,ORD-008036,307,1,29.99,8.0,29.99,8.0
ITEM-0014290,ORD-008037,107,1,59.99,22.0,59.99,22.0
ITEM-0014291,ORD-008038,301,1,289.0,130.0,289.0,130.0
ITEM-0014292,ORD-008039,105,2,39.99,12.0,79.98,24.0
ITEM-0014293,ORD-008039,306,1,32.5,10.0,32.5,10.0
ITEM-0014294,ORD-008040,201,2,28.0,8.5,56.0,17.0
ITEM-0014295,ORD-008041,307,1,29.99,8.0,29.99,8.0
ITEM-0014296,ORD-008041,206,1,45.0,11.0,45.0,11.0
ITEM-0014297,ORD-008042,201,1,28.0,8.5,28.0,8.5
ITEM-0014298,ORD-008043,101,1,199.99,85.0,199.99,85.0
ITEM-0014299,ORD-008043,108,1,29.99,9.5,29.99,9.5
ITEM-0014300,ORD-008044,405,1,18.0,4.0,18.0,4.0
ITEM-0014301,ORD-008044,102,1,49.99,18.0,49.99,18.0
ITEM-0014302,ORD-008044,206,1,45.0,11.0,45.0,11.0
ITEM-0014303,ORD-008045,202,1,68.0,22.0,68.0,22.0
ITEM-0014304,ORD-008045,106,1,179.99,70.0,179.99,70.0
ITEM-0014305,ORD-008046,105,2,39.99,12.0,79.98,24.0
ITEM-0014306,ORD-008047,304,1,39.99,14.0,39.99,14.0
ITEM-0014307,ORD-008047,404,2,64.99,21.0,129.98,42.0
ITEM-0014308,ORD-008048,402,1,34.0,8.5,34.0,8.5
ITEM-0014309,ORD-008049,504,1,16.99,4.2,16.99,4.2
ITEM-0014310,ORD-008050,101,1,199.99,85.0,199.99,85.0
ITEM-0014311,ORD-008050,107,1,59.99,22.0,59.99,22.0
ITEM-0014312,ORD-008051,205,1,54.0,16.0,54.0,16.0
ITEM-0014313,ORD-008051,502,2,22.99,5.5,45.98,11.0
ITEM-0014314,ORD-008051,107,1,59.99,22.0,59.99,22.0
ITEM-0014315,ORD-008051,203,1,120.0,42.0,120.0,42.0
ITEM-0014316,ORD-008052,304,1,39.99,14.0,39.99,14.0
ITEM-0014317,ORD-008052,206,1,45.0,11.0,45.0,11.0
ITEM-0014318,ORD-008053,106,1,179.99,70.0,179.99,70.0
ITEM-0014319,ORD-008053,305,1,59.99,20.0,59.99,20.0
ITEM-0014320,ORD-008054,303,2,24.99,7.5,49.98,15.0
ITEM-0014321,ORD-008054,505,1,75.0,24.0,75.0,24.0
ITEM-0014322,ORD-008054,503,1,48.0,15.0,48.0,15.0
ITEM-0014323,ORD-008055,306,1,32.5,10.0,32.5,10.0
ITEM-0014324,ORD-008055,404,1,64.99,21.0,64.99,21.0
ITEM-0014325,ORD-008056,305,1,59.99,20.0,59.99,20.0
ITEM-0014326,ORD-008056,108,1,29.99,9.5,29.99,9.5
ITEM-0014327,ORD-008056,105,1,39.99,12.0,39.99,12.0
ITEM-0014328,ORD-008057,107,1,59.99,22.0,59.99,22.0
ITEM-0014329,ORD-008058,103,1,89.99,36.0,89.99,36.0
ITEM-0014330,ORD-008058,303,2,24.99,7.5,49.98,15.0
ITEM-0014331,ORD-008059,204,3,24.0,6.0,72.0,18.0
ITEM-0014332,ORD-008059,205,1,54.0,16.0,54.0,16.0
ITEM-0014333,ORD-008059,203,1,120.0,42.0,120.0,42.0
ITEM-0014334,ORD-008060,107,1,59.99,22.0,59.99,22.0
ITEM-0014335,ORD-008061,108,1,29.99,9.5,29.99,9.5
ITEM-0014336,ORD-008061,102,3,49.99,18.0,149.97,54.0
ITEM-0014337,ORD-008061,302,1,45.0,15.0,45.0,15.0
ITEM-0014338,ORD-008062,405,1,18.0,4.0,18.0,4.0
ITEM-0014339,ORD-008063,404,1,64.99,21.0,64.99,21.0
ITEM-0014340,ORD-008064,103,1,89.99,36.0,89.99,36.0
ITEM-0014341,ORD-008065,301,2,289.0,130.0,578.0,260.0
ITEM-0014342,ORD-008065,303,1,24.99,7.5,24.99,7.5
ITEM-0014343,ORD-008065,103,1,89.99,36.0,89.99,36.0
ITEM-0014344,ORD-008066,303,1,24.99,7.5,24.99,7.5
ITEM-0014345,ORD-008067,502,1,22.99,5.5,22.99,5.5
ITEM-0014346,ORD-008068,108,1,29.99,9.5,29.99,9.5
ITEM-0014347,ORD-008068,503,2,48.0,15.0,96.0,30.0
ITEM-0014348,ORD-008068,101,2,199.99,85.0,399.98,170.0
ITEM-0014349,ORD-008069,405,2,18.0,4.0,36.0,8.0
ITEM-0014350,ORD-008069,102,1,49.99,18.0,49.99,18.0
ITEM-0014351,ORD-008070,307,1,29.99,8.0,29.99,8.0
ITEM-0014352,ORD-008071,206,2,45.0,11.0,90.0,22.0
ITEM-0014353,ORD-008072,501,1,42.0,13.0,42.0,13.0
ITEM-0014354,ORD-008072,502,1,22.99,5.5,22.99,5.5
ITEM-0014355,ORD-008073,107,1,59.99,22.0,59.99,22.0
ITEM-0014356,ORD-008074,405,1,18.0,4.0,18.0,4.0
ITEM-0014357,ORD-008075,202,1,68.0,22.0,68.0,22.0
ITEM-0014358,ORD-008076,504,1,16.99,4.2,16.99,4.2
ITEM-0014359,ORD-008077,302,1,45.0,15.0,45.0,15.0
ITEM-0014360,ORD-008078,107,1,59.99,22.0,59.99,22.0
ITEM-0014361,ORD-008079,108,2,29.99,9.5,59.98,19.0
ITEM-0014362,ORD-008079,205,1,54.0,16.0,54.0,16.0
ITEM-0014363,ORD-008080,103,1,89.99,36.0,89.99,36.0
ITEM-0014364,ORD-008081,107,1,59.99,22.0,59.99,22.0
ITEM-0014365,ORD-008082,107,1,59.99,22.0,59.99,22.0
ITEM-0014366,ORD-008083,306,1,32.5,10.0,32.5,10.0
ITEM-0014367,ORD-008084,101,1,199.99,85.0,199.99,85.0
ITEM-0014368,ORD-008084,108,1,29.99,9.5,29.99,9.5
ITEM-0014369,ORD-008084,107,3,59.99,22.0,179.97,66.0
ITEM-0014370,ORD-008085,204,1,24.0,6.0,24.0,6.0
ITEM-0014371,ORD-008085,402,1,34.0,8.5,34.0,8.5
ITEM-0014372,ORD-008086,101,1,199.99,85.0,199.99,85.0
ITEM-0014373,ORD-008086,108,1,29.99,9.5,29.99,9.5
ITEM-0014374,ORD-008087,306,1,32.5,10.0,32.5,10.0
ITEM-0014375,ORD-008088,107,1,59.99,22.0,59.99,22.0
ITEM-0014376,ORD-008088,403,1,22.0,5.2,22.0,5.2
ITEM-0014377,ORD-008088,404,2,64.99,21.0,129.98,42.0
ITEM-0014378,ORD-008089,401,1,26.0,6.0,26.0,6.0
ITEM-0014379,ORD-008089,402,1,34.0,8.5,34.0,8.5
ITEM-0014380,ORD-008089,301,1,289.0,130.0,289.0,130.0
ITEM-0014381,ORD-008089,307,1,29.99,8.0,29.99,8.0
ITEM-0014382,ORD-008090,502,1,22.99,5.5,22.99,5.5
ITEM-0014383,ORD-008091,205,1,54.0,16.0,54.0,16.0
ITEM-0014384,ORD-008092,503,1,48.0,15.0,48.0,15.0
ITEM-0014385,ORD-008093,206,1,45.0,11.0,45.0,11.0
ITEM-0014386,ORD-008094,301,1,289.0,130.0,289.0,130.0
ITEM-0014387,ORD-008095,307,1,29.99,8.0,29.99,8.0
ITEM-0014388,ORD-008096,304,1,39.99,14.0,39.99,14.0
ITEM-0014389,ORD-008096,405,1,18.0,4.0,18.0,4.0
ITEM-0014390,ORD-008097,202,1,68.0,22.0,68.0,22.0
ITEM-0014391,ORD-008097,206,1,45.0,11.0,45.0,11.0
ITEM-0014392,ORD-008098,307,1,29.99,8.0,29.99,8.0
ITEM-0014393,ORD-008099,505,1,75.0,24.0,75.0,24.0
ITEM-0014394,ORD-008099,305,1,59.99,20.0,59.99,20.0
ITEM-0014395,ORD-008100,404,2,64.99,21.0,129.98,42.0
ITEM-0014396,ORD-008101,104,1,349.99,175.0,349.99,175.0
ITEM-0014397,ORD-008102,401,1,26.0,6.0,26.0,6.0
ITEM-0014398,ORD-008103,106,1,179.99,70.0,179.99,70.0
ITEM-0014399,ORD-008104,304,1,39.99,14.0,39.99,14.0
ITEM-0014400,ORD-008104,204,1,24.0,6.0,24.0,6.0
ITEM-0014401,ORD-008104,505,1,75.0,24.0,75.0,24.0
ITEM-0014402,ORD-008105,403,1,22.0,5.2,22.0,5.2
ITEM-0014403,ORD-008106,503,2,48.0,15.0,96.0,30.0
ITEM-0014404,ORD-008106,305,1,59.99,20.0,59.99,20.0
ITEM-0014405,ORD-008107,202,1,68.0,22.0,68.0,22.0
ITEM-0014406,ORD-008108,306,1,32.5,10.0,32.5,10.0
ITEM-0014407,ORD-008109,502,1,22.99,5.5,22.99,5.5
ITEM-0014408,ORD-008109,203,1,120.0,42.0,120.0,42.0
ITEM-0014409,ORD-008109,304,1,39.99,14.0,39.99,14.0
ITEM-0014410,ORD-008110,305,1,59.99,20.0,59.99,20.0
ITEM-0014411,ORD-008111,302,2,45.0,15.0,90.0,30.0
ITEM-0014412,ORD-008111,104,1,349.99,175.0,349.99,175.0
ITEM-0014413,ORD-008112,102,2,49.99,18.0,99.98,36.0
ITEM-0014414,ORD-008113,307,1,29.99,8.0,29.99,8.0
ITEM-0014415,ORD-008113,501,1,42.0,13.0,42.0,13.0
ITEM-0014416,ORD-008114,106,2,179.99,70.0,359.98,140.0
ITEM-0014417,ORD-008115,503,1,48.0,15.0,48.0,15.0
ITEM-0014418,ORD-008115,401,1,26.0,6.0,26.0,6.0
ITEM-0014419,ORD-008115,405,1,18.0,4.0,18.0,4.0
ITEM-0014420,ORD-008116,102,2,49.99,18.0,99.98,36.0
ITEM-0014421,ORD-008116,307,1,29.99,8.0,29.99,8.0
ITEM-0014422,ORD-008117,405,1,18.0,4.0,18.0,4.0
ITEM-0014423,ORD-008118,301,1,289.0,130.0,289.0,130.0
ITEM-0014424,ORD-008118,302,1,45.0,15.0,45.0,15.0
ITEM-0014425,ORD-008119,302,1,45.0,15.0,45.0,15.0
ITEM-0014426,ORD-008119,304,1,39.99,14.0,39.99,14.0
ITEM-0014427,ORD-008120,304,2,39.99,14.0,79.98,28.0
ITEM-0014428,ORD-008121,205,1,54.0,16.0,54.0,16.0
ITEM-0014429,ORD-008122,105,1,39.99,12.0,39.99,12.0
ITEM-0014430,ORD-008123,104,1,349.99,175.0,349.99,175.0
ITEM-0014431,ORD-008123,102,1,49.99,18.0,49.99,18.0
ITEM-0014432,ORD-008123,103,1,89.99,36.0,89.99,36.0
ITEM-0014433,ORD-008124,305,1,59.99,20.0,59.99,20.0
ITEM-0014434,ORD-008125,403,1,22.0,5.2,22.0,5.2
ITEM-0014435,ORD-008125,402,1,34.0,8.5,34.0,8.5
ITEM-0014436,ORD-008126,203,1,120.0,42.0,120.0,42.0
ITEM-0014437,ORD-008126,401,1,26.0,6.0,26.0,6.0
ITEM-0014438,ORD-008127,404,1,64.99,21.0,64.99,21.0
ITEM-0014439,ORD-008128,304,1,39.99,14.0,39.99,14.0
ITEM-0014440,ORD-008128,504,1,16.99,4.2,16.99,4.2
ITEM-0014441,ORD-008128,106,1,179.99,70.0,179.99,70.0
ITEM-0014442,ORD-008128,104,2,349.99,175.0,699.98,350.0
ITEM-0014443,ORD-008129,105,1,39.99,12.0,39.99,12.0
ITEM-0014444,ORD-008129,501,1,42.0,13.0,42.0,13.0
ITEM-0014445,ORD-008129,503,1,48.0,15.0,48.0,15.0
ITEM-0014446,ORD-008130,401,1,26.0,6.0,26.0,6.0
ITEM-0014447,ORD-008130,403,1,22.0,5.2,22.0,5.2
ITEM-0014448,ORD-008131,302,1,45.0,15.0,45.0,15.0
ITEM-0014449,ORD-008131,404,2,64.99,21.0,129.98,42.0
ITEM-0014450,ORD-008131,204,1,24.0,6.0,24.0,6.0
ITEM-0014451,ORD-008132,304,1,39.99,14.0,39.99,14.0
ITEM-0014452,ORD-008133,501,1,42.0,13.0,42.0,13.0
ITEM-0014453,ORD-008134,504,2,16.99,4.2,33.98,8.4
ITEM-0014454,ORD-008135,401,1,26.0,6.0,26.0,6.0
ITEM-0014455,ORD-008135,503,1,48.0,15.0,48.0,15.0
ITEM-0014456,ORD-008136,101,1,199.99,85.0,199.99,85.0
ITEM-0014457,ORD-008137,103,1,89.99,36.0,89.99,36.0
ITEM-0014458,ORD-008137,106,1,179.99,70.0,179.99,70.0
ITEM-0014459,ORD-008138,201,1,28.0,8.5,28.0,8.5
ITEM-0014460,ORD-008139,206,1,45.0,11.0,45.0,11.0
ITEM-0014461,ORD-008140,105,1,39.99,12.0,39.99,12.0
ITEM-0014462,ORD-008140,401,1,26.0,6.0,26.0,6.0
ITEM-0014463,ORD-008140,204,1,24.0,6.0,24.0,6.0
ITEM-0014464,ORD-008141,101,3,199.99,85.0,599.97,255.0
ITEM-0014465,ORD-008142,105,1,39.99,12.0,39.99,12.0
ITEM-0014466,ORD-008142,307,1,29.99,8.0,29.99,8.0
ITEM-0014467,ORD-008142,107,2,59.99,22.0,119.98,44.0
ITEM-0014468,ORD-008142,104,1,349.99,175.0,349.99,175.0
ITEM-0014469,ORD-008143,105,1,39.99,12.0,39.99,12.0
ITEM-0014470,ORD-008144,103,1,89.99,36.0,89.99,36.0
ITEM-0014471,ORD-008145,504,1,16.99,4.2,16.99,4.2
ITEM-0014472,ORD-008145,305,1,59.99,20.0,59.99,20.0
ITEM-0014473,ORD-008146,502,1,22.99,5.5,22.99,5.5
ITEM-0014474,ORD-008146,402,1,34.0,8.5,34.0,8.5
ITEM-0014475,ORD-008146,405,1,18.0,4.0,18.0,4.0
ITEM-0014476,ORD-008147,201,1,28.0,8.5,28.0,8.5
ITEM-0014477,ORD-008148,504,1,16.99,4.2,16.99,4.2
ITEM-0014478,ORD-008149,504,2,16.99,4.2,33.98,8.4
ITEM-0014479,ORD-008150,505,1,75.0,24.0,75.0,24.0
ITEM-0014480,ORD-008151,503,1,48.0,15.0,48.0,15.0
ITEM-0014481,ORD-008152,503,2,48.0,15.0,96.0,30.0
ITEM-0014482,ORD-008153,302,1,45.0,15.0,45.0,15.0
ITEM-0014483,ORD-008154,304,1,39.99,14.0,39.99,14.0
ITEM-0014484,ORD-008155,101,1,199.99,85.0,199.99,85.0
ITEM-0014485,ORD-008156,304,1,39.99,14.0,39.99,14.0
ITEM-0014486,ORD-008156,107,1,59.99,22.0,59.99,22.0
ITEM-0014487,ORD-008157,504,1,16.99,4.2,16.99,4.2
ITEM-0014488,ORD-008158,304,1,39.99,14.0,39.99,14.0
ITEM-0014489,ORD-008159,204,3,24.0,6.0,72.0,18.0
ITEM-0014490,ORD-008159,304,2,39.99,14.0,79.98,28.0
ITEM-0014491,ORD-008160,404,1,64.99,21.0,64.99,21.0
ITEM-0014492,ORD-008161,403,1,22.0,5.2,22.0,5.2
ITEM-0014493,ORD-008161,101,2,199.99,85.0,399.98,170.0
ITEM-0014494,ORD-008161,106,1,179.99,70.0,179.99,70.0
ITEM-0014495,ORD-008161,103,1,89.99,36.0,89.99,36.0
ITEM-0014496,ORD-008162,105,1,39.99,12.0,39.99,12.0
ITEM-0014497,ORD-008162,201,1,28.0,8.5,28.0,8.5
ITEM-0014498,ORD-008163,202,1,68.0,22.0,68.0,22.0
ITEM-0014499,ORD-008164,108,3,29.99,9.5,89.97,28.5
ITEM-0014500,ORD-008164,401,1,26.0,6.0,26.0,6.0
ITEM-0014501,ORD-008164,206,1,45.0,11.0,45.0,11.0
ITEM-0014502,ORD-008164,106,1,179.99,70.0,179.99,70.0
ITEM-0014503,ORD-008165,102,1,49.99,18.0,49.99,18.0
ITEM-0014504,ORD-008165,107,1,59.99,22.0,59.99,22.0
ITEM-0014505,ORD-008166,502,1,22.99,5.5,22.99,5.5
ITEM-0014506,ORD-008166,401,1,26.0,6.0,26.0,6.0
ITEM-0014507,ORD-008167,205,1,54.0,16.0,54.0,16.0
ITEM-0014508,ORD-008167,202,1,68.0,22.0,68.0,22.0
ITEM-0014509,ORD-008168,205,1,54.0,16.0,54.0,16.0
ITEM-0014510,ORD-008169,501,1,42.0,13.0,42.0,13.0
ITEM-0014511,ORD-008170,206,1,45.0,11.0,45.0,11.0
ITEM-0014512,ORD-008170,105,1,39.99,12.0,39.99,12.0
ITEM-0014513,ORD-008171,401,1,26.0,6.0,26.0,6.0
ITEM-0014514,ORD-008171,402,1,34.0,8.5,34.0,8.5
ITEM-0014515,ORD-008172,501,1,42.0,13.0,42.0,13.0
ITEM-0014516,ORD-008172,307,2,29.99,8.0,59.98,16.0
ITEM-0014517,ORD-008172,107,1,59.99,22.0,59.99,22.0
ITEM-0014518,ORD-008173,102,1,49.99,18.0,49.99,18.0
ITEM-0014519,ORD-008174,404,1,64.99,21.0,64.99,21.0
ITEM-0014520,ORD-008175,501,1,42.0,13.0,42.0,13.0
ITEM-0014521,ORD-008175,502,1,22.99,5.5,22.99,5.5
ITEM-0014522,ORD-008175,307,1,29.99,8.0,29.99,8.0
ITEM-0014523,ORD-008176,502,1,22.99,5.5,22.99,5.5
ITEM-0014524,ORD-008176,503,1,48.0,15.0,48.0,15.0
ITEM-0014525,ORD-008176,403,1,22.0,5.2,22.0,5.2
ITEM-0014526,ORD-008177,302,1,45.0,15.0,45.0,15.0
ITEM-0014527,ORD-008177,203,1,120.0,42.0,120.0,42.0
ITEM-0014528,ORD-008178,103,2,89.99,36.0,179.98,72.0
ITEM-0014529,ORD-008178,504,2,16.99,4.2,33.98,8.4
ITEM-0014530,ORD-008178,101,1,199.99,85.0,199.99,85.0
ITEM-0014531,ORD-008178,104,2,349.99,175.0,699.98,350.0
ITEM-0014532,ORD-008179,203,2,120.0,42.0,240.0,84.0
ITEM-0014533,ORD-008180,306,1,32.5,10.0,32.5,10.0
ITEM-0014534,ORD-008181,108,1,29.99,9.5,29.99,9.5
ITEM-0014535,ORD-008181,101,1,199.99,85.0,199.99,85.0
ITEM-0014536,ORD-008182,203,2,120.0,42.0,240.0,84.0
ITEM-0014537,ORD-008182,202,1,68.0,22.0,68.0,22.0
ITEM-0014538,ORD-008182,405,1,18.0,4.0,18.0,4.0
ITEM-0014539,ORD-008183,201,1,28.0,8.5,28.0,8.5
ITEM-0014540,ORD-008183,108,2,29.99,9.5,59.98,19.0
ITEM-0014541,ORD-008184,305,1,59.99,20.0,59.99,20.0
ITEM-0014542,ORD-008185,108,1,29.99,9.5,29.99,9.5
ITEM-0014543,ORD-008185,202,1,68.0,22.0,68.0,22.0
ITEM-0014544,ORD-008185,204,2,24.0,6.0,48.0,12.0
ITEM-0014545,ORD-008186,103,1,89.99,36.0,89.99,36.0
ITEM-0014546,ORD-008187,505,1,75.0,24.0,75.0,24.0
ITEM-0014547,ORD-008188,405,1,18.0,4.0,18.0,4.0
ITEM-0014548,ORD-008188,206,2,45.0,11.0,90.0,22.0
ITEM-0014549,ORD-008188,403,1,22.0,5.2,22.0,5.2
ITEM-0014550,ORD-008189,108,1,29.99,9.5,29.99,9.5
ITEM-0014551,ORD-008189,505,1,75.0,24.0,75.0,24.0
ITEM-0014552,ORD-008190,405,1,18.0,4.0,18.0,4.0
ITEM-0014553,ORD-008190,202,1,68.0,22.0,68.0,22.0
ITEM-0014554,ORD-008191,102,1,49.99,18.0,49.99,18.0
ITEM-0014555,ORD-008192,104,3,349.99,175.0,1049.97,525.0
ITEM-0014556,ORD-008193,103,1,89.99,36.0,89.99,36.0
ITEM-0014557,ORD-008194,504,1,16.99,4.2,16.99,4.2
ITEM-0014558,ORD-008195,105,1,39.99,12.0,39.99,12.0
ITEM-0014559,ORD-008195,204,1,24.0,6.0,24.0,6.0
ITEM-0014560,ORD-008196,204,1,24.0,6.0,24.0,6.0
ITEM-0014561,ORD-008196,106,1,179.99,70.0,179.99,70.0
ITEM-0014562,ORD-008197,202,1,68.0,22.0,68.0,22.0
ITEM-0014563,ORD-008197,206,1,45.0,11.0,45.0,11.0
ITEM-0014564,ORD-008197,302,1,45.0,15.0,45.0,15.0
ITEM-0014565,ORD-008197,101,1,199.99,85.0,199.99,85.0
ITEM-0014566,ORD-008198,103,1,89.99,36.0,89.99,36.0
ITEM-0014567,ORD-008199,201,1,28.0,8.5,28.0,8.5
ITEM-0014568,ORD-008199,405,1,18.0,4.0,18.0,4.0
ITEM-0014569,ORD-008200,504,1,16.99,4.2,16.99,4.2
ITEM-0014570,ORD-008201,202,1,68.0,22.0,68.0,22.0
ITEM-0014571,ORD-008202,303,2,24.99,7.5,49.98,15.0
ITEM-0014572,ORD-008203,301,1,289.0,130.0,289.0,130.0
ITEM-0014573,ORD-008204,305,1,59.99,20.0,59.99,20.0
ITEM-0014574,ORD-008204,108,1,29.99,9.5,29.99,9.5
ITEM-0014575,ORD-008205,202,1,68.0,22.0,68.0,22.0
ITEM-0014576,ORD-008206,203,1,120.0,42.0,120.0,42.0
ITEM-0014577,ORD-008206,305,1,59.99,20.0,59.99,20.0
ITEM-0014578,ORD-008207,106,1,179.99,70.0,179.99,70.0
ITEM-0014579,ORD-008207,204,1,24.0,6.0,24.0,6.0
ITEM-0014580,ORD-008208,305,1,59.99,20.0,59.99,20.0
ITEM-0014581,ORD-008209,103,1,89.99,36.0,89.99,36.0
ITEM-0014582,ORD-008210,107,1,59.99,22.0,59.99,22.0
ITEM-0014583,ORD-008211,202,1,68.0,22.0,68.0,22.0
ITEM-0014584,ORD-008211,405,1,18.0,4.0,18.0,4.0
ITEM-0014585,ORD-008212,401,1,26.0,6.0,26.0,6.0
ITEM-0014586,ORD-008213,104,1,349.99,175.0,349.99,175.0
ITEM-0014587,ORD-008213,103,1,89.99,36.0,89.99,36.0
ITEM-0014588,ORD-008213,105,1,39.99,12.0,39.99,12.0
ITEM-0014589,ORD-008214,303,1,24.99,7.5,24.99,7.5
ITEM-0014590,ORD-008215,402,1,34.0,8.5,34.0,8.5
ITEM-0014591,ORD-008215,403,1,22.0,5.2,22.0,5.2
ITEM-0014592,ORD-008216,206,1,45.0,11.0,45.0,11.0
ITEM-0014593,ORD-008216,102,1,49.99,18.0,49.99,18.0
ITEM-0014594,ORD-008217,101,1,199.99,85.0,199.99,85.0
ITEM-0014595,ORD-008217,103,2,89.99,36.0,179.98,72.0
ITEM-0014596,ORD-008218,306,1,32.5,10.0,32.5,10.0
ITEM-0014597,ORD-008218,501,1,42.0,13.0,42.0,13.0
ITEM-0014598,ORD-008219,105,1,39.99,12.0,39.99,12.0
ITEM-0014599,ORD-008219,203,1,120.0,42.0,120.0,42.0
ITEM-0014600,ORD-008220,302,1,45.0,15.0,45.0,15.0
ITEM-0014601,ORD-008220,205,3,54.0,16.0,162.0,48.0
ITEM-0014602,ORD-008221,103,1,89.99,36.0,89.99,36.0
ITEM-0014603,ORD-008222,101,2,199.99,85.0,399.98,170.0
ITEM-0014604,ORD-008222,107,1,59.99,22.0,59.99,22.0
ITEM-0014605,ORD-008223,206,3,45.0,11.0,135.0,33.0
ITEM-0014606,ORD-008223,404,1,64.99,21.0,64.99,21.0
ITEM-0014607,ORD-008223,107,1,59.99,22.0,59.99,22.0
ITEM-0014608,ORD-008223,101,1,199.99,85.0,199.99,85.0
ITEM-0014609,ORD-008224,405,1,18.0,4.0,18.0,4.0
ITEM-0014610,ORD-008225,302,1,45.0,15.0,45.0,15.0
ITEM-0014611,ORD-008225,505,2,75.0,24.0,150.0,48.0
ITEM-0014612,ORD-008225,403,1,22.0,5.2,22.0,5.2
ITEM-0014613,ORD-008226,301,1,289.0,130.0,289.0,130.0
ITEM-0014614,ORD-008226,302,1,45.0,15.0,45.0,15.0
ITEM-0014615,ORD-008227,108,1,29.99,9.5,29.99,9.5
ITEM-0014616,ORD-008228,503,1,48.0,15.0,48.0,15.0
ITEM-0014617,ORD-008229,404,1,64.99,21.0,64.99,21.0
ITEM-0014618,ORD-008229,202,1,68.0,22.0,68.0,22.0
ITEM-0014619,ORD-008229,405,1,18.0,4.0,18.0,4.0
ITEM-0014620,ORD-008230,307,1,29.99,8.0,29.99,8.0
ITEM-0014621,ORD-008231,304,2,39.99,14.0,79.98,28.0
ITEM-0014622,ORD-008231,501,2,42.0,13.0,84.0,26.0
ITEM-0014623,ORD-008231,403,1,22.0,5.2,22.0,5.2
ITEM-0014624,ORD-008231,101,1,199.99,85.0,199.99,85.0
ITEM-0014625,ORD-008232,501,1,42.0,13.0,42.0,13.0
ITEM-0014626,ORD-008233,504,1,16.99,4.2,16.99,4.2
ITEM-0014627,ORD-008233,202,1,68.0,22.0,68.0,22.0
ITEM-0014628,ORD-008234,505,1,75.0,24.0,75.0,24.0
ITEM-0014629,ORD-008235,204,1,24.0,6.0,24.0,6.0
ITEM-0014630,ORD-008236,501,2,42.0,13.0,84.0,26.0
ITEM-0014631,ORD-008237,305,1,59.99,20.0,59.99,20.0
ITEM-0014632,ORD-008237,107,1,59.99,22.0,59.99,22.0
ITEM-0014633,ORD-008237,302,2,45.0,15.0,90.0,30.0
ITEM-0014634,ORD-008238,307,1,29.99,8.0,29.99,8.0
ITEM-0014635,ORD-008239,105,2,39.99,12.0,79.98,24.0
ITEM-0014636,ORD-008239,203,2,120.0,42.0,240.0,84.0
ITEM-0014637,ORD-008240,202,3,68.0,22.0,204.0,66.0
ITEM-0014638,ORD-008241,504,1,16.99,4.2,16.99,4.2
ITEM-0014639,ORD-008241,502,2,22.99,5.5,45.98,11.0
ITEM-0014640,ORD-008242,102,1,49.99,18.0,49.99,18.0
ITEM-0014641,ORD-008243,306,1,32.5,10.0,32.5,10.0
ITEM-0014642,ORD-008243,102,1,49.99,18.0,49.99,18.0
ITEM-0014643,ORD-008243,201,1,28.0,8.5,28.0,8.5
ITEM-0014644,ORD-008244,203,1,120.0,42.0,120.0,42.0
ITEM-0014645,ORD-008245,108,1,29.99,9.5,29.99,9.5
ITEM-0014646,ORD-008246,201,1,28.0,8.5,28.0,8.5
ITEM-0014647,ORD-008247,306,2,32.5,10.0,65.0,20.0
ITEM-0014648,ORD-008248,504,1,16.99,4.2,16.99,4.2
ITEM-0014649,ORD-008248,103,1,89.99,36.0,89.99,36.0
ITEM-0014650,ORD-008248,205,1,54.0,16.0,54.0,16.0
ITEM-0014651,ORD-008248,401,1,26.0,6.0,26.0,6.0
ITEM-0014652,ORD-008249,403,1,22.0,5.2,22.0,5.2
ITEM-0014653,ORD-008249,206,1,45.0,11.0,45.0,11.0
ITEM-0014654,ORD-008249,201,2,28.0,8.5,56.0,17.0
ITEM-0014655,ORD-008250,206,1,45.0,11.0,45.0,11.0
ITEM-0014656,ORD-008251,106,2,179.99,70.0,359.98,140.0
ITEM-0014657,ORD-008252,501,1,42.0,13.0,42.0,13.0
ITEM-0014658,ORD-008252,502,2,22.99,5.5,45.98,11.0
ITEM-0014659,ORD-008253,504,1,16.99,4.2,16.99,4.2
ITEM-0014660,ORD-008253,303,1,24.99,7.5,24.99,7.5
ITEM-0014661,ORD-008253,108,1,29.99,9.5,29.99,9.5
ITEM-0014662,ORD-008254,405,1,18.0,4.0,18.0,4.0
ITEM-0014663,ORD-008255,403,1,22.0,5.2,22.0,5.2
ITEM-0014664,ORD-008256,505,1,75.0,24.0,75.0,24.0
ITEM-0014665,ORD-008256,402,1,34.0,8.5,34.0,8.5
ITEM-0014666,ORD-008257,104,1,349.99,175.0,349.99,175.0
ITEM-0014667,ORD-008257,102,1,49.99,18.0,49.99,18.0
ITEM-0014668,ORD-008258,304,1,39.99,14.0,39.99,14.0
ITEM-0014669,ORD-008259,304,1,39.99,14.0,39.99,14.0
ITEM-0014670,ORD-008259,108,2,29.99,9.5,59.98,19.0
ITEM-0014671,ORD-008260,502,1,22.99,5.5,22.99,5.5
ITEM-0014672,ORD-008261,306,3,32.5,10.0,97.5,30.0
ITEM-0014673,ORD-008262,405,1,18.0,4.0,18.0,4.0
ITEM-0014674,ORD-008262,503,1,48.0,15.0,48.0,15.0
ITEM-0014675,ORD-008262,404,1,64.99,21.0,64.99,21.0
ITEM-0014676,ORD-008263,201,1,28.0,8.5,28.0,8.5
ITEM-0014677,ORD-008263,502,1,22.99,5.5,22.99,5.5
ITEM-0014678,ORD-008264,104,1,349.99,175.0,349.99,175.0
ITEM-0014679,ORD-008265,106,1,179.99,70.0,179.99,70.0
ITEM-0014680,ORD-008266,503,1,48.0,15.0,48.0,15.0
ITEM-0014681,ORD-008267,202,1,68.0,22.0,68.0,22.0
ITEM-0014682,ORD-008267,502,1,22.99,5.5,22.99,5.5
ITEM-0014683,ORD-008268,502,1,22.99,5.5,22.99,5.5
ITEM-0014684,ORD-008268,301,1,289.0,130.0,289.0,130.0
ITEM-0014685,ORD-008268,102,1,49.99,18.0,49.99,18.0
ITEM-0014686,ORD-008269,103,1,89.99,36.0,89.99,36.0
ITEM-0014687,ORD-008270,102,1,49.99,18.0,49.99,18.0
ITEM-0014688,ORD-008271,405,2,18.0,4.0,36.0,8.0
ITEM-0014689,ORD-008272,201,2,28.0,8.5,56.0,17.0
ITEM-0014690,ORD-008272,505,1,75.0,24.0,75.0,24.0
ITEM-0014691,ORD-008273,101,3,199.99,85.0,599.97,255.0
ITEM-0014692,ORD-008274,204,1,24.0,6.0,24.0,6.0
ITEM-0014693,ORD-008275,502,1,22.99,5.5,22.99,5.5
ITEM-0014694,ORD-008275,305,1,59.99,20.0,59.99,20.0
ITEM-0014695,ORD-008276,307,2,29.99,8.0,59.98,16.0
ITEM-0014696,ORD-008276,405,1,18.0,4.0,18.0,4.0
ITEM-0014697,ORD-008276,202,1,68.0,22.0,68.0,22.0
ITEM-0014698,ORD-008277,404,1,64.99,21.0,64.99,21.0
ITEM-0014699,ORD-008278,505,2,75.0,24.0,150.0,48.0
ITEM-0014700,ORD-008279,202,1,68.0,22.0,68.0,22.0
ITEM-0014701,ORD-008280,105,1,39.99,12.0,39.99,12.0
ITEM-0014702,ORD-008281,402,1,34.0,8.5,34.0,8.5
ITEM-0014703,ORD-008281,401,1,26.0,6.0,26.0,6.0
ITEM-0014704,ORD-008282,202,1,68.0,22.0,68.0,22.0
ITEM-0014705,ORD-008283,403,1,22.0,5.2,22.0,5.2
ITEM-0014706,ORD-008283,402,1,34.0,8.5,34.0,8.5
ITEM-0014707,ORD-008284,105,1,39.99,12.0,39.99,12.0
ITEM-0014708,ORD-008285,501,1,42.0,13.0,42.0,13.0
ITEM-0014709,ORD-008286,102,1,49.99,18.0,49.99,18.0
ITEM-0014710,ORD-008286,505,1,75.0,24.0,75.0,24.0
ITEM-0014711,ORD-008286,307,1,29.99,8.0,29.99,8.0
ITEM-0014712,ORD-008287,105,1,39.99,12.0,39.99,12.0
ITEM-0014713,ORD-008287,404,1,64.99,21.0,64.99,21.0
ITEM-0014714,ORD-008287,301,1,289.0,130.0,289.0,130.0
ITEM-0014715,ORD-008287,104,1,349.99,175.0,349.99,175.0
ITEM-0014716,ORD-008288,106,2,179.99,70.0,359.98,140.0
ITEM-0014717,ORD-008288,107,1,59.99,22.0,59.99,22.0
ITEM-0014718,ORD-008289,304,1,39.99,14.0,39.99,14.0
ITEM-0014719,ORD-008289,105,1,39.99,12.0,39.99,12.0
ITEM-0014720,ORD-008289,402,1,34.0,8.5,34.0,8.5
ITEM-0014721,ORD-008290,107,1,59.99,22.0,59.99,22.0
ITEM-0014722,ORD-008291,101,1,199.99,85.0,199.99,85.0
ITEM-0014723,ORD-008292,102,1,49.99,18.0,49.99,18.0
ITEM-0014724,ORD-008292,204,2,24.0,6.0,48.0,12.0
ITEM-0014725,ORD-008293,502,1,22.99,5.5,22.99,5.5
ITEM-0014726,ORD-008293,101,1,199.99,85.0,199.99,85.0
ITEM-0014727,ORD-008294,402,1,34.0,8.5,34.0,8.5
ITEM-0014728,ORD-008294,307,1,29.99,8.0,29.99,8.0
ITEM-0014729,ORD-008295,107,1,59.99,22.0,59.99,22.0
ITEM-0014730,ORD-008295,404,2,64.99,21.0,129.98,42.0
ITEM-0014731,ORD-008295,401,1,26.0,6.0,26.0,6.0
ITEM-0014732,ORD-008296,102,1,49.99,18.0,49.99,18.0
ITEM-0014733,ORD-008297,503,1,48.0,15.0,48.0,15.0
ITEM-0014734,ORD-008297,104,1,349.99,175.0,349.99,175.0
ITEM-0014735,ORD-008297,505,1,75.0,24.0,75.0,24.0
ITEM-0014736,ORD-008298,104,1,349.99,175.0,349.99,175.0
ITEM-0014737,ORD-008299,101,2,199.99,85.0,399.98,170.0
ITEM-0014738,ORD-008299,107,1,59.99,22.0,59.99,22.0
ITEM-0014739,ORD-008300,501,1,42.0,13.0,42.0,13.0
ITEM-0014740,ORD-008301,103,1,89.99,36.0,89.99,36.0
ITEM-0014741,ORD-008301,403,1,22.0,5.2,22.0,5.2
ITEM-0014742,ORD-008302,108,1,29.99,9.5,29.99,9.5
ITEM-0014743,ORD-008303,204,1,24.0,6.0,24.0,6.0
ITEM-0014744,ORD-008304,301,1,289.0,130.0,289.0,130.0
ITEM-0014745,ORD-008304,302,1,45.0,15.0,45.0,15.0
ITEM-0014746,ORD-008305,307,1,29.99,8.0,29.99,8.0
ITEM-0014747,ORD-008305,305,1,59.99,20.0,59.99,20.0
ITEM-0014748,ORD-008305,102,2,49.99,18.0,99.98,36.0
ITEM-0014749,ORD-008305,107,2,59.99,22.0,119.98,44.0
ITEM-0014750,ORD-008306,205,1,54.0,16.0,54.0,16.0
ITEM-0014751,ORD-008307,504,1,16.99,4.2,16.99,4.2
ITEM-0014752,ORD-008307,202,1,68.0,22.0,68.0,22.0
ITEM-0014753,ORD-008308,304,1,39.99,14.0,39.99,14.0
ITEM-0014754,ORD-008309,204,1,24.0,6.0,24.0,6.0
ITEM-0014755,ORD-008310,107,1,59.99,22.0,59.99,22.0
ITEM-0014756,ORD-008311,404,1,64.99,21.0,64.99,21.0
ITEM-0014757,ORD-008311,203,1,120.0,42.0,120.0,42.0
ITEM-0014758,ORD-008311,204,1,24.0,6.0,24.0,6.0
ITEM-0014759,ORD-008312,201,1,28.0,8.5,28.0,8.5
ITEM-0014760,ORD-008312,505,1,75.0,24.0,75.0,24.0
ITEM-0014761,ORD-008313,403,1,22.0,5.2,22.0,5.2
ITEM-0014762,ORD-008314,503,1,48.0,15.0,48.0,15.0
ITEM-0014763,ORD-008314,301,1,289.0,130.0,289.0,130.0
ITEM-0014764,ORD-008314,302,1,45.0,15.0,45.0,15.0
ITEM-0014765,ORD-008315,404,1,64.99,21.0,64.99,21.0
ITEM-0014766,ORD-008316,307,1,29.99,8.0,29.99,8.0
ITEM-0014767,ORD-008317,402,2,34.0,8.5,68.0,17.0
ITEM-0014768,ORD-008318,105,1,39.99,12.0,39.99,12.0
ITEM-0014769,ORD-008318,305,1,59.99,20.0,59.99,20.0
ITEM-0014770,ORD-008319,304,1,39.99,14.0,39.99,14.0
ITEM-0014771,ORD-008320,105,1,39.99,12.0,39.99,12.0
ITEM-0014772,ORD-008321,102,2,49.99,18.0,99.98,36.0
ITEM-0014773,ORD-008322,203,2,120.0,42.0,240.0,84.0
ITEM-0014774,ORD-008322,503,1,48.0,15.0,48.0,15.0
ITEM-0014775,ORD-008323,501,1,42.0,13.0,42.0,13.0
ITEM-0014776,ORD-008323,307,1,29.99,8.0,29.99,8.0
ITEM-0014777,ORD-008324,205,1,54.0,16.0,54.0,16.0
ITEM-0014778,ORD-008324,403,1,22.0,5.2,22.0,5.2
ITEM-0014779,ORD-008325,204,1,24.0,6.0,24.0,6.0
ITEM-0014780,ORD-008325,404,1,64.99,21.0,64.99,21.0
ITEM-0014781,ORD-008325,307,1,29.99,8.0,29.99,8.0
ITEM-0014782,ORD-008325,105,1,39.99,12.0,39.99,12.0
ITEM-0014783,ORD-008326,205,1,54.0,16.0,54.0,16.0
ITEM-0014784,ORD-008326,402,1,34.0,8.5,34.0,8.5
ITEM-0014785,ORD-008327,108,1,29.99,9.5,29.99,9.5
ITEM-0014786,ORD-008328,203,1,120.0,42.0,120.0,42.0
ITEM-0014787,ORD-008328,104,1,349.99,175.0,349.99,175.0
ITEM-0014788,ORD-008328,501,1,42.0,13.0,42.0,13.0
ITEM-0014789,ORD-008329,306,1,32.5,10.0,32.5,10.0
ITEM-0014790,ORD-008330,103,1,89.99,36.0,89.99,36.0
ITEM-0014791,ORD-008331,101,1,199.99,85.0,199.99,85.0
ITEM-0014792,ORD-008331,402,1,34.0,8.5,34.0,8.5
ITEM-0014793,ORD-008332,405,1,18.0,4.0,18.0,4.0
ITEM-0014794,ORD-008333,301,1,289.0,130.0,289.0,130.0
ITEM-0014795,ORD-008333,303,1,24.99,7.5,24.99,7.5
ITEM-0014796,ORD-008333,307,1,29.99,8.0,29.99,8.0
ITEM-0014797,ORD-008334,301,1,289.0,130.0,289.0,130.0
ITEM-0014798,ORD-008334,107,1,59.99,22.0,59.99,22.0
ITEM-0014799,ORD-008335,103,1,89.99,36.0,89.99,36.0
ITEM-0014800,ORD-008335,101,1,199.99,85.0,199.99,85.0
ITEM-0014801,ORD-008336,403,1,22.0,5.2,22.0,5.2
ITEM-0014802,ORD-008337,305,2,59.99,20.0,119.98,40.0
ITEM-0014803,ORD-008338,501,1,42.0,13.0,42.0,13.0
ITEM-0014804,ORD-008338,101,1,199.99,85.0,199.99,85.0
ITEM-0014805,ORD-008338,106,1,179.99,70.0,179.99,70.0
ITEM-0014806,ORD-008339,305,1,59.99,20.0,59.99,20.0
ITEM-0014807,ORD-008340,505,1,75.0,24.0,75.0,24.0
ITEM-0014808,ORD-008341,503,1,48.0,15.0,48.0,15.0
ITEM-0014809,ORD-008342,505,1,75.0,24.0,75.0,24.0
ITEM-0014810,ORD-008342,108,1,29.99,9.5,29.99,9.5
ITEM-0014811,ORD-008342,302,1,45.0,15.0,45.0,15.0
ITEM-0014812,ORD-008343,303,1,24.99,7.5,24.99,7.5
ITEM-0014813,ORD-008343,201,1,28.0,8.5,28.0,8.5
ITEM-0014814,ORD-008344,402,3,34.0,8.5,102.0,25.5
ITEM-0014815,ORD-008344,102,1,49.99,18.0,49.99,18.0
ITEM-0014816,ORD-008345,404,1,64.99,21.0,64.99,21.0
ITEM-0014817,ORD-008346,401,1,26.0,6.0,26.0,6.0
ITEM-0014818,ORD-008347,102,1,49.99,18.0,49.99,18.0
ITEM-0014819,ORD-008348,201,1,28.0,8.5,28.0,8.5
ITEM-0014820,ORD-008349,501,1,42.0,13.0,42.0,13.0
ITEM-0014821,ORD-008349,107,1,59.99,22.0,59.99,22.0
ITEM-0014822,ORD-008350,307,2,29.99,8.0,59.98,16.0
ITEM-0014823,ORD-008351,503,2,48.0,15.0,96.0,30.0
ITEM-0014824,ORD-008352,501,2,42.0,13.0,84.0,26.0
ITEM-0014825,ORD-008353,205,1,54.0,16.0,54.0,16.0
ITEM-0014826,ORD-008354,106,1,179.99,70.0,179.99,70.0
ITEM-0014827,ORD-008355,301,2,289.0,130.0,578.0,260.0
ITEM-0014828,ORD-008355,302,1,45.0,15.0,45.0,15.0
ITEM-0014829,ORD-008356,102,1,49.99,18.0,49.99,18.0
ITEM-0014830,ORD-008357,203,1,120.0,42.0,120.0,42.0
ITEM-0014831,ORD-008358,401,1,26.0,6.0,26.0,6.0
ITEM-0014832,ORD-008358,403,1,22.0,5.2,22.0,5.2
ITEM-0014833,ORD-008359,306,1,32.5,10.0,32.5,10.0
ITEM-0014834,ORD-008359,104,3,349.99,175.0,1049.97,525.0
ITEM-0014835,ORD-008359,204,1,24.0,6.0,24.0,6.0
ITEM-0014836,ORD-008360,306,1,32.5,10.0,32.5,10.0
ITEM-0014837,ORD-008361,304,1,39.99,14.0,39.99,14.0
ITEM-0014838,ORD-008362,504,1,16.99,4.2,16.99,4.2
ITEM-0014839,ORD-008363,206,1,45.0,11.0,45.0,11.0
ITEM-0014840,ORD-008363,504,1,16.99,4.2,16.99,4.2
ITEM-0014841,ORD-008363,302,2,45.0,15.0,90.0,30.0
ITEM-0014842,ORD-008364,203,1,120.0,42.0,120.0,42.0
ITEM-0014843,ORD-008364,404,1,64.99,21.0,64.99,21.0
ITEM-0014844,ORD-008364,103,3,89.99,36.0,269.97,108.0
ITEM-0014845,ORD-008365,203,1,120.0,42.0,120.0,42.0
ITEM-0014846,ORD-008366,104,1,349.99,175.0,349.99,175.0
ITEM-0014847,ORD-008366,103,1,89.99,36.0,89.99,36.0
ITEM-0014848,ORD-008367,105,1,39.99,12.0,39.99,12.0
ITEM-0014849,ORD-008367,103,1,89.99,36.0,89.99,36.0
ITEM-0014850,ORD-008367,302,1,45.0,15.0,45.0,15.0
ITEM-0014851,ORD-008368,504,1,16.99,4.2,16.99,4.2
ITEM-0014852,ORD-008369,106,1,179.99,70.0,179.99,70.0
ITEM-0014853,ORD-008369,305,1,59.99,20.0,59.99,20.0
ITEM-0014854,ORD-008370,205,2,54.0,16.0,108.0,32.0
ITEM-0014855,ORD-008371,204,1,24.0,6.0,24.0,6.0
ITEM-0014856,ORD-008371,501,1,42.0,13.0,42.0,13.0
ITEM-0014857,ORD-008372,302,1,45.0,15.0,45.0,15.0
ITEM-0014858,ORD-008373,503,1,48.0,15.0,48.0,15.0
ITEM-0014859,ORD-008374,403,1,22.0,5.2,22.0,5.2
ITEM-0014860,ORD-008374,106,1,179.99,70.0,179.99,70.0
ITEM-0014861,ORD-008374,502,1,22.99,5.5,22.99,5.5
ITEM-0014862,ORD-008374,303,1,24.99,7.5,24.99,7.5
ITEM-0014863,ORD-008375,301,1,289.0,130.0,289.0,130.0
ITEM-0014864,ORD-008376,102,1,49.99,18.0,49.99,18.0
ITEM-0014865,ORD-008377,103,1,89.99,36.0,89.99,36.0
ITEM-0014866,ORD-008377,204,1,24.0,6.0,24.0,6.0
ITEM-0014867,ORD-008377,401,1,26.0,6.0,26.0,6.0
ITEM-0014868,ORD-008377,108,1,29.99,9.5,29.99,9.5
ITEM-0014869,ORD-008378,204,2,24.0,6.0,48.0,12.0
ITEM-0014870,ORD-008379,106,2,179.99,70.0,359.98,140.0
ITEM-0014871,ORD-008379,305,1,59.99,20.0,59.99,20.0
ITEM-0014872,ORD-008380,101,2,199.99,85.0,399.98,170.0
ITEM-0014873,ORD-008380,108,1,29.99,9.5,29.99,9.5
ITEM-0014874,ORD-008381,104,1,349.99,175.0,349.99,175.0
ITEM-0014875,ORD-008382,104,1,349.99,175.0,349.99,175.0
ITEM-0014876,ORD-008382,102,1,49.99,18.0,49.99,18.0
ITEM-0014877,ORD-008383,305,1,59.99,20.0,59.99,20.0
ITEM-0014878,ORD-008384,206,3,45.0,11.0,135.0,33.0
ITEM-0014879,ORD-008385,107,1,59.99,22.0,59.99,22.0
ITEM-0014880,ORD-008386,405,1,18.0,4.0,18.0,4.0
ITEM-0014881,ORD-008387,304,1,39.99,14.0,39.99,14.0
ITEM-0014882,ORD-008387,404,1,64.99,21.0,64.99,21.0
ITEM-0014883,ORD-008388,505,1,75.0,24.0,75.0,24.0
ITEM-0014884,ORD-008389,203,1,120.0,42.0,120.0,42.0
ITEM-0014885,ORD-008390,204,1,24.0,6.0,24.0,6.0
ITEM-0014886,ORD-008390,405,3,18.0,4.0,54.0,12.0
ITEM-0014887,ORD-008390,205,1,54.0,16.0,54.0,16.0
ITEM-0014888,ORD-008391,206,1,45.0,11.0,45.0,11.0
ITEM-0014889,ORD-008391,401,1,26.0,6.0,26.0,6.0
ITEM-0014890,ORD-008392,106,1,179.99,70.0,179.99,70.0
ITEM-0014891,ORD-008392,301,1,289.0,130.0,289.0,130.0
ITEM-0014892,ORD-008392,503,1,48.0,15.0,48.0,15.0
ITEM-0014893,ORD-008392,304,1,39.99,14.0,39.99,14.0
ITEM-0014894,ORD-008393,108,1,29.99,9.5,29.99,9.5
ITEM-0014895,ORD-008394,505,1,75.0,24.0,75.0,24.0
ITEM-0014896,ORD-008394,403,1,22.0,5.2,22.0,5.2
ITEM-0014897,ORD-008394,202,2,68.0,22.0,136.0,44.0
ITEM-0014898,ORD-008395,401,1,26.0,6.0,26.0,6.0
ITEM-0014899,ORD-008396,301,1,289.0,130.0,289.0,130.0
ITEM-0014900,ORD-008396,302,1,45.0,15.0,45.0,15.0
ITEM-0014901,ORD-008397,102,1,49.99,18.0,49.99,18.0
ITEM-0014902,ORD-008398,303,1,24.99,7.5,24.99,7.5
ITEM-0014903,ORD-008399,201,3,28.0,8.5,84.0,25.5
ITEM-0014904,ORD-008399,304,2,39.99,14.0,79.98,28.0
ITEM-0014905,ORD-008400,306,2,32.5,10.0,65.0,20.0
ITEM-0014906,ORD-008401,505,1,75.0,24.0,75.0,24.0
ITEM-0014907,ORD-008401,206,1,45.0,11.0,45.0,11.0
ITEM-0014908,ORD-008402,108,1,29.99,9.5,29.99,9.5
ITEM-0014909,ORD-008403,502,1,22.99,5.5,22.99,5.5
ITEM-0014910,ORD-008403,204,1,24.0,6.0,24.0,6.0
ITEM-0014911,ORD-008404,201,1,28.0,8.5,28.0,8.5
ITEM-0014912,ORD-008404,401,1,26.0,6.0,26.0,6.0
ITEM-0014913,ORD-008405,301,1,289.0,130.0,289.0,130.0
ITEM-0014914,ORD-008406,501,1,42.0,13.0,42.0,13.0
ITEM-0014915,ORD-008407,402,1,34.0,8.5,34.0,8.5
ITEM-0014916,ORD-008408,102,1,49.99,18.0,49.99,18.0
ITEM-0014917,ORD-008409,303,1,24.99,7.5,24.99,7.5
ITEM-0014918,ORD-008409,503,1,48.0,15.0,48.0,15.0
ITEM-0014919,ORD-008410,202,1,68.0,22.0,68.0,22.0
ITEM-0014920,ORD-008411,104,1,349.99,175.0,349.99,175.0
ITEM-0014921,ORD-008411,102,1,49.99,18.0,49.99,18.0
ITEM-0014922,ORD-008412,302,1,45.0,15.0,45.0,15.0
ITEM-0014923,ORD-008412,204,1,24.0,6.0,24.0,6.0
ITEM-0014924,ORD-008413,206,1,45.0,11.0,45.0,11.0
ITEM-0014925,ORD-008414,505,2,75.0,24.0,150.0,48.0
ITEM-0014926,ORD-008415,206,1,45.0,11.0,45.0,11.0
ITEM-0014927,ORD-008415,502,1,22.99,5.5,22.99,5.5
ITEM-0014928,ORD-008415,106,1,179.99,70.0,179.99,70.0
ITEM-0014929,ORD-008416,502,1,22.99,5.5,22.99,5.5
ITEM-0014930,ORD-008416,302,1,45.0,15.0,45.0,15.0
ITEM-0014931,ORD-008416,503,1,48.0,15.0,48.0,15.0
ITEM-0014932,ORD-008416,102,1,49.99,18.0,49.99,18.0
ITEM-0014933,ORD-008417,205,1,54.0,16.0,54.0,16.0
ITEM-0014934,ORD-008418,106,1,179.99,70.0,179.99,70.0
ITEM-0014935,ORD-008419,108,1,29.99,9.5,29.99,9.5
ITEM-0014936,ORD-008420,204,1,24.0,6.0,24.0,6.0
ITEM-0014937,ORD-008421,202,1,68.0,22.0,68.0,22.0
ITEM-0014938,ORD-008421,501,1,42.0,13.0,42.0,13.0
ITEM-0014939,ORD-008422,404,1,64.99,21.0,64.99,21.0
ITEM-0014940,ORD-008423,107,1,59.99,22.0,59.99,22.0
ITEM-0014941,ORD-008423,306,1,32.5,10.0,32.5,10.0
ITEM-0014942,ORD-008424,303,1,24.99,7.5,24.99,7.5
ITEM-0014943,ORD-008425,305,1,59.99,20.0,59.99,20.0
ITEM-0014944,ORD-008425,102,3,49.99,18.0,149.97,54.0
ITEM-0014945,ORD-008426,505,1,75.0,24.0,75.0,24.0
ITEM-0014946,ORD-008427,405,1,18.0,4.0,18.0,4.0
ITEM-0014947,ORD-008428,104,1,349.99,175.0,349.99,175.0
ITEM-0014948,ORD-008429,405,1,18.0,4.0,18.0,4.0
ITEM-0014949,ORD-008430,403,1,22.0,5.2,22.0,5.2
ITEM-0014950,ORD-008430,102,1,49.99,18.0,49.99,18.0
ITEM-0014951,ORD-008431,401,1,26.0,6.0,26.0,6.0
ITEM-0014952,ORD-008431,402,1,34.0,8.5,34.0,8.5
ITEM-0014953,ORD-008431,307,1,29.99,8.0,29.99,8.0
ITEM-0014954,ORD-008432,502,1,22.99,5.5,22.99,5.5
ITEM-0014955,ORD-008432,307,1,29.99,8.0,29.99,8.0
ITEM-0014956,ORD-008432,401,1,26.0,6.0,26.0,6.0
ITEM-0014957,ORD-008433,403,2,22.0,5.2,44.0,10.4
ITEM-0014958,ORD-008434,108,1,29.99,9.5,29.99,9.5
ITEM-0014959,ORD-008435,502,1,22.99,5.5,22.99,5.5
ITEM-0014960,ORD-008435,504,1,16.99,4.2,16.99,4.2
ITEM-0014961,ORD-008436,203,1,120.0,42.0,120.0,42.0
ITEM-0014962,ORD-008437,101,1,199.99,85.0,199.99,85.0
ITEM-0014963,ORD-008438,302,1,45.0,15.0,45.0,15.0
ITEM-0014964,ORD-008439,101,1,199.99,85.0,199.99,85.0
ITEM-0014965,ORD-008440,108,1,29.99,9.5,29.99,9.5
ITEM-0014966,ORD-008441,205,3,54.0,16.0,162.0,48.0
ITEM-0014967,ORD-008442,402,1,34.0,8.5,34.0,8.5
ITEM-0014968,ORD-008443,105,1,39.99,12.0,39.99,12.0
ITEM-0014969,ORD-008444,201,1,28.0,8.5,28.0,8.5
ITEM-0014970,ORD-008445,204,1,24.0,6.0,24.0,6.0
ITEM-0014971,ORD-008445,401,1,26.0,6.0,26.0,6.0
ITEM-0014972,ORD-008446,106,1,179.99,70.0,179.99,70.0
ITEM-0014973,ORD-008446,204,1,24.0,6.0,24.0,6.0
ITEM-0014974,ORD-008447,101,1,199.99,85.0,199.99,85.0
ITEM-0014975,ORD-008448,501,1,42.0,13.0,42.0,13.0
ITEM-0014976,ORD-008449,404,1,64.99,21.0,64.99,21.0
ITEM-0014977,ORD-008450,204,1,24.0,6.0,24.0,6.0
ITEM-0014978,ORD-008450,102,1,49.99,18.0,49.99,18.0
ITEM-0014979,ORD-008451,307,1,29.99,8.0,29.99,8.0
ITEM-0014980,ORD-008452,503,1,48.0,15.0,48.0,15.0
ITEM-0014981,ORD-008453,205,1,54.0,16.0,54.0,16.0
ITEM-0014982,ORD-008454,101,1,199.99,85.0,199.99,85.0
ITEM-0014983,ORD-008455,307,1,29.99,8.0,29.99,8.0
ITEM-0014984,ORD-008455,201,2,28.0,8.5,56.0,17.0
ITEM-0014985,ORD-008456,401,1,26.0,6.0,26.0,6.0
ITEM-0014986,ORD-008456,402,1,34.0,8.5,34.0,8.5
ITEM-0014987,ORD-008456,307,1,29.99,8.0,29.99,8.0
ITEM-0014988,ORD-008457,106,1,179.99,70.0,179.99,70.0
ITEM-0014989,ORD-008458,404,1,64.99,21.0,64.99,21.0
ITEM-0014990,ORD-008458,201,1,28.0,8.5,28.0,8.5
ITEM-0014991,ORD-008459,405,1,18.0,4.0,18.0,4.0
ITEM-0014992,ORD-008460,503,1,48.0,15.0,48.0,15.0
ITEM-0014993,ORD-008460,103,1,89.99,36.0,89.99,36.0
ITEM-0014994,ORD-008461,305,1,59.99,20.0,59.99,20.0
ITEM-0014995,ORD-008461,108,2,29.99,9.5,59.98,19.0
ITEM-0014996,ORD-008462,307,1,29.99,8.0,29.99,8.0
ITEM-0014997,ORD-008462,102,1,49.99,18.0,49.99,18.0
ITEM-0014998,ORD-008462,302,1,45.0,15.0,45.0,15.0
ITEM-0014999,ORD-008462,503,1,48.0,15.0,48.0,15.0
ITEM-0015000,ORD-008463,503,2,48.0,15.0,96.0,30.0
ITEM-0015001,ORD-008463,302,2,45.0,15.0,90.0,30.0
ITEM-0015002,ORD-008464,305,1,59.99,20.0,59.99,20.0
ITEM-0015003,ORD-008465,404,1,64.99,21.0,64.99,21.0
ITEM-0015004,ORD-008466,107,1,59.99,22.0,59.99,22.0
ITEM-0015005,ORD-008467,405,1,18.0,4.0,18.0,4.0
ITEM-0015006,ORD-008468,306,1,32.5,10.0,32.5,10.0
ITEM-0015007,ORD-008468,304,1,39.99,14.0,39.99,14.0
ITEM-0015008,ORD-008469,305,1,59.99,20.0,59.99,20.0
ITEM-0015009,ORD-008469,502,1,22.99,5.5,22.99,5.5
ITEM-0015010,ORD-008470,501,2,42.0,13.0,84.0,26.0
ITEM-0015011,ORD-008471,102,1,49.99,18.0,49.99,18.0
ITEM-0015012,ORD-008472,102,1,49.99,18.0,49.99,18.0
ITEM-0015013,ORD-008472,103,1,89.99,36.0,89.99,36.0
ITEM-0015014,ORD-008473,305,1,59.99,20.0,59.99,20.0
ITEM-0015015,ORD-008474,307,1,29.99,8.0,29.99,8.0
ITEM-0015016,ORD-008474,206,1,45.0,11.0,45.0,11.0
ITEM-0015017,ORD-008474,204,1,24.0,6.0,24.0,6.0
ITEM-0015018,ORD-008474,202,1,68.0,22.0,68.0,22.0
ITEM-0015019,ORD-008475,102,1,49.99,18.0,49.99,18.0
ITEM-0015020,ORD-008475,202,1,68.0,22.0,68.0,22.0
ITEM-0015021,ORD-008476,504,1,16.99,4.2,16.99,4.2
ITEM-0015022,ORD-008476,205,1,54.0,16.0,54.0,16.0
ITEM-0015023,ORD-008477,303,1,24.99,7.5,24.99,7.5
ITEM-0015024,ORD-008478,105,1,39.99,12.0,39.99,12.0
ITEM-0015025,ORD-008479,503,1,48.0,15.0,48.0,15.0
ITEM-0015026,ORD-008480,201,1,28.0,8.5,28.0,8.5
ITEM-0015027,ORD-008481,402,1,34.0,8.5,34.0,8.5
ITEM-0015028,ORD-008482,307,1,29.99,8.0,29.99,8.0
ITEM-0015029,ORD-008483,104,1,349.99,175.0,349.99,175.0
ITEM-0015030,ORD-008483,102,2,49.99,18.0,99.98,36.0
ITEM-0015031,ORD-008484,102,1,49.99,18.0,49.99,18.0
ITEM-0015032,ORD-008485,505,1,75.0,24.0,75.0,24.0
ITEM-0015033,ORD-008485,403,1,22.0,5.2,22.0,5.2
ITEM-0015034,ORD-008486,202,1,68.0,22.0,68.0,22.0
ITEM-0015035,ORD-008486,504,1,16.99,4.2,16.99,4.2
ITEM-0015036,ORD-008486,404,1,64.99,21.0,64.99,21.0
ITEM-0015037,ORD-008487,108,1,29.99,9.5,29.99,9.5
ITEM-0015038,ORD-008488,201,1,28.0,8.5,28.0,8.5
ITEM-0015039,ORD-008488,301,1,289.0,130.0,289.0,130.0
ITEM-0015040,ORD-008488,202,2,68.0,22.0,136.0,44.0
ITEM-0015041,ORD-008489,504,2,16.99,4.2,33.98,8.4
ITEM-0015042,ORD-008489,302,2,45.0,15.0,90.0,30.0
ITEM-0015043,ORD-008489,201,1,28.0,8.5,28.0,8.5
ITEM-0015044,ORD-008490,501,1,42.0,13.0,42.0,13.0
ITEM-0015045,ORD-008490,502,1,22.99,5.5,22.99,5.5
ITEM-0015046,ORD-008490,206,1,45.0,11.0,45.0,11.0
ITEM-0015047,ORD-008491,501,1,42.0,13.0,42.0,13.0
ITEM-0015048,ORD-008492,205,1,54.0,16.0,54.0,16.0
ITEM-0015049,ORD-008492,301,3,289.0,130.0,867.0,390.0
ITEM-0015050,ORD-008492,403,1,22.0,5.2,22.0,5.2
ITEM-0015051,ORD-008493,102,2,49.99,18.0,99.98,36.0
ITEM-0015052,ORD-008494,504,1,16.99,4.2,16.99,4.2
ITEM-0015053,ORD-008495,501,1,42.0,13.0,42.0,13.0
ITEM-0015054,ORD-008496,505,1,75.0,24.0,75.0,24.0
ITEM-0015055,ORD-008496,102,1,49.99,18.0,49.99,18.0
ITEM-0015056,ORD-008497,101,1,199.99,85.0,199.99,85.0
ITEM-0015057,ORD-008498,403,1,22.0,5.2,22.0,5.2
ITEM-0015058,ORD-008498,502,1,22.99,5.5,22.99,5.5
ITEM-0015059,ORD-008499,401,1,26.0,6.0,26.0,6.0
ITEM-0015060,ORD-008499,402,1,34.0,8.5,34.0,8.5
ITEM-0015061,ORD-008499,403,1,22.0,5.2,22.0,5.2
ITEM-0015062,ORD-008499,203,1,120.0,42.0,120.0,42.0
ITEM-0015063,ORD-008500,307,1,29.99,8.0,29.99,8.0
ITEM-0015064,ORD-008500,203,1,120.0,42.0,120.0,42.0
ITEM-0015065,ORD-008501,107,1,59.99,22.0,59.99,22.0
ITEM-0015066,ORD-008501,502,1,22.99,5.5,22.99,5.5
ITEM-0015067,ORD-008501,104,1,349.99,175.0,349.99,175.0
ITEM-0015068,ORD-008501,403,1,22.0,5.2,22.0,5.2
ITEM-0015069,ORD-008502,104,1,349.99,175.0,349.99,175.0
ITEM-0015070,ORD-008503,304,1,39.99,14.0,39.99,14.0
ITEM-0015071,ORD-008504,102,1,49.99,18.0,49.99,18.0
ITEM-0015072,ORD-008505,302,1,45.0,15.0,45.0,15.0
ITEM-0015073,ORD-008506,204,3,24.0,6.0,72.0,18.0
ITEM-0015074,ORD-008507,202,1,68.0,22.0,68.0,22.0
ITEM-0015075,ORD-008508,202,1,68.0,22.0,68.0,22.0
ITEM-0015076,ORD-008509,502,2,22.99,5.5,45.98,11.0
ITEM-0015077,ORD-008509,102,1,49.99,18.0,49.99,18.0
ITEM-0015078,ORD-008509,501,1,42.0,13.0,42.0,13.0
ITEM-0015079,ORD-008510,402,1,34.0,8.5,34.0,8.5
ITEM-0015080,ORD-008511,307,1,29.99,8.0,29.99,8.0
ITEM-0015081,ORD-008512,305,2,59.99,20.0,119.98,40.0
ITEM-0015082,ORD-008512,402,1,34.0,8.5,34.0,8.5
ITEM-0015083,ORD-008513,301,1,289.0,130.0,289.0,130.0
ITEM-0015084,ORD-008514,405,1,18.0,4.0,18.0,4.0
ITEM-0015085,ORD-008514,404,1,64.99,21.0,64.99,21.0
ITEM-0015086,ORD-008515,503,1,48.0,15.0,48.0,15.0
ITEM-0015087,ORD-008515,102,1,49.99,18.0,49.99,18.0
ITEM-0015088,ORD-008516,502,1,22.99,5.5,22.99,5.5
ITEM-0015089,ORD-008516,104,1,349.99,175.0,349.99,175.0
ITEM-0015090,ORD-008517,206,1,45.0,11.0,45.0,11.0
ITEM-0015091,ORD-008518,302,2,45.0,15.0,90.0,30.0
ITEM-0015092,ORD-008518,106,2,179.99,70.0,359.98,140.0
ITEM-0015093,ORD-008518,405,1,18.0,4.0,18.0,4.0
ITEM-0015094,ORD-008519,303,1,24.99,7.5,24.99,7.5
ITEM-0015095,ORD-008520,301,1,289.0,130.0,289.0,130.0
ITEM-0015096,ORD-008520,307,1,29.99,8.0,29.99,8.0
ITEM-0015097,ORD-008521,404,1,64.99,21.0,64.99,21.0
ITEM-0015098,ORD-008522,306,1,32.5,10.0,32.5,10.0
ITEM-0015099,ORD-008522,101,1,199.99,85.0,199.99,85.0
ITEM-0015100,ORD-008523,108,1,29.99,9.5,29.99,9.5
ITEM-0015101,ORD-008524,404,1,64.99,21.0,64.99,21.0
ITEM-0015102,ORD-008524,104,1,349.99,175.0,349.99,175.0
ITEM-0015103,ORD-008524,503,1,48.0,15.0,48.0,15.0
ITEM-0015104,ORD-008525,405,2,18.0,4.0,36.0,8.0
ITEM-0015105,ORD-008526,404,1,64.99,21.0,64.99,21.0
ITEM-0015106,ORD-008527,107,1,59.99,22.0,59.99,22.0
ITEM-0015107,ORD-008527,504,1,16.99,4.2,16.99,4.2
ITEM-0015108,ORD-008528,405,1,18.0,4.0,18.0,4.0
ITEM-0015109,ORD-008529,301,1,289.0,130.0,289.0,130.0
ITEM-0015110,ORD-008529,501,1,42.0,13.0,42.0,13.0
ITEM-0015111,ORD-008530,105,1,39.99,12.0,39.99,12.0
ITEM-0015112,ORD-008530,401,1,26.0,6.0,26.0,6.0
ITEM-0015113,ORD-008531,302,1,45.0,15.0,45.0,15.0
ITEM-0015114,ORD-008531,505,1,75.0,24.0,75.0,24.0
ITEM-0015115,ORD-008532,304,1,39.99,14.0,39.99,14.0
ITEM-0015116,ORD-008532,402,1,34.0,8.5,34.0,8.5
ITEM-0015117,ORD-008533,108,1,29.99,9.5,29.99,9.5
ITEM-0015118,ORD-008533,307,1,29.99,8.0,29.99,8.0
ITEM-0015119,ORD-008533,105,2,39.99,12.0,79.98,24.0
ITEM-0015120,ORD-008534,503,1,48.0,15.0,48.0,15.0
ITEM-0015121,ORD-008535,403,1,22.0,5.2,22.0,5.2
ITEM-0015122,ORD-008536,503,1,48.0,15.0,48.0,15.0
ITEM-0015123,ORD-008537,503,1,48.0,15.0,48.0,15.0
ITEM-0015124,ORD-008538,504,1,16.99,4.2,16.99,4.2
ITEM-0015125,ORD-008538,306,3,32.5,10.0,97.5,30.0
ITEM-0015126,ORD-008539,501,1,42.0,13.0,42.0,13.0
ITEM-0015127,ORD-008539,307,1,29.99,8.0,29.99,8.0
ITEM-0015128,ORD-008540,202,1,68.0,22.0,68.0,22.0
ITEM-0015129,ORD-008541,108,1,29.99,9.5,29.99,9.5
ITEM-0015130,ORD-008542,502,1,22.99,5.5,22.99,5.5
ITEM-0015131,ORD-008542,102,1,49.99,18.0,49.99,18.0
ITEM-0015132,ORD-008543,302,1,45.0,15.0,45.0,15.0
ITEM-0015133,ORD-008543,404,1,64.99,21.0,64.99,21.0
ITEM-0015134,ORD-008544,302,1,45.0,15.0,45.0,15.0
ITEM-0015135,ORD-008544,101,1,199.99,85.0,199.99,85.0
ITEM-0015136,ORD-008544,107,1,59.99,22.0,59.99,22.0
ITEM-0015137,ORD-008545,502,2,22.99,5.5,45.98,11.0
ITEM-0015138,ORD-008546,301,1,289.0,130.0,289.0,130.0
ITEM-0015139,ORD-008547,108,1,29.99,9.5,29.99,9.5
ITEM-0015140,ORD-008547,103,1,89.99,36.0,89.99,36.0
ITEM-0015141,ORD-008547,204,1,24.0,6.0,24.0,6.0
ITEM-0015142,ORD-008548,307,1,29.99,8.0,29.99,8.0
ITEM-0015143,ORD-008549,205,1,54.0,16.0,54.0,16.0
ITEM-0015144,ORD-008550,302,2,45.0,15.0,90.0,30.0
ITEM-0015145,ORD-008551,505,1,75.0,24.0,75.0,24.0
ITEM-0015146,ORD-008552,206,2,45.0,11.0,90.0,22.0
ITEM-0015147,ORD-008552,303,1,24.99,7.5,24.99,7.5
ITEM-0015148,ORD-008552,105,1,39.99,12.0,39.99,12.0
ITEM-0015149,ORD-008552,402,3,34.0,8.5,102.0,25.5
ITEM-0015150,ORD-008553,502,1,22.99,5.5,22.99,5.5
ITEM-0015151,ORD-008553,404,1,64.99,21.0,64.99,21.0
ITEM-0015152,ORD-008554,106,1,179.99,70.0,179.99,70.0
ITEM-0015153,ORD-008555,303,1,24.99,7.5,24.99,7.5
ITEM-0015154,ORD-008555,307,1,29.99,8.0,29.99,8.0
ITEM-0015155,ORD-008555,402,1,34.0,8.5,34.0,8.5
ITEM-0015156,ORD-008556,203,1,120.0,42.0,120.0,42.0
ITEM-0015157,ORD-008556,302,1,45.0,15.0,45.0,15.0
ITEM-0015158,ORD-008557,108,1,29.99,9.5,29.99,9.5
ITEM-0015159,ORD-008557,306,1,32.5,10.0,32.5,10.0
ITEM-0015160,ORD-008558,205,2,54.0,16.0,108.0,32.0
ITEM-0015161,ORD-008558,401,1,26.0,6.0,26.0,6.0
ITEM-0015162,ORD-008558,101,3,199.99,85.0,599.97,255.0
ITEM-0015163,ORD-008559,102,1,49.99,18.0,49.99,18.0
ITEM-0015164,ORD-008559,302,1,45.0,15.0,45.0,15.0
ITEM-0015165,ORD-008560,303,1,24.99,7.5,24.99,7.5
ITEM-0015166,ORD-008560,401,1,26.0,6.0,26.0,6.0
ITEM-0015167,ORD-008561,106,1,179.99,70.0,179.99,70.0
ITEM-0015168,ORD-008562,204,1,24.0,6.0,24.0,6.0
ITEM-0015169,ORD-008563,402,1,34.0,8.5,34.0,8.5
ITEM-0015170,ORD-008563,401,1,26.0,6.0,26.0,6.0
ITEM-0015171,ORD-008564,205,1,54.0,16.0,54.0,16.0
ITEM-0015172,ORD-008565,101,1,199.99,85.0,199.99,85.0
ITEM-0015173,ORD-008565,108,1,29.99,9.5,29.99,9.5
ITEM-0015174,ORD-008565,107,1,59.99,22.0,59.99,22.0
ITEM-0015175,ORD-008565,404,1,64.99,21.0,64.99,21.0
ITEM-0015176,ORD-008566,202,1,68.0,22.0,68.0,22.0
ITEM-0015177,ORD-008566,107,1,59.99,22.0,59.99,22.0
ITEM-0015178,ORD-008567,404,2,64.99,21.0,129.98,42.0
ITEM-0015179,ORD-008567,505,1,75.0,24.0,75.0,24.0
ITEM-0015180,ORD-008568,205,1,54.0,16.0,54.0,16.0
ITEM-0015181,ORD-008569,306,1,32.5,10.0,32.5,10.0
ITEM-0015182,ORD-008570,403,1,22.0,5.2,22.0,5.2
ITEM-0015183,ORD-008571,204,2,24.0,6.0,48.0,12.0
ITEM-0015184,ORD-008571,201,1,28.0,8.5,28.0,8.5
ITEM-0015185,ORD-008572,102,1,49.99,18.0,49.99,18.0
ITEM-0015186,ORD-008573,503,1,48.0,15.0,48.0,15.0
ITEM-0015187,ORD-008574,108,1,29.99,9.5,29.99,9.5
ITEM-0015188,ORD-008575,204,1,24.0,6.0,24.0,6.0
ITEM-0015189,ORD-008575,206,2,45.0,11.0,90.0,22.0
ITEM-0015190,ORD-008576,101,1,199.99,85.0,199.99,85.0
ITEM-0015191,ORD-008576,102,1,49.99,18.0,49.99,18.0
ITEM-0015192,ORD-008577,306,1,32.5,10.0,32.5,10.0
ITEM-0015193,ORD-008578,303,1,24.99,7.5,24.99,7.5
ITEM-0015194,ORD-008578,403,1,22.0,5.2,22.0,5.2
ITEM-0015195,ORD-008579,104,1,349.99,175.0,349.99,175.0
ITEM-0015196,ORD-008580,404,1,64.99,21.0,64.99,21.0
ITEM-0015197,ORD-008580,104,1,349.99,175.0,349.99,175.0
ITEM-0015198,ORD-008581,504,2,16.99,4.2,33.98,8.4
ITEM-0015199,ORD-008582,306,1,32.5,10.0,32.5,10.0
ITEM-0015200,ORD-008583,301,1,289.0,130.0,289.0,130.0
ITEM-0015201,ORD-008583,302,1,45.0,15.0,45.0,15.0
ITEM-0015202,ORD-008584,401,3,26.0,6.0,78.0,18.0
ITEM-0015203,ORD-008584,306,1,32.5,10.0,32.5,10.0
ITEM-0015204,ORD-008584,303,1,24.99,7.5,24.99,7.5
ITEM-0015205,ORD-008584,106,1,179.99,70.0,179.99,70.0
ITEM-0015206,ORD-008585,304,1,39.99,14.0,39.99,14.0
ITEM-0015207,ORD-008586,306,1,32.5,10.0,32.5,10.0
ITEM-0015208,ORD-008586,403,1,22.0,5.2,22.0,5.2
ITEM-0015209,ORD-008586,405,1,18.0,4.0,18.0,4.0
ITEM-0015210,ORD-008587,203,1,120.0,42.0,120.0,42.0
ITEM-0015211,ORD-008587,107,1,59.99,22.0,59.99,22.0
ITEM-0015212,ORD-008588,504,1,16.99,4.2,16.99,4.2
ITEM-0015213,ORD-008589,501,1,42.0,13.0,42.0,13.0
ITEM-0015214,ORD-008589,502,1,22.99,5.5,22.99,5.5
ITEM-0015215,ORD-008589,101,1,199.99,85.0,199.99,85.0
ITEM-0015216,ORD-008590,107,1,59.99,22.0,59.99,22.0
ITEM-0015217,ORD-008590,505,2,75.0,24.0,150.0,48.0
ITEM-0015218,ORD-008590,302,1,45.0,15.0,45.0,15.0
ITEM-0015219,ORD-008591,204,1,24.0,6.0,24.0,6.0
ITEM-0015220,ORD-008591,307,1,29.99,8.0,29.99,8.0
ITEM-0015221,ORD-008591,101,1,199.99,85.0,199.99,85.0
ITEM-0015222,ORD-008592,403,1,22.0,5.2,22.0,5.2
ITEM-0015223,ORD-008593,302,1,45.0,15.0,45.0,15.0
ITEM-0015224,ORD-008594,303,1,24.99,7.5,24.99,7.5
ITEM-0015225,ORD-008594,504,1,16.99,4.2,16.99,4.2
ITEM-0015226,ORD-008595,404,1,64.99,21.0,64.99,21.0
ITEM-0015227,ORD-008596,101,1,199.99,85.0,199.99,85.0
ITEM-0015228,ORD-008597,405,1,18.0,4.0,18.0,4.0
ITEM-0015229,ORD-008598,301,2,289.0,130.0,578.0,260.0
ITEM-0015230,ORD-008599,301,1,289.0,130.0,289.0,130.0
ITEM-0015231,ORD-008599,303,3,24.99,7.5,74.97,22.5
ITEM-0015232,ORD-008599,102,1,49.99,18.0,49.99,18.0
ITEM-0015233,ORD-008600,108,1,29.99,9.5,29.99,9.5
ITEM-0015234,ORD-008600,103,2,89.99,36.0,179.98,72.0
ITEM-0015235,ORD-008600,503,1,48.0,15.0,48.0,15.0
ITEM-0015236,ORD-008600,404,1,64.99,21.0,64.99,21.0
ITEM-0015237,ORD-008601,304,1,39.99,14.0,39.99,14.0
ITEM-0015238,ORD-008601,302,1,45.0,15.0,45.0,15.0
ITEM-0015239,ORD-008601,306,1,32.5,10.0,32.5,10.0
ITEM-0015240,ORD-008601,501,1,42.0,13.0,42.0,13.0
ITEM-0015241,ORD-008602,204,1,24.0,6.0,24.0,6.0
ITEM-0015242,ORD-008603,103,1,89.99,36.0,89.99,36.0
ITEM-0015243,ORD-008603,203,1,120.0,42.0,120.0,42.0
ITEM-0015244,ORD-008604,206,1,45.0,11.0,45.0,11.0
ITEM-0015245,ORD-008605,102,1,49.99,18.0,49.99,18.0
ITEM-0015246,ORD-008606,306,1,32.5,10.0,32.5,10.0
ITEM-0015247,ORD-008607,106,1,179.99,70.0,179.99,70.0
ITEM-0015248,ORD-008608,503,1,48.0,15.0,48.0,15.0
ITEM-0015249,ORD-008608,402,1,34.0,8.5,34.0,8.5
ITEM-0015250,ORD-008609,303,1,24.99,7.5,24.99,7.5
ITEM-0015251,ORD-008609,501,1,42.0,13.0,42.0,13.0
ITEM-0015252,ORD-008610,104,2,349.99,175.0,699.98,350.0
ITEM-0015253,ORD-008611,402,1,34.0,8.5,34.0,8.5
ITEM-0015254,ORD-008612,401,1,26.0,6.0,26.0,6.0
ITEM-0015255,ORD-008612,403,1,22.0,5.2,22.0,5.2
ITEM-0015256,ORD-008612,305,1,59.99,20.0,59.99,20.0
ITEM-0015257,ORD-008612,306,1,32.5,10.0,32.5,10.0
ITEM-0015258,ORD-008613,206,1,45.0,11.0,45.0,11.0
ITEM-0015259,ORD-008614,505,3,75.0,24.0,225.0,72.0
ITEM-0015260,ORD-008615,102,1,49.99,18.0,49.99,18.0
ITEM-0015261,ORD-008616,105,1,39.99,12.0,39.99,12.0
ITEM-0015262,ORD-008617,102,1,49.99,18.0,49.99,18.0
ITEM-0015263,ORD-008617,402,1,34.0,8.5,34.0,8.5
ITEM-0015264,ORD-008618,201,1,28.0,8.5,28.0,8.5
ITEM-0015265,ORD-008619,403,1,22.0,5.2,22.0,5.2
ITEM-0015266,ORD-008620,103,1,89.99,36.0,89.99,36.0
ITEM-0015267,ORD-008620,401,1,26.0,6.0,26.0,6.0
ITEM-0015268,ORD-008620,302,1,45.0,15.0,45.0,15.0
ITEM-0015269,ORD-008621,103,1,89.99,36.0,89.99,36.0
ITEM-0015270,ORD-008622,303,1,24.99,7.5,24.99,7.5
ITEM-0015271,ORD-008623,405,1,18.0,4.0,18.0,4.0
ITEM-0015272,ORD-008624,101,2,199.99,85.0,399.98,170.0
ITEM-0015273,ORD-008624,108,1,29.99,9.5,29.99,9.5
ITEM-0015274,ORD-008625,505,1,75.0,24.0,75.0,24.0
ITEM-0015275,ORD-008625,206,1,45.0,11.0,45.0,11.0
ITEM-0015276,ORD-008626,206,1,45.0,11.0,45.0,11.0
ITEM-0015277,ORD-008627,505,1,75.0,24.0,75.0,24.0
ITEM-0015278,ORD-008628,204,1,24.0,6.0,24.0,6.0
ITEM-0015279,ORD-008628,504,1,16.99,4.2,16.99,4.2
ITEM-0015280,ORD-008628,201,1,28.0,8.5,28.0,8.5
ITEM-0015281,ORD-008629,107,1,59.99,22.0,59.99,22.0
ITEM-0015282,ORD-008630,202,1,68.0,22.0,68.0,22.0
ITEM-0015283,ORD-008630,103,1,89.99,36.0,89.99,36.0
ITEM-0015284,ORD-008630,403,1,22.0,5.2,22.0,5.2
ITEM-0015285,ORD-008631,401,1,26.0,6.0,26.0,6.0
ITEM-0015286,ORD-008632,502,1,22.99,5.5,22.99,5.5
ITEM-0015287,ORD-008633,201,1,28.0,8.5,28.0,8.5
ITEM-0015288,ORD-008633,303,1,24.99,7.5,24.99,7.5
ITEM-0015289,ORD-008633,102,1,49.99,18.0,49.99,18.0
ITEM-0015290,ORD-008633,108,1,29.99,9.5,29.99,9.5
ITEM-0015291,ORD-008634,505,1,75.0,24.0,75.0,24.0
ITEM-0015292,ORD-008634,205,1,54.0,16.0,54.0,16.0
ITEM-0015293,ORD-008634,302,1,45.0,15.0,45.0,15.0
ITEM-0015294,ORD-008635,402,1,34.0,8.5,34.0,8.5
ITEM-0015295,ORD-008635,204,1,24.0,6.0,24.0,6.0
ITEM-0015296,ORD-008636,503,1,48.0,15.0,48.0,15.0
ITEM-0015297,ORD-008637,401,1,26.0,6.0,26.0,6.0
ITEM-0015298,ORD-008638,502,1,22.99,5.5,22.99,5.5
ITEM-0015299,ORD-008638,402,1,34.0,8.5,34.0,8.5
ITEM-0015300,ORD-008639,301,1,289.0,130.0,289.0,130.0
ITEM-0015301,ORD-008639,303,1,24.99,7.5,24.99,7.5
ITEM-0015302,ORD-008640,206,1,45.0,11.0,45.0,11.0
ITEM-0015303,ORD-008640,504,1,16.99,4.2,16.99,4.2
ITEM-0015304,ORD-008641,102,1,49.99,18.0,49.99,18.0
ITEM-0015305,ORD-008642,402,1,34.0,8.5,34.0,8.5
ITEM-0015306,ORD-008643,401,1,26.0,6.0,26.0,6.0
ITEM-0015307,ORD-008644,306,1,32.5,10.0,32.5,10.0
ITEM-0015308,ORD-008645,404,2,64.99,21.0,129.98,42.0
ITEM-0015309,ORD-008646,502,1,22.99,5.5,22.99,5.5
ITEM-0015310,ORD-008647,401,1,26.0,6.0,26.0,6.0
ITEM-0015311,ORD-008648,201,1,28.0,8.5,28.0,8.5
ITEM-0015312,ORD-008648,101,1,199.99,85.0,199.99,85.0
ITEM-0015313,ORD-008648,106,1,179.99,70.0,179.99,70.0
ITEM-0015314,ORD-008649,106,1,179.99,70.0,179.99,70.0
ITEM-0015315,ORD-008649,101,1,199.99,85.0,199.99,85.0
ITEM-0015316,ORD-008650,206,1,45.0,11.0,45.0,11.0
ITEM-0015317,ORD-008651,304,1,39.99,14.0,39.99,14.0
ITEM-0015318,ORD-008652,201,1,28.0,8.5,28.0,8.5
ITEM-0015319,ORD-008652,302,1,45.0,15.0,45.0,15.0
ITEM-0015320,ORD-008652,102,1,49.99,18.0,49.99,18.0
ITEM-0015321,ORD-008653,405,1,18.0,4.0,18.0,4.0
ITEM-0015322,ORD-008653,105,1,39.99,12.0,39.99,12.0
ITEM-0015323,ORD-008654,307,3,29.99,8.0,89.97,24.0
ITEM-0015324,ORD-008654,306,1,32.5,10.0,32.5,10.0
ITEM-0015325,ORD-008655,305,1,59.99,20.0,59.99,20.0
ITEM-0015326,ORD-008655,307,1,29.99,8.0,29.99,8.0
ITEM-0015327,ORD-008656,104,1,349.99,175.0,349.99,175.0
ITEM-0015328,ORD-008656,102,1,49.99,18.0,49.99,18.0
ITEM-0015329,ORD-008656,103,1,89.99,36.0,89.99,36.0
ITEM-0015330,ORD-008656,306,1,32.5,10.0,32.5,10.0
ITEM-0015331,ORD-008657,402,1,34.0,8.5,34.0,8.5
ITEM-0015332,ORD-008658,402,1,34.0,8.5,34.0,8.5
ITEM-0015333,ORD-008659,401,1,26.0,6.0,26.0,6.0
ITEM-0015334,ORD-008660,107,1,59.99,22.0,59.99,22.0
ITEM-0015335,ORD-008660,403,1,22.0,5.2,22.0,5.2
ITEM-0015336,ORD-008661,403,1,22.0,5.2,22.0,5.2
ITEM-0015337,ORD-008662,202,1,68.0,22.0,68.0,22.0
ITEM-0015338,ORD-008663,502,1,22.99,5.5,22.99,5.5
ITEM-0015339,ORD-008663,304,1,39.99,14.0,39.99,14.0
ITEM-0015340,ORD-008664,401,1,26.0,6.0,26.0,6.0
ITEM-0015341,ORD-008664,402,1,34.0,8.5,34.0,8.5
ITEM-0015342,ORD-008665,403,2,22.0,5.2,44.0,10.4
ITEM-0015343,ORD-008666,307,1,29.99,8.0,29.99,8.0
ITEM-0015344,ORD-008666,402,1,34.0,8.5,34.0,8.5
ITEM-0015345,ORD-008666,503,3,48.0,15.0,144.0,45.0
ITEM-0015346,ORD-008667,504,1,16.99,4.2,16.99,4.2
ITEM-0015347,ORD-008667,302,3,45.0,15.0,135.0,45.0
ITEM-0015348,ORD-008668,201,1,28.0,8.5,28.0,8.5
ITEM-0015349,ORD-008668,107,1,59.99,22.0,59.99,22.0
ITEM-0015350,ORD-008669,404,1,64.99,21.0,64.99,21.0
ITEM-0015351,ORD-008669,104,1,349.99,175.0,349.99,175.0
ITEM-0015352,ORD-008670,206,1,45.0,11.0,45.0,11.0
ITEM-0015353,ORD-008670,404,1,64.99,21.0,64.99,21.0
ITEM-0015354,ORD-008671,101,1,199.99,85.0,199.99,85.0
ITEM-0015355,ORD-008671,206,1,45.0,11.0,45.0,11.0
ITEM-0015356,ORD-008671,104,1,349.99,175.0,349.99,175.0
ITEM-0015357,ORD-008672,202,1,68.0,22.0,68.0,22.0
ITEM-0015358,ORD-008672,503,1,48.0,15.0,48.0,15.0
ITEM-0015359,ORD-008673,205,1,54.0,16.0,54.0,16.0
ITEM-0015360,ORD-008673,108,1,29.99,9.5,29.99,9.5
ITEM-0015361,ORD-008674,303,1,24.99,7.5,24.99,7.5
ITEM-0015362,ORD-008675,206,1,45.0,11.0,45.0,11.0
ITEM-0015363,ORD-008676,401,1,26.0,6.0,26.0,6.0
ITEM-0015364,ORD-008677,502,1,22.99,5.5,22.99,5.5
ITEM-0015365,ORD-008677,301,1,289.0,130.0,289.0,130.0
ITEM-0015366,ORD-008678,305,2,59.99,20.0,119.98,40.0
ITEM-0015367,ORD-008678,302,1,45.0,15.0,45.0,15.0
ITEM-0015368,ORD-008679,504,1,16.99,4.2,16.99,4.2
ITEM-0015369,ORD-008679,302,1,45.0,15.0,45.0,15.0
ITEM-0015370,ORD-008680,505,1,75.0,24.0,75.0,24.0
ITEM-0015371,ORD-008680,204,1,24.0,6.0,24.0,6.0
ITEM-0015372,ORD-008680,301,2,289.0,130.0,578.0,260.0
ITEM-0015373,ORD-008681,205,1,54.0,16.0,54.0,16.0
ITEM-0015374,ORD-008681,301,2,289.0,130.0,578.0,260.0
ITEM-0015375,ORD-008681,105,1,39.99,12.0,39.99,12.0
ITEM-0015376,ORD-008681,502,1,22.99,5.5,22.99,5.5
ITEM-0015377,ORD-008682,301,1,289.0,130.0,289.0,130.0
ITEM-0015378,ORD-008682,303,1,24.99,7.5,24.99,7.5
ITEM-0015379,ORD-008683,302,2,45.0,15.0,90.0,30.0
ITEM-0015380,ORD-008684,501,1,42.0,13.0,42.0,13.0
ITEM-0015381,ORD-008685,305,1,59.99,20.0,59.99,20.0
ITEM-0015382,ORD-008685,505,1,75.0,24.0,75.0,24.0
ITEM-0015383,ORD-008685,307,1,29.99,8.0,29.99,8.0
ITEM-0015384,ORD-008685,403,1,22.0,5.2,22.0,5.2
ITEM-0015385,ORD-008686,203,1,120.0,42.0,120.0,42.0
ITEM-0015386,ORD-008686,302,1,45.0,15.0,45.0,15.0
ITEM-0015387,ORD-008687,501,1,42.0,13.0,42.0,13.0
ITEM-0015388,ORD-008687,307,1,29.99,8.0,29.99,8.0
ITEM-0015389,ORD-008688,301,2,289.0,130.0,578.0,260.0
ITEM-0015390,ORD-008689,501,1,42.0,13.0,42.0,13.0
ITEM-0015391,ORD-008689,504,2,16.99,4.2,33.98,8.4
ITEM-0015392,ORD-008690,505,1,75.0,24.0,75.0,24.0
ITEM-0015393,ORD-008690,105,1,39.99,12.0,39.99,12.0
ITEM-0015394,ORD-008691,105,1,39.99,12.0,39.99,12.0
ITEM-0015395,ORD-008692,106,1,179.99,70.0,179.99,70.0
ITEM-0015396,ORD-008693,104,1,349.99,175.0,349.99,175.0
ITEM-0015397,ORD-008694,206,1,45.0,11.0,45.0,11.0
ITEM-0015398,ORD-008694,301,1,289.0,130.0,289.0,130.0
ITEM-0015399,ORD-008695,206,1,45.0,11.0,45.0,11.0
ITEM-0015400,ORD-008695,101,1,199.99,85.0,199.99,85.0
ITEM-0015401,ORD-008696,105,1,39.99,12.0,39.99,12.0
ITEM-0015402,ORD-008696,107,1,59.99,22.0,59.99,22.0
ITEM-0015403,ORD-008697,301,1,289.0,130.0,289.0,130.0
ITEM-0015404,ORD-008697,302,2,45.0,15.0,90.0,30.0
ITEM-0015405,ORD-008697,102,1,49.99,18.0,49.99,18.0
ITEM-0015406,ORD-008697,404,1,64.99,21.0,64.99,21.0
ITEM-0015407,ORD-008698,204,1,24.0,6.0,24.0,6.0
ITEM-0015408,ORD-008698,405,1,18.0,4.0,18.0,4.0
ITEM-0015409,ORD-008698,205,3,54.0,16.0,162.0,48.0
ITEM-0015410,ORD-008698,301,1,289.0,130.0,289.0,130.0
ITEM-0015411,ORD-008699,106,1,179.99,70.0,179.99,70.0
ITEM-0015412,ORD-008700,106,1,179.99,70.0,179.99,70.0
ITEM-0015413,ORD-008700,305,1,59.99,20.0,59.99,20.0
ITEM-0015414,ORD-008701,205,3,54.0,16.0,162.0,48.0
ITEM-0015415,ORD-008702,206,1,45.0,11.0,45.0,11.0
ITEM-0015416,ORD-008702,304,1,39.99,14.0,39.99,14.0
ITEM-0015417,ORD-008703,202,1,68.0,22.0,68.0,22.0
ITEM-0015418,ORD-008704,303,1,24.99,7.5,24.99,7.5
ITEM-0015419,ORD-008704,203,1,120.0,42.0,120.0,42.0
ITEM-0015420,ORD-008705,304,1,39.99,14.0,39.99,14.0
ITEM-0015421,ORD-008705,504,2,16.99,4.2,33.98,8.4
ITEM-0015422,ORD-008705,101,1,199.99,85.0,199.99,85.0
ITEM-0015423,ORD-008706,502,1,22.99,5.5,22.99,5.5
ITEM-0015424,ORD-008706,501,1,42.0,13.0,42.0,13.0
ITEM-0015425,ORD-008706,107,1,59.99,22.0,59.99,22.0
ITEM-0015426,ORD-008706,102,1,49.99,18.0,49.99,18.0
ITEM-0015427,ORD-008707,504,1,16.99,4.2,16.99,4.2
ITEM-0015428,ORD-008707,401,1,26.0,6.0,26.0,6.0
ITEM-0015429,ORD-008708,307,1,29.99,8.0,29.99,8.0
ITEM-0015430,ORD-008708,401,1,26.0,6.0,26.0,6.0
ITEM-0015431,ORD-008708,403,1,22.0,5.2,22.0,5.2
ITEM-0015432,ORD-008709,107,1,59.99,22.0,59.99,22.0
ITEM-0015433,ORD-008710,101,1,199.99,85.0,199.99,85.0
ITEM-0015434,ORD-008710,107,1,59.99,22.0,59.99,22.0
ITEM-0015435,ORD-008710,205,1,54.0,16.0,54.0,16.0
ITEM-0015436,ORD-008711,401,1,26.0,6.0,26.0,6.0
ITEM-0015437,ORD-008711,402,1,34.0,8.5,34.0,8.5
ITEM-0015438,ORD-008712,505,1,75.0,24.0,75.0,24.0
ITEM-0015439,ORD-008713,404,1,64.99,21.0,64.99,21.0
ITEM-0015440,ORD-008714,305,1,59.99,20.0,59.99,20.0
ITEM-0015441,ORD-008714,105,1,39.99,12.0,39.99,12.0
ITEM-0015442,ORD-008715,502,1,22.99,5.5,22.99,5.5
ITEM-0015443,ORD-008716,103,3,89.99,36.0,269.97,108.0
ITEM-0015444,ORD-008717,108,1,29.99,9.5,29.99,9.5
ITEM-0015445,ORD-008718,305,1,59.99,20.0,59.99,20.0
ITEM-0015446,ORD-008718,204,1,24.0,6.0,24.0,6.0
ITEM-0015447,ORD-008719,204,1,24.0,6.0,24.0,6.0
ITEM-0015448,ORD-008719,105,1,39.99,12.0,39.99,12.0
ITEM-0015449,ORD-008720,302,1,45.0,15.0,45.0,15.0
ITEM-0015450,ORD-008721,301,1,289.0,130.0,289.0,130.0
ITEM-0015451,ORD-008722,103,1,89.99,36.0,89.99,36.0
ITEM-0015452,ORD-008723,107,1,59.99,22.0,59.99,22.0
ITEM-0015453,ORD-008723,202,1,68.0,22.0,68.0,22.0
ITEM-0015454,ORD-008723,505,1,75.0,24.0,75.0,24.0
ITEM-0015455,ORD-008724,302,2,45.0,15.0,90.0,30.0
ITEM-0015456,ORD-008725,307,1,29.99,8.0,29.99,8.0
ITEM-0015457,ORD-008726,305,1,59.99,20.0,59.99,20.0
ITEM-0015458,ORD-008726,401,1,26.0,6.0,26.0,6.0
ITEM-0015459,ORD-008727,107,1,59.99,22.0,59.99,22.0
ITEM-0015460,ORD-008727,108,1,29.99,9.5,29.99,9.5
ITEM-0015461,ORD-008728,108,2,29.99,9.5,59.98,19.0
ITEM-0015462,ORD-008728,103,1,89.99,36.0,89.99,36.0
ITEM-0015463,ORD-008729,205,1,54.0,16.0,54.0,16.0
ITEM-0015464,ORD-008729,401,1,26.0,6.0,26.0,6.0
ITEM-0015465,ORD-008729,102,1,49.99,18.0,49.99,18.0
ITEM-0015466,ORD-008730,403,1,22.0,5.2,22.0,5.2
ITEM-0015467,ORD-008731,201,1,28.0,8.5,28.0,8.5
ITEM-0015468,ORD-008732,403,1,22.0,5.2,22.0,5.2
ITEM-0015469,ORD-008732,301,1,289.0,130.0,289.0,130.0
ITEM-0015470,ORD-008733,202,1,68.0,22.0,68.0,22.0
ITEM-0015471,ORD-008733,504,1,16.99,4.2,16.99,4.2
ITEM-0015472,ORD-008733,501,1,42.0,13.0,42.0,13.0
ITEM-0015473,ORD-008734,203,1,120.0,42.0,120.0,42.0
ITEM-0015474,ORD-008735,105,2,39.99,12.0,79.98,24.0
ITEM-0015475,ORD-008735,202,1,68.0,22.0,68.0,22.0
ITEM-0015476,ORD-008736,302,1,45.0,15.0,45.0,15.0
ITEM-0015477,ORD-008736,205,1,54.0,16.0,54.0,16.0
ITEM-0015478,ORD-008737,502,1,22.99,5.5,22.99,5.5
ITEM-0015479,ORD-008738,306,1,32.5,10.0,32.5,10.0
ITEM-0015480,ORD-008739,108,1,29.99,9.5,29.99,9.5
ITEM-0015481,ORD-008739,303,1,24.99,7.5,24.99,7.5
ITEM-0015482,ORD-008740,502,1,22.99,5.5,22.99,5.5
ITEM-0015483,ORD-008740,202,1,68.0,22.0,68.0,22.0
ITEM-0015484,ORD-008740,205,1,54.0,16.0,54.0,16.0
ITEM-0015485,ORD-008741,301,1,289.0,130.0,289.0,130.0
ITEM-0015486,ORD-008742,405,1,18.0,4.0,18.0,4.0
ITEM-0015487,ORD-008743,304,1,39.99,14.0,39.99,14.0
ITEM-0015488,ORD-008743,503,1,48.0,15.0,48.0,15.0
ITEM-0015489,ORD-008744,205,1,54.0,16.0,54.0,16.0
ITEM-0015490,ORD-008745,301,1,289.0,130.0,289.0,130.0
ITEM-0015491,ORD-008746,302,1,45.0,15.0,45.0,15.0
ITEM-0015492,ORD-008747,304,1,39.99,14.0,39.99,14.0
ITEM-0015493,ORD-008747,503,1,48.0,15.0,48.0,15.0
ITEM-0015494,ORD-008747,404,1,64.99,21.0,64.99,21.0
ITEM-0015495,ORD-008747,206,1,45.0,11.0,45.0,11.0
ITEM-0015496,ORD-008748,307,1,29.99,8.0,29.99,8.0
ITEM-0015497,ORD-008748,201,1,28.0,8.5,28.0,8.5
ITEM-0015498,ORD-008749,204,1,24.0,6.0,24.0,6.0
ITEM-0015499,ORD-008749,403,1,22.0,5.2,22.0,5.2
ITEM-0015500,ORD-008750,103,1,89.99,36.0,89.99,36.0
ITEM-0015501,ORD-008751,107,3,59.99,22.0,179.97,66.0
ITEM-0015502,ORD-008751,402,1,34.0,8.5,34.0,8.5
ITEM-0015503,ORD-008751,505,1,75.0,24.0,75.0,24.0
ITEM-0015504,ORD-008752,104,1,349.99,175.0,349.99,175.0
ITEM-0015505,ORD-008752,102,3,49.99,18.0,149.97,54.0
ITEM-0015506,ORD-008753,503,1,48.0,15.0,48.0,15.0
ITEM-0015507,ORD-008754,106,1,179.99,70.0,179.99,70.0
ITEM-0015508,ORD-008754,205,1,54.0,16.0,54.0,16.0
ITEM-0015509,ORD-008755,107,1,59.99,22.0,59.99,22.0
ITEM-0015510,ORD-008756,403,1,22.0,5.2,22.0,5.2
ITEM-0015511,ORD-008756,307,1,29.99,8.0,29.99,8.0
ITEM-0015512,ORD-008756,405,1,18.0,4.0,18.0,4.0
ITEM-0015513,ORD-008757,401,1,26.0,6.0,26.0,6.0
ITEM-0015514,ORD-008758,204,1,24.0,6.0,24.0,6.0
ITEM-0015515,ORD-008758,107,1,59.99,22.0,59.99,22.0
ITEM-0015516,ORD-008758,502,1,22.99,5.5,22.99,5.5
ITEM-0015517,ORD-008759,206,2,45.0,11.0,90.0,22.0
ITEM-0015518,ORD-008759,107,1,59.99,22.0,59.99,22.0
ITEM-0015519,ORD-008760,504,1,16.99,4.2,16.99,4.2
ITEM-0015520,ORD-008760,402,1,34.0,8.5,34.0,8.5
ITEM-0015521,ORD-008761,105,1,39.99,12.0,39.99,12.0
ITEM-0015522,ORD-008761,107,1,59.99,22.0,59.99,22.0
ITEM-0015523,ORD-008762,501,1,42.0,13.0,42.0,13.0
ITEM-0015524,ORD-008763,402,1,34.0,8.5,34.0,8.5
ITEM-0015525,ORD-008763,205,1,54.0,16.0,54.0,16.0
ITEM-0015526,ORD-008764,307,1,29.99,8.0,29.99,8.0
ITEM-0015527,ORD-008765,405,1,18.0,4.0,18.0,4.0
ITEM-0015528,ORD-008765,503,1,48.0,15.0,48.0,15.0
ITEM-0015529,ORD-008766,107,2,59.99,22.0,119.98,44.0
ITEM-0015530,ORD-008766,403,3,22.0,5.2,66.0,15.6
ITEM-0015531,ORD-008766,103,1,89.99,36.0,89.99,36.0
ITEM-0015532,ORD-008767,107,1,59.99,22.0,59.99,22.0
ITEM-0015533,ORD-008768,503,1,48.0,15.0,48.0,15.0
ITEM-0015534,ORD-008769,201,2,28.0,8.5,56.0,17.0
ITEM-0015535,ORD-008770,107,1,59.99,22.0,59.99,22.0
ITEM-0015536,ORD-008770,503,1,48.0,15.0,48.0,15.0
ITEM-0015537,ORD-008770,402,1,34.0,8.5,34.0,8.5
ITEM-0015538,ORD-008771,403,1,22.0,5.2,22.0,5.2
ITEM-0015539,ORD-008772,503,2,48.0,15.0,96.0,30.0
ITEM-0015540,ORD-008773,301,2,289.0,130.0,578.0,260.0
ITEM-0015541,ORD-008774,206,1,45.0,11.0,45.0,11.0
ITEM-0015542,ORD-008775,303,1,24.99,7.5,24.99,7.5
ITEM-0015543,ORD-008775,107,1,59.99,22.0,59.99,22.0
ITEM-0015544,ORD-008776,206,1,45.0,11.0,45.0,11.0
ITEM-0015545,ORD-008777,103,1,89.99,36.0,89.99,36.0
ITEM-0015546,ORD-008777,505,1,75.0,24.0,75.0,24.0
ITEM-0015547,ORD-008778,401,2,26.0,6.0,52.0,12.0
ITEM-0015548,ORD-008779,108,1,29.99,9.5,29.99,9.5
ITEM-0015549,ORD-008780,107,2,59.99,22.0,119.98,44.0
ITEM-0015550,ORD-008781,302,1,45.0,15.0,45.0,15.0
ITEM-0015551,ORD-008781,206,1,45.0,11.0,45.0,11.0
ITEM-0015552,ORD-008782,503,1,48.0,15.0,48.0,15.0
ITEM-0015553,ORD-008783,106,1,179.99,70.0,179.99,70.0
ITEM-0015554,ORD-008784,501,1,42.0,13.0,42.0,13.0
ITEM-0015555,ORD-008785,204,1,24.0,6.0,24.0,6.0
ITEM-0015556,ORD-008786,108,1,29.99,9.5,29.99,9.5
ITEM-0015557,ORD-008786,205,1,54.0,16.0,54.0,16.0
ITEM-0015558,ORD-008786,301,1,289.0,130.0,289.0,130.0
ITEM-0015559,ORD-008786,503,1,48.0,15.0,48.0,15.0
ITEM-0015560,ORD-008787,304,1,39.99,14.0,39.99,14.0
ITEM-0015561,ORD-008787,104,1,349.99,175.0,349.99,175.0
ITEM-0015562,ORD-008787,103,1,89.99,36.0,89.99,36.0
ITEM-0015563,ORD-008788,401,1,26.0,6.0,26.0,6.0
ITEM-0015564,ORD-008789,108,1,29.99,9.5,29.99,9.5
ITEM-0015565,ORD-008789,503,1,48.0,15.0,48.0,15.0
ITEM-0015566,ORD-008789,104,1,349.99,175.0,349.99,175.0
ITEM-0015567,ORD-008790,501,1,42.0,13.0,42.0,13.0
ITEM-0015568,ORD-008791,505,1,75.0,24.0,75.0,24.0
ITEM-0015569,ORD-008791,204,1,24.0,6.0,24.0,6.0
ITEM-0015570,ORD-008792,105,1,39.99,12.0,39.99,12.0
ITEM-0015571,ORD-008793,101,3,199.99,85.0,599.97,255.0
ITEM-0015572,ORD-008793,108,1,29.99,9.5,29.99,9.5
ITEM-0015573,ORD-008794,505,1,75.0,24.0,75.0,24.0
ITEM-0015574,ORD-008794,203,1,120.0,42.0,120.0,42.0
ITEM-0015575,ORD-008795,505,1,75.0,24.0,75.0,24.0
ITEM-0015576,ORD-008795,307,1,29.99,8.0,29.99,8.0
ITEM-0015577,ORD-008795,301,1,289.0,130.0,289.0,130.0
ITEM-0015578,ORD-008795,306,1,32.5,10.0,32.5,10.0
ITEM-0015579,ORD-008796,203,3,120.0,42.0,360.0,126.0
ITEM-0015580,ORD-008797,502,1,22.99,5.5,22.99,5.5
ITEM-0015581,ORD-008797,106,1,179.99,70.0,179.99,70.0
ITEM-0015582,ORD-008798,403,1,22.0,5.2,22.0,5.2
ITEM-0015583,ORD-008799,202,1,68.0,22.0,68.0,22.0
ITEM-0015584,ORD-008800,306,1,32.5,10.0,32.5,10.0
ITEM-0015585,ORD-008801,504,1,16.99,4.2,16.99,4.2
ITEM-0015586,ORD-008802,301,1,289.0,130.0,289.0,130.0
ITEM-0015587,ORD-008802,302,1,45.0,15.0,45.0,15.0
ITEM-0015588,ORD-008802,303,1,24.99,7.5,24.99,7.5
ITEM-0015589,ORD-008803,105,1,39.99,12.0,39.99,12.0
ITEM-0015590,ORD-008803,104,1,349.99,175.0,349.99,175.0
ITEM-0015591,ORD-008804,305,2,59.99,20.0,119.98,40.0
ITEM-0015592,ORD-008805,404,2,64.99,21.0,129.98,42.0
ITEM-0015593,ORD-008806,503,3,48.0,15.0,144.0,45.0
ITEM-0015594,ORD-008807,404,1,64.99,21.0,64.99,21.0
ITEM-0015595,ORD-008808,108,1,29.99,9.5,29.99,9.5
ITEM-0015596,ORD-008809,204,1,24.0,6.0,24.0,6.0
ITEM-0015597,ORD-008810,401,1,26.0,6.0,26.0,6.0
ITEM-0015598,ORD-008811,105,1,39.99,12.0,39.99,12.0
ITEM-0015599,ORD-008811,202,1,68.0,22.0,68.0,22.0
ITEM-0015600,ORD-008811,306,1,32.5,10.0,32.5,10.0
ITEM-0015601,ORD-008812,403,1,22.0,5.2,22.0,5.2
ITEM-0015602,ORD-008812,108,1,29.99,9.5,29.99,9.5
ITEM-0015603,ORD-008812,105,1,39.99,12.0,39.99,12.0
ITEM-0015604,ORD-008813,405,1,18.0,4.0,18.0,4.0
ITEM-0015605,ORD-008813,401,1,26.0,6.0,26.0,6.0
ITEM-0015606,ORD-008814,307,1,29.99,8.0,29.99,8.0
ITEM-0015607,ORD-008815,202,1,68.0,22.0,68.0,22.0
ITEM-0015608,ORD-008815,501,1,42.0,13.0,42.0,13.0
ITEM-0015609,ORD-008816,108,1,29.99,9.5,29.99,9.5
ITEM-0015610,ORD-008816,203,1,120.0,42.0,120.0,42.0
ITEM-0015611,ORD-008817,503,3,48.0,15.0,144.0,45.0
ITEM-0015612,ORD-008818,305,1,59.99,20.0,59.99,20.0
ITEM-0015613,ORD-008819,502,1,22.99,5.5,22.99,5.5
ITEM-0015614,ORD-008820,402,1,34.0,8.5,34.0,8.5
ITEM-0015615,ORD-008821,405,1,18.0,4.0,18.0,4.0
ITEM-0015616,ORD-008822,504,3,16.99,4.2,50.97,12.6
ITEM-0015617,ORD-008822,304,2,39.99,14.0,79.98,28.0
ITEM-0015618,ORD-008823,204,1,24.0,6.0,24.0,6.0
ITEM-0015619,ORD-008823,306,1,32.5,10.0,32.5,10.0
ITEM-0015620,ORD-008823,304,1,39.99,14.0,39.99,14.0
ITEM-0015621,ORD-008823,105,1,39.99,12.0,39.99,12.0
ITEM-0015622,ORD-008824,201,3,28.0,8.5,84.0,25.5
ITEM-0015623,ORD-008824,501,1,42.0,13.0,42.0,13.0
ITEM-0015624,ORD-008825,302,1,45.0,15.0,45.0,15.0
ITEM-0015625,ORD-008826,202,1,68.0,22.0,68.0,22.0
ITEM-0015626,ORD-008826,405,1,18.0,4.0,18.0,4.0
ITEM-0015627,ORD-008827,105,1,39.99,12.0,39.99,12.0
ITEM-0015628,ORD-008827,504,1,16.99,4.2,16.99,4.2
ITEM-0015629,ORD-008828,202,1,68.0,22.0,68.0,22.0
ITEM-0015630,ORD-008829,404,1,64.99,21.0,64.99,21.0
ITEM-0015631,ORD-008829,102,1,49.99,18.0,49.99,18.0
ITEM-0015632,ORD-008830,505,1,75.0,24.0,75.0,24.0
ITEM-0015633,ORD-008830,307,2,29.99,8.0,59.98,16.0
ITEM-0015634,ORD-008830,303,1,24.99,7.5,24.99,7.5
ITEM-0015635,ORD-008831,503,1,48.0,15.0,48.0,15.0
ITEM-0015636,ORD-008831,205,1,54.0,16.0,54.0,16.0
ITEM-0015637,ORD-008832,403,2,22.0,5.2,44.0,10.4
ITEM-0015638,ORD-008833,404,1,64.99,21.0,64.99,21.0
ITEM-0015639,ORD-008833,401,2,26.0,6.0,52.0,12.0
ITEM-0015640,ORD-008833,402,1,34.0,8.5,34.0,8.5
ITEM-0015641,ORD-008834,107,1,59.99,22.0,59.99,22.0
ITEM-0015642,ORD-008834,307,1,29.99,8.0,29.99,8.0
ITEM-0015643,ORD-008834,206,2,45.0,11.0,90.0,22.0
ITEM-0015644,ORD-008835,106,1,179.99,70.0,179.99,70.0
ITEM-0015645,ORD-008836,306,1,32.5,10.0,32.5,10.0
ITEM-0015646,ORD-008836,102,1,49.99,18.0,49.99,18.0
ITEM-0015647,ORD-008837,103,1,89.99,36.0,89.99,36.0
ITEM-0015648,ORD-008838,301,1,289.0,130.0,289.0,130.0
ITEM-0015649,ORD-008838,302,1,45.0,15.0,45.0,15.0
ITEM-0015650,ORD-008839,404,1,64.99,21.0,64.99,21.0
ITEM-0015651,ORD-008840,106,1,179.99,70.0,179.99,70.0
ITEM-0015652,ORD-008841,307,1,29.99,8.0,29.99,8.0
ITEM-0015653,ORD-008841,402,2,34.0,8.5,68.0,17.0
ITEM-0015654,ORD-008841,302,1,45.0,15.0,45.0,15.0
ITEM-0015655,ORD-008842,101,1,199.99,85.0,199.99,85.0
ITEM-0015656,ORD-008843,301,1,289.0,130.0,289.0,130.0
ITEM-0015657,ORD-008844,305,1,59.99,20.0,59.99,20.0
ITEM-0015658,ORD-008845,106,2,179.99,70.0,359.98,140.0
ITEM-0015659,ORD-008846,105,1,39.99,12.0,39.99,12.0
ITEM-0015660,ORD-008846,402,1,34.0,8.5,34.0,8.5
ITEM-0015661,ORD-008846,501,1,42.0,13.0,42.0,13.0
ITEM-0015662,ORD-008846,106,1,179.99,70.0,179.99,70.0
ITEM-0015663,ORD-008847,504,1,16.99,4.2,16.99,4.2
ITEM-0015664,ORD-008847,503,1,48.0,15.0,48.0,15.0
ITEM-0015665,ORD-008847,101,1,199.99,85.0,199.99,85.0
ITEM-0015666,ORD-008848,206,1,45.0,11.0,45.0,11.0
ITEM-0015667,ORD-008849,103,2,89.99,36.0,179.98,72.0
ITEM-0015668,ORD-008849,403,1,22.0,5.2,22.0,5.2
ITEM-0015669,ORD-008850,504,1,16.99,4.2,16.99,4.2
ITEM-0015670,ORD-008851,403,2,22.0,5.2,44.0,10.4
ITEM-0015671,ORD-008852,203,1,120.0,42.0,120.0,42.0
ITEM-0015672,ORD-008852,108,2,29.99,9.5,59.98,19.0
ITEM-0015673,ORD-008853,203,1,120.0,42.0,120.0,42.0
ITEM-0015674,ORD-008853,301,1,289.0,130.0,289.0,130.0
ITEM-0015675,ORD-008854,303,1,24.99,7.5,24.99,7.5
ITEM-0015676,ORD-008854,103,1,89.99,36.0,89.99,36.0
ITEM-0015677,ORD-008855,306,1,32.5,10.0,32.5,10.0
ITEM-0015678,ORD-008855,103,2,89.99,36.0,179.98,72.0
ITEM-0015679,ORD-008856,504,1,16.99,4.2,16.99,4.2
ITEM-0015680,ORD-008856,204,1,24.0,6.0,24.0,6.0
ITEM-0015681,ORD-008857,304,1,39.99,14.0,39.99,14.0
ITEM-0015682,ORD-008857,102,2,49.99,18.0,99.98,36.0
ITEM-0015683,ORD-008857,503,1,48.0,15.0,48.0,15.0
ITEM-0015684,ORD-008857,501,1,42.0,13.0,42.0,13.0
ITEM-0015685,ORD-008858,505,1,75.0,24.0,75.0,24.0
ITEM-0015686,ORD-008859,304,1,39.99,14.0,39.99,14.0
ITEM-0015687,ORD-008859,501,3,42.0,13.0,126.0,39.0
ITEM-0015688,ORD-008860,401,1,26.0,6.0,26.0,6.0
ITEM-0015689,ORD-008860,402,1,34.0,8.5,34.0,8.5
ITEM-0015690,ORD-008861,404,1,64.99,21.0,64.99,21.0
ITEM-0015691,ORD-008862,301,2,289.0,130.0,578.0,260.0
ITEM-0015692,ORD-008862,405,1,18.0,4.0,18.0,4.0
ITEM-0015693,ORD-008862,104,2,349.99,175.0,699.98,350.0
ITEM-0015694,ORD-008863,104,1,349.99,175.0,349.99,175.0
ITEM-0015695,ORD-008864,401,1,26.0,6.0,26.0,6.0
ITEM-0015696,ORD-008864,108,1,29.99,9.5,29.99,9.5
ITEM-0015697,ORD-008865,307,1,29.99,8.0,29.99,8.0
ITEM-0015698,ORD-008865,202,1,68.0,22.0,68.0,22.0
ITEM-0015699,ORD-008866,503,1,48.0,15.0,48.0,15.0
ITEM-0015700,ORD-008866,102,1,49.99,18.0,49.99,18.0
ITEM-0015701,ORD-008867,402,1,34.0,8.5,34.0,8.5
ITEM-0015702,ORD-008868,306,1,32.5,10.0,32.5,10.0
ITEM-0015703,ORD-008868,201,1,28.0,8.5,28.0,8.5
ITEM-0015704,ORD-008869,105,1,39.99,12.0,39.99,12.0
ITEM-0015705,ORD-008869,501,1,42.0,13.0,42.0,13.0
ITEM-0015706,ORD-008869,306,1,32.5,10.0,32.5,10.0
ITEM-0015707,ORD-008869,405,1,18.0,4.0,18.0,4.0
ITEM-0015708,ORD-008870,303,1,24.99,7.5,24.99,7.5
ITEM-0015709,ORD-008870,401,1,26.0,6.0,26.0,6.0
ITEM-0015710,ORD-008871,304,1,39.99,14.0,39.99,14.0
ITEM-0015711,ORD-008871,102,1,49.99,18.0,49.99,18.0
ITEM-0015712,ORD-008872,201,1,28.0,8.5,28.0,8.5
ITEM-0015713,ORD-008872,501,1,42.0,13.0,42.0,13.0
ITEM-0015714,ORD-008873,307,1,29.99,8.0,29.99,8.0
ITEM-0015715,ORD-008874,305,1,59.99,20.0,59.99,20.0
ITEM-0015716,ORD-008875,101,1,199.99,85.0,199.99,85.0
ITEM-0015717,ORD-008876,301,1,289.0,130.0,289.0,130.0
ITEM-0015718,ORD-008876,302,1,45.0,15.0,45.0,15.0
ITEM-0015719,ORD-008877,108,1,29.99,9.5,29.99,9.5
ITEM-0015720,ORD-008878,302,1,45.0,15.0,45.0,15.0
ITEM-0015721,ORD-008879,502,1,22.99,5.5,22.99,5.5
ITEM-0015722,ORD-008879,503,2,48.0,15.0,96.0,30.0
ITEM-0015723,ORD-008880,106,1,179.99,70.0,179.99,70.0
ITEM-0015724,ORD-008880,306,1,32.5,10.0,32.5,10.0
ITEM-0015725,ORD-008881,502,1,22.99,5.5,22.99,5.5
ITEM-0015726,ORD-008882,504,1,16.99,4.2,16.99,4.2
ITEM-0015727,ORD-008883,104,1,349.99,175.0,349.99,175.0
ITEM-0015728,ORD-008884,305,1,59.99,20.0,59.99,20.0
ITEM-0015729,ORD-008884,102,1,49.99,18.0,49.99,18.0
ITEM-0015730,ORD-008884,401,1,26.0,6.0,26.0,6.0
ITEM-0015731,ORD-008885,401,1,26.0,6.0,26.0,6.0
ITEM-0015732,ORD-008886,501,1,42.0,13.0,42.0,13.0
ITEM-0015733,ORD-008886,502,1,22.99,5.5,22.99,5.5
ITEM-0015734,ORD-008887,405,1,18.0,4.0,18.0,4.0
ITEM-0015735,ORD-008887,201,1,28.0,8.5,28.0,8.5
ITEM-0015736,ORD-008888,106,1,179.99,70.0,179.99,70.0
ITEM-0015737,ORD-008889,102,1,49.99,18.0,49.99,18.0
ITEM-0015738,ORD-008890,102,1,49.99,18.0,49.99,18.0
ITEM-0015739,ORD-008891,503,1,48.0,15.0,48.0,15.0
ITEM-0015740,ORD-008892,304,1,39.99,14.0,39.99,14.0
ITEM-0015741,ORD-008893,505,1,75.0,24.0,75.0,24.0
ITEM-0015742,ORD-008894,502,1,22.99,5.5,22.99,5.5
ITEM-0015743,ORD-008894,403,2,22.0,5.2,44.0,10.4
ITEM-0015744,ORD-008895,501,2,42.0,13.0,84.0,26.0
ITEM-0015745,ORD-008896,304,1,39.99,14.0,39.99,14.0
ITEM-0015746,ORD-008896,307,1,29.99,8.0,29.99,8.0
ITEM-0015747,ORD-008896,202,1,68.0,22.0,68.0,22.0
ITEM-0015748,ORD-008897,307,1,29.99,8.0,29.99,8.0
ITEM-0015749,ORD-008897,304,2,39.99,14.0,79.98,28.0
ITEM-0015750,ORD-008898,205,1,54.0,16.0,54.0,16.0
ITEM-0015751,ORD-008899,101,1,199.99,85.0,199.99,85.0
ITEM-0015752,ORD-008900,504,1,16.99,4.2,16.99,4.2
ITEM-0015753,ORD-008900,505,1,75.0,24.0,75.0,24.0
ITEM-0015754,ORD-008901,403,1,22.0,5.2,22.0,5.2
ITEM-0015755,ORD-008901,405,1,18.0,4.0,18.0,4.0
ITEM-0015756,ORD-008901,101,1,199.99,85.0,199.99,85.0
ITEM-0015757,ORD-008902,205,1,54.0,16.0,54.0,16.0
ITEM-0015758,ORD-008903,501,1,42.0,13.0,42.0,13.0
ITEM-0015759,ORD-008903,108,1,29.99,9.5,29.99,9.5
ITEM-0015760,ORD-008904,206,1,45.0,11.0,45.0,11.0
ITEM-0015761,ORD-008904,303,1,24.99,7.5,24.99,7.5
ITEM-0015762,ORD-008905,106,1,179.99,70.0,179.99,70.0
ITEM-0015763,ORD-008906,107,1,59.99,22.0,59.99,22.0
ITEM-0015764,ORD-008906,303,1,24.99,7.5,24.99,7.5
ITEM-0015765,ORD-008907,105,1,39.99,12.0,39.99,12.0
ITEM-0015766,ORD-008907,405,1,18.0,4.0,18.0,4.0
ITEM-0015767,ORD-008908,405,1,18.0,4.0,18.0,4.0
ITEM-0015768,ORD-008908,204,1,24.0,6.0,24.0,6.0
ITEM-0015769,ORD-008909,103,3,89.99,36.0,269.97,108.0
ITEM-0015770,ORD-008910,107,1,59.99,22.0,59.99,22.0
ITEM-0015771,ORD-008911,202,1,68.0,22.0,68.0,22.0
ITEM-0015772,ORD-008912,502,1,22.99,5.5,22.99,5.5
ITEM-0015773,ORD-008912,103,1,89.99,36.0,89.99,36.0
ITEM-0015774,ORD-008913,307,2,29.99,8.0,59.98,16.0
ITEM-0015775,ORD-008913,306,1,32.5,10.0,32.5,10.0
ITEM-0015776,ORD-008914,307,1,29.99,8.0,29.99,8.0
ITEM-0015777,ORD-008915,503,1,48.0,15.0,48.0,15.0
ITEM-0015778,ORD-008915,307,1,29.99,8.0,29.99,8.0
ITEM-0015779,ORD-008916,304,1,39.99,14.0,39.99,14.0
ITEM-0015780,ORD-008916,103,1,89.99,36.0,89.99,36.0
ITEM-0015781,ORD-008917,205,1,54.0,16.0,54.0,16.0
ITEM-0015782,ORD-008918,206,1,45.0,11.0,45.0,11.0
ITEM-0015783,ORD-008919,204,1,24.0,6.0,24.0,6.0
ITEM-0015784,ORD-008920,204,2,24.0,6.0,48.0,12.0
ITEM-0015785,ORD-008921,206,1,45.0,11.0,45.0,11.0
ITEM-0015786,ORD-008922,102,2,49.99,18.0,99.98,36.0
ITEM-0015787,ORD-008922,404,1,64.99,21.0,64.99,21.0
ITEM-0015788,ORD-008923,105,1,39.99,12.0,39.99,12.0
ITEM-0015789,ORD-008924,403,1,22.0,5.2,22.0,5.2
ITEM-0015790,ORD-008925,202,1,68.0,22.0,68.0,22.0
ITEM-0015791,ORD-008925,307,2,29.99,8.0,59.98,16.0
ITEM-0015792,ORD-008926,401,1,26.0,6.0,26.0,6.0
ITEM-0015793,ORD-008927,203,1,120.0,42.0,120.0,42.0
ITEM-0015794,ORD-008928,205,1,54.0,16.0,54.0,16.0
ITEM-0015795,ORD-008929,402,1,34.0,8.5,34.0,8.5
ITEM-0015796,ORD-008930,301,1,289.0,130.0,289.0,130.0
ITEM-0015797,ORD-008930,303,1,24.99,7.5,24.99,7.5
ITEM-0015798,ORD-008930,402,1,34.0,8.5,34.0,8.5
ITEM-0015799,ORD-008930,403,2,22.0,5.2,44.0,10.4
ITEM-0015800,ORD-008931,502,1,22.99,5.5,22.99,5.5
ITEM-0015801,ORD-008931,505,1,75.0,24.0,75.0,24.0
ITEM-0015802,ORD-008932,304,1,39.99,14.0,39.99,14.0
ITEM-0015803,ORD-008932,302,1,45.0,15.0,45.0,15.0
ITEM-0015804,ORD-008932,206,1,45.0,11.0,45.0,11.0
ITEM-0015805,ORD-008933,102,1,49.99,18.0,49.99,18.0
ITEM-0015806,ORD-008934,404,1,64.99,21.0,64.99,21.0
ITEM-0015807,ORD-008934,402,3,34.0,8.5,102.0,25.5
ITEM-0015808,ORD-008934,202,1,68.0,22.0,68.0,22.0
ITEM-0015809,ORD-008934,301,1,289.0,130.0,289.0,130.0
ITEM-0015810,ORD-008935,102,1,49.99,18.0,49.99,18.0
ITEM-0015811,ORD-008936,105,1,39.99,12.0,39.99,12.0
ITEM-0015812,ORD-008937,402,1,34.0,8.5,34.0,8.5
ITEM-0015813,ORD-008937,405,1,18.0,4.0,18.0,4.0
ITEM-0015814,ORD-008937,105,1,39.99,12.0,39.99,12.0
ITEM-0015815,ORD-008937,505,2,75.0,24.0,150.0,48.0
ITEM-0015816,ORD-008938,107,1,59.99,22.0,59.99,22.0
ITEM-0015817,ORD-008939,106,1,179.99,70.0,179.99,70.0
ITEM-0015818,ORD-008939,403,1,22.0,5.2,22.0,5.2
ITEM-0015819,ORD-008940,203,1,120.0,42.0,120.0,42.0
ITEM-0015820,ORD-008940,205,2,54.0,16.0,108.0,32.0
ITEM-0015821,ORD-008941,104,2,349.99,175.0,699.98,350.0
ITEM-0015822,ORD-008942,101,2,199.99,85.0,399.98,170.0
ITEM-0015823,ORD-008943,501,1,42.0,13.0,42.0,13.0
ITEM-0015824,ORD-008944,107,1,59.99,22.0,59.99,22.0
ITEM-0015825,ORD-008945,105,1,39.99,12.0,39.99,12.0
ITEM-0015826,ORD-008946,501,1,42.0,13.0,42.0,13.0
ITEM-0015827,ORD-008946,305,1,59.99,20.0,59.99,20.0
ITEM-0015828,ORD-008946,205,1,54.0,16.0,54.0,16.0
ITEM-0015829,ORD-008946,403,1,22.0,5.2,22.0,5.2
ITEM-0015830,ORD-008947,204,2,24.0,6.0,48.0,12.0
ITEM-0015831,ORD-008947,205,1,54.0,16.0,54.0,16.0
ITEM-0015832,ORD-008947,402,1,34.0,8.5,34.0,8.5
ITEM-0015833,ORD-008947,301,1,289.0,130.0,289.0,130.0
ITEM-0015834,ORD-008948,502,1,22.99,5.5,22.99,5.5
ITEM-0015835,ORD-008949,202,1,68.0,22.0,68.0,22.0
ITEM-0015836,ORD-008950,403,1,22.0,5.2,22.0,5.2
ITEM-0015837,ORD-008950,305,1,59.99,20.0,59.99,20.0
ITEM-0015838,ORD-008950,203,1,120.0,42.0,120.0,42.0
ITEM-0015839,ORD-008950,201,1,28.0,8.5,28.0,8.5
ITEM-0015840,ORD-008951,107,1,59.99,22.0,59.99,22.0
ITEM-0015841,ORD-008951,101,1,199.99,85.0,199.99,85.0
ITEM-0015842,ORD-008951,504,1,16.99,4.2,16.99,4.2
ITEM-0015843,ORD-008951,204,1,24.0,6.0,24.0,6.0
ITEM-0015844,ORD-008952,501,1,42.0,13.0,42.0,13.0
ITEM-0015845,ORD-008952,502,1,22.99,5.5,22.99,5.5
ITEM-0015846,ORD-008953,303,1,24.99,7.5,24.99,7.5
ITEM-0015847,ORD-008953,301,2,289.0,130.0,578.0,260.0
ITEM-0015848,ORD-008954,401,1,26.0,6.0,26.0,6.0
ITEM-0015849,ORD-008954,402,2,34.0,8.5,68.0,17.0
ITEM-0015850,ORD-008955,404,1,64.99,21.0,64.99,21.0
ITEM-0015851,ORD-008955,405,1,18.0,4.0,18.0,4.0
ITEM-0015852,ORD-008956,204,1,24.0,6.0,24.0,6.0
ITEM-0015853,ORD-008956,404,1,64.99,21.0,64.99,21.0
ITEM-0015854,ORD-008956,106,1,179.99,70.0,179.99,70.0
ITEM-0015855,ORD-008956,108,2,29.99,9.5,59.98,19.0
ITEM-0015856,ORD-008957,401,1,26.0,6.0,26.0,6.0
ITEM-0015857,ORD-008957,504,1,16.99,4.2,16.99,4.2
ITEM-0015858,ORD-008958,305,3,59.99,20.0,179.97,60.0
ITEM-0015859,ORD-008959,203,3,120.0,42.0,360.0,126.0
ITEM-0015860,ORD-008960,107,1,59.99,22.0,59.99,22.0
ITEM-0015861,ORD-008960,405,3,18.0,4.0,54.0,12.0
ITEM-0015862,ORD-008960,204,1,24.0,6.0,24.0,6.0
ITEM-0015863,ORD-008960,108,1,29.99,9.5,29.99,9.5
ITEM-0015864,ORD-008961,307,1,29.99,8.0,29.99,8.0
ITEM-0015865,ORD-008962,302,1,45.0,15.0,45.0,15.0
ITEM-0015866,ORD-008963,502,1,22.99,5.5,22.99,5.5
ITEM-0015867,ORD-008963,108,1,29.99,9.5,29.99,9.5
ITEM-0015868,ORD-008964,502,1,22.99,5.5,22.99,5.5
ITEM-0015869,ORD-008964,107,1,59.99,22.0,59.99,22.0
ITEM-0015870,ORD-008965,106,1,179.99,70.0,179.99,70.0
ITEM-0015871,ORD-008965,304,1,39.99,14.0,39.99,14.0
ITEM-0015872,ORD-008966,104,1,349.99,175.0,349.99,175.0
ITEM-0015873,ORD-008966,103,1,89.99,36.0,89.99,36.0
ITEM-0015874,ORD-008966,105,2,39.99,12.0,79.98,24.0
ITEM-0015875,ORD-008967,104,2,349.99,175.0,699.98,350.0
ITEM-0015876,ORD-008967,102,1,49.99,18.0,49.99,18.0
ITEM-0015877,ORD-008967,105,1,39.99,12.0,39.99,12.0
ITEM-0015878,ORD-008968,503,1,48.0,15.0,48.0,15.0
ITEM-0015879,ORD-008968,302,1,45.0,15.0,45.0,15.0
ITEM-0015880,ORD-008968,202,1,68.0,22.0,68.0,22.0
ITEM-0015881,ORD-008969,202,1,68.0,22.0,68.0,22.0
ITEM-0015882,ORD-008969,102,1,49.99,18.0,49.99,18.0
ITEM-0015883,ORD-008970,104,1,349.99,175.0,349.99,175.0
ITEM-0015884,ORD-008971,107,1,59.99,22.0,59.99,22.0
ITEM-0015885,ORD-008972,106,1,179.99,70.0,179.99,70.0
ITEM-0015886,ORD-008973,106,2,179.99,70.0,359.98,140.0
ITEM-0015887,ORD-008973,402,2,34.0,8.5,68.0,17.0
ITEM-0015888,ORD-008974,104,1,349.99,175.0,349.99,175.0
ITEM-0015889,ORD-008975,104,1,349.99,175.0,349.99,175.0
ITEM-0015890,ORD-008975,102,1,49.99,18.0,49.99,18.0
ITEM-0015891,ORD-008976,307,1,29.99,8.0,29.99,8.0
ITEM-0015892,ORD-008976,101,1,199.99,85.0,199.99,85.0
ITEM-0015893,ORD-008977,106,1,179.99,70.0,179.99,70.0
ITEM-0015894,ORD-008978,501,1,42.0,13.0,42.0,13.0
ITEM-0015895,ORD-008978,502,2,22.99,5.5,45.98,11.0
ITEM-0015896,ORD-008979,305,1,59.99,20.0,59.99,20.0
ITEM-0015897,ORD-008979,201,1,28.0,8.5,28.0,8.5
ITEM-0015898,ORD-008980,102,1,49.99,18.0,49.99,18.0
ITEM-0015899,ORD-008980,503,1,48.0,15.0,48.0,15.0
ITEM-0015900,ORD-008981,202,2,68.0,22.0,136.0,44.0
ITEM-0015901,ORD-008982,203,1,120.0,42.0,120.0,42.0
ITEM-0015902,ORD-008982,504,1,16.99,4.2,16.99,4.2
ITEM-0015903,ORD-008982,106,1,179.99,70.0,179.99,70.0
ITEM-0015904,ORD-008983,306,1,32.5,10.0,32.5,10.0
ITEM-0015905,ORD-008983,505,1,75.0,24.0,75.0,24.0
ITEM-0015906,ORD-008983,405,1,18.0,4.0,18.0,4.0
ITEM-0015907,ORD-008984,402,1,34.0,8.5,34.0,8.5
ITEM-0015908,ORD-008984,303,2,24.99,7.5,49.98,15.0
ITEM-0015909,ORD-008985,301,1,289.0,130.0,289.0,130.0
ITEM-0015910,ORD-008985,302,1,45.0,15.0,45.0,15.0
ITEM-0015911,ORD-008986,403,1,22.0,5.2,22.0,5.2
ITEM-0015912,ORD-008986,108,3,29.99,9.5,89.97,28.5
ITEM-0015913,ORD-008987,503,1,48.0,15.0,48.0,15.0
ITEM-0015914,ORD-008987,401,1,26.0,6.0,26.0,6.0
ITEM-0015915,ORD-008987,403,1,22.0,5.2,22.0,5.2
ITEM-0015916,ORD-008987,301,2,289.0,130.0,578.0,260.0
ITEM-0015917,ORD-008988,405,1,18.0,4.0,18.0,4.0
ITEM-0015918,ORD-008988,103,1,89.99,36.0,89.99,36.0
ITEM-0015919,ORD-008989,205,1,54.0,16.0,54.0,16.0
ITEM-0015920,ORD-008989,204,1,24.0,6.0,24.0,6.0
ITEM-0015921,ORD-008990,401,1,26.0,6.0,26.0,6.0
ITEM-0015922,ORD-008990,402,1,34.0,8.5,34.0,8.5
ITEM-0015923,ORD-008990,403,1,22.0,5.2,22.0,5.2
ITEM-0015924,ORD-008991,303,1,24.99,7.5,24.99,7.5
ITEM-0015925,ORD-008992,401,1,26.0,6.0,26.0,6.0
ITEM-0015926,ORD-008993,304,1,39.99,14.0,39.99,14.0
ITEM-0015927,ORD-008993,504,1,16.99,4.2,16.99,4.2
ITEM-0015928,ORD-008994,405,1,18.0,4.0,18.0,4.0
ITEM-0015929,ORD-008995,401,1,26.0,6.0,26.0,6.0
ITEM-0015930,ORD-008995,402,1,34.0,8.5,34.0,8.5
ITEM-0015931,ORD-008996,201,1,28.0,8.5,28.0,8.5
ITEM-0015932,ORD-008997,304,1,39.99,14.0,39.99,14.0
ITEM-0015933,ORD-008998,505,1,75.0,24.0,75.0,24.0
ITEM-0015934,ORD-008998,306,1,32.5,10.0,32.5,10.0
ITEM-0015935,ORD-008998,103,1,89.99,36.0,89.99,36.0
ITEM-0015936,ORD-008999,105,2,39.99,12.0,79.98,24.0
ITEM-0015937,ORD-008999,501,1,42.0,13.0,42.0,13.0
ITEM-0015938,ORD-009000,502,1,22.99,5.5,22.99,5.5
ITEM-0015939,ORD-009000,306,1,32.5,10.0,32.5,10.0
ITEM-0015940,ORD-009001,404,2,64.99,21.0,129.98,42.0
ITEM-0015941,ORD-009002,402,1,34.0,8.5,34.0,8.5
ITEM-0015942,ORD-009003,206,1,45.0,11.0,45.0,11.0
ITEM-0015943,ORD-009004,306,1,32.5,10.0,32.5,10.0
ITEM-0015944,ORD-009005,105,1,39.99,12.0,39.99,12.0
ITEM-0015945,ORD-009006,105,1,39.99,12.0,39.99,12.0
ITEM-0015946,ORD-009007,505,1,75.0,24.0,75.0,24.0
ITEM-0015947,ORD-009007,404,2,64.99,21.0,129.98,42.0
ITEM-0015948,ORD-009007,501,1,42.0,13.0,42.0,13.0
ITEM-0015949,ORD-009007,102,1,49.99,18.0,49.99,18.0
ITEM-0015950,ORD-009008,404,1,64.99,21.0,64.99,21.0
ITEM-0015951,ORD-009008,501,2,42.0,13.0,84.0,26.0
ITEM-0015952,ORD-009008,108,1,29.99,9.5,29.99,9.5
ITEM-0015953,ORD-009009,201,1,28.0,8.5,28.0,8.5
ITEM-0015954,ORD-009010,204,1,24.0,6.0,24.0,6.0
ITEM-0015955,ORD-009011,106,1,179.99,70.0,179.99,70.0
ITEM-0015956,ORD-009011,502,1,22.99,5.5,22.99,5.5
ITEM-0015957,ORD-009012,501,1,42.0,13.0,42.0,13.0
ITEM-0015958,ORD-009013,303,1,24.99,7.5,24.99,7.5
ITEM-0015959,ORD-009014,501,1,42.0,13.0,42.0,13.0
ITEM-0015960,ORD-009014,108,1,29.99,9.5,29.99,9.5
ITEM-0015961,ORD-009015,505,2,75.0,24.0,150.0,48.0
ITEM-0015962,ORD-009015,103,1,89.99,36.0,89.99,36.0
ITEM-0015963,ORD-009016,401,1,26.0,6.0,26.0,6.0
ITEM-0015964,ORD-009016,402,1,34.0,8.5,34.0,8.5
ITEM-0015965,ORD-009017,103,1,89.99,36.0,89.99,36.0
ITEM-0015966,ORD-009018,504,1,16.99,4.2,16.99,4.2
ITEM-0015967,ORD-009019,403,1,22.0,5.2,22.0,5.2
ITEM-0015968,ORD-009019,305,2,59.99,20.0,119.98,40.0
ITEM-0015969,ORD-009019,106,1,179.99,70.0,179.99,70.0
ITEM-0015970,ORD-009020,502,1,22.99,5.5,22.99,5.5
ITEM-0015971,ORD-009020,103,1,89.99,36.0,89.99,36.0
ITEM-0015972,ORD-009021,307,1,29.99,8.0,29.99,8.0
ITEM-0015973,ORD-009022,304,1,39.99,14.0,39.99,14.0
ITEM-0015974,ORD-009023,401,2,26.0,6.0,52.0,12.0
ITEM-0015975,ORD-009024,505,1,75.0,24.0,75.0,24.0
ITEM-0015976,ORD-009024,205,2,54.0,16.0,108.0,32.0
ITEM-0015977,ORD-009024,303,1,24.99,7.5,24.99,7.5
ITEM-0015978,ORD-009025,107,1,59.99,22.0,59.99,22.0
ITEM-0015979,ORD-009025,402,1,34.0,8.5,34.0,8.5
ITEM-0015980,ORD-009026,305,1,59.99,20.0,59.99,20.0
ITEM-0015981,ORD-009027,505,1,75.0,24.0,75.0,24.0
ITEM-0015982,ORD-009028,205,1,54.0,16.0,54.0,16.0
ITEM-0015983,ORD-009028,501,1,42.0,13.0,42.0,13.0
ITEM-0015984,ORD-009029,102,1,49.99,18.0,49.99,18.0
ITEM-0015985,ORD-009030,401,1,26.0,6.0,26.0,6.0
ITEM-0015986,ORD-009030,403,1,22.0,5.2,22.0,5.2
ITEM-0015987,ORD-009031,505,1,75.0,24.0,75.0,24.0
ITEM-0015988,ORD-009031,101,1,199.99,85.0,199.99,85.0
ITEM-0015989,ORD-009031,205,2,54.0,16.0,108.0,32.0
ITEM-0015990,ORD-009031,301,2,289.0,130.0,578.0,260.0
ITEM-0015991,ORD-009032,505,1,75.0,24.0,75.0,24.0
ITEM-0015992,ORD-009032,201,1,28.0,8.5,28.0,8.5
ITEM-0015993,ORD-009033,108,1,29.99,9.5,29.99,9.5
ITEM-0015994,ORD-009033,402,2,34.0,8.5,68.0,17.0
ITEM-0015995,ORD-009034,405,1,18.0,4.0,18.0,4.0
ITEM-0015996,ORD-009034,201,3,28.0,8.5,84.0,25.5
ITEM-0015997,ORD-009035,301,3,289.0,130.0,867.0,390.0
ITEM-0015998,ORD-009035,303,1,24.99,7.5,24.99,7.5
ITEM-0015999,ORD-009036,402,1,34.0,8.5,34.0,8.5
ITEM-0016000,ORD-009037,305,3,59.99,20.0,179.97,60.0
ITEM-0016001,ORD-009037,505,1,75.0,24.0,75.0,24.0
ITEM-0016002,ORD-009037,502,1,22.99,5.5,22.99,5.5
ITEM-0016003,ORD-009038,201,1,28.0,8.5,28.0,8.5
ITEM-0016004,ORD-009039,203,1,120.0,42.0,120.0,42.0
ITEM-0016005,ORD-009039,201,2,28.0,8.5,56.0,17.0
ITEM-0016006,ORD-009039,304,1,39.99,14.0,39.99,14.0
ITEM-0016007,ORD-009040,108,1,29.99,9.5,29.99,9.5
ITEM-0016008,ORD-009041,505,1,75.0,24.0,75.0,24.0
ITEM-0016009,ORD-009041,501,1,42.0,13.0,42.0,13.0
ITEM-0016010,ORD-009042,101,1,199.99,85.0,199.99,85.0
ITEM-0016011,ORD-009043,403,1,22.0,5.2,22.0,5.2
ITEM-0016012,ORD-009043,505,1,75.0,24.0,75.0,24.0
ITEM-0016013,ORD-009044,108,1,29.99,9.5,29.99,9.5
ITEM-0016014,ORD-009044,202,1,68.0,22.0,68.0,22.0
ITEM-0016015,ORD-009045,107,1,59.99,22.0,59.99,22.0
ITEM-0016016,ORD-009045,202,2,68.0,22.0,136.0,44.0
ITEM-0016017,ORD-009046,303,1,24.99,7.5,24.99,7.5
ITEM-0016018,ORD-009046,505,1,75.0,24.0,75.0,24.0
ITEM-0016019,ORD-009047,104,3,349.99,175.0,1049.97,525.0
ITEM-0016020,ORD-009048,305,1,59.99,20.0,59.99,20.0
ITEM-0016021,ORD-009049,108,1,29.99,9.5,29.99,9.5
ITEM-0016022,ORD-009049,205,1,54.0,16.0,54.0,16.0
ITEM-0016023,ORD-009049,101,1,199.99,85.0,199.99,85.0
ITEM-0016024,ORD-009050,307,1,29.99,8.0,29.99,8.0
ITEM-0016025,ORD-009050,101,1,199.99,85.0,199.99,85.0
ITEM-0016026,ORD-009050,205,1,54.0,16.0,54.0,16.0
ITEM-0016027,ORD-009051,306,1,32.5,10.0,32.5,10.0
ITEM-0016028,ORD-009051,402,2,34.0,8.5,68.0,17.0
ITEM-0016029,ORD-009051,201,1,28.0,8.5,28.0,8.5
ITEM-0016030,ORD-009052,401,1,26.0,6.0,26.0,6.0
ITEM-0016031,ORD-009052,402,1,34.0,8.5,34.0,8.5
ITEM-0016032,ORD-009053,402,1,34.0,8.5,34.0,8.5
ITEM-0016033,ORD-009053,503,1,48.0,15.0,48.0,15.0
ITEM-0016034,ORD-009053,401,2,26.0,6.0,52.0,12.0
ITEM-0016035,ORD-009053,103,1,89.99,36.0,89.99,36.0
ITEM-0016036,ORD-009054,301,1,289.0,130.0,289.0,130.0
ITEM-0016037,ORD-009055,302,1,45.0,15.0,45.0,15.0
ITEM-0016038,ORD-009056,106,1,179.99,70.0,179.99,70.0
ITEM-0016039,ORD-009056,103,1,89.99,36.0,89.99,36.0
ITEM-0016040,ORD-009057,107,1,59.99,22.0,59.99,22.0
ITEM-0016041,ORD-009057,505,1,75.0,24.0,75.0,24.0
ITEM-0016042,ORD-009058,201,1,28.0,8.5,28.0,8.5
ITEM-0016043,ORD-009058,101,1,199.99,85.0,199.99,85.0
ITEM-0016044,ORD-009059,102,1,49.99,18.0,49.99,18.0
ITEM-0016045,ORD-009060,403,1,22.0,5.2,22.0,5.2
ITEM-0016046,ORD-009061,501,2,42.0,13.0,84.0,26.0
ITEM-0016047,ORD-009062,403,1,22.0,5.2,22.0,5.2
ITEM-0016048,ORD-009063,107,1,59.99,22.0,59.99,22.0
ITEM-0016049,ORD-009064,302,1,45.0,15.0,45.0,15.0
ITEM-0016050,ORD-009065,306,1,32.5,10.0,32.5,10.0
ITEM-0016051,ORD-009066,307,1,29.99,8.0,29.99,8.0
ITEM-0016052,ORD-009067,402,1,34.0,8.5,34.0,8.5
ITEM-0016053,ORD-009067,304,1,39.99,14.0,39.99,14.0
ITEM-0016054,ORD-009067,103,1,89.99,36.0,89.99,36.0
ITEM-0016055,ORD-009068,202,2,68.0,22.0,136.0,44.0
ITEM-0016056,ORD-009069,505,1,75.0,24.0,75.0,24.0
ITEM-0016057,ORD-009069,303,1,24.99,7.5,24.99,7.5
ITEM-0016058,ORD-009070,106,1,179.99,70.0,179.99,70.0
ITEM-0016059,ORD-009071,307,1,29.99,8.0,29.99,8.0
ITEM-0016060,ORD-009071,201,1,28.0,8.5,28.0,8.5
ITEM-0016061,ORD-009072,104,1,349.99,175.0,349.99,175.0
ITEM-0016062,ORD-009073,102,1,49.99,18.0,49.99,18.0
ITEM-0016063,ORD-009073,101,1,199.99,85.0,199.99,85.0
ITEM-0016064,ORD-009074,202,1,68.0,22.0,68.0,22.0
ITEM-0016065,ORD-009074,102,1,49.99,18.0,49.99,18.0
ITEM-0016066,ORD-009074,106,1,179.99,70.0,179.99,70.0
ITEM-0016067,ORD-009075,205,1,54.0,16.0,54.0,16.0
ITEM-0016068,ORD-009075,106,1,179.99,70.0,179.99,70.0
ITEM-0016069,ORD-009076,303,1,24.99,7.5,24.99,7.5
ITEM-0016070,ORD-009076,503,2,48.0,15.0,96.0,30.0
ITEM-0016071,ORD-009077,205,1,54.0,16.0,54.0,16.0
ITEM-0016072,ORD-009077,104,1,349.99,175.0,349.99,175.0
ITEM-0016073,ORD-009078,503,1,48.0,15.0,48.0,15.0
ITEM-0016074,ORD-009079,401,1,26.0,6.0,26.0,6.0
ITEM-0016075,ORD-009080,106,1,179.99,70.0,179.99,70.0
ITEM-0016076,ORD-009080,501,1,42.0,13.0,42.0,13.0
ITEM-0016077,ORD-009081,203,1,120.0,42.0,120.0,42.0
ITEM-0016078,ORD-009081,102,1,49.99,18.0,49.99,18.0
ITEM-0016079,ORD-009081,106,1,179.99,70.0,179.99,70.0
ITEM-0016080,ORD-009082,503,1,48.0,15.0,48.0,15.0
ITEM-0016081,ORD-009082,304,1,39.99,14.0,39.99,14.0
ITEM-0016082,ORD-009082,103,1,89.99,36.0,89.99,36.0
ITEM-0016083,ORD-009083,106,2,179.99,70.0,359.98,140.0
ITEM-0016084,ORD-009084,301,1,289.0,130.0,289.0,130.0
ITEM-0016085,ORD-009085,101,1,199.99,85.0,199.99,85.0
ITEM-0016086,ORD-009086,301,1,289.0,130.0,289.0,130.0
ITEM-0016087,ORD-009086,302,1,45.0,15.0,45.0,15.0
ITEM-0016088,ORD-009086,303,1,24.99,7.5,24.99,7.5
ITEM-0016089,ORD-009087,503,1,48.0,15.0,48.0,15.0
ITEM-0016090,ORD-009088,302,1,45.0,15.0,45.0,15.0
ITEM-0016091,ORD-009088,102,1,49.99,18.0,49.99,18.0
ITEM-0016092,ORD-009088,304,1,39.99,14.0,39.99,14.0
ITEM-0016093,ORD-009088,201,1,28.0,8.5,28.0,8.5
ITEM-0016094,ORD-009089,105,1,39.99,12.0,39.99,12.0
ITEM-0016095,ORD-009089,401,1,26.0,6.0,26.0,6.0
ITEM-0016096,ORD-009090,401,1,26.0,6.0,26.0,6.0
ITEM-0016097,ORD-009090,403,1,22.0,5.2,22.0,5.2
ITEM-0016098,ORD-009091,505,1,75.0,24.0,75.0,24.0
ITEM-0016099,ORD-009091,304,2,39.99,14.0,79.98,28.0
ITEM-0016100,ORD-009091,302,1,45.0,15.0,45.0,15.0
ITEM-0016101,ORD-009092,206,2,45.0,11.0,90.0,22.0
ITEM-0016102,ORD-009093,103,1,89.99,36.0,89.99,36.0
ITEM-0016103,ORD-009094,202,1,68.0,22.0,68.0,22.0
ITEM-0016104,ORD-009095,502,2,22.99,5.5,45.98,11.0
ITEM-0016105,ORD-009095,206,1,45.0,11.0,45.0,11.0
ITEM-0016106,ORD-009096,303,1,24.99,7.5,24.99,7.5
ITEM-0016107,ORD-009097,106,1,179.99,70.0,179.99,70.0
ITEM-0016108,ORD-009098,202,1,68.0,22.0,68.0,22.0
ITEM-0016109,ORD-009098,108,1,29.99,9.5,29.99,9.5
ITEM-0016110,ORD-009099,205,1,54.0,16.0,54.0,16.0
ITEM-0016111,ORD-009099,206,1,45.0,11.0,45.0,11.0
ITEM-0016112,ORD-009100,503,1,48.0,15.0,48.0,15.0
ITEM-0016113,ORD-009101,303,2,24.99,7.5,49.98,15.0
ITEM-0016114,ORD-009101,302,1,45.0,15.0,45.0,15.0
ITEM-0016115,ORD-009102,405,1,18.0,4.0,18.0,4.0
ITEM-0016116,ORD-009103,404,2,64.99,21.0,129.98,42.0
ITEM-0016117,ORD-009103,106,1,179.99,70.0,179.99,70.0
ITEM-0016118,ORD-009103,307,1,29.99,8.0,29.99,8.0
ITEM-0016119,ORD-009104,201,1,28.0,8.5,28.0,8.5
ITEM-0016120,ORD-009104,204,1,24.0,6.0,24.0,6.0
ITEM-0016121,ORD-009105,106,1,179.99,70.0,179.99,70.0
ITEM-0016122,ORD-009106,504,1,16.99,4.2,16.99,4.2
ITEM-0016123,ORD-009106,206,1,45.0,11.0,45.0,11.0
ITEM-0016124,ORD-009106,402,1,34.0,8.5,34.0,8.5
ITEM-0016125,ORD-009107,107,1,59.99,22.0,59.99,22.0
ITEM-0016126,ORD-009107,503,3,48.0,15.0,144.0,45.0
ITEM-0016127,ORD-009107,306,1,32.5,10.0,32.5,10.0
ITEM-0016128,ORD-009108,205,1,54.0,16.0,54.0,16.0
ITEM-0016129,ORD-009109,304,1,39.99,14.0,39.99,14.0
ITEM-0016130,ORD-009109,405,1,18.0,4.0,18.0,4.0
ITEM-0016131,ORD-009109,104,1,349.99,175.0,349.99,175.0
ITEM-0016132,ORD-009110,306,1,32.5,10.0,32.5,10.0
ITEM-0016133,ORD-009110,401,1,26.0,6.0,26.0,6.0
ITEM-0016134,ORD-009111,307,1,29.99,8.0,29.99,8.0
ITEM-0016135,ORD-009111,103,2,89.99,36.0,179.98,72.0
ITEM-0016136,ORD-009111,201,1,28.0,8.5,28.0,8.5
ITEM-0016137,ORD-009111,303,1,24.99,7.5,24.99,7.5
ITEM-0016138,ORD-009112,403,1,22.0,5.2,22.0,5.2
ITEM-0016139,ORD-009113,106,2,179.99,70.0,359.98,140.0
ITEM-0016140,ORD-009113,203,2,120.0,42.0,240.0,84.0
ITEM-0016141,ORD-009114,202,1,68.0,22.0,68.0,22.0
ITEM-0016142,ORD-009115,401,1,26.0,6.0,26.0,6.0
ITEM-0016143,ORD-009115,402,1,34.0,8.5,34.0,8.5
ITEM-0016144,ORD-009115,104,1,349.99,175.0,349.99,175.0
ITEM-0016145,ORD-009116,104,1,349.99,175.0,349.99,175.0
ITEM-0016146,ORD-009117,108,1,29.99,9.5,29.99,9.5
ITEM-0016147,ORD-009117,402,1,34.0,8.5,34.0,8.5
ITEM-0016148,ORD-009117,104,1,349.99,175.0,349.99,175.0
ITEM-0016149,ORD-009118,204,1,24.0,6.0,24.0,6.0
ITEM-0016150,ORD-009118,202,1,68.0,22.0,68.0,22.0
ITEM-0016151,ORD-009118,203,2,120.0,42.0,240.0,84.0
ITEM-0016152,ORD-009119,505,1,75.0,24.0,75.0,24.0
ITEM-0016153,ORD-009120,206,1,45.0,11.0,45.0,11.0
ITEM-0016154,ORD-009121,306,1,32.5,10.0,32.5,10.0
ITEM-0016155,ORD-009121,202,1,68.0,22.0,68.0,22.0
ITEM-0016156,ORD-009121,404,1,64.99,21.0,64.99,21.0
ITEM-0016157,ORD-009122,502,1,22.99,5.5,22.99,5.5
ITEM-0016158,ORD-009123,401,1,26.0,6.0,26.0,6.0
ITEM-0016159,ORD-009124,404,2,64.99,21.0,129.98,42.0
ITEM-0016160,ORD-009125,404,1,64.99,21.0,64.99,21.0
ITEM-0016161,ORD-009125,201,1,28.0,8.5,28.0,8.5
ITEM-0016162,ORD-009125,202,1,68.0,22.0,68.0,22.0
ITEM-0016163,ORD-009126,404,2,64.99,21.0,129.98,42.0
ITEM-0016164,ORD-009127,103,1,89.99,36.0,89.99,36.0
ITEM-0016165,ORD-009128,106,3,179.99,70.0,539.97,210.0
ITEM-0016166,ORD-009128,101,2,199.99,85.0,399.98,170.0
ITEM-0016167,ORD-009128,303,1,24.99,7.5,24.99,7.5
ITEM-0016168,ORD-009128,206,1,45.0,11.0,45.0,11.0
ITEM-0016169,ORD-009129,206,1,45.0,11.0,45.0,11.0
ITEM-0016170,ORD-009130,102,1,49.99,18.0,49.99,18.0
ITEM-0016171,ORD-009131,307,1,29.99,8.0,29.99,8.0
ITEM-0016172,ORD-009131,404,1,64.99,21.0,64.99,21.0
ITEM-0016173,ORD-009132,403,1,22.0,5.2,22.0,5.2
ITEM-0016174,ORD-009133,405,1,18.0,4.0,18.0,4.0
ITEM-0016175,ORD-009133,203,1,120.0,42.0,120.0,42.0
ITEM-0016176,ORD-009134,306,1,32.5,10.0,32.5,10.0
ITEM-0016177,ORD-009135,303,1,24.99,7.5,24.99,7.5
ITEM-0016178,ORD-009135,107,3,59.99,22.0,179.97,66.0
ITEM-0016179,ORD-009136,304,1,39.99,14.0,39.99,14.0
ITEM-0016180,ORD-009137,206,1,45.0,11.0,45.0,11.0
ITEM-0016181,ORD-009137,505,1,75.0,24.0,75.0,24.0
ITEM-0016182,ORD-009138,203,2,120.0,42.0,240.0,84.0
ITEM-0016183,ORD-009138,502,1,22.99,5.5,22.99,5.5
ITEM-0016184,ORD-009138,503,1,48.0,15.0,48.0,15.0
ITEM-0016185,ORD-009138,402,1,34.0,8.5,34.0,8.5
ITEM-0016186,ORD-009139,103,1,89.99,36.0,89.99,36.0
ITEM-0016187,ORD-009139,203,1,120.0,42.0,120.0,42.0
ITEM-0016188,ORD-009140,202,2,68.0,22.0,136.0,44.0
ITEM-0016189,ORD-009141,102,1,49.99,18.0,49.99,18.0
ITEM-0016190,ORD-009142,502,1,22.99,5.5,22.99,5.5
ITEM-0016191,ORD-009142,107,1,59.99,22.0,59.99,22.0
ITEM-0016192,ORD-009143,205,2,54.0,16.0,108.0,32.0
ITEM-0016193,ORD-009144,305,1,59.99,20.0,59.99,20.0
ITEM-0016194,ORD-009144,205,1,54.0,16.0,54.0,16.0
ITEM-0016195,ORD-009145,404,1,64.99,21.0,64.99,21.0
ITEM-0016196,ORD-009145,204,1,24.0,6.0,24.0,6.0
ITEM-0016197,ORD-009146,203,1,120.0,42.0,120.0,42.0
ITEM-0016198,ORD-009146,107,1,59.99,22.0,59.99,22.0
ITEM-0016199,ORD-009146,305,1,59.99,20.0,59.99,20.0
ITEM-0016200,ORD-009147,303,1,24.99,7.5,24.99,7.5
ITEM-0016201,ORD-009148,105,2,39.99,12.0,79.98,24.0
ITEM-0016202,ORD-009149,102,1,49.99,18.0,49.99,18.0
ITEM-0016203,ORD-009149,402,1,34.0,8.5,34.0,8.5
ITEM-0016204,ORD-009150,102,1,49.99,18.0,49.99,18.0
ITEM-0016205,ORD-009150,301,1,289.0,130.0,289.0,130.0
ITEM-0016206,ORD-009150,104,2,349.99,175.0,699.98,350.0
ITEM-0016207,ORD-009151,205,1,54.0,16.0,54.0,16.0
ITEM-0016208,ORD-009151,204,1,24.0,6.0,24.0,6.0
ITEM-0016209,ORD-009151,307,1,29.99,8.0,29.99,8.0
ITEM-0016210,ORD-009152,405,1,18.0,4.0,18.0,4.0
ITEM-0016211,ORD-009152,201,1,28.0,8.5,28.0,8.5
ITEM-0016212,ORD-009153,305,2,59.99,20.0,119.98,40.0
ITEM-0016213,ORD-009153,103,1,89.99,36.0,89.99,36.0
ITEM-0016214,ORD-009154,303,1,24.99,7.5,24.99,7.5
ITEM-0016215,ORD-009154,102,3,49.99,18.0,149.97,54.0
ITEM-0016216,ORD-009154,304,1,39.99,14.0,39.99,14.0
ITEM-0016217,ORD-009155,106,1,179.99,70.0,179.99,70.0
ITEM-0016218,ORD-009155,108,1,29.99,9.5,29.99,9.5
ITEM-0016219,ORD-009155,301,3,289.0,130.0,867.0,390.0
ITEM-0016220,ORD-009156,307,1,29.99,8.0,29.99,8.0
ITEM-0016221,ORD-009157,202,1,68.0,22.0,68.0,22.0
ITEM-0016222,ORD-009158,203,1,120.0,42.0,120.0,42.0
ITEM-0016223,ORD-009158,105,3,39.99,12.0,119.97,36.0
ITEM-0016224,ORD-009159,205,1,54.0,16.0,54.0,16.0
ITEM-0016225,ORD-009160,108,1,29.99,9.5,29.99,9.5
ITEM-0016226,ORD-009160,107,1,59.99,22.0,59.99,22.0
ITEM-0016227,ORD-009161,402,1,34.0,8.5,34.0,8.5
ITEM-0016228,ORD-009162,504,1,16.99,4.2,16.99,4.2
ITEM-0016229,ORD-009162,303,1,24.99,7.5,24.99,7.5
ITEM-0016230,ORD-009162,201,1,28.0,8.5,28.0,8.5
ITEM-0016231,ORD-009163,204,1,24.0,6.0,24.0,6.0
ITEM-0016232,ORD-009164,102,1,49.99,18.0,49.99,18.0
ITEM-0016233,ORD-009165,201,1,28.0,8.5,28.0,8.5
ITEM-0016234,ORD-009165,205,1,54.0,16.0,54.0,16.0
ITEM-0016235,ORD-009166,107,1,59.99,22.0,59.99,22.0
ITEM-0016236,ORD-009166,402,1,34.0,8.5,34.0,8.5
ITEM-0016237,ORD-009166,202,1,68.0,22.0,68.0,22.0
ITEM-0016238,ORD-009166,501,1,42.0,13.0,42.0,13.0
ITEM-0016239,ORD-009167,401,1,26.0,6.0,26.0,6.0
ITEM-0016240,ORD-009168,105,1,39.99,12.0,39.99,12.0
ITEM-0016241,ORD-009169,302,2,45.0,15.0,90.0,30.0
ITEM-0016242,ORD-009169,203,1,120.0,42.0,120.0,42.0
ITEM-0016243,ORD-009170,404,1,64.99,21.0,64.99,21.0
ITEM-0016244,ORD-009170,105,2,39.99,12.0,79.98,24.0
ITEM-0016245,ORD-009171,402,1,34.0,8.5,34.0,8.5
ITEM-0016246,ORD-009171,504,1,16.99,4.2,16.99,4.2
ITEM-0016247,ORD-009172,103,2,89.99,36.0,179.98,72.0
ITEM-0016248,ORD-009173,106,1,179.99,70.0,179.99,70.0
ITEM-0016249,ORD-009174,108,1,29.99,9.5,29.99,9.5
ITEM-0016250,ORD-009174,402,1,34.0,8.5,34.0,8.5
ITEM-0016251,ORD-009175,104,1,349.99,175.0,349.99,175.0
ITEM-0016252,ORD-009175,102,1,49.99,18.0,49.99,18.0
ITEM-0016253,ORD-009175,103,1,89.99,36.0,89.99,36.0
ITEM-0016254,ORD-009176,301,1,289.0,130.0,289.0,130.0
ITEM-0016255,ORD-009176,303,1,24.99,7.5,24.99,7.5
ITEM-0016256,ORD-009177,103,1,89.99,36.0,89.99,36.0
ITEM-0016257,ORD-009178,203,1,120.0,42.0,120.0,42.0
ITEM-0016258,ORD-009178,305,1,59.99,20.0,59.99,20.0
ITEM-0016259,ORD-009178,201,1,28.0,8.5,28.0,8.5
ITEM-0016260,ORD-009179,202,1,68.0,22.0,68.0,22.0
ITEM-0016261,ORD-009180,304,2,39.99,14.0,79.98,28.0
ITEM-0016262,ORD-009180,505,2,75.0,24.0,150.0,48.0
ITEM-0016263,ORD-009181,502,1,22.99,5.5,22.99,5.5
ITEM-0016264,ORD-009181,401,1,26.0,6.0,26.0,6.0
ITEM-0016265,ORD-009182,503,1,48.0,15.0,48.0,15.0
ITEM-0016266,ORD-009183,201,1,28.0,8.5,28.0,8.5
ITEM-0016267,ORD-009183,405,2,18.0,4.0,36.0,8.0
ITEM-0016268,ORD-009184,105,1,39.99,12.0,39.99,12.0
ITEM-0016269,ORD-009184,303,2,24.99,7.5,49.98,15.0
ITEM-0016270,ORD-009185,402,1,34.0,8.5,34.0,8.5
ITEM-0016271,ORD-009186,106,1,179.99,70.0,179.99,70.0
ITEM-0016272,ORD-009187,302,1,45.0,15.0,45.0,15.0
ITEM-0016273,ORD-009188,107,1,59.99,22.0,59.99,22.0
ITEM-0016274,ORD-009189,405,1,18.0,4.0,18.0,4.0
ITEM-0016275,ORD-009189,202,2,68.0,22.0,136.0,44.0
ITEM-0016276,ORD-009190,404,1,64.99,21.0,64.99,21.0
ITEM-0016277,ORD-009191,101,3,199.99,85.0,599.97,255.0
ITEM-0016278,ORD-009191,108,1,29.99,9.5,29.99,9.5
ITEM-0016279,ORD-009192,503,3,48.0,15.0,144.0,45.0
ITEM-0016280,ORD-009193,307,1,29.99,8.0,29.99,8.0
ITEM-0016281,ORD-009193,306,1,32.5,10.0,32.5,10.0
ITEM-0016282,ORD-009194,102,1,49.99,18.0,49.99,18.0
ITEM-0016283,ORD-009194,107,2,59.99,22.0,119.98,44.0
ITEM-0016284,ORD-009195,401,3,26.0,6.0,78.0,18.0
ITEM-0016285,ORD-009196,307,3,29.99,8.0,89.97,24.0
ITEM-0016286,ORD-009197,302,2,45.0,15.0,90.0,30.0
ITEM-0016287,ORD-009197,106,1,179.99,70.0,179.99,70.0
ITEM-0016288,ORD-009198,201,2,28.0,8.5,56.0,17.0
ITEM-0016289,ORD-009198,307,1,29.99,8.0,29.99,8.0
ITEM-0016290,ORD-009199,101,2,199.99,85.0,399.98,170.0
ITEM-0016291,ORD-009199,102,1,49.99,18.0,49.99,18.0
ITEM-0016292,ORD-009200,106,2,179.99,70.0,359.98,140.0
ITEM-0016293,ORD-009201,106,2,179.99,70.0,359.98,140.0
ITEM-0016294,ORD-009202,205,1,54.0,16.0,54.0,16.0
ITEM-0016295,ORD-009202,201,1,28.0,8.5,28.0,8.5
ITEM-0016296,ORD-009203,307,3,29.99,8.0,89.97,24.0
ITEM-0016297,ORD-009203,405,1,18.0,4.0,18.0,4.0
ITEM-0016298,ORD-009203,504,1,16.99,4.2,16.99,4.2
ITEM-0016299,ORD-009203,105,1,39.99,12.0,39.99,12.0
ITEM-0016300,ORD-009204,105,1,39.99,12.0,39.99,12.0
ITEM-0016301,ORD-009205,204,1,24.0,6.0,24.0,6.0
ITEM-0016302,ORD-009206,106,1,179.99,70.0,179.99,70.0
ITEM-0016303,ORD-009207,201,1,28.0,8.5,28.0,8.5
ITEM-0016304,ORD-009208,305,1,59.99,20.0,59.99,20.0
ITEM-0016305,ORD-009208,203,1,120.0,42.0,120.0,42.0
ITEM-0016306,ORD-009209,106,1,179.99,70.0,179.99,70.0
ITEM-0016307,ORD-009209,301,2,289.0,130.0,578.0,260.0
ITEM-0016308,ORD-009210,405,1,18.0,4.0,18.0,4.0
ITEM-0016309,ORD-009211,405,1,18.0,4.0,18.0,4.0
ITEM-0016310,ORD-009212,301,1,289.0,130.0,289.0,130.0
ITEM-0016311,ORD-009213,503,1,48.0,15.0,48.0,15.0
ITEM-0016312,ORD-009213,205,1,54.0,16.0,54.0,16.0
ITEM-0016313,ORD-009214,103,1,89.99,36.0,89.99,36.0
ITEM-0016314,ORD-009215,106,1,179.99,70.0,179.99,70.0
ITEM-0016315,ORD-009215,302,1,45.0,15.0,45.0,15.0
ITEM-0016316,ORD-009216,505,1,75.0,24.0,75.0,24.0
ITEM-0016317,ORD-009217,307,3,29.99,8.0,89.97,24.0
ITEM-0016318,ORD-009218,405,1,18.0,4.0,18.0,4.0
ITEM-0016319,ORD-009219,301,1,289.0,130.0,289.0,130.0
ITEM-0016320,ORD-009219,303,1,24.99,7.5,24.99,7.5
ITEM-0016321,ORD-009219,501,3,42.0,13.0,126.0,39.0
ITEM-0016322,ORD-009220,205,1,54.0,16.0,54.0,16.0
ITEM-0016323,ORD-009221,305,1,59.99,20.0,59.99,20.0
ITEM-0016324,ORD-009222,105,2,39.99,12.0,79.98,24.0
ITEM-0016325,ORD-009223,402,1,34.0,8.5,34.0,8.5
ITEM-0016326,ORD-009223,103,1,89.99,36.0,89.99,36.0
ITEM-0016327,ORD-009223,202,1,68.0,22.0,68.0,22.0
ITEM-0016328,ORD-009224,205,1,54.0,16.0,54.0,16.0
ITEM-0016329,ORD-009225,206,1,45.0,11.0,45.0,11.0
ITEM-0016330,ORD-009225,202,1,68.0,22.0,68.0,22.0
ITEM-0016331,ORD-009225,105,1,39.99,12.0,39.99,12.0
ITEM-0016332,ORD-009226,307,1,29.99,8.0,29.99,8.0
ITEM-0016333,ORD-009227,102,1,49.99,18.0,49.99,18.0
ITEM-0016334,ORD-009228,305,1,59.99,20.0,59.99,20.0
ITEM-0016335,ORD-009229,202,1,68.0,22.0,68.0,22.0
ITEM-0016336,ORD-009229,503,1,48.0,15.0,48.0,15.0
ITEM-0016337,ORD-009229,501,1,42.0,13.0,42.0,13.0
ITEM-0016338,ORD-009229,504,1,16.99,4.2,16.99,4.2
ITEM-0016339,ORD-009230,405,1,18.0,4.0,18.0,4.0
ITEM-0016340,ORD-009231,306,2,32.5,10.0,65.0,20.0
ITEM-0016341,ORD-009231,107,1,59.99,22.0,59.99,22.0
ITEM-0016342,ORD-009232,202,1,68.0,22.0,68.0,22.0
ITEM-0016343,ORD-009232,108,2,29.99,9.5,59.98,19.0
ITEM-0016344,ORD-009232,103,1,89.99,36.0,89.99,36.0
ITEM-0016345,ORD-009233,306,1,32.5,10.0,32.5,10.0
ITEM-0016346,ORD-009233,503,1,48.0,15.0,48.0,15.0
ITEM-0016347,ORD-009233,204,1,24.0,6.0,24.0,6.0
ITEM-0016348,ORD-009234,503,1,48.0,15.0,48.0,15.0
ITEM-0016349,ORD-009234,404,1,64.99,21.0,64.99,21.0
ITEM-0016350,ORD-009235,204,1,24.0,6.0,24.0,6.0
ITEM-0016351,ORD-009236,302,1,45.0,15.0,45.0,15.0
ITEM-0016352,ORD-009236,403,2,22.0,5.2,44.0,10.4
ITEM-0016353,ORD-009236,107,3,59.99,22.0,179.97,66.0
ITEM-0016354,ORD-009237,501,2,42.0,13.0,84.0,26.0
ITEM-0016355,ORD-009237,502,2,22.99,5.5,45.98,11.0
ITEM-0016356,ORD-009238,102,2,49.99,18.0,99.98,36.0
ITEM-0016357,ORD-009239,104,1,349.99,175.0,349.99,175.0
ITEM-0016358,ORD-009239,105,1,39.99,12.0,39.99,12.0
ITEM-0016359,ORD-009240,302,1,45.0,15.0,45.0,15.0
ITEM-0016360,ORD-009240,403,1,22.0,5.2,22.0,5.2
ITEM-0016361,ORD-009241,303,1,24.99,7.5,24.99,7.5
ITEM-0016362,ORD-009241,105,1,39.99,12.0,39.99,12.0
ITEM-0016363,ORD-009242,501,1,42.0,13.0,42.0,13.0
ITEM-0016364,ORD-009242,502,1,22.99,5.5,22.99,5.5
ITEM-0016365,ORD-009242,303,2,24.99,7.5,49.98,15.0
ITEM-0016366,ORD-009242,105,1,39.99,12.0,39.99,12.0
ITEM-0016367,ORD-009243,201,1,28.0,8.5,28.0,8.5
ITEM-0016368,ORD-009243,304,1,39.99,14.0,39.99,14.0
ITEM-0016369,ORD-009244,203,1,120.0,42.0,120.0,42.0
ITEM-0016370,ORD-009245,204,1,24.0,6.0,24.0,6.0
ITEM-0016371,ORD-009245,404,1,64.99,21.0,64.99,21.0
ITEM-0016372,ORD-009245,101,1,199.99,85.0,199.99,85.0
ITEM-0016373,ORD-009246,301,1,289.0,130.0,289.0,130.0
ITEM-0016374,ORD-009247,307,1,29.99,8.0,29.99,8.0
ITEM-0016375,ORD-009247,106,1,179.99,70.0,179.99,70.0
ITEM-0016376,ORD-009247,502,1,22.99,5.5,22.99,5.5
ITEM-0016377,ORD-009247,304,1,39.99,14.0,39.99,14.0
ITEM-0016378,ORD-009248,305,1,59.99,20.0,59.99,20.0
ITEM-0016379,ORD-009248,104,1,349.99,175.0,349.99,175.0
ITEM-0016380,ORD-009249,203,1,120.0,42.0,120.0,42.0
ITEM-0016381,ORD-009250,306,1,32.5,10.0,32.5,10.0
ITEM-0016382,ORD-009250,206,1,45.0,11.0,45.0,11.0
ITEM-0016383,ORD-009250,106,1,179.99,70.0,179.99,70.0
ITEM-0016384,ORD-009251,501,1,42.0,13.0,42.0,13.0
ITEM-0016385,ORD-009252,201,1,28.0,8.5,28.0,8.5
ITEM-0016386,ORD-009252,107,1,59.99,22.0,59.99,22.0
ITEM-0016387,ORD-009253,306,1,32.5,10.0,32.5,10.0
ITEM-0016388,ORD-009253,501,3,42.0,13.0,126.0,39.0
ITEM-0016389,ORD-009254,107,1,59.99,22.0,59.99,22.0
ITEM-0016390,ORD-009255,102,1,49.99,18.0,49.99,18.0
ITEM-0016391,ORD-009256,203,2,120.0,42.0,240.0,84.0
ITEM-0016392,ORD-009257,405,1,18.0,4.0,18.0,4.0
ITEM-0016393,ORD-009257,401,1,26.0,6.0,26.0,6.0
ITEM-0016394,ORD-009258,205,1,54.0,16.0,54.0,16.0
ITEM-0016395,ORD-009258,402,1,34.0,8.5,34.0,8.5
ITEM-0016396,ORD-009259,203,1,120.0,42.0,120.0,42.0
ITEM-0016397,ORD-009259,303,1,24.99,7.5,24.99,7.5
ITEM-0016398,ORD-009260,205,2,54.0,16.0,108.0,32.0
ITEM-0016399,ORD-009261,201,1,28.0,8.5,28.0,8.5
ITEM-0016400,ORD-009261,303,1,24.99,7.5,24.99,7.5
ITEM-0016401,ORD-009261,305,1,59.99,20.0,59.99,20.0
ITEM-0016402,ORD-009262,301,1,289.0,130.0,289.0,130.0
ITEM-0016403,ORD-009262,302,1,45.0,15.0,45.0,15.0
ITEM-0016404,ORD-009263,204,1,24.0,6.0,24.0,6.0
ITEM-0016405,ORD-009264,403,1,22.0,5.2,22.0,5.2
ITEM-0016406,ORD-009265,104,2,349.99,175.0,699.98,350.0
ITEM-0016407,ORD-009265,103,1,89.99,36.0,89.99,36.0
ITEM-0016408,ORD-009265,401,1,26.0,6.0,26.0,6.0
ITEM-0016409,ORD-009266,103,1,89.99,36.0,89.99,36.0
ITEM-0016410,ORD-009266,101,2,199.99,85.0,399.98,170.0
ITEM-0016411,ORD-009266,502,1,22.99,5.5,22.99,5.5
ITEM-0016412,ORD-009267,108,1,29.99,9.5,29.99,9.5
ITEM-0016413,ORD-009268,404,1,64.99,21.0,64.99,21.0
ITEM-0016414,ORD-009268,202,1,68.0,22.0,68.0,22.0
ITEM-0016415,ORD-009268,501,1,42.0,13.0,42.0,13.0
ITEM-0016416,ORD-009269,307,1,29.99,8.0,29.99,8.0
ITEM-0016417,ORD-009269,202,2,68.0,22.0,136.0,44.0
ITEM-0016418,ORD-009270,304,1,39.99,14.0,39.99,14.0
ITEM-0016419,ORD-009271,307,1,29.99,8.0,29.99,8.0
ITEM-0016420,ORD-009272,108,2,29.99,9.5,59.98,19.0
ITEM-0016421,ORD-009272,205,1,54.0,16.0,54.0,16.0
ITEM-0016422,ORD-009273,505,1,75.0,24.0,75.0,24.0
ITEM-0016423,ORD-009274,106,1,179.99,70.0,179.99,70.0
ITEM-0016424,ORD-009274,202,1,68.0,22.0,68.0,22.0
ITEM-0016425,ORD-009274,304,2,39.99,14.0,79.98,28.0
ITEM-0016426,ORD-009274,405,1,18.0,4.0,18.0,4.0
ITEM-0016427,ORD-009275,502,1,22.99,5.5,22.99,5.5
ITEM-0016428,ORD-009276,304,1,39.99,14.0,39.99,14.0
ITEM-0016429,ORD-009277,108,1,29.99,9.5,29.99,9.5
ITEM-0016430,ORD-009277,404,1,64.99,21.0,64.99,21.0
ITEM-0016431,ORD-009277,201,1,28.0,8.5,28.0,8.5
ITEM-0016432,ORD-009278,107,1,59.99,22.0,59.99,22.0
ITEM-0016433,ORD-009278,206,1,45.0,11.0,45.0,11.0
ITEM-0016434,ORD-009279,505,1,75.0,24.0,75.0,24.0
ITEM-0016435,ORD-009280,404,1,64.99,21.0,64.99,21.0
ITEM-0016436,ORD-009280,301,1,289.0,130.0,289.0,130.0
ITEM-0016437,ORD-009280,401,1,26.0,6.0,26.0,6.0
ITEM-0016438,ORD-009281,302,2,45.0,15.0,90.0,30.0
ITEM-0016439,ORD-009282,104,1,349.99,175.0,349.99,175.0
ITEM-0016440,ORD-009283,302,1,45.0,15.0,45.0,15.0
ITEM-0016441,ORD-009284,204,1,24.0,6.0,24.0,6.0
ITEM-0016442,ORD-009284,205,1,54.0,16.0,54.0,16.0
ITEM-0016443,ORD-009285,106,1,179.99,70.0,179.99,70.0
ITEM-0016444,ORD-009285,104,2,349.99,175.0,699.98,350.0
ITEM-0016445,ORD-009286,403,1,22.0,5.2,22.0,5.2
ITEM-0016446,ORD-009286,405,1,18.0,4.0,18.0,4.0
ITEM-0016447,ORD-009287,302,1,45.0,15.0,45.0,15.0
ITEM-0016448,ORD-009288,302,2,45.0,15.0,90.0,30.0
ITEM-0016449,ORD-009289,103,1,89.99,36.0,89.99,36.0
ITEM-0016450,ORD-009289,204,1,24.0,6.0,24.0,6.0
ITEM-0016451,ORD-009289,203,1,120.0,42.0,120.0,42.0
ITEM-0016452,ORD-009290,206,1,45.0,11.0,45.0,11.0
ITEM-0016453,ORD-009290,105,1,39.99,12.0,39.99,12.0
ITEM-0016454,ORD-009290,307,1,29.99,8.0,29.99,8.0
ITEM-0016455,ORD-009291,104,1,349.99,175.0,349.99,175.0
ITEM-0016456,ORD-009291,105,1,39.99,12.0,39.99,12.0
ITEM-0016457,ORD-009292,503,2,48.0,15.0,96.0,30.0
ITEM-0016458,ORD-009293,206,1,45.0,11.0,45.0,11.0
ITEM-0016459,ORD-009293,301,1,289.0,130.0,289.0,130.0
ITEM-0016460,ORD-009293,103,1,89.99,36.0,89.99,36.0
ITEM-0016461,ORD-009294,502,1,22.99,5.5,22.99,5.5
ITEM-0016462,ORD-009295,405,1,18.0,4.0,18.0,4.0
ITEM-0016463,ORD-009295,304,1,39.99,14.0,39.99,14.0
ITEM-0016464,ORD-009296,302,1,45.0,15.0,45.0,15.0
ITEM-0016465,ORD-009296,504,2,16.99,4.2,33.98,8.4
ITEM-0016466,ORD-009297,502,1,22.99,5.5,22.99,5.5
ITEM-0016467,ORD-009297,504,1,16.99,4.2,16.99,4.2
ITEM-0016468,ORD-009297,206,1,45.0,11.0,45.0,11.0
ITEM-0016469,ORD-009297,307,1,29.99,8.0,29.99,8.0
ITEM-0016470,ORD-009298,105,1,39.99,12.0,39.99,12.0
ITEM-0016471,ORD-009298,201,1,28.0,8.5,28.0,8.5
ITEM-0016472,ORD-009299,402,1,34.0,8.5,34.0,8.5
ITEM-0016473,ORD-009299,201,2,28.0,8.5,56.0,17.0
ITEM-0016474,ORD-009300,104,1,349.99,175.0,349.99,175.0
ITEM-0016475,ORD-009301,205,1,54.0,16.0,54.0,16.0
ITEM-0016476,ORD-009301,404,1,64.99,21.0,64.99,21.0
ITEM-0016477,ORD-009301,101,1,199.99,85.0,199.99,85.0
ITEM-0016478,ORD-009302,104,1,349.99,175.0,349.99,175.0
ITEM-0016479,ORD-009302,102,1,49.99,18.0,49.99,18.0
ITEM-0016480,ORD-009303,306,1,32.5,10.0,32.5,10.0
ITEM-0016481,ORD-009304,103,1,89.99,36.0,89.99,36.0
ITEM-0016482,ORD-009304,302,1,45.0,15.0,45.0,15.0
ITEM-0016483,ORD-009305,401,1,26.0,6.0,26.0,6.0
ITEM-0016484,ORD-009305,403,1,22.0,5.2,22.0,5.2
ITEM-0016485,ORD-009306,302,1,45.0,15.0,45.0,15.0
ITEM-0016486,ORD-009307,303,1,24.99,7.5,24.99,7.5
ITEM-0016487,ORD-009308,307,1,29.99,8.0,29.99,8.0
ITEM-0016488,ORD-009308,404,1,64.99,21.0,64.99,21.0
ITEM-0016489,ORD-009309,204,1,24.0,6.0,24.0,6.0
ITEM-0016490,ORD-009309,301,3,289.0,130.0,867.0,390.0
ITEM-0016491,ORD-009309,405,1,18.0,4.0,18.0,4.0
ITEM-0016492,ORD-009309,202,1,68.0,22.0,68.0,22.0
ITEM-0016493,ORD-009310,206,1,45.0,11.0,45.0,11.0
ITEM-0016494,ORD-009310,202,1,68.0,22.0,68.0,22.0
ITEM-0016495,ORD-009310,203,1,120.0,42.0,120.0,42.0
ITEM-0016496,ORD-009311,504,1,16.99,4.2,16.99,4.2
ITEM-0016497,ORD-009311,502,2,22.99,5.5,45.98,11.0
ITEM-0016498,ORD-009312,105,1,39.99,12.0,39.99,12.0
ITEM-0016499,ORD-009312,306,1,32.5,10.0,32.5,10.0
ITEM-0016500,ORD-009312,203,1,120.0,42.0,120.0,42.0
ITEM-0016501,ORD-009313,304,2,39.99,14.0,79.98,28.0
ITEM-0016502,ORD-009313,306,2,32.5,10.0,65.0,20.0
ITEM-0016503,ORD-009313,203,1,120.0,42.0,120.0,42.0
ITEM-0016504,ORD-009313,204,2,24.0,6.0,48.0,12.0
ITEM-0016505,ORD-009314,201,1,28.0,8.5,28.0,8.5
